order_id,customer_id,warehouse_id,driver_id,vehicle_id,order_date,region,order_status,delivery_status,order_value,delivery_distance_km,promised_delivery_time_min,actual_delivery_time_min,delivery_delay_min,is_delayed,delivery_per_km_value
ORD000001,CUST0305,WH003,DRV0019,VEH0070,2026-02-05,Vellore,Dispatched,Delayed,250.35,8.62,42.45,42.37,0.0,1,29.04
ORD000002,CUST0876,WH007,DRV0162,VEH0175,2026-08-13,Tirunelveli,Dispatched,Delayed,269.63,3.15,37.94,37.52,0.0,1,85.6
ORD000003,CUST0356,WH004,DRV0142,VEH0053,2026-08-06,Vellore,Confirmed,Delivered,858.67,26.25,167.62,176.28,8.66,1,32.71
ORD000004,CUST0773,WH004,DRV0022,VEH0173,2026-08-05,Coimbatore,Dispatched,Delivered,100.0,5.94,39.76,34.79,0.0,0,16.84
ORD000005,CUST0480,WH007,DRV0141,VEH0199,2026-06-07,Coimbatore,Dispatched,In Transit,100.0,25.85,106.94,105.14,0.0,0,3.87
ORD000006,CUST0779,WH007,DRV0123,VEH0057,2026-05-09,Vellore,Dispatched,Delayed,261.56,13.22,107.4,96.18,0.0,1,19.79
ORD000007,CUST0854,WH001,DRV0192,VEH0198,2026-08-27,Erode,Confirmed,Delivered,744.03,17.25,87.75,85.94,0.0,0,43.13
ORD000008,CUST0747,WH001,DRV0056,VEH0040,2026-01-20,Vellore,Processing,Delivered,114.17,11.21,43.84,48.34,4.5,1,10.18
ORD000009,CUST0040,WH006,DRV0200,VEH0003,2026-08-11,Coimbatore,Processing,Delivered,882.91,11.77,77.08,67.47,0.0,0,75.01
ORD000010,CUST0476,WH002,DRV0042,VEH0049,2026-07-04,Salem,Processing,In Transit,197.51,7.38,58.07,52.05,0.0,0,26.76
ORD000011,CUST0114,WH003,DRV0066,VEH0014,2026-08-21,Trichy,Cancelled,Cancelled,100.0,6.01,,,,0,16.64
ORD000012,CUST0326,WH002,DRV0191,VEH0125,2026-05-24,Trichy,Dispatched,Delivered,509.7,5.79,48.48,52.53,4.05,1,88.03
ORD000013,CUST0679,WH002,DRV0170,VEH0148,2026-05-13,Chennai,Confirmed,Delayed,134.11,21.98,81.97,89.41,7.44,1,6.1
ORD000014,CUST0838,WH008,DRV0034,VEH0194,2026-05-02,Trichy,Dispatched,Delivered,242.63,12.66,56.65,51.89,0.0,0,19.17
ORD000015,CUST0622,WH008,DRV0029,VEH0025,2026-01-06,Coimbatore,Cancelled,Cancelled,100.0,6.2,,,,0,16.13
ORD000016,CUST0532,WH006,DRV0154,VEH0004,2026-03-12,Vellore,Dispatched,Delivered,111.1,12.0,73.9,70.96,0.0,0,9.26
ORD000017,CUST0230,WH003,DRV0151,VEH0169,2026-02-02,Tirunelveli,Dispatched,In Transit,100.0,3.39,25.8,24.76,0.0,0,29.5
ORD000018,CUST0388,WH005,DRV0036,VEH0063,2026-04-10,Trichy,Processing,Delivered,100.0,6.11,29.23,32.31,3.08,1,16.37
ORD000019,CUST0985,WH007,DRV0118,VEH0176,2026-08-22,Salem,Confirmed,Delivered,193.2,23.33,119.05,112.16,0.0,0,8.28
ORD000020,CUST0781,WH005,DRV0009,VEH0055,2026-04-12,Erode,Dispatched,Delivered,262.02,7.92,39.84,37.53,0.0,0,33.08
ORD000021,CUST0305,WH007,DRV0085,VEH0002,2026-08-10,Tirunelveli,Cancelled,Cancelled,127.05,21.57,,,,0,5.89
ORD000022,CUST0076,WH010,DRV0042,VEH0023,2026-07-30,Erode,Dispatched,In Transit,100.0,10.62,85.11,85.54,0.43,1,9.42
ORD000023,CUST0265,WH007,DRV0067,VEH0108,2026-02-19,Trichy,Processing,In Transit,100.0,17.32,127.05,115.52,0.0,0,5.77
ORD000024,CUST0315,WH004,DRV0007,VEH0176,2026-07-09,Coimbatore,Processing,Delayed,230.8,5.11,57.5,57.1,0.0,1,45.17
ORD000025,CUST0628,WH010,DRV0023,VEH0119,2026-05-22,Trichy,Dispatched,Delivered,194.8,15.7,118.14,114.1,0.0,0,12.41
ORD000026,CUST0515,WH010,DRV0160,VEH0015,2026-06-21,Tirunelveli,Dispatched,Delivered,233.28,2.22,9.74,10.0,0.26,1,105.08
ORD000027,CUST0992,WH006,DRV0023,VEH0051,2026-07-21,Chennai,Dispatched,Delivered,499.18,8.41,53.85,60.18,6.33,1,59.36
ORD000028,CUST0523,WH009,DRV0016,VEH0152,2026-05-02,Trichy,Dispatched,Delivered,263.48,24.1,127.84,111.22,0.0,0,10.93
ORD000029,CUST0261,WH004,DRV0069,VEH0020,2026-01-20,Chennai,Dispatched,Delivered,236.48,11.51,72.98,72.3,0.0,0,20.55
ORD000030,CUST0931,WH010,DRV0013,VEH0056,2026-02-15,Vellore,Processing,Delivered,845.28,5.91,54.62,57.44,2.82,1,143.03
ORD000031,CUST0369,WH001,DRV0010,VEH0038,2026-04-17,Erode,Confirmed,Delivered,151.62,22.87,103.93,97.67,0.0,0,6.63
ORD000032,CUST0664,WH008,DRV0059,VEH0025,2026-03-27,Madurai,Processing,Delivered,853.54,36.79,273.62,264.05,0.0,0,23.2
ORD000033,CUST0710,WH004,DRV0002,VEH0086,2026-04-25,Salem,Dispatched,Delivered,457.38,9.53,54.67,59.43,4.76,1,47.99
ORD000034,CUST0082,WH008,DRV0180,VEH0180,2026-02-10,Chennai,Confirmed,Delivered,149.36,3.56,29.02,26.07,0.0,0,41.96
ORD000035,CUST0637,WH009,DRV0129,VEH0179,2026-03-17,Tirunelveli,Cancelled,Cancelled,305.87,11.62,,,,0,26.32
ORD000036,CUST0230,WH008,DRV0198,VEH0175,2026-01-08,Madurai,Dispatched,Delivered,157.61,17.99,94.76,91.85,0.0,0,8.76
ORD000037,CUST0646,WH001,DRV0054,VEH0068,2026-04-24,Madurai,Dispatched,Delayed,100.0,9.88,91.38,91.99,0.61,1,10.12
ORD000038,CUST0598,WH009,DRV0019,VEH0080,2026-05-06,Coimbatore,Dispatched,Delivered,180.33,2.42,25.12,26.57,1.45,1,74.52
ORD000039,CUST0298,WH005,DRV0097,VEH0064,2026-07-14,Madurai,Dispatched,Delivered,100.0,16.86,122.98,112.01,0.0,0,5.93
ORD000040,CUST0555,WH008,DRV0028,VEH0171,2026-03-21,Salem,Confirmed,In Transit,210.91,6.81,47.29,45.17,0.0,0,30.97
ORD000041,CUST0910,WH006,DRV0133,VEH0071,2026-02-22,Salem,Dispatched,Delivered,305.0,8.33,56.43,52.35,0.0,0,36.61
ORD000042,CUST0716,WH007,DRV0076,VEH0088,2026-03-05,Salem,Dispatched,Delivered,157.43,3.68,39.85,40.9,1.05,1,42.78
ORD000043,CUST0281,WH003,DRV0158,VEH0057,2026-05-14,Salem,Dispatched,Delivered,210.63,1.88,45.65,40.3,0.0,0,112.04
ORD000044,CUST0468,WH009,DRV0019,VEH0167,2026-05-29,Erode,Processing,Delivered,208.38,4.99,39.02,40.93,1.91,1,41.76
ORD000045,CUST0530,WH009,DRV0104,VEH0119,2026-06-12,Coimbatore,Confirmed,Delivered,313.82,7.84,57.38,56.85,0.0,0,40.03
ORD000046,CUST0408,WH010,DRV0042,VEH0029,2026-01-27,Trichy,Dispatched,Delivered,192.13,7.73,38.65,34.2,0.0,0,24.86
ORD000047,CUST0703,WH002,DRV0153,VEH0154,2026-05-01,Erode,Dispatched,Delivered,147.74,27.28,127.59,145.82,18.23,1,5.42
ORD000048,CUST0975,WH004,DRV0035,VEH0142,2026-08-13,Vellore,Dispatched,Delivered,304.69,5.44,37.23,42.18,4.95,1,56.01
ORD000049,CUST0223,WH004,DRV0009,VEH0064,2026-04-12,Tirunelveli,Dispatched,Delivered,200.95,20.44,103.15,89.83,0.0,0,9.83
ORD000050,CUST0874,WH001,DRV0039,VEH0047,2026-01-26,Erode,Dispatched,In Transit,100.0,12.38,89.67,78.56,0.0,0,8.08
ORD000051,CUST0769,WH004,DRV0184,VEH0020,2026-04-09,Erode,Dispatched,Delivered,144.36,29.75,192.88,178.34,0.0,0,4.85
ORD000052,CUST0015,WH003,DRV0038,VEH0007,2026-03-27,Tirunelveli,Dispatched,Delivered,129.52,10.73,85.61,86.02,0.41,1,12.07
ORD000053,CUST0694,WH002,DRV0015,VEH0094,2026-01-11,Chennai,Processing,In Transit,199.51,2.6,20.24,20.2,0.0,0,76.73
ORD000054,CUST0546,WH006,DRV0109,VEH0195,2026-03-27,Coimbatore,Dispatched,Delivered,186.05,10.11,72.62,78.33,5.71,1,18.4
ORD000055,CUST0180,WH003,DRV0174,VEH0128,2026-04-28,Tirunelveli,Dispatched,Delivered,100.0,1.94,9.8,10.0,0.2,1,51.55
ORD000056,CUST0002,WH010,DRV0165,VEH0114,2026-04-19,Coimbatore,Processing,Delivered,100.0,4.92,41.34,42.21,0.87,1,20.33
ORD000057,CUST0932,WH009,DRV0090,VEH0053,2026-02-26,Chennai,Processing,Delivered,100.0,10.21,57.32,66.59,9.27,1,9.79
ORD000058,CUST0151,WH009,DRV0125,VEH0193,2026-08-17,Tirunelveli,Confirmed,Delivered,189.03,10.38,102.55,104.01,1.46,1,18.21
ORD000059,CUST0920,WH008,DRV0060,VEH0158,2026-03-03,Chennai,Dispatched,In Transit,364.31,20.01,120.97,121.71,0.74,1,18.21
ORD000060,CUST0110,WH008,DRV0062,VEH0066,2026-04-17,Trichy,Confirmed,Delivered,100.0,14.88,105.69,100.68,0.0,0,6.72
ORD000061,CUST0928,WH002,DRV0031,VEH0143,2026-02-02,Trichy,Dispatched,Delivered,117.11,27.97,217.19,216.12,0.0,0,4.19
ORD000062,CUST0307,WH006,DRV0030,VEH0127,2026-06-17,Salem,Processing,Delivered,175.65,19.99,124.27,112.11,0.0,0,8.79
ORD000063,CUST0814,WH004,DRV0066,VEH0070,2026-01-02,Vellore,Processing,Delivered,100.0,18.47,65.45,68.16,2.71,1,5.41
ORD000064,CUST0397,WH010,DRV0007,VEH0198,2026-05-12,Tirunelveli,Dispatched,Delivered,191.87,34.93,196.78,202.26,5.48,1,5.49
ORD000065,CUST0865,WH002,DRV0158,VEH0092,2026-03-23,Trichy,Confirmed,Delivered,274.84,19.39,166.27,162.78,0.0,0,14.17
ORD000066,CUST0618,WH002,DRV0161,VEH0120,2026-03-08,Trichy,Dispatched,Delivered,110.84,25.1,134.44,147.6,13.16,1,4.42
ORD000067,CUST0767,WH010,DRV0112,VEH0185,2026-06-14,Chennai,Dispatched,Delivered,224.29,3.4,34.22,35.35,1.13,1,65.97
ORD000068,CUST0014,WH007,DRV0103,VEH0153,2026-05-09,Vellore,Dispatched,Delivered,168.27,9.13,80.64,76.37,0.0,0,18.43
ORD000069,CUST0273,WH001,DRV0111,VEH0023,2026-02-12,Vellore,Confirmed,Delivered,100.0,14.48,59.02,60.62,1.6,1,6.91
ORD000070,CUST0378,WH008,DRV0038,VEH0140,2026-05-25,Madurai,Dispatched,In Transit,165.41,11.84,69.07,61.56,0.0,0,13.97
ORD000071,CUST0656,WH005,DRV0147,VEH0176,2026-04-19,Salem,Dispatched,Delivered,243.92,6.64,78.9,76.26,0.0,0,36.73
ORD000072,CUST0928,WH010,DRV0137,VEH0112,2026-08-06,Salem,Dispatched,Delivered,454.38,18.61,91.6,102.22,10.62,1,24.42
ORD000073,CUST0207,WH008,DRV0086,VEH0138,2026-06-10,Coimbatore,Dispatched,Delivered,527.82,21.44,76.95,77.24,0.29,1,24.62
ORD000074,CUST0619,WH002,DRV0160,VEH0145,2026-03-04,Trichy,Dispatched,Delivered,125.34,10.67,74.76,69.26,0.0,0,11.75
ORD000075,CUST0247,WH001,DRV0158,VEH0180,2026-07-19,Trichy,Dispatched,Delivered,120.52,9.44,56.05,53.74,0.0,0,12.77
ORD000076,CUST0735,WH002,DRV0134,VEH0119,2026-08-25,Chennai,Dispatched,Delivered,186.09,7.97,65.15,58.4,0.0,0,23.35
ORD000077,CUST0780,WH006,DRV0189,VEH0130,2026-01-07,Trichy,Processing,Delivered,127.39,19.1,118.6,110.33,0.0,0,6.67
ORD000078,CUST0737,WH004,DRV0165,VEH0188,2026-06-29,Coimbatore,Processing,In Transit,398.8,9.32,47.64,54.85,7.21,1,42.79
ORD000079,CUST0387,WH008,DRV0079,VEH0185,2026-03-24,Chennai,Processing,Delivered,193.53,11.6,70.13,79.35,9.22,1,16.68
ORD000080,CUST0075,WH009,DRV0199,VEH0081,2026-02-11,Erode,Processing,Delivered,187.9,23.47,167.22,160.03,0.0,0,8.01
ORD000081,CUST0949,WH009,DRV0148,VEH0175,2026-07-24,Vellore,Processing,In Transit,275.38,13.6,70.09,76.06,5.97,1,20.25
ORD000082,CUST0043,WH005,DRV0030,VEH0071,2026-05-20,Salem,Cancelled,Cancelled,201.12,11.6,,,,0,17.34
ORD000083,CUST0133,WH006,DRV0018,VEH0141,2026-07-09,Trichy,Dispatched,Delayed,221.05,7.52,72.65,66.79,0.0,1,29.39
ORD000084,CUST0431,WH007,DRV0191,VEH0074,2026-06-08,Trichy,Confirmed,Delivered,215.09,11.18,72.09,70.46,0.0,0,19.24
ORD000085,CUST0795,WH004,DRV0189,VEH0022,2026-02-23,Coimbatore,Dispatched,Delivered,165.01,6.79,58.17,59.68,1.51,1,24.3
ORD000086,CUST0895,WH010,DRV0185,VEH0126,2026-02-12,Tirunelveli,Confirmed,Delivered,100.83,13.06,110.19,105.56,0.0,0,7.72
ORD000087,CUST0436,WH003,DRV0150,VEH0156,2026-01-15,Vellore,Processing,Delivered,568.71,8.18,66.12,74.04,7.92,1,69.52
ORD000088,CUST0056,WH002,DRV0088,VEH0183,2026-02-06,Vellore,Confirmed,Delivered,100.61,8.92,64.33,60.29,0.0,0,11.28
ORD000089,CUST0208,WH010,DRV0095,VEH0178,2026-02-14,Vellore,Processing,Delivered,531.26,11.24,88.16,83.24,0.0,0,47.27
ORD000090,CUST0739,WH004,DRV0177,VEH0106,2026-07-23,Coimbatore,Dispatched,In Transit,226.32,30.15,119.17,118.66,0.0,0,7.51
ORD000091,CUST0104,WH009,DRV0018,VEH0124,2026-06-16,Erode,Dispatched,Delivered,122.61,14.32,60.26,64.54,4.28,1,8.56
ORD000092,CUST0464,WH005,DRV0061,VEH0078,2026-07-22,Chennai,Processing,In Transit,259.99,4.96,43.34,39.79,0.0,0,52.42
ORD000093,CUST0848,WH001,DRV0082,VEH0147,2026-01-16,Salem,Dispatched,Delivered,302.13,9.31,86.12,85.85,0.0,0,32.45
ORD000094,CUST0470,WH005,DRV0078,VEH0118,2026-01-21,Tirunelveli,Dispatched,Delivered,553.82,7.65,34.81,40.12,5.31,1,72.39
ORD000095,CUST0580,WH006,DRV0196,VEH0001,2026-08-08,Tirunelveli,Dispatched,Delivered,100.0,7.41,72.25,64.19,0.0,0,13.5
ORD000096,CUST0250,WH010,DRV0135,VEH0196,2026-03-27,Coimbatore,Dispatched,Delivered,165.5,7.6,84.34,78.07,0.0,0,21.78
ORD000097,CUST0992,WH006,DRV0135,VEH0184,2026-06-11,Coimbatore,Dispatched,Delivered,443.72,9.49,53.25,51.93,0.0,0,46.76
ORD000098,CUST0603,WH005,DRV0065,VEH0088,2026-01-03,Salem,Dispatched,Delivered,294.49,6.91,69.01,70.34,1.33,1,42.62
ORD000099,CUST0783,WH008,DRV0040,VEH0142,2026-04-18,Madurai,Dispatched,Delayed,248.62,6.93,64.45,56.64,0.0,1,35.88
ORD000100,CUST0403,WH005,DRV0116,VEH0192,2026-08-16,Chennai,Confirmed,Delivered,473.91,7.67,58.18,53.75,0.0,0,61.79
ORD000101,CUST0026,WH010,DRV0024,VEH0087,2026-08-07,Tirunelveli,Processing,Delivered,161.26,7.42,52.27,51.73,0.0,0,21.73
ORD000102,CUST0719,WH003,DRV0160,VEH0069,2026-03-26,Madurai,Dispatched,Delivered,100.0,6.21,46.51,44.47,0.0,0,16.1
ORD000103,CUST0941,WH003,DRV0010,VEH0084,2026-04-23,Salem,Dispatched,Delivered,142.85,16.38,120.75,129.25,8.5,1,8.72
ORD000104,CUST0764,WH004,DRV0137,VEH0150,2026-03-04,Tirunelveli,Dispatched,Delivered,670.24,8.66,19.31,21.25,1.94,1,77.39
ORD000105,CUST0010,WH010,DRV0039,VEH0110,2026-08-08,Tirunelveli,Dispatched,Delivered,220.08,9.79,32.07,34.41,2.34,1,22.48
ORD000106,CUST0610,WH008,DRV0131,VEH0128,2026-08-23,Erode,Processing,Delivered,104.84,9.29,57.88,61.71,3.83,1,11.29
ORD000107,CUST0614,WH009,DRV0108,VEH0104,2026-01-17,Trichy,Dispatched,Delivered,431.46,7.22,46.65,43.52,0.0,0,59.76
ORD000108,CUST0497,WH007,DRV0069,VEH0172,2026-08-30,Tirunelveli,Dispatched,Delivered,313.93,6.04,26.3,29.48,3.18,1,51.98
ORD000109,CUST0410,WH002,DRV0007,VEH0122,2026-07-08,Chennai,Processing,Delivered,199.45,17.4,88.86,82.03,0.0,0,11.46
ORD000110,CUST0136,WH009,DRV0140,VEH0177,2026-07-06,Erode,Dispatched,Delivered,265.16,6.29,56.61,56.22,0.0,0,42.16
ORD000111,CUST0848,WH006,DRV0023,VEH0099,2026-05-29,Salem,Dispatched,Delivered,100.0,6.5,38.68,40.07,1.39,1,15.38
ORD000112,CUST0221,WH006,DRV0089,VEH0036,2026-04-05,Salem,Confirmed,Delivered,143.26,20.7,81.32,86.5,5.18,1,6.92
ORD000113,CUST0544,WH006,DRV0191,VEH0197,2026-05-10,Erode,Dispatched,Delivered,173.78,7.75,69.21,68.94,0.0,0,22.42
ORD000114,CUST0277,WH001,DRV0017,VEH0088,2026-01-09,Tirunelveli,Processing,Delivered,370.35,11.17,84.8,89.71,4.91,1,33.16
ORD000115,CUST0096,WH009,DRV0078,VEH0162,2026-07-23,Erode,Dispatched,In Transit,126.89,8.99,62.11,63.45,1.34,1,14.11
ORD000116,CUST0813,WH006,DRV0192,VEH0037,2026-05-10,Chennai,Processing,Delivered,178.26,10.89,56.82,53.02,0.0,0,16.37
ORD000117,CUST0439,WH007,DRV0065,VEH0051,2026-07-11,Madurai,Dispatched,Delayed,462.5,26.77,126.6,121.99,0.0,1,17.28
ORD000118,CUST0508,WH001,DRV0086,VEH0037,2026-04-13,Trichy,Dispatched,Delayed,935.25,6.8,46.08,42.89,0.0,1,137.54
ORD000119,CUST0780,WH005,DRV0028,VEH0153,2026-06-01,Madurai,Processing,Delivered,102.93,16.42,141.87,133.35,0.0,0,6.27
ORD000120,CUST0688,WH003,DRV0058,VEH0086,2026-02-03,Coimbatore,Dispatched,Delivered,198.54,17.36,114.65,104.75,0.0,0,11.44
ORD000121,CUST0615,WH009,DRV0018,VEH0005,2026-04-24,Erode,Dispatched,Delivered,100.0,16.56,72.01,79.09,7.08,1,6.04
ORD000122,CUST0187,WH002,DRV0110,VEH0136,2026-04-26,Madurai,Confirmed,In Transit,179.57,26.05,127.51,111.02,0.0,0,6.89
ORD000123,CUST0842,WH004,DRV0121,VEH0053,2026-03-07,Coimbatore,Processing,Delivered,150.12,2.48,15.99,16.11,0.12,1,60.53
ORD000124,CUST0838,WH003,DRV0044,VEH0105,2026-07-30,Chennai,Dispatched,Delivered,408.78,4.13,61.72,57.93,0.0,0,98.98
ORD000125,CUST0037,WH009,DRV0064,VEH0111,2026-08-21,Tirunelveli,Dispatched,Delivered,100.0,5.95,44.53,42.28,0.0,0,16.81
ORD000126,CUST0210,WH003,DRV0037,VEH0027,2026-04-23,Coimbatore,Confirmed,In Transit,100.0,8.06,55.26,54.18,0.0,0,12.41
ORD000127,CUST0880,WH001,DRV0003,VEH0061,2026-06-10,Salem,Confirmed,In Transit,487.17,13.2,109.35,95.19,0.0,0,36.91
ORD000128,CUST0415,WH008,DRV0014,VEH0065,2026-02-12,Tirunelveli,Confirmed,Delivered,120.12,6.17,37.19,40.64,3.45,1,19.47
ORD000129,CUST0995,WH001,DRV0135,VEH0084,2026-01-21,Erode,Dispatched,Delivered,206.09,6.14,64.35,65.9,1.55,1,33.57
ORD000130,CUST0767,WH001,DRV0145,VEH0199,2026-07-07,Tirunelveli,Confirmed,Delivered,219.59,11.9,73.48,82.72,9.24,1,18.45
ORD000131,CUST0131,WH007,DRV0198,VEH0045,2026-02-06,Vellore,Dispatched,Delivered,108.66,15.25,74.83,82.73,7.9,1,7.13
ORD000132,CUST0837,WH009,DRV0083,VEH0131,2026-07-07,Tirunelveli,Dispatched,In Transit,108.74,11.04,65.42,61.49,0.0,0,9.85
ORD000133,CUST0098,WH004,DRV0167,VEH0189,2026-01-09,Vellore,Confirmed,Delivered,377.09,15.73,70.53,82.83,12.3,1,23.97
ORD000134,CUST0443,WH010,DRV0133,VEH0050,2026-08-02,Coimbatore,Dispatched,Delivered,281.49,3.59,64.38,57.64,0.0,0,78.41
ORD000135,CUST0545,WH004,DRV0079,VEH0048,2026-03-03,Erode,Processing,Delivered,179.43,6.92,34.6,33.27,0.0,0,25.93
ORD000136,CUST0036,WH005,DRV0052,VEH0175,2026-02-05,Salem,Dispatched,In Transit,165.85,5.76,48.24,49.11,0.87,1,28.79
ORD000137,CUST0970,WH005,DRV0109,VEH0142,2026-04-27,Salem,Processing,In Transit,222.69,7.76,41.89,44.12,2.23,1,28.7
ORD000138,CUST0749,WH002,DRV0026,VEH0019,2026-01-24,Madurai,Dispatched,Delivered,232.39,10.66,88.34,99.5,11.16,1,21.8
ORD000139,CUST0515,WH009,DRV0167,VEH0190,2026-08-02,Tirunelveli,Dispatched,Delivered,411.47,3.04,29.14,25.87,0.0,0,135.35
ORD000140,CUST0971,WH010,DRV0173,VEH0134,2026-06-24,Tirunelveli,Processing,Delivered,178.83,7.7,63.19,59.41,0.0,0,23.22
ORD000141,CUST0643,WH009,DRV0077,VEH0135,2026-03-15,Trichy,Confirmed,Delivered,241.76,6.87,33.46,35.19,1.73,1,35.19
ORD000142,CUST0220,WH009,DRV0031,VEH0101,2026-03-11,Tirunelveli,Processing,Delivered,289.11,3.81,30.02,34.46,4.44,1,75.88
ORD000143,CUST0362,WH009,DRV0151,VEH0090,2026-05-16,Madurai,Processing,Delivered,292.44,15.98,90.72,95.73,5.01,1,18.3
ORD000144,CUST0955,WH001,DRV0040,VEH0013,2026-07-13,Vellore,Dispatched,Delivered,465.13,11.0,65.3,72.12,6.82,1,42.28
ORD000145,CUST0694,WH008,DRV0032,VEH0101,2026-02-14,Erode,Dispatched,Delayed,179.79,7.79,93.46,86.07,0.0,1,23.08
ORD000146,CUST0028,WH008,DRV0101,VEH0046,2026-08-08,Vellore,Dispatched,Delivered,125.49,28.96,118.54,111.21,0.0,0,4.33
ORD000147,CUST0905,WH004,DRV0004,VEH0033,2026-03-13,Vellore,Dispatched,Delivered,143.64,4.06,25.55,25.56,0.01,1,35.38
ORD000148,CUST0538,WH010,DRV0081,VEH0116,2026-05-19,Erode,Dispatched,Delivered,274.94,29.96,209.56,187.82,0.0,0,9.18
ORD000149,CUST0669,WH001,DRV0084,VEH0097,2026-05-12,Madurai,Dispatched,Delivered,168.97,9.44,49.68,54.94,5.26,1,17.9
ORD000150,CUST0522,WH001,DRV0174,VEH0041,2026-04-20,Vellore,Processing,Delayed,801.45,6.49,36.2,36.73,0.53,1,123.49
ORD000151,CUST0923,WH001,DRV0075,VEH0073,2026-04-24,Salem,Processing,Delivered,182.76,7.93,69.99,65.83,0.0,0,23.05
ORD000152,CUST0959,WH003,DRV0042,VEH0197,2026-03-08,Trichy,Processing,Delivered,100.0,8.5,42.63,48.98,6.35,1,11.76
ORD000153,CUST0109,WH010,DRV0097,VEH0029,2026-05-08,Salem,Dispatched,Delivered,223.58,32.4,211.52,219.92,8.4,1,6.9
ORD000154,CUST0830,WH003,DRV0167,VEH0117,2026-04-23,Tirunelveli,Processing,Delivered,492.86,13.24,85.27,83.48,0.0,0,37.23
ORD000155,CUST0608,WH004,DRV0198,VEH0007,2026-07-23,Trichy,Processing,Delivered,106.67,5.14,49.51,51.57,2.06,1,20.75
ORD000156,CUST0658,WH002,DRV0103,VEH0095,2026-08-03,Coimbatore,Confirmed,Delivered,104.69,17.34,113.69,114.37,0.68,1,6.04
ORD000157,CUST0181,WH009,DRV0184,VEH0182,2026-08-28,Vellore,Dispatched,Delivered,160.54,8.55,24.13,23.37,0.0,0,18.78
ORD000158,CUST0210,WH010,DRV0047,VEH0011,2026-06-01,Salem,Cancelled,Cancelled,119.12,1.62,,,,0,73.53
ORD000159,CUST0342,WH009,DRV0166,VEH0042,2026-02-26,Madurai,Confirmed,Delivered,100.0,17.07,55.79,63.27,7.48,1,5.86
ORD000160,CUST0657,WH010,DRV0018,VEH0005,2026-03-24,Salem,Processing,Delivered,100.0,17.35,118.4,132.76,14.36,1,5.76
ORD000161,CUST0049,WH007,DRV0002,VEH0175,2026-08-16,Chennai,Processing,In Transit,210.84,8.87,71.38,70.81,0.0,0,23.77
ORD000162,CUST0473,WH002,DRV0105,VEH0002,2026-03-11,Chennai,Dispatched,Delivered,288.52,7.14,39.44,43.7,4.26,1,40.41
ORD000163,CUST0666,WH003,DRV0102,VEH0043,2026-03-05,Chennai,Processing,Delivered,114.92,18.46,132.08,118.25,0.0,0,6.23
ORD000164,CUST0773,WH008,DRV0182,VEH0004,2026-03-26,Madurai,Processing,Delivered,173.15,6.89,66.42,60.37,0.0,0,25.13
ORD000165,CUST0329,WH009,DRV0088,VEH0081,2026-08-22,Madurai,Dispatched,Delivered,204.43,21.07,88.33,92.52,4.19,1,9.7
ORD000166,CUST0556,WH004,DRV0158,VEH0119,2026-05-18,Vellore,Processing,Delivered,100.0,7.01,57.77,52.55,0.0,0,14.27
ORD000167,CUST0236,WH009,DRV0004,VEH0095,2026-04-04,Chennai,Confirmed,Delivered,316.8,10.17,84.56,83.73,0.0,0,31.15
ORD000168,CUST0920,WH004,DRV0007,VEH0191,2026-08-18,Tirunelveli,Dispatched,Delayed,208.04,14.12,70.68,78.73,8.05,1,14.73
ORD000169,CUST0441,WH002,DRV0057,VEH0059,2026-08-18,Vellore,Processing,Delivered,254.91,12.3,72.02,69.63,0.0,0,20.72
ORD000170,CUST0121,WH007,DRV0030,VEH0030,2026-02-24,Madurai,Processing,Delivered,282.02,6.61,69.02,65.49,0.0,0,42.67
ORD000171,CUST0248,WH009,DRV0172,VEH0130,2026-06-17,Erode,Confirmed,Delivered,877.21,13.62,68.07,77.78,9.71,1,64.41
ORD000172,CUST0519,WH002,DRV0157,VEH0088,2026-04-22,Tirunelveli,Dispatched,Delivered,100.0,16.82,80.76,85.52,4.76,1,5.95
ORD000173,CUST0020,WH008,DRV0090,VEH0074,2026-07-31,Madurai,Dispatched,Delivered,101.46,5.32,31.54,37.04,5.5,1,19.07
ORD000174,CUST0696,WH006,DRV0036,VEH0128,2026-02-23,Madurai,Dispatched,Delivered,541.26,14.37,66.8,70.69,3.89,1,37.67
ORD000175,CUST0503,WH009,DRV0099,VEH0171,2026-01-30,Erode,Dispatched,In Transit,276.98,9.96,42.12,44.31,2.19,1,27.81
ORD000176,CUST0364,WH005,DRV0113,VEH0096,2026-08-21,Chennai,Confirmed,Delivered,189.59,5.57,46.38,44.64,0.0,0,34.04
ORD000177,CUST0489,WH001,DRV0176,VEH0018,2026-08-19,Coimbatore,Processing,Delivered,132.85,13.25,86.4,94.97,8.57,1,10.03
ORD000178,CUST0200,WH005,DRV0147,VEH0152,2026-07-17,Tirunelveli,Dispatched,Delivered,155.91,18.02,69.43,80.82,11.39,1,8.65
ORD000179,CUST0766,WH010,DRV0191,VEH0165,2026-07-03,Erode,Dispatched,Delivered,157.89,7.45,58.26,61.67,3.41,1,21.19
ORD000180,CUST0403,WH007,DRV0002,VEH0158,2026-06-06,Tirunelveli,Confirmed,Delivered,100.0,13.69,108.01,98.4,0.0,0,7.3
ORD000181,CUST0245,WH007,DRV0142,VEH0197,2026-08-12,Vellore,Dispatched,Delivered,341.24,8.51,43.66,45.02,1.36,1,40.1
ORD000182,CUST0483,WH004,DRV0113,VEH0059,2026-07-19,Coimbatore,Processing,Delivered,100.0,15.86,87.56,89.85,2.29,1,6.31
ORD000183,CUST0576,WH010,DRV0100,VEH0151,2026-01-28,Trichy,Confirmed,Delivered,104.39,20.12,117.61,118.71,1.1,1,5.19
ORD000184,CUST0811,WH006,DRV0104,VEH0030,2026-03-25,Salem,Processing,Delivered,136.91,12.8,79.12,73.56,0.0,0,10.7
ORD000185,CUST0812,WH006,DRV0112,VEH0196,2026-05-24,Erode,Confirmed,Delivered,730.16,16.71,107.3,107.95,0.65,1,43.7
ORD000186,CUST0665,WH010,DRV0035,VEH0169,2026-06-05,Coimbatore,Dispatched,Delivered,169.78,18.58,91.29,104.05,12.76,1,9.14
ORD000187,CUST0017,WH010,DRV0149,VEH0051,2026-08-27,Erode,Dispatched,In Transit,222.67,7.42,54.71,59.99,5.28,1,30.01
ORD000188,CUST0039,WH001,DRV0145,VEH0088,2026-03-04,Trichy,Confirmed,Delivered,102.48,8.41,70.49,77.77,7.28,1,12.19
ORD000189,CUST0665,WH005,DRV0082,VEH0067,2026-05-18,Coimbatore,Confirmed,Delivered,318.84,13.91,58.78,58.64,0.0,0,22.92
ORD000190,CUST0867,WH007,DRV0032,VEH0143,2026-06-06,Chennai,Dispatched,Delivered,1234.87,22.92,91.51,106.53,15.02,1,53.88
ORD000191,CUST0295,WH005,DRV0151,VEH0184,2026-08-07,Vellore,Confirmed,Delivered,249.5,4.71,37.49,40.09,2.6,1,52.97
ORD000192,CUST0039,WH008,DRV0134,VEH0193,2026-03-19,Trichy,Dispatched,Delivered,145.75,14.87,92.85,89.96,0.0,0,9.8
ORD000193,CUST0187,WH001,DRV0029,VEH0109,2026-08-23,Chennai,Processing,Delivered,100.0,21.76,94.95,99.28,4.33,1,4.6
ORD000194,CUST0750,WH009,DRV0063,VEH0183,2026-07-14,Chennai,Dispatched,Delivered,284.55,9.76,85.82,80.79,0.0,0,29.15
ORD000195,CUST0962,WH002,DRV0198,VEH0076,2026-02-23,Trichy,Processing,Delayed,100.0,10.85,55.56,57.43,1.87,1,9.22
ORD000196,CUST0784,WH008,DRV0125,VEH0065,2026-05-30,Tirunelveli,Confirmed,Delivered,110.91,10.69,100.36,87.74,0.0,0,10.38
ORD000197,CUST0309,WH005,DRV0096,VEH0002,2026-05-25,Tirunelveli,Processing,Delivered,332.16,10.29,91.04,79.89,0.0,0,32.28
ORD000198,CUST0362,WH010,DRV0081,VEH0011,2026-03-10,Trichy,Confirmed,Delivered,133.24,6.47,62.53,57.37,0.0,0,20.59
ORD000199,CUST0462,WH007,DRV0132,VEH0076,2026-06-04,Coimbatore,Processing,In Transit,170.51,10.01,65.44,57.59,0.0,0,17.03
ORD000200,CUST0669,WH007,DRV0058,VEH0092,2026-05-05,Coimbatore,Dispatched,Delivered,295.11,6.61,37.2,40.81,3.61,1,44.65
ORD000201,CUST0231,WH001,DRV0159,VEH0097,2026-05-12,Salem,Processing,Delivered,114.56,16.02,63.74,59.28,0.0,0,7.15
ORD000202,CUST0706,WH008,DRV0150,VEH0170,2026-01-30,Vellore,Confirmed,Delivered,100.0,3.26,41.75,44.11,2.36,1,30.67
ORD000203,CUST0250,WH003,DRV0155,VEH0003,2026-04-01,Vellore,Dispatched,Delivered,245.13,18.14,101.99,95.53,0.0,0,13.51
ORD000204,CUST0778,WH004,DRV0118,VEH0041,2026-06-20,Coimbatore,Dispatched,Delivered,295.99,19.88,91.9,95.51,3.61,1,14.89
ORD000205,CUST0002,WH003,DRV0085,VEH0049,2026-07-17,Tirunelveli,Dispatched,Delayed,124.53,12.23,89.0,95.0,6.0,1,10.18
ORD000206,CUST0475,WH002,DRV0084,VEH0083,2026-08-25,Trichy,Dispatched,Delivered,120.59,28.57,226.74,199.31,0.0,0,4.22
ORD000207,CUST0653,WH007,DRV0087,VEH0082,2026-02-05,Coimbatore,Dispatched,Delayed,100.0,14.26,59.13,64.77,5.64,1,7.01
ORD000208,CUST0182,WH010,DRV0016,VEH0037,2026-05-25,Trichy,Dispatched,Delivered,288.23,13.22,78.05,72.43,0.0,0,21.8
ORD000209,CUST0002,WH005,DRV0006,VEH0092,2026-08-28,Vellore,Dispatched,Delivered,630.99,3.14,36.59,34.77,0.0,0,200.95
ORD000210,CUST0170,WH007,DRV0007,VEH0007,2026-08-07,Salem,Dispatched,Delivered,332.12,20.65,105.73,112.35,6.62,1,16.08
ORD000211,CUST0270,WH001,DRV0014,VEH0111,2026-08-04,Trichy,Processing,Delivered,170.84,5.98,40.16,40.67,0.51,1,28.57
ORD000212,CUST0977,WH010,DRV0003,VEH0038,2026-03-13,Salem,Processing,In Transit,288.79,5.5,49.9,55.89,5.99,1,52.51
ORD000213,CUST0307,WH002,DRV0049,VEH0186,2026-04-26,Vellore,Processing,Delayed,105.56,12.55,82.11,72.9,0.0,1,8.41
ORD000214,CUST0876,WH006,DRV0036,VEH0133,2026-08-30,Salem,Dispatched,Delayed,230.32,6.64,63.41,55.6,0.0,1,34.69
ORD000215,CUST0049,WH006,DRV0029,VEH0061,2026-03-14,Vellore,Dispatched,Delivered,100.0,9.67,80.5,75.25,0.0,0,10.34
ORD000216,CUST0422,WH003,DRV0132,VEH0083,2026-08-19,Salem,Dispatched,Delivered,167.43,21.65,127.44,115.35,0.0,0,7.73
ORD000217,CUST0996,WH010,DRV0168,VEH0167,2026-07-25,Chennai,Confirmed,Delivered,364.75,26.55,127.61,145.88,18.27,1,13.74
ORD000218,CUST0930,WH001,DRV0169,VEH0028,2026-05-27,Tirunelveli,Dispatched,Delayed,307.3,7.45,59.78,61.94,2.16,1,41.25
ORD000219,CUST0285,WH003,DRV0150,VEH0185,2026-01-09,Vellore,Dispatched,Delivered,262.31,9.93,63.97,67.39,3.42,1,26.42
ORD000220,CUST0879,WH004,DRV0132,VEH0130,2026-05-16,Erode,Processing,Delivered,237.6,37.75,255.45,250.57,0.0,0,6.29
ORD000221,CUST0380,WH001,DRV0121,VEH0070,2026-06-25,Madurai,Dispatched,Delivered,112.34,26.39,104.95,115.97,11.02,1,4.26
ORD000222,CUST0832,WH007,DRV0023,VEH0156,2026-07-07,Tirunelveli,Processing,Delivered,198.86,18.81,141.6,138.96,0.0,0,10.57
ORD000223,CUST0791,WH003,DRV0102,VEH0037,2026-02-01,Trichy,Cancelled,Cancelled,301.61,6.62,,,,0,45.56
ORD000224,CUST0791,WH008,DRV0132,VEH0120,2026-07-02,Tirunelveli,Dispatched,Delivered,154.77,7.54,32.26,36.26,4.0,1,20.53
ORD000225,CUST0504,WH007,DRV0196,VEH0096,2026-04-07,Vellore,Dispatched,Delivered,158.7,18.69,97.75,109.89,12.14,1,8.49
ORD000226,CUST0784,WH006,DRV0018,VEH0183,2026-05-03,Vellore,Dispatched,Delivered,133.53,2.84,29.7,34.51,4.81,1,47.02
ORD000227,CUST0556,WH008,DRV0001,VEH0101,2026-01-09,Coimbatore,Dispatched,Delivered,150.62,20.85,141.18,130.93,0.0,0,7.22
ORD000228,CUST0572,WH009,DRV0032,VEH0082,2026-03-22,Erode,Dispatched,Delivered,109.66,24.09,137.46,144.8,7.34,1,4.55
ORD000229,CUST0199,WH002,DRV0149,VEH0129,2026-05-30,Madurai,Processing,Delivered,184.13,9.0,57.85,63.04,5.19,1,20.46
ORD000230,CUST0109,WH010,DRV0166,VEH0003,2026-01-26,Tirunelveli,Dispatched,In Transit,147.2,26.81,135.34,124.92,0.0,0,5.49
ORD000231,CUST0065,WH009,DRV0154,VEH0071,2026-05-17,Madurai,Processing,Delayed,100.0,14.65,71.86,80.47,8.61,1,6.83
ORD000232,CUST0915,WH010,DRV0041,VEH0097,2026-02-17,Tirunelveli,Processing,Delivered,983.0,4.96,43.09,44.05,0.96,1,198.19
ORD000233,CUST0685,WH005,DRV0177,VEH0085,2026-06-28,Vellore,Dispatched,Delivered,100.0,11.83,55.88,52.06,0.0,0,8.45
ORD000234,CUST0353,WH001,DRV0085,VEH0142,2026-05-22,Vellore,Dispatched,Delayed,166.08,7.09,38.92,38.08,0.0,1,23.42
ORD000235,CUST0098,WH001,DRV0093,VEH0176,2026-04-15,Chennai,Processing,Delivered,188.62,12.8,98.49,96.92,0.0,0,14.74
ORD000236,CUST0129,WH007,DRV0117,VEH0037,2026-03-16,Trichy,Processing,Delivered,128.04,4.72,52.52,58.53,6.01,1,27.13
ORD000237,CUST0268,WH006,DRV0169,VEH0131,2026-01-28,Vellore,Processing,Delivered,171.0,28.05,110.43,122.12,11.69,1,6.1
ORD000238,CUST0409,WH010,DRV0096,VEH0177,2026-04-28,Trichy,Processing,Delivered,106.48,15.88,84.63,82.58,0.0,0,6.71
ORD000239,CUST0087,WH009,DRV0059,VEH0101,2026-02-27,Coimbatore,Confirmed,Delivered,290.81,8.36,71.48,83.4,11.92,1,34.79
ORD000240,CUST0601,WH001,DRV0132,VEH0184,2026-03-24,Chennai,Dispatched,Delayed,178.67,13.02,121.64,109.51,0.0,1,13.72
ORD000241,CUST0991,WH010,DRV0141,VEH0188,2026-08-23,Tirunelveli,Processing,Delivered,289.15,10.95,58.22,60.95,2.73,1,26.41
ORD000242,CUST0856,WH010,DRV0061,VEH0097,2026-01-07,Erode,Dispatched,Delivered,471.27,28.66,197.72,202.79,5.07,1,16.44
ORD000243,CUST0394,WH010,DRV0051,VEH0013,2026-05-15,Tirunelveli,Processing,Delivered,150.99,10.81,64.17,69.18,5.01,1,13.97
ORD000244,CUST0450,WH010,DRV0163,VEH0127,2026-05-02,Tirunelveli,Dispatched,Delivered,299.69,12.54,117.58,105.64,0.0,0,23.9
ORD000245,CUST0929,WH007,DRV0091,VEH0181,2026-03-14,Tirunelveli,Processing,Delivered,492.07,4.24,41.86,40.14,0.0,0,116.05
ORD000246,CUST0741,WH008,DRV0065,VEH0050,2026-03-18,Erode,Confirmed,Delivered,167.29,12.73,100.07,101.6,1.53,1,13.14
ORD000247,CUST0471,WH010,DRV0049,VEH0147,2026-01-21,Madurai,Confirmed,Delivered,284.07,14.31,79.76,77.77,0.0,0,19.85
ORD000248,CUST0642,WH004,DRV0177,VEH0154,2026-05-05,Tirunelveli,Dispatched,Delivered,133.96,5.47,52.43,54.38,1.95,1,24.49
ORD000249,CUST0644,WH001,DRV0103,VEH0181,2026-03-23,Trichy,Dispatched,Delayed,394.72,17.26,93.77,94.75,0.98,1,22.87
ORD000250,CUST0919,WH003,DRV0142,VEH0057,2026-08-28,Chennai,Processing,In Transit,130.99,2.64,33.94,35.45,1.51,1,49.62
ORD000251,CUST0765,WH002,DRV0165,VEH0166,2026-04-10,Salem,Processing,Delivered,286.29,9.88,79.5,81.69,2.19,1,28.98
ORD000252,CUST0110,WH003,DRV0030,VEH0137,2026-05-02,Trichy,Confirmed,Delivered,346.13,4.13,21.85,23.13,1.28,1,83.81
ORD000253,CUST0809,WH006,DRV0142,VEH0046,2026-07-17,Tirunelveli,Dispatched,Delivered,100.0,11.52,72.41,82.92,10.51,1,8.68
ORD000254,CUST0294,WH010,DRV0092,VEH0094,2026-03-17,Madurai,Dispatched,Delivered,117.52,8.65,75.64,87.83,12.19,1,13.59
ORD000255,CUST0215,WH003,DRV0155,VEH0086,2026-08-19,Salem,Confirmed,Delivered,114.47,14.95,93.07,103.15,10.08,1,7.66
ORD000256,CUST0312,WH010,DRV0062,VEH0132,2026-06-19,Vellore,Confirmed,Delivered,365.75,10.71,90.29,97.56,7.27,1,34.15
ORD000257,CUST0204,WH004,DRV0003,VEH0199,2026-05-21,Erode,Confirmed,Delivered,100.0,14.7,80.46,72.02,0.0,0,6.8
ORD000258,CUST0428,WH001,DRV0198,VEH0125,2026-08-27,Salem,Confirmed,Delayed,224.01,11.68,64.74,62.65,0.0,1,19.18
ORD000259,CUST0960,WH006,DRV0039,VEH0082,2026-01-11,Tirunelveli,Dispatched,Delayed,290.68,21.48,175.76,154.52,0.0,1,13.53
ORD000260,CUST0536,WH002,DRV0019,VEH0178,2026-01-26,Salem,Confirmed,Delayed,202.37,19.62,109.75,115.3,5.55,1,10.31
ORD000261,CUST0093,WH004,DRV0105,VEH0070,2026-02-12,Tirunelveli,Processing,Delivered,415.12,6.85,56.07,57.77,1.7,1,60.6
ORD000262,CUST0681,WH005,DRV0098,VEH0093,2026-06-01,Madurai,Confirmed,Delivered,100.0,20.49,139.71,131.07,0.0,0,4.88
ORD000263,CUST0028,WH005,DRV0128,VEH0133,2026-07-27,Chennai,Dispatched,Delivered,269.12,14.24,107.01,104.57,0.0,0,18.9
ORD000264,CUST0318,WH004,DRV0167,VEH0198,2026-03-27,Trichy,Dispatched,Delivered,161.07,22.72,142.96,141.77,0.0,0,7.09
ORD000265,CUST0399,WH003,DRV0010,VEH0162,2026-08-14,Chennai,Processing,Delivered,100.0,5.61,70.8,69.23,0.0,0,17.83
ORD000266,CUST0702,WH004,DRV0175,VEH0193,2026-06-05,Tirunelveli,Processing,Delivered,100.0,4.7,35.59,34.71,0.0,0,21.28
ORD000267,CUST0266,WH003,DRV0128,VEH0146,2026-07-09,Madurai,Processing,Delivered,501.36,4.76,61.49,56.95,0.0,0,105.33
ORD000268,CUST0896,WH003,DRV0089,VEH0027,2026-05-10,Erode,Dispatched,In Transit,273.4,26.76,118.27,112.59,0.0,0,10.22
ORD000269,CUST0994,WH004,DRV0151,VEH0010,2026-08-08,Coimbatore,Confirmed,Delivered,305.28,23.0,113.33,99.66,0.0,0,13.27
ORD000270,CUST0285,WH009,DRV0059,VEH0130,2026-06-20,Tirunelveli,Dispatched,Delivered,338.09,19.6,115.19,101.54,0.0,0,17.25
ORD000271,CUST0927,WH009,DRV0083,VEH0189,2026-03-27,Trichy,Dispatched,Delivered,100.0,4.35,39.99,40.95,0.96,1,22.99
ORD000272,CUST0063,WH008,DRV0102,VEH0118,2026-05-13,Trichy,Dispatched,Delivered,212.67,19.75,88.29,102.58,14.29,1,10.77
ORD000273,CUST0599,WH004,DRV0148,VEH0150,2026-03-12,Vellore,Confirmed,Delivered,370.17,4.54,20.86,24.45,3.59,1,81.54
ORD000274,CUST0914,WH002,DRV0173,VEH0138,2026-04-04,Tirunelveli,Dispatched,Delivered,139.53,1.64,15.27,17.22,1.95,1,85.08
ORD000275,CUST0519,WH009,DRV0044,VEH0059,2026-02-18,Coimbatore,Dispatched,Delivered,439.48,8.53,68.5,78.51,10.01,1,51.52
ORD000276,CUST0667,WH006,DRV0018,VEH0121,2026-07-07,Vellore,Confirmed,Delivered,121.73,10.05,70.42,73.2,2.78,1,12.11
ORD000277,CUST0905,WH008,DRV0048,VEH0091,2026-05-13,Salem,Processing,Delivered,196.58,24.79,155.32,179.38,24.06,1,7.93
ORD000278,CUST0020,WH004,DRV0075,VEH0140,2026-03-12,Trichy,Confirmed,Delivered,234.72,5.56,58.35,56.24,0.0,0,42.22
ORD000279,CUST0764,WH008,DRV0001,VEH0063,2026-06-16,Vellore,Processing,Delivered,296.04,39.5,165.05,181.96,16.91,1,7.49
ORD000280,CUST0885,WH006,DRV0160,VEH0015,2026-07-16,Trichy,Processing,Delayed,150.35,12.75,64.17,63.9,0.0,1,11.79
ORD000281,CUST0981,WH006,DRV0097,VEH0191,2026-07-15,Vellore,Dispatched,Delivered,349.98,10.48,65.14,73.94,8.8,1,33.4
ORD000282,CUST0348,WH006,DRV0192,VEH0193,2026-03-10,Vellore,Processing,Delivered,239.42,10.44,79.81,72.67,0.0,0,22.93
ORD000283,CUST0050,WH009,DRV0007,VEH0166,2026-08-19,Tirunelveli,Dispatched,Delivered,100.0,4.69,38.55,35.56,0.0,0,21.32
ORD000284,CUST0189,WH001,DRV0095,VEH0105,2026-03-02,Trichy,Confirmed,Delayed,598.11,9.01,59.85,61.96,2.11,1,66.38
ORD000285,CUST0067,WH001,DRV0090,VEH0006,2026-06-24,Madurai,Dispatched,In Transit,100.0,13.36,87.53,77.93,0.0,0,7.49
ORD000286,CUST0365,WH005,DRV0199,VEH0134,2026-06-13,Coimbatore,Processing,Delivered,631.03,20.0,89.19,98.47,9.28,1,31.55
ORD000287,CUST0202,WH001,DRV0100,VEH0038,2026-01-11,Vellore,Dispatched,Delivered,163.61,8.78,34.04,31.11,0.0,0,18.63
ORD000288,CUST0913,WH010,DRV0174,VEH0048,2026-05-13,Trichy,Processing,Delayed,144.96,12.67,79.2,78.13,0.0,1,11.44
ORD000289,CUST0099,WH009,DRV0152,VEH0015,2026-04-17,Vellore,Confirmed,Delivered,234.98,18.14,74.66,78.68,4.02,1,12.95
ORD000290,CUST0661,WH004,DRV0069,VEH0072,2026-08-22,Tirunelveli,Dispatched,Delivered,115.11,8.6,47.58,54.36,6.78,1,13.38
ORD000291,CUST0969,WH002,DRV0108,VEH0029,2026-01-05,Coimbatore,Processing,Delivered,100.0,20.8,87.4,96.96,9.56,1,4.81
ORD000292,CUST0977,WH003,DRV0164,VEH0002,2026-04-02,Salem,Dispatched,In Transit,168.84,15.96,127.1,114.62,0.0,0,10.58
ORD000293,CUST0160,WH009,DRV0195,VEH0075,2026-05-04,Trichy,Dispatched,In Transit,231.32,18.8,139.3,134.97,0.0,0,12.3
ORD000294,CUST0816,WH008,DRV0050,VEH0144,2026-07-27,Chennai,Dispatched,Delivered,492.53,2.99,27.04,29.35,2.31,1,164.73
ORD000295,CUST0678,WH003,DRV0187,VEH0186,2026-07-04,Tirunelveli,Dispatched,Delivered,100.0,9.3,84.2,84.3,0.1,1,10.75
ORD000296,CUST0028,WH008,DRV0186,VEH0088,2026-06-07,Chennai,Dispatched,Delivered,264.32,7.3,54.55,61.82,7.27,1,36.21
ORD000297,CUST0466,WH004,DRV0046,VEH0162,2026-04-30,Erode,Confirmed,Delivered,169.43,2.56,21.84,24.83,2.99,1,66.18
ORD000298,CUST0700,WH006,DRV0198,VEH0171,2026-05-15,Tirunelveli,Cancelled,Cancelled,185.21,19.7,,,,0,9.4
ORD000299,CUST0838,WH004,DRV0023,VEH0024,2026-06-07,Chennai,Dispatched,Delivered,340.98,3.77,34.75,35.2,0.45,1,90.45
ORD000300,CUST0826,WH005,DRV0012,VEH0102,2026-02-09,Chennai,Confirmed,Delivered,130.01,25.33,127.07,132.58,5.51,1,5.13
ORD000301,CUST0198,WH010,DRV0156,VEH0025,2026-08-30,Tirunelveli,Confirmed,Delivered,202.13,10.92,91.23,80.4,0.0,0,18.51
ORD000302,CUST0209,WH009,DRV0186,VEH0169,2026-06-19,Madurai,Dispatched,Delivered,368.14,15.03,76.34,78.73,2.39,1,24.49
ORD000303,CUST0437,WH002,DRV0061,VEH0117,2026-01-07,Tirunelveli,Processing,Delivered,353.98,7.44,51.54,54.2,2.66,1,47.58
ORD000304,CUST0266,WH009,DRV0183,VEH0033,2026-08-26,Salem,Processing,Delivered,100.0,20.71,92.34,99.09,6.75,1,4.83
ORD000305,CUST0770,WH003,DRV0034,VEH0108,2026-07-07,Trichy,Confirmed,Delivered,121.7,10.67,72.09,70.71,0.0,0,11.41
ORD000306,CUST0993,WH005,DRV0094,VEH0043,2026-02-24,Salem,Dispatched,Delivered,165.1,15.56,112.16,110.23,0.0,0,10.61
ORD000307,CUST0491,WH007,DRV0101,VEH0017,2026-07-24,Tirunelveli,Confirmed,Delivered,307.68,22.09,131.52,153.85,22.33,1,13.93
ORD000308,CUST0409,WH002,DRV0018,VEH0007,2026-06-16,Chennai,Dispatched,Delivered,153.96,16.88,122.47,117.06,0.0,0,9.12
ORD000309,CUST0934,WH004,DRV0120,VEH0187,2026-03-05,Tirunelveli,Dispatched,Delivered,191.29,8.65,46.44,42.74,0.0,0,22.11
ORD000310,CUST0257,WH001,DRV0163,VEH0027,2026-08-18,Salem,Processing,Delayed,408.59,10.7,94.43,91.26,0.0,1,38.19
ORD000311,CUST0336,WH003,DRV0176,VEH0036,2026-08-07,Salem,Dispatched,In Transit,145.46,19.18,107.09,96.39,0.0,0,7.58
ORD000312,CUST0858,WH006,DRV0037,VEH0147,2026-02-20,Madurai,Cancelled,Cancelled,472.27,9.43,,,,0,50.08
ORD000313,CUST0233,WH002,DRV0041,VEH0015,2026-07-07,Tirunelveli,Dispatched,Delivered,100.0,11.34,52.46,57.8,5.34,1,8.82
ORD000314,CUST0716,WH008,DRV0134,VEH0070,2026-07-17,Vellore,Dispatched,Delayed,140.43,13.72,96.25,90.87,0.0,1,10.24
ORD000315,CUST0073,WH007,DRV0128,VEH0185,2026-05-10,Vellore,Processing,Delivered,100.0,7.45,60.98,67.26,6.28,1,13.42
ORD000316,CUST0013,WH003,DRV0086,VEH0069,2026-04-24,Chennai,Dispatched,Delivered,195.56,10.57,43.59,49.69,6.1,1,18.5
ORD000317,CUST0583,WH001,DRV0091,VEH0053,2026-07-09,Coimbatore,Confirmed,Delivered,295.35,12.69,57.42,65.32,7.9,1,23.27
ORD000318,CUST0505,WH010,DRV0039,VEH0197,2026-02-09,Erode,Confirmed,Delivered,163.24,12.54,79.87,73.92,0.0,0,13.02
ORD000319,CUST0001,WH004,DRV0004,VEH0002,2026-07-10,Salem,Processing,Delivered,133.17,12.27,81.88,95.36,13.48,1,10.85
ORD000320,CUST0159,WH004,DRV0144,VEH0107,2026-05-24,Tirunelveli,Processing,Delivered,100.0,8.83,72.9,77.81,4.91,1,11.33
ORD000321,CUST0509,WH005,DRV0052,VEH0146,2026-02-13,Vellore,Dispatched,Delivered,540.7,13.07,71.61,80.57,8.96,1,41.37
ORD000322,CUST0483,WH003,DRV0113,VEH0160,2026-03-12,Salem,Processing,Delivered,178.65,24.43,174.4,162.01,0.0,0,7.31
ORD000323,CUST0216,WH002,DRV0019,VEH0113,2026-05-24,Erode,Dispatched,Delivered,135.11,10.68,50.59,50.54,0.0,0,12.65
ORD000324,CUST0195,WH002,DRV0092,VEH0126,2026-01-24,Chennai,Dispatched,Delivered,500.52,12.96,78.18,85.76,7.58,1,38.62
ORD000325,CUST0312,WH008,DRV0121,VEH0157,2026-04-14,Vellore,Dispatched,Delivered,144.2,10.56,95.12,88.47,0.0,0,13.66
ORD000326,CUST0403,WH007,DRV0017,VEH0049,2026-05-20,Madurai,Processing,In Transit,100.31,23.65,139.62,129.87,0.0,0,4.24
ORD000327,CUST0004,WH001,DRV0173,VEH0116,2026-01-10,Tirunelveli,Dispatched,In Transit,114.24,9.45,53.07,52.71,0.0,0,12.09
ORD000328,CUST0765,WH009,DRV0130,VEH0060,2026-07-23,Trichy,Processing,Delivered,103.83,6.07,32.78,35.14,2.36,1,17.11
ORD000329,CUST0796,WH003,DRV0130,VEH0127,2026-02-09,Chennai,Confirmed,Delivered,100.0,17.26,82.86,80.77,0.0,0,5.79
ORD000330,CUST0812,WH003,DRV0088,VEH0028,2026-08-22,Vellore,Dispatched,Delivered,115.5,9.14,47.26,41.82,0.0,0,12.64
ORD000331,CUST0542,WH001,DRV0055,VEH0086,2026-07-09,Tirunelveli,Confirmed,In Transit,871.07,16.67,74.58,86.17,11.59,1,52.25
ORD000332,CUST0804,WH004,DRV0091,VEH0155,2026-05-08,Erode,Confirmed,Delivered,100.0,8.19,37.88,40.73,2.85,1,12.21
ORD000333,CUST0949,WH010,DRV0004,VEH0136,2026-02-03,Trichy,Dispatched,Delivered,100.0,5.17,47.52,50.8,3.28,1,19.34
ORD000334,CUST0106,WH002,DRV0123,VEH0200,2026-07-18,Coimbatore,Processing,Delivered,217.18,10.91,60.77,58.46,0.0,0,19.91
ORD000335,CUST0122,WH003,DRV0100,VEH0151,2026-07-13,Vellore,Dispatched,Delivered,172.54,4.04,37.48,35.85,0.0,0,42.71
ORD000336,CUST0955,WH001,DRV0140,VEH0032,2026-08-10,Trichy,Processing,Delivered,278.39,13.53,82.16,90.1,7.94,1,20.58
ORD000337,CUST0708,WH003,DRV0182,VEH0015,2026-05-11,Salem,Processing,In Transit,126.45,18.62,89.0,97.29,8.29,1,6.79
ORD000338,CUST0983,WH004,DRV0060,VEH0091,2026-01-01,Madurai,Processing,Delivered,103.08,32.71,196.39,174.03,0.0,0,3.15
ORD000339,CUST0715,WH006,DRV0029,VEH0128,2026-02-21,Vellore,Processing,Delivered,538.03,7.95,84.91,78.85,0.0,0,67.68
ORD000340,CUST0772,WH003,DRV0189,VEH0123,2026-04-02,Tirunelveli,Processing,In Transit,100.0,6.76,71.35,63.13,0.0,0,14.79
ORD000341,CUST0267,WH006,DRV0046,VEH0196,2026-04-16,Erode,Dispatched,In Transit,229.15,18.35,139.7,127.13,0.0,0,12.49
ORD000342,CUST0241,WH002,DRV0097,VEH0168,2026-02-14,Tirunelveli,Dispatched,Delivered,283.92,17.56,88.58,91.26,2.68,1,16.17
ORD000343,CUST0053,WH008,DRV0049,VEH0096,2026-05-24,Erode,Dispatched,Delivered,309.24,18.27,121.52,137.07,15.55,1,16.93
ORD000344,CUST0124,WH005,DRV0120,VEH0057,2026-04-17,Coimbatore,Confirmed,Delivered,148.83,33.01,177.81,171.16,0.0,0,4.51
ORD000345,CUST0088,WH001,DRV0146,VEH0047,2026-02-14,Madurai,Dispatched,Delayed,100.0,11.35,59.75,62.53,2.78,1,8.81
ORD000346,CUST0310,WH006,DRV0076,VEH0101,2026-04-07,Tirunelveli,Dispatched,Delivered,480.43,37.12,244.16,249.75,5.59,1,12.94
ORD000347,CUST0756,WH003,DRV0074,VEH0118,2026-05-23,Vellore,Dispatched,Delayed,135.69,8.94,79.27,81.07,1.8,1,15.18
ORD000348,CUST0852,WH004,DRV0152,VEH0010,2026-01-13,Madurai,Confirmed,Delivered,490.05,7.14,85.1,75.25,0.0,0,68.63
ORD000349,CUST0557,WH010,DRV0017,VEH0184,2026-06-28,Tirunelveli,Dispatched,Delivered,230.27,6.7,56.4,64.78,8.38,1,34.37
ORD000350,CUST0913,WH008,DRV0107,VEH0117,2026-01-26,Trichy,Dispatched,Delivered,132.35,6.42,35.42,39.01,3.59,1,20.62
ORD000351,CUST0576,WH008,DRV0096,VEH0092,2026-05-13,Vellore,Processing,Delivered,234.1,33.98,195.83,189.69,0.0,0,6.89
ORD000352,CUST0698,WH008,DRV0184,VEH0180,2026-01-30,Tirunelveli,Dispatched,Delivered,382.99,22.9,116.98,104.9,0.0,0,16.72
ORD000353,CUST0013,WH005,DRV0089,VEH0063,2026-08-01,Madurai,Confirmed,Delivered,191.21,32.14,173.47,154.14,0.0,0,5.95
ORD000354,CUST0209,WH001,DRV0052,VEH0179,2026-02-17,Vellore,Dispatched,Delivered,112.23,2.88,29.92,29.4,0.0,0,38.97
ORD000355,CUST0435,WH009,DRV0071,VEH0070,2026-01-08,Coimbatore,Cancelled,Cancelled,100.0,4.52,,,,0,22.12
ORD000356,CUST0052,WH009,DRV0020,VEH0137,2026-04-06,Vellore,Dispatched,Delivered,137.58,9.17,43.25,45.11,1.86,1,15.0
ORD000357,CUST0911,WH008,DRV0157,VEH0094,2026-02-10,Madurai,Processing,Delivered,306.42,8.26,59.4,52.77,0.0,0,37.1
ORD000358,CUST0900,WH003,DRV0083,VEH0041,2026-05-04,Coimbatore,Confirmed,Delivered,100.0,13.0,74.27,74.27,0.0,0,7.69
ORD000359,CUST0850,WH006,DRV0178,VEH0040,2026-02-19,Salem,Dispatched,Delivered,282.24,11.53,67.53,63.23,0.0,0,24.48
ORD000360,CUST0107,WH007,DRV0119,VEH0016,2026-05-19,Tirunelveli,Dispatched,Delivered,184.63,5.47,35.57,38.22,2.65,1,33.75
ORD000361,CUST0521,WH004,DRV0118,VEH0025,2026-05-22,Erode,Confirmed,Delivered,294.29,7.67,64.73,75.49,10.76,1,38.37
ORD000362,CUST0624,WH010,DRV0143,VEH0138,2026-01-06,Salem,Dispatched,Delayed,100.0,9.52,56.92,55.61,0.0,1,10.5
ORD000363,CUST0120,WH007,DRV0159,VEH0158,2026-03-28,Vellore,Dispatched,Delivered,100.0,4.9,45.68,41.51,0.0,0,20.41
ORD000364,CUST0067,WH009,DRV0013,VEH0009,2026-03-17,Trichy,Confirmed,Delivered,134.2,10.35,69.42,60.52,0.0,0,12.97
ORD000365,CUST0987,WH006,DRV0056,VEH0040,2026-01-24,Chennai,Processing,Delivered,609.77,5.13,72.95,66.08,0.0,0,118.86
ORD000366,CUST0082,WH002,DRV0019,VEH0057,2026-08-15,Tirunelveli,Confirmed,Delivered,111.02,10.16,58.87,57.93,0.0,0,10.93
ORD000367,CUST0977,WH006,DRV0070,VEH0046,2026-03-20,Vellore,Dispatched,Delivered,166.93,6.04,36.63,35.47,0.0,0,27.64
ORD000368,CUST0714,WH003,DRV0156,VEH0119,2026-04-24,Salem,Dispatched,In Transit,733.61,19.7,102.59,93.5,0.0,0,37.24
ORD000369,CUST0697,WH007,DRV0150,VEH0007,2026-06-10,Tirunelveli,Dispatched,In Transit,239.51,14.63,94.24,110.1,15.86,1,16.37
ORD000370,CUST0869,WH003,DRV0156,VEH0171,2026-07-16,Chennai,Dispatched,Delivered,316.95,14.4,90.25,79.48,0.0,0,22.01
ORD000371,CUST0888,WH008,DRV0080,VEH0116,2026-06-17,Coimbatore,Dispatched,Delivered,119.4,17.38,130.43,129.22,0.0,0,6.87
ORD000372,CUST0669,WH005,DRV0114,VEH0128,2026-05-01,Erode,Dispatched,Delivered,390.08,15.12,95.57,84.16,0.0,0,25.8
ORD000373,CUST0943,WH003,DRV0033,VEH0176,2026-03-12,Erode,Confirmed,Delivered,430.7,19.78,80.06,74.17,0.0,0,21.77
ORD000374,CUST0628,WH001,DRV0114,VEH0113,2026-05-06,Vellore,Dispatched,Delivered,251.15,12.3,64.42,71.92,7.5,1,20.42
ORD000375,CUST0114,WH005,DRV0173,VEH0119,2026-01-07,Tirunelveli,Processing,Delivered,171.42,17.23,63.42,70.5,7.08,1,9.95
ORD000376,CUST0645,WH010,DRV0176,VEH0104,2026-04-16,Chennai,Dispatched,Delivered,260.77,14.12,83.09,86.91,3.82,1,18.47
ORD000377,CUST0760,WH010,DRV0115,VEH0057,2026-02-28,Madurai,Dispatched,Delivered,100.0,14.06,110.86,119.31,8.45,1,7.11
ORD000378,CUST0623,WH003,DRV0063,VEH0145,2026-06-19,Vellore,Processing,Delivered,367.83,3.85,25.85,26.33,0.48,1,95.54
ORD000379,CUST0454,WH004,DRV0026,VEH0025,2026-02-02,Coimbatore,Dispatched,Delivered,104.38,5.55,32.17,31.2,0.0,0,18.81
ORD000380,CUST0960,WH010,DRV0087,VEH0111,2026-05-13,Erode,Confirmed,Delivered,151.25,13.09,71.89,73.28,1.39,1,11.55
ORD000381,CUST0232,WH004,DRV0001,VEH0135,2026-06-30,Madurai,Dispatched,Delivered,426.84,6.73,42.83,49.4,6.57,1,63.42
ORD000382,CUST0571,WH003,DRV0190,VEH0055,2026-08-22,Chennai,Confirmed,In Transit,369.97,10.69,81.5,71.32,0.0,0,34.61
ORD000383,CUST0803,WH006,DRV0093,VEH0147,2026-08-30,Madurai,Dispatched,Delivered,100.0,7.86,57.98,59.31,1.33,1,12.72
ORD000384,CUST0773,WH006,DRV0200,VEH0032,2026-04-27,Coimbatore,Confirmed,Delivered,100.0,8.06,43.3,39.17,0.0,0,12.41
ORD000385,CUST0562,WH001,DRV0106,VEH0087,2026-01-23,Erode,Confirmed,Delivered,274.81,11.49,76.57,87.79,11.22,1,23.92
ORD000386,CUST0316,WH004,DRV0131,VEH0160,2026-03-18,Tirunelveli,Processing,In Transit,100.0,9.35,67.54,61.79,0.0,0,10.7
ORD000387,CUST0783,WH001,DRV0084,VEH0154,2026-07-29,Madurai,Processing,Delivered,456.04,25.04,117.93,130.74,12.81,1,18.21
ORD000388,CUST0475,WH007,DRV0107,VEH0072,2026-04-13,Chennai,Processing,Delivered,195.71,4.13,38.99,37.0,0.0,0,47.39
ORD000389,CUST0876,WH007,DRV0116,VEH0022,2026-01-22,Madurai,Dispatched,Delivered,454.14,15.87,80.88,77.14,0.0,0,28.62
ORD000390,CUST0371,WH006,DRV0005,VEH0183,2026-08-23,Madurai,Processing,Delivered,111.7,17.83,99.04,88.2,0.0,0,6.26
ORD000391,CUST0615,WH002,DRV0173,VEH0185,2026-05-03,Trichy,Confirmed,Delayed,118.33,26.09,114.35,120.85,6.5,1,4.54
ORD000392,CUST0993,WH004,DRV0012,VEH0136,2026-06-22,Coimbatore,Processing,Delivered,355.03,11.67,54.14,61.34,7.2,1,30.42
ORD000393,CUST0664,WH003,DRV0048,VEH0046,2026-07-19,Trichy,Dispatched,Delayed,149.51,16.75,126.11,113.68,0.0,1,8.93
ORD000394,CUST0533,WH008,DRV0014,VEH0005,2026-06-21,Vellore,Dispatched,Delayed,100.0,24.85,107.39,113.1,5.71,1,4.02
ORD000395,CUST0258,WH002,DRV0053,VEH0012,2026-04-09,Chennai,Dispatched,Delayed,261.11,7.44,58.25,63.33,5.08,1,35.1
ORD000396,CUST0723,WH010,DRV0045,VEH0027,2026-06-10,Salem,Dispatched,Delivered,100.0,6.06,49.92,50.13,0.21,1,16.5
ORD000397,CUST0429,WH002,DRV0160,VEH0084,2026-07-07,Erode,Processing,Delivered,462.84,12.02,85.76,95.94,10.18,1,38.51
ORD000398,CUST0500,WH001,DRV0158,VEH0139,2026-04-23,Chennai,Confirmed,Delivered,204.33,9.66,63.16,67.26,4.1,1,21.15
ORD000399,CUST0594,WH009,DRV0012,VEH0036,2026-02-10,Chennai,Processing,Delivered,101.67,16.96,74.35,77.0,2.65,1,5.99
ORD000400,CUST0010,WH003,DRV0100,VEH0052,2026-02-18,Chennai,Dispatched,Delivered,381.6,4.3,25.9,27.76,1.86,1,88.74
ORD000401,CUST0941,WH008,DRV0083,VEH0130,2026-08-06,Vellore,Dispatched,Delivered,385.99,23.86,106.64,108.26,1.62,1,16.18
ORD000402,CUST0677,WH007,DRV0044,VEH0074,2026-07-25,Chennai,Dispatched,Delivered,181.71,13.16,89.32,92.52,3.2,1,13.81
ORD000403,CUST0663,WH001,DRV0153,VEH0199,2026-04-26,Trichy,Confirmed,Delivered,795.54,9.47,75.92,70.14,0.0,0,84.01
ORD000404,CUST0685,WH006,DRV0170,VEH0012,2026-03-24,Chennai,Confirmed,In Transit,783.7,11.2,68.38,60.75,0.0,0,69.97
ORD000405,CUST0425,WH008,DRV0021,VEH0055,2026-02-05,Madurai,Processing,Delivered,223.67,20.48,126.63,143.85,17.22,1,10.92
ORD000406,CUST0577,WH006,DRV0189,VEH0080,2026-06-22,Vellore,Dispatched,In Transit,362.31,15.3,148.82,135.66,0.0,0,23.68
ORD000407,CUST0762,WH009,DRV0066,VEH0159,2026-06-05,Chennai,Confirmed,Delivered,424.42,11.06,100.32,88.82,0.0,0,38.37
ORD000408,CUST0512,WH010,DRV0101,VEH0091,2026-06-07,Erode,Dispatched,In Transit,100.0,9.81,62.73,59.4,0.0,0,10.19
ORD000409,CUST0317,WH003,DRV0021,VEH0160,2026-01-24,Salem,Processing,Delivered,218.41,10.11,69.81,60.76,0.0,0,21.6
ORD000410,CUST0630,WH006,DRV0026,VEH0064,2026-05-16,Coimbatore,Dispatched,Delivered,116.37,16.52,69.4,73.01,3.61,1,7.04
ORD000411,CUST0134,WH010,DRV0160,VEH0104,2026-02-17,Trichy,Dispatched,Delayed,106.18,9.3,66.42,60.43,0.0,1,11.42
ORD000412,CUST0961,WH004,DRV0017,VEH0091,2026-03-13,Erode,Dispatched,Delivered,196.18,15.74,91.43,86.9,0.0,0,12.46
ORD000413,CUST0018,WH010,DRV0004,VEH0059,2026-07-19,Trichy,Dispatched,In Transit,206.0,6.19,35.76,37.76,2.0,1,33.28
ORD000414,CUST0347,WH003,DRV0039,VEH0025,2026-07-25,Trichy,Dispatched,Delivered,100.0,6.9,57.67,54.33,0.0,0,14.49
ORD000415,CUST0368,WH008,DRV0015,VEH0104,2026-06-10,Trichy,Dispatched,Delivered,226.65,10.98,85.92,85.67,0.0,0,20.64
ORD000416,CUST0767,WH007,DRV0033,VEH0197,2026-08-04,Chennai,Dispatched,Delivered,153.99,9.76,43.64,48.13,4.49,1,15.78
ORD000417,CUST0168,WH007,DRV0189,VEH0068,2026-04-14,Salem,Dispatched,Delivered,449.73,7.17,53.61,59.42,5.81,1,62.72
ORD000418,CUST0934,WH005,DRV0142,VEH0172,2026-04-21,Erode,Dispatched,Delivered,385.97,5.1,54.52,51.24,0.0,0,75.68
ORD000419,CUST0941,WH001,DRV0090,VEH0171,2026-05-11,Erode,Dispatched,Delivered,103.92,6.5,46.0,43.25,0.0,0,15.99
ORD000420,CUST0017,WH006,DRV0047,VEH0143,2026-08-26,Tirunelveli,Dispatched,Delivered,425.5,27.46,183.45,181.77,0.0,0,15.5
ORD000421,CUST0986,WH006,DRV0130,VEH0141,2026-05-08,Vellore,Dispatched,Delivered,256.82,7.16,69.32,69.29,0.0,0,35.87
ORD000422,CUST0909,WH003,DRV0090,VEH0197,2026-01-01,Vellore,Cancelled,Cancelled,157.29,11.53,,,,0,13.64
ORD000423,CUST0522,WH005,DRV0066,VEH0198,2026-08-06,Erode,Confirmed,Delayed,129.94,7.16,37.21,38.02,0.81,1,18.15
ORD000424,CUST0507,WH009,DRV0176,VEH0173,2026-08-10,Erode,Dispatched,Delivered,100.0,9.16,74.32,66.87,0.0,0,10.92
ORD000425,CUST0742,WH007,DRV0192,VEH0153,2026-07-22,Vellore,Dispatched,Delivered,100.0,18.98,138.06,124.78,0.0,0,5.27
ORD000426,CUST0474,WH008,DRV0194,VEH0153,2026-02-06,Chennai,Dispatched,Delivered,100.0,9.62,48.0,45.79,0.0,0,10.4
ORD000427,CUST0543,WH009,DRV0176,VEH0010,2026-02-11,Coimbatore,Processing,Delivered,183.75,8.91,44.34,38.58,0.0,0,20.62
ORD000428,CUST0727,WH006,DRV0081,VEH0190,2026-06-22,Coimbatore,Dispatched,In Transit,100.0,7.44,77.05,68.92,0.0,0,13.44
ORD000429,CUST0306,WH005,DRV0018,VEH0012,2026-07-01,Erode,Dispatched,Delayed,103.21,9.38,56.03,62.7,6.67,1,11.0
ORD000430,CUST0379,WH010,DRV0179,VEH0195,2026-07-06,Chennai,Confirmed,Delivered,277.81,14.11,79.02,81.49,2.47,1,19.69
ORD000431,CUST0340,WH005,DRV0132,VEH0029,2026-01-27,Chennai,Dispatched,In Transit,478.48,3.11,41.77,46.96,5.19,1,153.85
ORD000432,CUST0151,WH005,DRV0081,VEH0043,2026-08-06,Chennai,Dispatched,Delivered,100.0,4.6,56.21,56.79,0.58,1,21.74
ORD000433,CUST0045,WH004,DRV0161,VEH0088,2026-03-12,Salem,Cancelled,Cancelled,269.41,14.32,,,,0,18.81
ORD000434,CUST0987,WH002,DRV0151,VEH0088,2026-03-12,Trichy,Dispatched,Delivered,148.22,11.4,58.47,65.2,6.73,1,13.0
ORD000435,CUST0207,WH007,DRV0181,VEH0111,2026-07-18,Vellore,Dispatched,Delivered,129.6,7.7,74.46,66.83,0.0,0,16.83
ORD000436,CUST0422,WH007,DRV0013,VEH0113,2026-01-05,Erode,Confirmed,Delivered,200.44,14.82,102.97,100.88,0.0,0,13.52
ORD000437,CUST0139,WH008,DRV0071,VEH0165,2026-02-04,Coimbatore,Confirmed,Delivered,118.43,8.62,45.64,42.47,0.0,0,13.74
ORD000438,CUST0392,WH008,DRV0058,VEH0069,2026-06-03,Coimbatore,Dispatched,Delivered,171.62,18.8,112.96,130.81,17.85,1,9.13
ORD000439,CUST0846,WH008,DRV0191,VEH0119,2026-08-04,Trichy,Processing,Delayed,189.83,7.49,46.81,53.3,6.49,1,25.34
ORD000440,CUST0384,WH009,DRV0065,VEH0011,2026-02-27,Tirunelveli,Processing,Delivered,385.44,6.09,59.9,57.8,0.0,0,63.29
ORD000441,CUST0781,WH006,DRV0104,VEH0168,2026-01-31,Vellore,Confirmed,Delivered,443.8,42.71,298.89,271.36,0.0,0,10.39
ORD000442,CUST0726,WH004,DRV0042,VEH0107,2026-01-05,Vellore,Dispatched,Delivered,122.85,16.56,133.65,120.17,0.0,0,7.42
ORD000443,CUST0674,WH002,DRV0095,VEH0063,2026-04-29,Trichy,Dispatched,Delivered,152.1,6.64,43.21,40.9,0.0,0,22.91
ORD000444,CUST0449,WH005,DRV0100,VEH0022,2026-02-17,Coimbatore,Dispatched,Delivered,305.74,8.66,55.35,60.81,5.46,1,35.3
ORD000445,CUST0869,WH006,DRV0089,VEH0143,2026-03-22,Vellore,Confirmed,Delivered,161.16,7.51,46.42,51.09,4.67,1,21.46
ORD000446,CUST0992,WH007,DRV0109,VEH0137,2026-02-12,Vellore,Dispatched,Delivered,288.39,3.59,32.18,28.88,0.0,0,80.33
ORD000447,CUST0203,WH006,DRV0114,VEH0070,2026-03-11,Coimbatore,Processing,Delivered,325.85,9.01,68.05,76.98,8.93,1,36.17
ORD000448,CUST0010,WH004,DRV0040,VEH0192,2026-02-15,Salem,Processing,Delivered,351.59,12.14,46.66,44.19,0.0,0,28.96
ORD000449,CUST0350,WH004,DRV0094,VEH0090,2026-07-17,Coimbatore,Dispatched,Delivered,191.92,24.29,120.99,119.79,0.0,0,7.9
ORD000450,CUST0076,WH007,DRV0102,VEH0134,2026-01-22,Erode,Processing,Delayed,100.0,10.36,78.21,80.1,1.89,1,9.65
ORD000451,CUST0746,WH001,DRV0021,VEH0096,2026-04-29,Chennai,Dispatched,Delivered,162.53,8.16,76.21,77.6,1.39,1,19.92
ORD000452,CUST0745,WH003,DRV0083,VEH0043,2026-08-06,Erode,Dispatched,Delivered,130.36,26.11,189.78,167.42,0.0,0,4.99
ORD000453,CUST0738,WH010,DRV0161,VEH0148,2026-08-07,Vellore,Processing,Delivered,300.41,22.82,130.19,117.45,0.0,0,13.16
ORD000454,CUST0887,WH002,DRV0111,VEH0125,2026-01-24,Chennai,Dispatched,Delivered,488.61,12.1,101.11,91.13,0.0,0,40.38
ORD000455,CUST0217,WH002,DRV0198,VEH0099,2026-06-03,Erode,Dispatched,Delivered,497.63,11.38,50.86,52.33,1.47,1,43.73
ORD000456,CUST0292,WH007,DRV0042,VEH0171,2026-07-10,Trichy,Dispatched,Delivered,322.34,14.01,68.82,78.02,9.2,1,23.01
ORD000457,CUST0004,WH005,DRV0037,VEH0190,2026-07-28,Trichy,Processing,Delivered,100.0,7.43,66.5,57.86,0.0,0,13.46
ORD000458,CUST0378,WH003,DRV0200,VEH0067,2026-05-20,Chennai,Dispatched,Delivered,451.26,11.09,69.1,77.33,8.23,1,40.69
ORD000459,CUST0661,WH009,DRV0129,VEH0082,2026-08-10,Trichy,Processing,Delivered,239.19,7.24,43.11,42.91,0.0,0,33.04
ORD000460,CUST0893,WH009,DRV0077,VEH0180,2026-06-19,Chennai,Dispatched,In Transit,106.05,23.28,158.68,170.74,12.06,1,4.56
ORD000461,CUST0701,WH003,DRV0154,VEH0100,2026-07-19,Salem,Cancelled,Cancelled,317.43,6.29,,,,0,50.47
ORD000462,CUST0606,WH002,DRV0113,VEH0154,2026-03-03,Trichy,Dispatched,Delivered,157.01,12.68,77.65,82.48,4.83,1,12.38
ORD000463,CUST0038,WH003,DRV0039,VEH0159,2026-01-25,Madurai,Processing,Delivered,100.0,13.06,102.85,91.91,0.0,0,7.66
ORD000464,CUST0588,WH009,DRV0047,VEH0183,2026-04-06,Tirunelveli,Processing,In Transit,100.0,24.43,140.01,122.76,0.0,0,4.09
ORD000465,CUST0295,WH008,DRV0056,VEH0068,2026-05-12,Coimbatore,Dispatched,Delayed,173.74,8.09,63.34,65.1,1.76,1,21.48
ORD000466,CUST0089,WH003,DRV0110,VEH0057,2026-06-27,Chennai,Dispatched,Delivered,169.34,7.04,43.39,49.81,6.42,1,24.05
ORD000467,CUST0822,WH004,DRV0186,VEH0152,2026-03-11,Erode,Dispatched,Delivered,100.0,16.01,121.1,115.44,0.0,0,6.25
ORD000468,CUST0830,WH005,DRV0156,VEH0193,2026-05-27,Tirunelveli,Dispatched,Delivered,295.36,14.76,126.01,130.85,4.84,1,20.01
ORD000469,CUST0275,WH004,DRV0185,VEH0154,2026-08-01,Coimbatore,Processing,Delivered,254.13,32.59,194.77,169.99,0.0,0,7.8
ORD000470,CUST0514,WH002,DRV0071,VEH0049,2026-04-25,Erode,Dispatched,Delivered,100.0,12.23,56.13,64.02,7.89,1,8.18
ORD000471,CUST0150,WH009,DRV0110,VEH0038,2026-05-20,Coimbatore,Dispatched,Delivered,1003.96,22.99,145.67,164.46,18.79,1,43.67
ORD000472,CUST0606,WH002,DRV0200,VEH0036,2026-06-18,Trichy,Confirmed,Delivered,100.0,21.49,138.21,130.41,0.0,0,4.65
ORD000473,CUST0313,WH005,DRV0173,VEH0122,2026-02-21,Coimbatore,Dispatched,Delivered,134.62,7.02,56.79,52.7,0.0,0,19.18
ORD000474,CUST0100,WH009,DRV0065,VEH0182,2026-08-05,Madurai,Dispatched,In Transit,231.37,3.95,64.59,65.15,0.56,1,58.57
ORD000475,CUST0259,WH008,DRV0004,VEH0137,2026-05-10,Trichy,Dispatched,Delivered,134.9,9.11,49.68,53.24,3.56,1,14.81
ORD000476,CUST0279,WH001,DRV0189,VEH0170,2026-08-01,Tirunelveli,Dispatched,Delivered,466.51,18.37,116.76,123.83,7.07,1,25.4
ORD000477,CUST0004,WH003,DRV0061,VEH0096,2026-03-31,Chennai,Dispatched,Delivered,161.75,24.68,125.24,131.64,6.4,1,6.55
ORD000478,CUST0412,WH010,DRV0171,VEH0104,2026-07-30,Erode,Confirmed,Delivered,100.0,1.25,14.64,15.95,1.31,1,80.0
ORD000479,CUST0590,WH009,DRV0105,VEH0082,2026-05-08,Coimbatore,Cancelled,Cancelled,270.27,6.26,,,,0,43.17
ORD000480,CUST0710,WH003,DRV0147,VEH0024,2026-07-09,Vellore,Dispatched,Delivered,100.0,14.01,59.43,68.35,8.92,1,7.14
ORD000481,CUST0326,WH004,DRV0086,VEH0168,2026-08-10,Coimbatore,Processing,Delivered,256.46,16.43,83.79,86.19,2.4,1,15.61
ORD000482,CUST0937,WH003,DRV0100,VEH0082,2026-05-04,Salem,Confirmed,Delivered,419.24,5.65,47.23,43.96,0.0,0,74.2
ORD000483,CUST0677,WH007,DRV0129,VEH0103,2026-04-05,Erode,Processing,Delivered,100.0,7.22,44.06,51.77,7.71,1,13.85
ORD000484,CUST0519,WH009,DRV0147,VEH0008,2026-04-14,Vellore,Dispatched,Delayed,139.41,3.41,51.88,46.6,0.0,1,40.88
ORD000485,CUST0973,WH004,DRV0051,VEH0182,2026-07-13,Tirunelveli,Processing,Delivered,100.0,27.98,135.34,127.45,0.0,0,3.57
ORD000486,CUST0001,WH009,DRV0064,VEH0115,2026-03-10,Chennai,Dispatched,Delivered,182.83,12.74,82.5,94.61,12.11,1,14.35
ORD000487,CUST0600,WH002,DRV0063,VEH0011,2026-08-14,Salem,Dispatched,Delivered,779.22,7.16,54.5,48.73,0.0,0,108.83
ORD000488,CUST0418,WH002,DRV0029,VEH0107,2026-03-15,Chennai,Processing,Delivered,210.4,22.08,140.52,141.06,0.54,1,9.53
ORD000489,CUST0180,WH009,DRV0147,VEH0095,2026-07-05,Coimbatore,Dispatched,In Transit,157.26,12.73,118.53,113.35,0.0,0,12.35
ORD000490,CUST0010,WH007,DRV0043,VEH0122,2026-03-28,Vellore,Dispatched,In Transit,100.0,24.41,148.17,132.93,0.0,0,4.1
ORD000491,CUST0375,WH005,DRV0070,VEH0184,2026-04-29,Coimbatore,Dispatched,Delivered,100.0,26.5,122.66,110.07,0.0,0,3.77
ORD000492,CUST0956,WH005,DRV0039,VEH0157,2026-05-16,Madurai,Dispatched,Delivered,166.26,5.67,46.22,47.52,1.3,1,29.32
ORD000493,CUST0646,WH009,DRV0023,VEH0042,2026-06-05,Trichy,Confirmed,In Transit,192.59,22.88,156.87,170.27,13.4,1,8.42
ORD000494,CUST0452,WH004,DRV0001,VEH0006,2026-04-14,Madurai,Dispatched,Delayed,226.56,22.37,93.67,101.02,7.35,1,10.13
ORD000495,CUST0968,WH001,DRV0061,VEH0003,2026-03-09,Chennai,Processing,Delivered,298.65,14.85,114.62,106.15,0.0,0,20.11
ORD000496,CUST0110,WH006,DRV0025,VEH0074,2026-04-28,Chennai,Dispatched,Delivered,100.62,15.58,137.76,122.04,0.0,0,6.46
ORD000497,CUST0125,WH003,DRV0132,VEH0098,2026-02-12,Chennai,Dispatched,Delivered,186.06,12.18,73.27,84.06,10.79,1,15.28
ORD000498,CUST0432,WH002,DRV0109,VEH0065,2026-02-26,Tirunelveli,Dispatched,In Transit,131.29,4.96,44.26,51.8,7.54,1,26.47
ORD000499,CUST0719,WH004,DRV0108,VEH0140,2026-07-12,Erode,Processing,Delivered,100.0,4.69,49.01,44.68,0.0,0,21.32
ORD000500,CUST0301,WH009,DRV0001,VEH0036,2026-05-09,Vellore,Processing,Delivered,102.85,28.67,169.86,175.84,5.98,1,3.59
ORD000501,CUST0652,WH008,DRV0040,VEH0184,2026-04-29,Chennai,Processing,Delivered,257.64,12.72,90.2,96.68,6.48,1,20.25
ORD000502,CUST0103,WH007,DRV0021,VEH0180,2026-01-14,Trichy,Dispatched,Delivered,100.0,9.51,35.0,38.61,3.61,1,10.52
ORD000503,CUST0623,WH002,DRV0171,VEH0120,2026-07-11,Erode,Processing,Delivered,100.0,16.17,79.32,83.15,3.83,1,6.18
ORD000504,CUST0070,WH001,DRV0138,VEH0125,2026-02-07,Coimbatore,Dispatched,Delivered,1420.37,6.98,65.91,57.74,0.0,0,203.49
ORD000505,CUST0885,WH007,DRV0066,VEH0160,2026-05-28,Madurai,Confirmed,Delivered,117.69,8.42,85.54,74.83,0.0,0,13.98
ORD000506,CUST0917,WH010,DRV0017,VEH0184,2026-02-05,Erode,Dispatched,Delivered,470.95,11.43,71.08,74.86,3.78,1,41.2
ORD000507,CUST0110,WH005,DRV0124,VEH0139,2026-03-12,Vellore,Confirmed,Delivered,173.81,7.73,73.89,64.87,0.0,0,22.49
ORD000508,CUST0224,WH008,DRV0141,VEH0129,2026-03-22,Coimbatore,Dispatched,Delivered,125.84,15.21,86.21,91.72,5.51,1,8.27
ORD000509,CUST0224,WH005,DRV0091,VEH0112,2026-06-06,Vellore,Dispatched,Delivered,277.88,10.32,94.25,85.19,0.0,0,26.93
ORD000510,CUST0731,WH010,DRV0113,VEH0134,2026-04-12,Tirunelveli,Dispatched,In Transit,191.02,15.14,94.54,103.48,8.94,1,12.62
ORD000511,CUST0751,WH005,DRV0126,VEH0079,2026-03-07,Salem,Dispatched,Delivered,161.35,16.03,89.54,81.55,0.0,0,10.07
ORD000512,CUST0631,WH008,DRV0010,VEH0152,2026-06-16,Madurai,Processing,Delivered,176.16,21.75,108.86,113.86,5.0,1,8.1
ORD000513,CUST0843,WH009,DRV0180,VEH0072,2026-07-30,Tirunelveli,Dispatched,Delivered,234.19,9.12,65.17,71.72,6.55,1,25.68
ORD000514,CUST0214,WH002,DRV0138,VEH0081,2026-04-25,Erode,Processing,Delivered,115.89,5.58,68.3,60.42,0.0,0,20.77
ORD000515,CUST0548,WH008,DRV0047,VEH0152,2026-05-26,Chennai,Processing,Delivered,132.53,24.41,124.21,135.86,11.65,1,5.43
ORD000516,CUST0343,WH007,DRV0009,VEH0077,2026-08-27,Erode,Dispatched,Delivered,100.0,3.22,25.44,22.17,0.0,0,31.06
ORD000517,CUST0357,WH008,DRV0046,VEH0009,2026-08-13,Chennai,Dispatched,Delivered,100.0,44.3,156.38,177.19,20.81,1,2.26
ORD000518,CUST0791,WH003,DRV0117,VEH0187,2026-08-19,Salem,Dispatched,Delivered,603.38,7.44,54.89,64.35,9.46,1,81.1
ORD000519,CUST0439,WH004,DRV0103,VEH0070,2026-08-09,Madurai,Processing,Delivered,100.58,10.39,75.99,68.38,0.0,0,9.68
ORD000520,CUST0256,WH007,DRV0124,VEH0023,2026-06-13,Trichy,Processing,Delivered,346.92,5.0,44.33,43.21,0.0,0,69.38
ORD000521,CUST0667,WH005,DRV0068,VEH0086,2026-02-14,Trichy,Confirmed,Delivered,143.84,12.05,78.55,80.44,1.89,1,11.94
ORD000522,CUST0482,WH007,DRV0109,VEH0017,2026-07-02,Chennai,Confirmed,Delivered,257.57,7.7,54.41,62.21,7.8,1,33.45
ORD000523,CUST0404,WH006,DRV0182,VEH0098,2026-04-12,Chennai,Processing,Delivered,181.05,5.11,46.36,45.34,0.0,0,35.43
ORD000524,CUST0783,WH004,DRV0068,VEH0123,2026-06-21,Chennai,Confirmed,Delivered,100.0,4.33,34.24,35.37,1.13,1,23.09
ORD000525,CUST0042,WH002,DRV0132,VEH0025,2026-08-27,Tirunelveli,Confirmed,Delayed,184.72,6.61,55.6,55.87,0.27,1,27.95
ORD000526,CUST0388,WH006,DRV0105,VEH0112,2026-05-21,Vellore,Dispatched,Delayed,268.73,17.1,139.53,134.28,0.0,1,15.72
ORD000527,CUST0029,WH006,DRV0129,VEH0038,2026-06-15,Salem,Confirmed,Delivered,100.0,15.29,58.68,56.32,0.0,0,6.54
ORD000528,CUST0695,WH006,DRV0059,VEH0003,2026-04-17,Vellore,Dispatched,Delivered,819.84,5.8,61.8,54.3,0.0,0,141.35
ORD000529,CUST1000,WH001,DRV0153,VEH0195,2026-02-01,Salem,Processing,Delivered,307.33,8.86,87.25,83.37,0.0,0,34.69
ORD000530,CUST0203,WH006,DRV0137,VEH0014,2026-03-28,Coimbatore,Dispatched,Delivered,309.09,19.66,91.39,96.02,4.63,1,15.72
ORD000531,CUST0561,WH002,DRV0025,VEH0010,2026-04-26,Salem,Dispatched,Delivered,331.18,9.08,94.69,99.79,5.1,1,36.47
ORD000532,CUST0327,WH010,DRV0082,VEH0066,2026-05-01,Madurai,Processing,In Transit,100.0,24.8,151.45,152.49,1.04,1,4.03
ORD000533,CUST0843,WH005,DRV0199,VEH0199,2026-06-24,Salem,Dispatched,Delivered,286.62,37.86,131.57,141.81,10.24,1,7.57
ORD000534,CUST0054,WH007,DRV0154,VEH0142,2026-02-02,Madurai,Processing,In Transit,795.88,6.66,37.14,38.57,1.43,1,119.5
ORD000535,CUST0490,WH010,DRV0056,VEH0126,2026-03-09,Trichy,Dispatched,Delivered,296.97,7.24,47.53,43.11,0.0,0,41.02
ORD000536,CUST0417,WH001,DRV0049,VEH0010,2026-05-08,Vellore,Confirmed,Delivered,152.81,27.08,135.37,122.18,0.0,0,5.64
ORD000537,CUST0734,WH005,DRV0065,VEH0099,2026-01-18,Coimbatore,Dispatched,Delivered,100.0,8.98,47.43,45.68,0.0,0,11.14
ORD000538,CUST0864,WH009,DRV0189,VEH0049,2026-01-05,Salem,Processing,Delivered,100.0,20.5,124.15,121.14,0.0,0,4.88
ORD000539,CUST0360,WH003,DRV0009,VEH0190,2026-01-26,Trichy,Processing,Delivered,100.0,12.68,64.84,66.29,1.45,1,7.89
ORD000540,CUST0549,WH002,DRV0138,VEH0176,2026-06-15,Madurai,Dispatched,Delivered,139.73,9.77,56.88,54.65,0.0,0,14.3
ORD000541,CUST0205,WH010,DRV0112,VEH0131,2026-05-17,Erode,Processing,Delivered,100.0,16.55,137.02,125.5,0.0,0,6.04
ORD000542,CUST0903,WH002,DRV0139,VEH0047,2026-02-04,Coimbatore,Cancelled,Cancelled,164.22,27.3,,,,0,6.02
ORD000543,CUST0280,WH003,DRV0096,VEH0060,2026-08-28,Erode,Dispatched,Delivered,206.97,22.52,128.88,149.75,20.87,1,9.19
ORD000544,CUST0055,WH001,DRV0085,VEH0025,2026-03-05,Trichy,Cancelled,Cancelled,100.0,10.79,,,,0,9.27
ORD000545,CUST0907,WH002,DRV0036,VEH0135,2026-05-12,Madurai,Cancelled,Cancelled,110.24,12.91,,,,0,8.54
ORD000546,CUST0223,WH006,DRV0184,VEH0077,2026-01-18,Coimbatore,Dispatched,In Transit,124.41,20.6,85.49,97.18,11.69,1,6.04
ORD000547,CUST0108,WH008,DRV0160,VEH0121,2026-01-31,Chennai,Dispatched,Delivered,122.15,13.41,98.31,109.83,11.52,1,9.11
ORD000548,CUST0718,WH004,DRV0083,VEH0167,2026-05-20,Salem,Processing,Delivered,183.4,29.75,197.22,181.54,0.0,0,6.16
ORD000549,CUST0684,WH002,DRV0200,VEH0043,2026-04-28,Chennai,Confirmed,In Transit,196.59,2.15,14.34,14.09,0.0,0,91.44
ORD000550,CUST0602,WH005,DRV0163,VEH0046,2026-01-29,Chennai,Processing,Delivered,137.58,6.91,75.5,68.86,0.0,0,19.91
ORD000551,CUST0509,WH003,DRV0132,VEH0043,2026-05-25,Chennai,Dispatched,Delivered,117.09,15.71,61.22,67.61,6.39,1,7.45
ORD000552,CUST0961,WH005,DRV0062,VEH0029,2026-04-15,Trichy,Processing,Delivered,178.86,8.25,49.79,57.95,8.16,1,21.68
ORD000553,CUST0006,WH003,DRV0063,VEH0083,2026-05-04,Chennai,Dispatched,Delivered,462.89,27.85,133.13,148.15,15.02,1,16.62
ORD000554,CUST0507,WH004,DRV0136,VEH0103,2026-04-27,Erode,Confirmed,Delivered,100.0,7.23,54.42,55.21,0.79,1,13.83
ORD000555,CUST0799,WH005,DRV0119,VEH0086,2026-02-16,Vellore,Processing,Delivered,378.27,12.05,111.67,110.9,0.0,0,31.39
ORD000556,CUST0171,WH007,DRV0076,VEH0194,2026-06-19,Vellore,Dispatched,Delivered,100.0,6.58,64.11,57.9,0.0,0,15.2
ORD000557,CUST0875,WH002,DRV0069,VEH0099,2026-03-07,Tirunelveli,Dispatched,In Transit,229.34,10.55,83.84,78.73,0.0,0,21.74
ORD000558,CUST0268,WH006,DRV0189,VEH0197,2026-07-31,Chennai,Dispatched,Delivered,358.61,3.1,21.08,18.38,0.0,0,115.68
ORD000559,CUST0193,WH006,DRV0094,VEH0155,2026-08-01,Trichy,Dispatched,Delayed,100.0,4.18,22.65,25.93,3.28,1,23.92
ORD000560,CUST0756,WH006,DRV0063,VEH0082,2026-03-31,Salem,Dispatched,Delivered,227.69,36.6,160.56,180.59,20.03,1,6.22
ORD000561,CUST0180,WH007,DRV0061,VEH0112,2026-03-12,Erode,Confirmed,In Transit,100.0,11.39,59.47,67.94,8.47,1,8.78
ORD000562,CUST0760,WH003,DRV0099,VEH0003,2026-06-22,Vellore,Processing,Delivered,387.88,8.76,54.49,53.87,0.0,0,44.28
ORD000563,CUST0070,WH005,DRV0037,VEH0056,2026-06-10,Tirunelveli,Dispatched,Delivered,100.0,5.0,43.47,46.74,3.27,1,20.0
ORD000564,CUST0733,WH009,DRV0004,VEH0111,2026-05-24,Coimbatore,Dispatched,Delivered,101.48,5.62,54.82,51.96,0.0,0,18.06
ORD000565,CUST0030,WH009,DRV0056,VEH0064,2026-06-06,Coimbatore,Dispatched,In Transit,197.43,34.03,213.74,240.21,26.47,1,5.8
ORD000566,CUST0119,WH007,DRV0043,VEH0021,2026-08-24,Salem,Processing,Delivered,287.86,11.86,91.31,103.65,12.34,1,24.27
ORD000567,CUST0717,WH009,DRV0021,VEH0024,2026-04-07,Trichy,Processing,Delayed,192.53,22.12,130.83,132.41,1.58,1,8.7
ORD000568,CUST0510,WH003,DRV0058,VEH0148,2026-05-02,Chennai,Cancelled,Cancelled,250.1,1.33,,,,0,188.05
ORD000569,CUST0734,WH007,DRV0144,VEH0052,2026-07-27,Coimbatore,Dispatched,Delivered,126.85,7.54,50.81,46.24,0.0,0,16.82
ORD000570,CUST0460,WH001,DRV0053,VEH0013,2026-08-13,Salem,Dispatched,Delivered,100.0,31.02,162.77,147.8,0.0,0,3.22
ORD000571,CUST0638,WH007,DRV0018,VEH0198,2026-06-14,Salem,Dispatched,Delivered,469.65,7.93,77.18,87.19,10.01,1,59.22
ORD000572,CUST0458,WH003,DRV0057,VEH0171,2026-01-25,Chennai,Processing,Delivered,250.68,5.38,62.12,56.8,0.0,0,46.59
ORD000573,CUST0567,WH003,DRV0095,VEH0094,2026-01-31,Salem,Dispatched,In Transit,132.02,14.84,80.86,79.33,0.0,0,8.9
ORD000574,CUST0039,WH007,DRV0166,VEH0078,2026-02-26,Trichy,Dispatched,Delivered,100.0,3.75,36.6,36.56,0.0,0,26.67
ORD000575,CUST0970,WH008,DRV0123,VEH0165,2026-07-07,Trichy,Processing,Delivered,401.44,3.16,37.11,42.25,5.14,1,127.04
ORD000576,CUST0850,WH004,DRV0032,VEH0102,2026-01-30,Tirunelveli,Cancelled,Cancelled,412.33,27.87,,,,0,14.79
ORD000577,CUST0262,WH001,DRV0112,VEH0030,2026-08-27,Coimbatore,Confirmed,Delivered,157.38,6.56,32.8,37.79,4.99,1,23.99
ORD000578,CUST0184,WH005,DRV0019,VEH0015,2026-01-17,Madurai,Confirmed,In Transit,117.99,16.69,114.93,123.14,8.21,1,7.07
ORD000579,CUST0520,WH010,DRV0084,VEH0153,2026-06-23,Erode,Dispatched,Delivered,153.16,34.85,174.59,198.71,24.12,1,4.39
ORD000580,CUST0980,WH004,DRV0048,VEH0166,2026-07-01,Salem,Dispatched,Delivered,158.06,11.6,71.54,70.89,0.0,0,13.63
ORD000581,CUST0823,WH009,DRV0074,VEH0043,2026-04-15,Trichy,Processing,Delivered,298.93,16.32,104.86,100.48,0.0,0,18.32
ORD000582,CUST0873,WH003,DRV0154,VEH0158,2026-03-17,Chennai,Dispatched,Delivered,100.0,3.13,32.89,29.44,0.0,0,31.95
ORD000583,CUST0528,WH004,DRV0110,VEH0040,2026-01-30,Chennai,Processing,Delivered,124.05,6.13,61.98,57.92,0.0,0,20.24
ORD000584,CUST0888,WH010,DRV0082,VEH0187,2026-04-26,Madurai,Dispatched,Delivered,160.87,30.74,185.3,162.78,0.0,0,5.23
ORD000585,CUST0386,WH003,DRV0173,VEH0151,2026-07-26,Madurai,Dispatched,Delivered,214.42,8.8,59.37,55.06,0.0,0,24.37
ORD000586,CUST0576,WH003,DRV0173,VEH0044,2026-05-30,Madurai,Dispatched,Delivered,318.35,4.27,26.92,28.66,1.74,1,74.56
ORD000587,CUST0253,WH007,DRV0015,VEH0081,2026-08-17,Vellore,Dispatched,Delivered,221.88,15.78,66.1,65.17,0.0,0,14.06
ORD000588,CUST0011,WH005,DRV0146,VEH0001,2026-01-06,Chennai,Processing,Delivered,566.15,25.2,112.94,114.38,1.44,1,22.47
ORD000589,CUST0600,WH005,DRV0031,VEH0103,2026-07-27,Salem,Processing,Delivered,100.0,7.95,50.23,49.26,0.0,0,12.58
ORD000590,CUST0211,WH004,DRV0143,VEH0125,2026-05-11,Trichy,Dispatched,Delivered,468.75,15.81,80.97,79.26,0.0,0,29.65
ORD000591,CUST0516,WH010,DRV0102,VEH0082,2026-07-07,Chennai,Processing,Delivered,100.0,20.03,171.37,161.57,0.0,0,4.99
ORD000592,CUST0643,WH008,DRV0015,VEH0041,2026-05-03,Trichy,Dispatched,Delivered,140.2,9.89,39.15,44.75,5.6,1,14.18
ORD000593,CUST0783,WH001,DRV0065,VEH0062,2026-08-21,Erode,Processing,Delivered,233.15,8.92,58.07,54.07,0.0,0,26.14
ORD000594,CUST0360,WH009,DRV0105,VEH0188,2026-06-01,Madurai,Confirmed,Delivered,389.79,34.04,108.28,121.24,12.96,1,11.45
ORD000595,CUST0068,WH009,DRV0174,VEH0138,2026-05-15,Erode,Processing,Delivered,140.35,4.54,45.11,52.58,7.47,1,30.91
ORD000596,CUST0427,WH005,DRV0075,VEH0108,2026-02-18,Tirunelveli,Dispatched,Delivered,233.96,12.31,82.09,81.63,0.0,0,19.01
ORD000597,CUST0849,WH001,DRV0102,VEH0073,2026-04-20,Coimbatore,Processing,In Transit,147.65,10.47,60.42,58.98,0.0,0,14.1
ORD000598,CUST0009,WH002,DRV0144,VEH0078,2026-02-14,Salem,Dispatched,Delivered,100.0,10.42,79.07,91.89,12.82,1,9.6
ORD000599,CUST0537,WH002,DRV0183,VEH0194,2026-03-31,Tirunelveli,Processing,Delivered,176.8,19.32,156.28,155.56,0.0,0,9.15
ORD000600,CUST0577,WH006,DRV0030,VEH0057,2026-08-04,Madurai,Confirmed,Delivered,100.0,16.56,119.23,118.01,0.0,0,6.04
ORD000601,CUST0616,WH010,DRV0041,VEH0121,2026-08-10,Madurai,Dispatched,Delivered,414.25,13.69,51.75,59.78,8.03,1,30.26
ORD000602,CUST0066,WH009,DRV0067,VEH0042,2026-05-05,Trichy,Dispatched,Delayed,416.12,3.17,29.84,28.06,0.0,1,131.27
ORD000603,CUST0695,WH003,DRV0017,VEH0182,2026-05-18,Chennai,Dispatched,Delivered,105.28,5.76,52.55,57.55,5.0,1,18.28
ORD000604,CUST0173,WH008,DRV0026,VEH0085,2026-07-17,Coimbatore,Dispatched,Delivered,100.0,9.42,65.94,60.59,0.0,0,10.62
ORD000605,CUST0801,WH002,DRV0118,VEH0170,2026-02-18,Salem,Processing,Delivered,120.44,12.0,68.18,72.28,4.1,1,10.04
ORD000606,CUST0022,WH005,DRV0073,VEH0066,2026-08-11,Erode,Confirmed,Delivered,256.23,30.5,218.9,220.36,1.46,1,8.4
ORD000607,CUST0042,WH004,DRV0101,VEH0070,2026-01-31,Vellore,Dispatched,Delivered,256.89,11.79,95.65,85.59,0.0,0,21.79
ORD000608,CUST0204,WH005,DRV0192,VEH0139,2026-06-30,Erode,Processing,Delivered,1661.1,18.72,142.49,130.5,0.0,0,88.73
ORD000609,CUST0155,WH004,DRV0095,VEH0195,2026-07-21,Coimbatore,Dispatched,Delivered,148.32,10.75,89.6,82.61,0.0,0,13.8
ORD000610,CUST0523,WH001,DRV0058,VEH0011,2026-02-09,Madurai,Dispatched,Delivered,192.36,17.74,110.15,122.64,12.49,1,10.84
ORD000611,CUST0810,WH001,DRV0095,VEH0004,2026-04-16,Coimbatore,Processing,Delivered,636.27,11.32,59.78,69.15,9.37,1,56.21
ORD000612,CUST0462,WH006,DRV0102,VEH0079,2026-05-19,Salem,Dispatched,Delivered,218.35,5.09,49.69,48.16,0.0,0,42.9
ORD000613,CUST0078,WH008,DRV0131,VEH0123,2026-05-18,Madurai,Confirmed,Delivered,100.0,16.26,125.73,129.19,3.46,1,6.15
ORD000614,CUST0104,WH007,DRV0120,VEH0079,2026-03-06,Salem,Processing,Delivered,226.39,15.19,64.83,57.74,0.0,0,14.9
ORD000615,CUST0278,WH004,DRV0126,VEH0177,2026-08-09,Vellore,Confirmed,Delayed,286.61,3.83,45.94,48.11,2.17,1,74.83
ORD000616,CUST0649,WH005,DRV0113,VEH0150,2026-08-29,Coimbatore,Dispatched,Delivered,145.17,10.75,70.87,72.82,1.95,1,13.5
ORD000617,CUST0719,WH008,DRV0156,VEH0165,2026-02-19,Tirunelveli,Processing,Delayed,303.97,10.68,52.59,52.18,0.0,1,28.46
ORD000618,CUST0763,WH006,DRV0132,VEH0138,2026-08-18,Erode,Dispatched,Delivered,286.89,7.32,66.81,61.35,0.0,0,39.19
ORD000619,CUST0737,WH008,DRV0168,VEH0020,2026-05-05,Erode,Dispatched,Delivered,134.56,4.88,40.34,43.35,3.01,1,27.57
ORD000620,CUST0057,WH006,DRV0102,VEH0096,2026-04-22,Vellore,Dispatched,Delivered,497.01,13.11,122.78,108.41,0.0,0,37.91
ORD000621,CUST0339,WH008,DRV0057,VEH0073,2026-02-20,Madurai,Dispatched,Delivered,108.93,28.65,169.0,167.0,0.0,0,3.8
ORD000622,CUST0799,WH004,DRV0193,VEH0178,2026-03-06,Madurai,Dispatched,Delivered,240.87,17.26,116.4,105.6,0.0,0,13.96
ORD000623,CUST0274,WH010,DRV0175,VEH0159,2026-05-15,Erode,Processing,Delivered,122.56,3.47,43.19,42.86,0.0,0,35.32
ORD000624,CUST0908,WH002,DRV0162,VEH0044,2026-08-19,Tirunelveli,Dispatched,Delivered,100.0,27.24,172.8,159.76,0.0,0,3.67
ORD000625,CUST0680,WH003,DRV0173,VEH0031,2026-04-10,Salem,Dispatched,Delayed,228.82,24.76,160.42,185.37,24.95,1,9.24
ORD000626,CUST0890,WH005,DRV0032,VEH0075,2026-06-04,Chennai,Dispatched,Delivered,635.28,7.65,49.49,45.41,0.0,0,83.04
ORD000627,CUST0869,WH004,DRV0172,VEH0041,2026-08-22,Madurai,Dispatched,Delivered,175.04,3.64,41.16,40.87,0.0,0,48.09
ORD000628,CUST0685,WH005,DRV0097,VEH0004,2026-02-27,Salem,Dispatched,Delivered,100.0,7.87,50.23,51.0,0.77,1,12.71
ORD000629,CUST0433,WH001,DRV0139,VEH0114,2026-03-19,Salem,Dispatched,Delivered,209.42,8.28,82.21,93.05,10.84,1,25.29
ORD000630,CUST0897,WH001,DRV0036,VEH0014,2026-02-26,Salem,Dispatched,Delivered,106.47,3.86,43.87,40.91,0.0,0,27.58
ORD000631,CUST0610,WH002,DRV0141,VEH0174,2026-01-21,Erode,Dispatched,Delivered,359.59,12.97,64.95,73.03,8.08,1,27.72
ORD000632,CUST0391,WH002,DRV0057,VEH0054,2026-03-12,Erode,Dispatched,Delayed,156.24,6.3,51.12,56.32,5.2,1,24.8
ORD000633,CUST0898,WH008,DRV0153,VEH0092,2026-01-22,Chennai,Processing,In Transit,100.0,4.44,45.5,51.24,5.74,1,22.52
ORD000634,CUST0889,WH010,DRV0198,VEH0128,2026-06-29,Tirunelveli,Dispatched,Delivered,252.28,9.28,46.23,54.26,8.03,1,27.19
ORD000635,CUST0342,WH004,DRV0165,VEH0089,2026-02-25,Tirunelveli,Processing,Delivered,207.63,28.13,168.48,160.68,0.0,0,7.38
ORD000636,CUST0260,WH006,DRV0090,VEH0087,2026-02-18,Trichy,Dispatched,Delayed,149.17,19.51,133.44,143.29,9.85,1,7.65
ORD000637,CUST0685,WH002,DRV0132,VEH0033,2026-03-18,Tirunelveli,Dispatched,Delivered,100.0,14.76,74.35,83.09,8.74,1,6.78
ORD000638,CUST0174,WH001,DRV0109,VEH0158,2026-05-11,Vellore,Dispatched,Delivered,579.95,7.69,42.38,44.8,2.42,1,75.42
ORD000639,CUST0724,WH007,DRV0026,VEH0137,2026-05-26,Madurai,Processing,Delivered,135.13,3.88,58.4,58.42,0.02,1,34.83
ORD000640,CUST0195,WH004,DRV0013,VEH0166,2026-03-17,Coimbatore,Dispatched,Delivered,324.77,4.95,63.91,63.84,0.0,0,65.61
ORD000641,CUST0777,WH004,DRV0072,VEH0089,2026-05-02,Salem,Dispatched,Delivered,134.14,18.76,109.5,114.04,4.54,1,7.15
ORD000642,CUST0978,WH002,DRV0179,VEH0082,2026-08-09,Coimbatore,Processing,Delivered,282.18,6.26,55.68,55.76,0.08,1,45.08
ORD000643,CUST0441,WH009,DRV0047,VEH0043,2026-04-03,Salem,Dispatched,Delivered,187.68,12.22,56.93,58.2,1.27,1,15.36
ORD000644,CUST0272,WH002,DRV0125,VEH0135,2026-06-24,Salem,Dispatched,Delivered,184.6,14.88,91.34,83.28,0.0,0,12.41
ORD000645,CUST0307,WH005,DRV0161,VEH0088,2026-01-30,Tirunelveli,Dispatched,Delivered,105.93,3.32,28.45,33.12,4.67,1,31.91
ORD000646,CUST0308,WH006,DRV0170,VEH0040,2026-05-31,Madurai,Processing,Delivered,255.52,11.1,89.05,80.2,0.0,0,23.02
ORD000647,CUST0649,WH003,DRV0128,VEH0085,2026-06-22,Chennai,Dispatched,Delivered,451.84,14.07,64.34,69.69,5.35,1,32.11
ORD000648,CUST0595,WH003,DRV0031,VEH0119,2026-05-27,Chennai,Dispatched,Delivered,100.0,32.79,187.54,175.84,0.0,0,3.05
ORD000649,CUST0902,WH006,DRV0168,VEH0062,2026-06-27,Erode,Processing,Delivered,105.53,12.07,57.44,59.12,1.68,1,8.74
ORD000650,CUST0556,WH005,DRV0116,VEH0183,2026-07-17,Coimbatore,Confirmed,Delivered,1229.03,18.19,106.03,113.0,6.97,1,67.57
ORD000651,CUST0207,WH005,DRV0144,VEH0035,2026-07-22,Trichy,Dispatched,Delivered,100.0,7.8,87.59,84.66,0.0,0,12.82
ORD000652,CUST0117,WH005,DRV0056,VEH0171,2026-02-21,Chennai,Dispatched,In Transit,126.41,21.15,154.86,143.3,0.0,0,5.98
ORD000653,CUST0902,WH009,DRV0074,VEH0011,2026-06-04,Chennai,Dispatched,Delayed,445.59,4.23,41.49,42.12,0.63,1,105.34
ORD000654,CUST0005,WH008,DRV0036,VEH0130,2026-02-15,Erode,Processing,Delivered,454.4,15.21,125.48,126.75,1.27,1,29.88
ORD000655,CUST0733,WH004,DRV0096,VEH0079,2026-08-29,Tirunelveli,Processing,Delivered,100.0,12.45,65.12,75.05,9.93,1,8.03
ORD000656,CUST0942,WH006,DRV0080,VEH0079,2026-01-19,Erode,Processing,Delivered,298.13,23.59,189.66,168.26,0.0,0,12.64
ORD000657,CUST0795,WH005,DRV0184,VEH0133,2026-07-25,Trichy,Processing,Delivered,159.69,14.92,113.45,102.76,0.0,0,10.7
ORD000658,CUST0499,WH006,DRV0048,VEH0116,2026-02-07,Chennai,Dispatched,Delivered,164.5,9.58,73.42,75.74,2.32,1,17.17
ORD000659,CUST0626,WH008,DRV0058,VEH0168,2026-02-27,Madurai,Dispatched,Delivered,386.58,21.09,154.3,142.94,0.0,0,18.33
ORD000660,CUST0762,WH006,DRV0015,VEH0046,2026-03-23,Madurai,Dispatched,Delivered,144.56,14.77,91.08,96.49,5.41,1,9.79
ORD000661,CUST0301,WH006,DRV0200,VEH0021,2026-05-09,Vellore,Confirmed,Delivered,129.96,5.37,46.9,43.87,0.0,0,24.2
ORD000662,CUST0425,WH002,DRV0143,VEH0137,2026-03-25,Coimbatore,Dispatched,Delivered,147.08,10.02,85.26,84.84,0.0,0,14.68
ORD000663,CUST0090,WH007,DRV0149,VEH0071,2026-06-28,Erode,Confirmed,Delivered,144.47,4.9,36.87,37.31,0.44,1,29.48
ORD000664,CUST0028,WH003,DRV0064,VEH0155,2026-01-22,Tirunelveli,Confirmed,Delivered,227.19,14.01,70.78,81.64,10.86,1,16.22
ORD000665,CUST0950,WH007,DRV0135,VEH0017,2026-02-20,Vellore,Dispatched,Delivered,428.45,15.05,86.16,75.6,0.0,0,28.47
ORD000666,CUST0544,WH005,DRV0052,VEH0066,2026-03-05,Coimbatore,Dispatched,In Transit,239.35,29.71,164.75,149.61,0.0,0,8.06
ORD000667,CUST0217,WH004,DRV0019,VEH0026,2026-05-24,Coimbatore,Dispatched,Delayed,179.76,9.88,76.47,70.28,0.0,1,18.19
ORD000668,CUST0821,WH010,DRV0125,VEH0109,2026-02-04,Tirunelveli,Processing,Delivered,258.57,8.81,64.95,68.99,4.04,1,29.35
ORD000669,CUST0071,WH001,DRV0086,VEH0200,2026-02-08,Madurai,Dispatched,Delivered,301.01,3.54,26.42,28.2,1.78,1,85.03
ORD000670,CUST0764,WH008,DRV0174,VEH0173,2026-07-29,Coimbatore,Dispatched,Delivered,263.94,9.87,41.06,40.18,0.0,0,26.74
ORD000671,CUST0030,WH002,DRV0038,VEH0183,2026-08-07,Coimbatore,Dispatched,Delivered,117.48,9.14,46.9,42.49,0.0,0,12.85
ORD000672,CUST0256,WH010,DRV0141,VEH0040,2026-01-06,Madurai,Processing,Delivered,238.89,11.91,61.0,53.96,0.0,0,20.06
ORD000673,CUST0821,WH008,DRV0044,VEH0016,2026-03-29,Vellore,Dispatched,Delivered,100.0,8.96,36.32,39.02,2.7,1,11.16
ORD000674,CUST0671,WH007,DRV0150,VEH0160,2026-06-01,Tirunelveli,Dispatched,Delivered,491.3,8.97,51.74,50.12,0.0,0,54.77
ORD000675,CUST0396,WH003,DRV0199,VEH0035,2026-07-19,Trichy,Dispatched,Delivered,490.39,11.88,109.01,102.15,0.0,0,41.28
ORD000676,CUST0521,WH007,DRV0035,VEH0064,2026-03-19,Coimbatore,Confirmed,Delivered,323.15,10.39,66.43,72.37,5.94,1,31.1
ORD000677,CUST0994,WH001,DRV0131,VEH0192,2026-07-24,Chennai,Processing,Delivered,407.43,8.86,60.01,61.72,1.71,1,45.99
ORD000678,CUST0323,WH005,DRV0111,VEH0143,2026-08-08,Madurai,Processing,Delivered,172.74,8.79,46.99,51.85,4.86,1,19.65
ORD000679,CUST0933,WH002,DRV0144,VEH0170,2026-06-23,Trichy,Processing,Delivered,111.29,35.34,211.93,200.0,0.0,0,3.15
ORD000680,CUST0370,WH002,DRV0173,VEH0121,2026-05-03,Chennai,Cancelled,Cancelled,100.0,8.62,,,,0,11.6
ORD000681,CUST0156,WH003,DRV0144,VEH0178,2026-05-17,Chennai,Confirmed,Delivered,349.08,9.52,95.44,85.73,0.0,0,36.67
ORD000682,CUST0214,WH007,DRV0194,VEH0160,2026-06-29,Salem,Confirmed,Delivered,111.29,3.03,39.51,37.59,0.0,0,36.73
ORD000683,CUST0666,WH002,DRV0102,VEH0030,2026-04-28,Trichy,Processing,In Transit,142.17,21.2,107.93,113.12,5.19,1,6.71
ORD000684,CUST0083,WH004,DRV0081,VEH0152,2026-08-11,Salem,Cancelled,Cancelled,209.7,1.91,,,,0,109.79
ORD000685,CUST0405,WH004,DRV0166,VEH0194,2026-08-30,Vellore,Processing,Delivered,176.91,5.54,56.93,51.32,0.0,0,31.93
ORD000686,CUST0613,WH001,DRV0024,VEH0149,2026-02-22,Erode,Dispatched,In Transit,215.32,15.91,107.35,103.44,0.0,0,13.53
ORD000687,CUST0010,WH007,DRV0178,VEH0170,2026-08-29,Madurai,Dispatched,Delivered,100.0,2.79,43.15,44.31,1.16,1,35.84
ORD000688,CUST0848,WH004,DRV0108,VEH0080,2026-08-24,Erode,Confirmed,Delivered,155.75,6.91,58.85,52.27,0.0,0,22.54
ORD000689,CUST0280,WH001,DRV0057,VEH0100,2026-05-27,Vellore,Processing,Delivered,309.73,10.87,82.38,74.85,0.0,0,28.49
ORD000690,CUST0281,WH003,DRV0123,VEH0186,2026-02-22,Trichy,Processing,Delivered,136.91,10.29,84.91,76.17,0.0,0,13.31
ORD000691,CUST0692,WH008,DRV0056,VEH0002,2026-05-21,Salem,Confirmed,Delivered,103.5,6.76,46.4,41.39,0.0,0,15.31
ORD000692,CUST0090,WH004,DRV0086,VEH0016,2026-08-24,Vellore,Dispatched,Delivered,337.18,18.25,63.59,65.68,2.09,1,18.48
ORD000693,CUST0129,WH001,DRV0066,VEH0007,2026-08-08,Vellore,Dispatched,Delivered,137.58,18.97,109.91,99.21,0.0,0,7.25
ORD000694,CUST0309,WH007,DRV0078,VEH0183,2026-05-26,Madurai,Dispatched,Delivered,204.37,16.22,91.75,89.85,0.0,0,12.6
ORD000695,CUST0964,WH008,DRV0092,VEH0143,2026-05-30,Coimbatore,Dispatched,Delivered,158.1,7.96,51.76,60.09,8.33,1,19.86
ORD000696,CUST0485,WH005,DRV0077,VEH0023,2026-02-28,Chennai,Confirmed,Delivered,181.22,12.31,59.09,56.78,0.0,0,14.72
ORD000697,CUST0107,WH009,DRV0102,VEH0197,2026-06-01,Madurai,Dispatched,Delivered,489.92,7.32,69.2,69.82,0.62,1,66.93
ORD000698,CUST0974,WH007,DRV0081,VEH0001,2026-05-19,Vellore,Dispatched,Delivered,262.9,42.68,145.79,156.34,10.55,1,6.16
ORD000699,CUST0505,WH004,DRV0073,VEH0116,2026-04-23,Trichy,Dispatched,Delivered,100.0,13.7,97.5,85.44,0.0,0,7.3
ORD000700,CUST0792,WH009,DRV0062,VEH0069,2026-01-20,Chennai,Confirmed,In Transit,142.33,8.0,61.95,71.49,9.54,1,17.79
ORD000701,CUST0283,WH006,DRV0014,VEH0141,2026-08-02,Chennai,Dispatched,Delivered,138.63,37.86,304.26,268.36,0.0,0,3.66
ORD000702,CUST0107,WH008,DRV0194,VEH0154,2026-02-26,Madurai,Dispatched,Delivered,208.65,8.69,34.92,38.9,3.98,1,24.01
ORD000703,CUST0155,WH002,DRV0188,VEH0052,2026-04-26,Coimbatore,Dispatched,Delivered,327.25,13.36,102.43,106.35,3.92,1,24.49
ORD000704,CUST0856,WH005,DRV0021,VEH0141,2026-04-28,Madurai,Confirmed,Delivered,185.06,18.44,102.1,104.7,2.6,1,10.04
ORD000705,CUST0232,WH003,DRV0163,VEH0096,2026-07-30,Tirunelveli,Dispatched,Delivered,181.56,7.54,53.08,49.64,0.0,0,24.08
ORD000706,CUST0449,WH005,DRV0030,VEH0055,2026-01-15,Salem,Dispatched,Delivered,100.0,7.16,60.3,65.92,5.62,1,13.97
ORD000707,CUST0380,WH008,DRV0167,VEH0029,2026-05-06,Salem,Dispatched,Delivered,428.65,20.58,115.41,100.72,0.0,0,20.83
ORD000708,CUST0807,WH006,DRV0025,VEH0146,2026-01-28,Tirunelveli,Dispatched,Delivered,162.53,18.43,90.91,84.59,0.0,0,8.82
ORD000709,CUST0333,WH001,DRV0172,VEH0130,2026-07-06,Salem,Dispatched,In Transit,214.46,18.39,141.28,129.97,0.0,0,11.66
ORD000710,CUST0596,WH007,DRV0187,VEH0027,2026-08-02,Erode,Processing,Delivered,214.13,15.12,84.75,96.1,11.35,1,14.16
ORD000711,CUST0870,WH010,DRV0099,VEH0050,2026-02-17,Tirunelveli,Dispatched,Delivered,109.95,35.12,127.44,128.35,0.91,1,3.13
ORD000712,CUST0932,WH001,DRV0134,VEH0042,2026-08-16,Trichy,Dispatched,Delayed,154.7,11.6,73.85,65.14,0.0,1,13.34
ORD000713,CUST0076,WH001,DRV0131,VEH0195,2026-06-24,Vellore,Dispatched,Delivered,109.39,6.23,53.6,57.57,3.97,1,17.56
ORD000714,CUST0965,WH004,DRV0164,VEH0138,2026-06-04,Madurai,Confirmed,Delivered,445.49,4.63,42.18,47.2,5.02,1,96.22
ORD000715,CUST0261,WH009,DRV0112,VEH0009,2026-04-25,Erode,Dispatched,Delivered,100.0,8.53,73.12,73.44,0.32,1,11.72
ORD000716,CUST0337,WH008,DRV0111,VEH0003,2026-01-23,Chennai,Dispatched,Delivered,100.0,1.2,32.64,28.91,0.0,0,83.33
ORD000717,CUST0230,WH010,DRV0129,VEH0086,2026-04-26,Trichy,Dispatched,Delivered,147.03,25.59,140.15,140.71,0.56,1,5.75
ORD000718,CUST0906,WH003,DRV0162,VEH0038,2026-07-26,Salem,Dispatched,Delivered,479.8,14.54,99.0,101.91,2.91,1,33.0
ORD000719,CUST0784,WH006,DRV0065,VEH0070,2026-06-22,Trichy,Dispatched,Delivered,287.17,6.19,63.19,60.46,0.0,0,46.39
ORD000720,CUST0984,WH001,DRV0026,VEH0069,2026-07-21,Erode,Dispatched,Delivered,100.0,21.54,156.94,138.75,0.0,0,4.64
ORD000721,CUST0221,WH010,DRV0018,VEH0158,2026-06-07,Chennai,Confirmed,Delivered,168.16,4.62,57.64,66.66,9.02,1,36.4
ORD000722,CUST0693,WH001,DRV0164,VEH0014,2026-08-10,Trichy,Processing,Delivered,289.71,5.48,16.79,18.74,1.95,1,52.87
ORD000723,CUST0398,WH006,DRV0134,VEH0002,2026-07-29,Coimbatore,Confirmed,Delivered,770.84,11.86,58.28,65.5,7.22,1,64.99
ORD000724,CUST0714,WH005,DRV0172,VEH0097,2026-04-15,Salem,Processing,In Transit,145.35,27.79,141.35,161.43,20.08,1,5.23
ORD000725,CUST0797,WH006,DRV0040,VEH0101,2026-04-26,Vellore,Dispatched,Delivered,100.0,14.44,80.35,85.42,5.07,1,6.93
ORD000726,CUST0412,WH009,DRV0030,VEH0136,2026-02-08,Vellore,Dispatched,Delivered,223.53,1.4,11.23,12.22,0.99,1,159.66
ORD000727,CUST0630,WH005,DRV0078,VEH0074,2026-05-04,Erode,Dispatched,Delivered,176.24,5.58,39.65,39.08,0.0,0,31.58
ORD000728,CUST0629,WH002,DRV0074,VEH0126,2026-03-07,Madurai,Confirmed,Delivered,244.97,6.29,45.11,47.58,2.47,1,38.95
ORD000729,CUST0401,WH001,DRV0031,VEH0083,2026-05-19,Tirunelveli,Confirmed,Delivered,283.95,12.87,70.87,72.94,2.07,1,22.06
ORD000730,CUST0709,WH002,DRV0186,VEH0099,2026-07-06,Vellore,Dispatched,Delivered,223.17,3.9,47.71,42.13,0.0,0,57.22
ORD000731,CUST0706,WH008,DRV0183,VEH0018,2026-08-27,Vellore,Dispatched,Delayed,255.53,4.17,27.98,31.2,3.22,1,61.28
ORD000732,CUST0804,WH001,DRV0164,VEH0199,2026-01-11,Salem,Processing,In Transit,524.89,9.27,46.58,48.19,1.61,1,56.62
ORD000733,CUST0498,WH006,DRV0079,VEH0141,2026-07-20,Erode,Dispatched,Delivered,150.03,16.89,91.08,98.24,7.16,1,8.88
ORD000734,CUST0616,WH005,DRV0158,VEH0046,2026-03-18,Vellore,Dispatched,Delivered,100.0,17.69,111.66,110.04,0.0,0,5.65
ORD000735,CUST0174,WH010,DRV0048,VEH0182,2026-03-23,Erode,Processing,Delivered,222.31,11.86,77.49,72.36,0.0,0,18.74
ORD000736,CUST0301,WH009,DRV0078,VEH0140,2026-01-01,Salem,Dispatched,Delivered,100.0,19.5,96.0,87.66,0.0,0,5.13
ORD000737,CUST0103,WH004,DRV0111,VEH0040,2026-04-30,Madurai,Processing,Delivered,100.0,44.74,234.72,233.65,0.0,0,2.24
ORD000738,CUST0521,WH005,DRV0087,VEH0088,2026-02-03,Madurai,Dispatched,Delivered,106.23,30.26,219.25,198.15,0.0,0,3.51
ORD000739,CUST0164,WH005,DRV0017,VEH0166,2026-07-27,Chennai,Dispatched,Delivered,100.0,7.82,44.0,40.53,0.0,0,12.79
ORD000740,CUST0005,WH002,DRV0027,VEH0140,2026-08-02,Chennai,Confirmed,Delivered,387.44,3.77,44.22,49.29,5.07,1,102.77
ORD000741,CUST0847,WH002,DRV0108,VEH0067,2026-02-12,Vellore,Dispatched,Delivered,187.13,8.51,64.48,69.81,5.33,1,21.99
ORD000742,CUST0841,WH009,DRV0191,VEH0025,2026-03-18,Coimbatore,Dispatched,Delayed,286.98,5.67,40.17,38.2,0.0,1,50.61
ORD000743,CUST0601,WH003,DRV0126,VEH0163,2026-07-06,Trichy,Dispatched,Delivered,252.57,15.05,93.63,81.96,0.0,0,16.78
ORD000744,CUST0178,WH006,DRV0142,VEH0144,2026-05-11,Trichy,Processing,Delivered,158.15,4.7,59.5,61.8,2.3,1,33.65
ORD000745,CUST0796,WH004,DRV0154,VEH0112,2026-04-02,Trichy,Confirmed,Delivered,338.43,10.53,73.4,79.87,6.47,1,32.14
ORD000746,CUST0027,WH004,DRV0171,VEH0045,2026-01-10,Tirunelveli,Confirmed,Delivered,132.47,5.67,57.27,51.56,0.0,0,23.36
ORD000747,CUST0878,WH005,DRV0129,VEH0141,2026-08-12,Erode,Dispatched,Delivered,162.52,9.0,60.51,66.5,5.99,1,18.06
ORD000748,CUST0687,WH005,DRV0024,VEH0152,2026-07-26,Salem,Dispatched,Delivered,114.42,10.96,69.97,66.06,0.0,0,10.44
ORD000749,CUST0161,WH007,DRV0148,VEH0002,2026-06-23,Salem,Processing,Delivered,450.43,16.57,98.47,114.46,15.99,1,27.18
ORD000750,CUST0115,WH007,DRV0200,VEH0110,2026-08-11,Madurai,Dispatched,Delivered,169.08,11.0,55.07,64.36,9.29,1,15.37
ORD000751,CUST0378,WH001,DRV0008,VEH0138,2026-06-13,Tirunelveli,Dispatched,Delivered,267.39,7.32,58.51,59.37,0.86,1,36.53
ORD000752,CUST0097,WH006,DRV0030,VEH0019,2026-07-19,Coimbatore,Dispatched,Delivered,124.22,18.39,150.84,144.07,0.0,0,6.75
ORD000753,CUST0678,WH004,DRV0126,VEH0024,2026-08-21,Vellore,Dispatched,Delivered,314.37,11.41,94.07,105.37,11.3,1,27.55
ORD000754,CUST0136,WH002,DRV0018,VEH0189,2026-06-16,Coimbatore,Dispatched,Delayed,299.56,7.83,70.84,65.64,0.0,1,38.26
ORD000755,CUST0388,WH006,DRV0077,VEH0133,2026-03-10,Trichy,Dispatched,Delivered,100.0,16.85,76.19,85.74,9.55,1,5.93
ORD000756,CUST0880,WH007,DRV0122,VEH0080,2026-03-31,Madurai,Dispatched,Delivered,181.76,12.95,99.05,98.06,0.0,0,14.04
ORD000757,CUST0164,WH002,DRV0126,VEH0101,2026-01-22,Trichy,Confirmed,Delivered,195.58,15.95,76.61,81.29,4.68,1,12.26
ORD000758,CUST0875,WH002,DRV0111,VEH0162,2026-01-17,Erode,Processing,Delayed,149.18,22.65,155.02,144.11,0.0,1,6.59
ORD000759,CUST0415,WH010,DRV0083,VEH0102,2026-01-17,Vellore,Confirmed,Delivered,445.89,4.91,32.43,29.72,0.0,0,90.81
ORD000760,CUST0714,WH007,DRV0141,VEH0064,2026-07-12,Salem,Dispatched,Delivered,100.0,42.85,249.78,287.16,37.38,1,2.33
ORD000761,CUST0945,WH009,DRV0176,VEH0012,2026-07-10,Madurai,Processing,Delivered,135.45,14.86,59.83,65.91,6.08,1,9.12
ORD000762,CUST0681,WH003,DRV0188,VEH0123,2026-03-25,Tirunelveli,Processing,Delivered,104.37,4.73,47.98,42.92,0.0,0,22.07
ORD000763,CUST0136,WH003,DRV0154,VEH0109,2026-04-25,Trichy,Dispatched,Delivered,354.05,24.53,157.54,161.63,4.09,1,14.43
ORD000764,CUST0158,WH008,DRV0124,VEH0109,2026-03-11,Erode,Processing,Delivered,100.0,6.79,75.68,76.21,0.53,1,14.73
ORD000765,CUST0398,WH002,DRV0137,VEH0187,2026-03-02,Coimbatore,Cancelled,Cancelled,100.0,30.6,,,,0,3.27
ORD000766,CUST0813,WH009,DRV0098,VEH0149,2026-06-01,Vellore,Confirmed,Delivered,239.94,5.14,59.92,52.17,0.0,0,46.68
ORD000767,CUST0739,WH007,DRV0053,VEH0096,2026-04-24,Chennai,Dispatched,Delivered,165.59,10.55,83.34,73.95,0.0,0,15.7
ORD000768,CUST0366,WH008,DRV0095,VEH0115,2026-07-20,Tirunelveli,Confirmed,Delivered,356.46,18.63,62.42,73.38,10.96,1,19.13
ORD000769,CUST0302,WH009,DRV0122,VEH0047,2026-06-24,Salem,Dispatched,Delivered,307.36,17.02,90.06,88.71,0.0,0,18.06
ORD000770,CUST0963,WH003,DRV0106,VEH0053,2026-08-08,Trichy,Dispatched,Delayed,176.34,13.94,94.89,85.36,0.0,1,12.65
ORD000771,CUST0349,WH006,DRV0071,VEH0099,2026-03-27,Madurai,Dispatched,Delivered,100.0,20.97,107.4,109.69,2.29,1,4.77
ORD000772,CUST0784,WH008,DRV0137,VEH0073,2026-06-22,Madurai,Dispatched,Delivered,100.0,8.17,65.87,67.14,1.27,1,12.24
ORD000773,CUST0394,WH001,DRV0104,VEH0167,2026-07-19,Trichy,Dispatched,Delivered,100.0,21.74,122.16,126.75,4.59,1,4.6
ORD000774,CUST0324,WH006,DRV0154,VEH0159,2026-01-30,Tirunelveli,Confirmed,Delivered,165.69,7.06,44.79,52.16,7.37,1,23.47
ORD000775,CUST0948,WH003,DRV0115,VEH0078,2026-08-20,Erode,Processing,Delivered,118.14,28.52,116.21,106.9,0.0,0,4.14
ORD000776,CUST0050,WH008,DRV0161,VEH0174,2026-07-09,Coimbatore,Processing,Delivered,161.18,7.51,51.16,51.83,0.67,1,21.46
ORD000777,CUST0324,WH009,DRV0161,VEH0185,2026-07-27,Trichy,Confirmed,In Transit,202.92,4.18,42.04,41.65,0.0,0,48.55
ORD000778,CUST0514,WH005,DRV0121,VEH0106,2026-07-10,Salem,Processing,Delayed,622.59,17.2,68.69,74.12,5.43,1,36.2
ORD000779,CUST0843,WH002,DRV0180,VEH0165,2026-03-17,Madurai,Processing,Delivered,264.43,12.53,119.89,110.47,0.0,0,21.1
ORD000780,CUST0463,WH007,DRV0168,VEH0155,2026-03-28,Salem,Dispatched,Delayed,189.88,14.1,90.72,83.37,0.0,1,13.47
ORD000781,CUST0075,WH006,DRV0132,VEH0157,2026-05-23,Tirunelveli,Dispatched,Delivered,100.0,8.94,63.64,62.65,0.0,0,11.19
ORD000782,CUST0759,WH006,DRV0156,VEH0113,2026-03-07,Tirunelveli,Processing,Delivered,184.39,15.47,83.45,74.42,0.0,0,11.92
ORD000783,CUST0501,WH001,DRV0054,VEH0146,2026-01-11,Erode,Dispatched,Delivered,321.56,26.93,149.49,168.96,19.47,1,11.94
ORD000784,CUST0727,WH001,DRV0196,VEH0132,2026-01-29,Chennai,Processing,Delivered,233.7,13.64,89.84,82.73,0.0,0,17.13
ORD000785,CUST0742,WH006,DRV0098,VEH0084,2026-07-08,Vellore,Processing,Delivered,100.0,3.61,35.56,34.95,0.0,0,27.7
ORD000786,CUST0754,WH006,DRV0049,VEH0001,2026-04-01,Coimbatore,Dispatched,Delivered,141.93,11.18,91.54,99.58,8.04,1,12.69
ORD000787,CUST0990,WH004,DRV0104,VEH0024,2026-02-02,Trichy,Confirmed,Delivered,190.13,14.94,104.84,117.84,13.0,1,12.73
ORD000788,CUST0188,WH008,DRV0112,VEH0042,2026-06-15,Vellore,Confirmed,Delivered,139.04,29.72,135.65,144.26,8.61,1,4.68
ORD000789,CUST0946,WH009,DRV0134,VEH0188,2026-07-01,Trichy,Processing,Delivered,121.37,17.75,104.68,94.57,0.0,0,6.84
ORD000790,CUST0129,WH006,DRV0033,VEH0111,2026-03-24,Coimbatore,Dispatched,Delivered,100.0,6.32,75.91,69.88,0.0,0,15.82
ORD000791,CUST0493,WH010,DRV0133,VEH0024,2026-02-14,Madurai,Dispatched,Delivered,110.02,10.84,87.02,83.39,0.0,0,10.15
ORD000792,CUST0097,WH008,DRV0146,VEH0056,2026-01-10,Trichy,Confirmed,Delivered,213.42,18.42,104.66,119.32,14.66,1,11.59
ORD000793,CUST0365,WH008,DRV0131,VEH0069,2026-01-17,Coimbatore,Dispatched,Delivered,320.16,15.7,79.68,70.11,0.0,0,20.39
ORD000794,CUST0501,WH002,DRV0098,VEH0018,2026-05-07,Trichy,Dispatched,Delivered,190.47,16.35,93.85,99.67,5.82,1,11.65
ORD000795,CUST0165,WH004,DRV0122,VEH0193,2026-07-22,Erode,Dispatched,In Transit,360.91,4.23,32.83,31.81,0.0,0,85.32
ORD000796,CUST0919,WH001,DRV0002,VEH0138,2026-03-19,Erode,Dispatched,Delivered,172.25,17.09,114.68,105.12,0.0,0,10.08
ORD000797,CUST0177,WH001,DRV0065,VEH0145,2026-07-16,Madurai,Processing,Delivered,102.46,13.08,89.69,100.79,11.1,1,7.83
ORD000798,CUST0629,WH006,DRV0035,VEH0058,2026-04-28,Vellore,Processing,In Transit,133.21,17.57,103.53,99.01,0.0,0,7.58
ORD000799,CUST0722,WH007,DRV0179,VEH0163,2026-05-21,Coimbatore,Dispatched,Delivered,250.73,12.53,57.08,66.4,9.32,1,20.01
ORD000800,CUST0970,WH005,DRV0068,VEH0132,2026-05-17,Erode,Dispatched,Delivered,152.28,10.18,46.01,52.25,6.24,1,14.96
ORD000801,CUST0960,WH008,DRV0035,VEH0172,2026-02-22,Vellore,Dispatched,Delivered,119.39,22.1,115.62,108.37,0.0,0,5.4
ORD000802,CUST0273,WH009,DRV0072,VEH0124,2026-06-15,Madurai,Dispatched,Delayed,100.0,15.16,73.29,81.75,8.46,1,6.6
ORD000803,CUST0327,WH004,DRV0172,VEH0075,2026-07-14,Trichy,Dispatched,Delivered,101.44,4.76,40.07,40.76,0.69,1,21.31
ORD000804,CUST0399,WH001,DRV0029,VEH0195,2026-03-30,Coimbatore,Dispatched,Delivered,140.04,12.13,62.12,67.19,5.07,1,11.54
ORD000805,CUST0563,WH006,DRV0164,VEH0028,2026-07-08,Chennai,Dispatched,Delivered,124.23,9.0,58.47,59.89,1.42,1,13.8
ORD000806,CUST0411,WH001,DRV0078,VEH0139,2026-03-31,Trichy,Dispatched,Delivered,100.0,8.21,40.38,46.24,5.86,1,12.18
ORD000807,CUST0777,WH002,DRV0042,VEH0003,2026-07-22,Coimbatore,Dispatched,Delivered,498.84,15.53,103.69,96.32,0.0,0,32.12
ORD000808,CUST0064,WH004,DRV0113,VEH0100,2026-02-25,Chennai,Confirmed,Delivered,267.81,12.6,65.26,74.69,9.43,1,21.25
ORD000809,CUST0447,WH004,DRV0094,VEH0003,2026-02-26,Coimbatore,Processing,Delivered,753.62,15.33,84.5,76.72,0.0,0,49.16
ORD000810,CUST0341,WH006,DRV0114,VEH0025,2026-04-14,Salem,Dispatched,Delayed,100.0,20.14,165.47,157.77,0.0,1,4.97
ORD000811,CUST0949,WH008,DRV0007,VEH0076,2026-07-09,Salem,Dispatched,Delivered,222.19,10.68,58.71,60.22,1.51,1,20.8
ORD000812,CUST0229,WH003,DRV0141,VEH0012,2026-03-26,Coimbatore,Dispatched,Delivered,136.66,19.61,130.06,117.18,0.0,0,6.97
ORD000813,CUST0505,WH006,DRV0022,VEH0177,2026-02-25,Vellore,Dispatched,In Transit,183.6,7.34,55.95,61.77,5.82,1,25.01
ORD000814,CUST0861,WH003,DRV0057,VEH0184,2026-07-01,Coimbatore,Confirmed,Delivered,603.66,22.84,109.48,117.8,8.32,1,26.43
ORD000815,CUST0810,WH002,DRV0173,VEH0053,2026-06-27,Salem,Processing,Delivered,100.0,7.81,59.67,66.96,7.29,1,12.8
ORD000816,CUST0749,WH004,DRV0182,VEH0096,2026-02-26,Trichy,Dispatched,Delivered,124.93,5.25,66.74,69.2,2.46,1,23.8
ORD000817,CUST0737,WH004,DRV0002,VEH0010,2026-08-02,Salem,Confirmed,In Transit,111.47,14.3,79.19,69.1,0.0,0,7.8
ORD000818,CUST0629,WH002,DRV0200,VEH0112,2026-07-13,Salem,Processing,In Transit,125.14,10.95,76.58,85.25,8.67,1,11.43
ORD000819,CUST0250,WH003,DRV0057,VEH0147,2026-07-22,Tirunelveli,Processing,Delivered,100.0,11.83,71.63,65.16,0.0,0,8.45
ORD000820,CUST0070,WH009,DRV0118,VEH0047,2026-05-13,Salem,Processing,Delayed,418.0,4.8,22.33,21.36,0.0,1,87.08
ORD000821,CUST0512,WH010,DRV0084,VEH0182,2026-03-30,Erode,Dispatched,Delivered,428.94,4.99,36.72,42.96,6.24,1,85.96
ORD000822,CUST0345,WH009,DRV0075,VEH0007,2026-04-01,Madurai,Processing,In Transit,264.6,8.84,58.06,51.22,0.0,0,29.93
ORD000823,CUST0547,WH010,DRV0034,VEH0088,2026-07-23,Trichy,Cancelled,Cancelled,100.0,17.49,,,,0,5.72
ORD000824,CUST0273,WH007,DRV0044,VEH0167,2026-01-06,Madurai,Confirmed,Delivered,217.12,9.1,78.33,69.47,0.0,0,23.86
ORD000825,CUST0556,WH002,DRV0069,VEH0032,2026-05-25,Trichy,Dispatched,Delivered,318.27,5.06,33.95,33.93,0.0,0,62.9
ORD000826,CUST0987,WH005,DRV0053,VEH0023,2026-08-16,Madurai,Processing,Delivered,233.33,22.91,129.08,140.9,11.82,1,10.18
ORD000827,CUST0939,WH008,DRV0190,VEH0050,2026-04-29,Tirunelveli,Dispatched,Delivered,175.55,4.92,62.98,65.1,2.12,1,35.68
ORD000828,CUST0872,WH001,DRV0094,VEH0147,2026-05-30,Madurai,Dispatched,Delivered,453.45,12.08,58.95,57.0,0.0,0,37.54
ORD000829,CUST0345,WH001,DRV0033,VEH0118,2026-05-07,Coimbatore,Processing,Delivered,114.33,17.56,89.45,92.82,3.37,1,6.51
ORD000830,CUST0460,WH006,DRV0076,VEH0195,2026-06-23,Erode,Dispatched,Delayed,162.43,8.45,62.9,59.2,0.0,1,19.22
ORD000831,CUST0107,WH007,DRV0069,VEH0025,2026-04-19,Salem,Dispatched,Delivered,272.23,17.53,128.52,118.05,0.0,0,15.53
ORD000832,CUST0886,WH007,DRV0129,VEH0153,2026-08-21,Tirunelveli,Processing,Delivered,222.87,27.99,138.42,151.64,13.22,1,7.96
ORD000833,CUST0741,WH003,DRV0163,VEH0006,2026-06-29,Vellore,Confirmed,In Transit,260.86,17.09,88.03,90.61,2.58,1,15.26
ORD000834,CUST0764,WH010,DRV0025,VEH0097,2026-06-09,Tirunelveli,Dispatched,Delayed,256.42,10.71,86.16,75.76,0.0,1,23.94
ORD000835,CUST0488,WH004,DRV0132,VEH0143,2026-06-22,Coimbatore,Dispatched,Delivered,254.97,11.88,66.54,71.94,5.4,1,21.46
ORD000836,CUST0044,WH009,DRV0073,VEH0191,2026-06-09,Coimbatore,Cancelled,Cancelled,143.0,2.31,,,,0,61.9
ORD000837,CUST0502,WH010,DRV0118,VEH0148,2026-06-18,Coimbatore,Processing,Delivered,115.19,7.7,50.4,58.56,8.16,1,14.96
ORD000838,CUST0934,WH004,DRV0113,VEH0171,2026-03-21,Chennai,Dispatched,In Transit,198.17,2.4,13.0,13.69,0.69,1,82.57
ORD000839,CUST0425,WH005,DRV0115,VEH0096,2026-02-01,Tirunelveli,Dispatched,Delivered,484.09,6.01,62.91,65.44,2.53,1,80.55
ORD000840,CUST0921,WH006,DRV0125,VEH0195,2026-05-24,Trichy,Dispatched,Delivered,178.37,11.27,56.51,64.22,7.71,1,15.83
ORD000841,CUST0049,WH007,DRV0195,VEH0004,2026-02-07,Coimbatore,Processing,Delivered,267.63,13.72,86.01,101.14,15.13,1,19.51
ORD000842,CUST0060,WH005,DRV0094,VEH0006,2026-07-05,Coimbatore,Dispatched,Delivered,195.02,15.63,76.9,75.2,0.0,0,12.48
ORD000843,CUST0258,WH007,DRV0127,VEH0059,2026-05-03,Chennai,Processing,Delivered,679.88,33.54,151.09,160.66,9.57,1,20.27
ORD000844,CUST0577,WH002,DRV0138,VEH0052,2026-03-13,Erode,Processing,Delivered,165.73,3.84,22.99,26.88,3.89,1,43.16
ORD000845,CUST0114,WH007,DRV0148,VEH0019,2026-01-12,Chennai,Dispatched,Delivered,268.23,5.84,56.02,50.56,0.0,0,45.93
ORD000846,CUST0771,WH005,DRV0040,VEH0122,2026-05-17,Salem,Dispatched,Delayed,113.6,13.35,92.0,89.73,0.0,1,8.51
ORD000847,CUST0349,WH010,DRV0195,VEH0026,2026-03-20,Erode,Processing,Delivered,100.0,18.53,80.53,89.34,8.81,1,5.4
ORD000848,CUST0398,WH005,DRV0075,VEH0048,2026-05-17,Erode,Dispatched,Delivered,180.46,7.07,73.59,66.32,0.0,0,25.52
ORD000849,CUST0941,WH006,DRV0015,VEH0183,2026-01-28,Coimbatore,Dispatched,Delivered,390.61,12.63,74.0,79.91,5.91,1,30.93
ORD000850,CUST0674,WH009,DRV0116,VEH0089,2026-06-24,Trichy,Dispatched,Delivered,273.65,13.96,69.86,76.08,6.22,1,19.6
ORD000851,CUST0470,WH004,DRV0156,VEH0187,2026-01-28,Coimbatore,Dispatched,In Transit,100.0,29.75,207.54,185.57,0.0,0,3.36
ORD000852,CUST0676,WH005,DRV0108,VEH0038,2026-03-24,Salem,Dispatched,In Transit,291.88,4.23,38.4,42.49,4.09,1,69.0
ORD000853,CUST0015,WH005,DRV0035,VEH0084,2026-06-23,Tirunelveli,Confirmed,Delivered,100.0,15.33,137.51,123.47,0.0,0,6.52
ORD000854,CUST0549,WH003,DRV0007,VEH0133,2026-05-11,Coimbatore,Dispatched,Delivered,312.93,18.88,121.26,111.16,0.0,0,16.57
ORD000855,CUST0138,WH003,DRV0182,VEH0170,2026-08-02,Erode,Dispatched,In Transit,258.23,16.35,54.5,57.8,3.3,1,15.79
ORD000856,CUST0265,WH001,DRV0170,VEH0108,2026-08-21,Chennai,Dispatched,Delivered,164.45,24.44,129.62,150.66,21.04,1,6.73
ORD000857,CUST0818,WH004,DRV0038,VEH0163,2026-07-15,Erode,Dispatched,In Transit,290.82,5.07,44.16,50.48,6.32,1,57.36
ORD000858,CUST0931,WH009,DRV0064,VEH0197,2026-07-19,Chennai,Dispatched,Delivered,152.68,2.08,12.33,13.97,1.64,1,73.4
ORD000859,CUST0558,WH002,DRV0057,VEH0003,2026-06-12,Vellore,Confirmed,In Transit,199.75,23.57,190.36,170.38,0.0,0,8.47
ORD000860,CUST0618,WH010,DRV0108,VEH0041,2026-08-19,Salem,Processing,Delivered,100.0,8.72,41.84,43.08,1.24,1,11.47
ORD000861,CUST0081,WH004,DRV0157,VEH0160,2026-01-22,Salem,Dispatched,Delivered,153.46,10.73,71.88,83.61,11.73,1,14.3
ORD000862,CUST0303,WH009,DRV0124,VEH0036,2026-04-10,Chennai,Processing,Delayed,330.47,11.66,71.11,69.92,0.0,1,28.34
ORD000863,CUST0274,WH009,DRV0194,VEH0030,2026-05-10,Chennai,Confirmed,Delivered,100.0,12.25,47.45,52.01,4.56,1,8.16
ORD000864,CUST0113,WH008,DRV0083,VEH0116,2026-04-19,Coimbatore,Dispatched,Delivered,308.62,20.11,88.57,96.22,7.65,1,15.35
ORD000865,CUST0409,WH002,DRV0134,VEH0113,2026-03-24,Erode,Dispatched,Delivered,100.0,15.0,106.14,118.16,12.02,1,6.67
ORD000866,CUST0931,WH003,DRV0081,VEH0167,2026-08-05,Salem,Confirmed,Delivered,100.0,4.07,65.87,61.07,0.0,0,24.57
ORD000867,CUST0720,WH006,DRV0002,VEH0093,2026-03-15,Tirunelveli,Dispatched,Delivered,147.73,10.59,47.15,55.46,8.31,1,13.95
ORD000868,CUST0819,WH002,DRV0167,VEH0109,2026-04-06,Erode,Dispatched,Delivered,200.3,13.77,88.18,89.82,1.64,1,14.55
ORD000869,CUST0365,WH003,DRV0134,VEH0089,2026-08-07,Coimbatore,Dispatched,Delivered,124.93,15.91,61.47,70.17,8.7,1,7.85
ORD000870,CUST0241,WH001,DRV0014,VEH0188,2026-04-05,Chennai,Dispatched,Delivered,122.73,10.13,57.91,57.01,0.0,0,12.12
ORD000871,CUST0089,WH004,DRV0146,VEH0184,2026-04-06,Trichy,Processing,Delivered,372.28,7.65,58.58,61.42,2.84,1,48.66
ORD000872,CUST0695,WH006,DRV0070,VEH0118,2026-08-04,Salem,Confirmed,Delivered,392.54,20.82,130.82,152.38,21.56,1,18.85
ORD000873,CUST0272,WH001,DRV0076,VEH0186,2026-06-25,Vellore,Processing,Delivered,137.57,8.59,76.43,77.34,0.91,1,16.02
ORD000874,CUST0255,WH001,DRV0150,VEH0026,2026-04-30,Coimbatore,Dispatched,Delivered,140.31,16.96,140.17,137.26,0.0,0,8.27
ORD000875,CUST0489,WH008,DRV0078,VEH0133,2026-06-22,Salem,Dispatched,Delivered,150.42,19.85,83.34,90.17,6.83,1,7.58
ORD000876,CUST0856,WH007,DRV0013,VEH0184,2026-06-01,Erode,Dispatched,Delivered,766.27,13.27,83.48,77.32,0.0,0,57.74
ORD000877,CUST0245,WH007,DRV0073,VEH0161,2026-07-04,Trichy,Dispatched,Delivered,183.28,7.05,41.87,43.56,1.69,1,26.0
ORD000878,CUST0780,WH007,DRV0114,VEH0105,2026-08-03,Tirunelveli,Dispatched,Delivered,503.29,15.06,122.69,114.15,0.0,0,33.42
ORD000879,CUST0099,WH005,DRV0106,VEH0137,2026-08-13,Madurai,Dispatched,Delivered,291.72,9.39,54.39,53.13,0.0,0,31.07
ORD000880,CUST0571,WH004,DRV0010,VEH0032,2026-03-27,Chennai,Confirmed,Delivered,169.33,41.33,180.18,162.21,0.0,0,4.1
ORD000881,CUST0073,WH007,DRV0027,VEH0077,2026-07-16,Trichy,Confirmed,Delivered,119.01,19.14,90.95,89.69,0.0,0,6.22
ORD000882,CUST0624,WH003,DRV0014,VEH0107,2026-02-23,Madurai,Dispatched,Delivered,300.81,18.7,87.22,96.3,9.08,1,16.09
ORD000883,CUST0677,WH009,DRV0009,VEH0156,2026-04-26,Erode,Confirmed,Delivered,108.75,22.89,169.21,154.28,0.0,0,4.75
ORD000884,CUST0288,WH002,DRV0137,VEH0151,2026-01-13,Coimbatore,Processing,Delivered,141.0,2.48,29.87,27.53,0.0,0,56.85
ORD000885,CUST0953,WH001,DRV0185,VEH0088,2026-01-27,Trichy,Dispatched,Delivered,278.17,10.61,89.53,78.42,0.0,0,26.22
ORD000886,CUST0211,WH008,DRV0105,VEH0125,2026-01-03,Madurai,Processing,In Transit,155.03,22.1,119.49,136.08,16.59,1,7.01
ORD000887,CUST0534,WH006,DRV0035,VEH0197,2026-07-20,Trichy,Dispatched,Delivered,140.23,7.65,66.94,65.16,0.0,0,18.33
ORD000888,CUST0941,WH004,DRV0154,VEH0110,2026-01-22,Madurai,Processing,Delivered,148.39,3.6,32.85,32.93,0.08,1,41.22
ORD000889,CUST0866,WH010,DRV0169,VEH0062,2026-07-10,Coimbatore,Confirmed,Delivered,116.01,12.41,100.76,95.85,0.0,0,9.35
ORD000890,CUST0083,WH009,DRV0109,VEH0048,2026-06-21,Coimbatore,Processing,Delivered,242.78,5.95,76.13,66.54,0.0,0,40.8
ORD000891,CUST0242,WH005,DRV0106,VEH0066,2026-03-30,Coimbatore,Dispatched,Delivered,185.59,6.49,41.29,40.89,0.0,0,28.6
ORD000892,CUST0012,WH001,DRV0121,VEH0190,2026-05-17,Erode,Processing,Delivered,100.0,10.1,74.94,70.98,0.0,0,9.9
ORD000893,CUST0978,WH001,DRV0067,VEH0111,2026-01-16,Coimbatore,Dispatched,In Transit,132.05,4.68,39.04,40.92,1.88,1,28.22
ORD000894,CUST0517,WH007,DRV0030,VEH0069,2026-07-12,Coimbatore,Dispatched,Delivered,142.8,9.73,42.89,45.64,2.75,1,14.68
ORD000895,CUST0794,WH001,DRV0029,VEH0184,2026-08-15,Tirunelveli,Dispatched,Delayed,142.15,13.42,68.79,72.37,3.58,1,10.59
ORD000896,CUST0116,WH006,DRV0084,VEH0074,2026-07-27,Madurai,Processing,Delivered,267.58,35.77,185.35,215.13,29.78,1,7.48
ORD000897,CUST0347,WH007,DRV0068,VEH0116,2026-08-02,Coimbatore,Dispatched,Delivered,114.84,8.12,50.45,53.93,3.48,1,14.14
ORD000898,CUST0020,WH010,DRV0014,VEH0164,2026-08-02,Trichy,Dispatched,Delivered,1051.02,10.25,66.35,73.57,7.22,1,102.54
ORD000899,CUST0701,WH005,DRV0109,VEH0036,2026-03-10,Trichy,Dispatched,Delivered,446.13,16.53,80.13,81.17,1.04,1,26.99
ORD000900,CUST0136,WH003,DRV0180,VEH0184,2026-02-08,Coimbatore,Dispatched,Delivered,444.74,8.97,67.49,68.29,0.8,1,49.58
ORD000901,CUST0446,WH003,DRV0039,VEH0007,2026-04-27,Trichy,Processing,Delivered,100.0,7.32,55.94,51.82,0.0,0,13.66
ORD000902,CUST0438,WH002,DRV0021,VEH0160,2026-03-05,Coimbatore,Dispatched,Delivered,100.0,22.27,129.27,129.18,0.0,0,4.49
ORD000903,CUST0848,WH001,DRV0071,VEH0129,2026-05-20,Tirunelveli,Processing,Delayed,145.42,28.62,143.68,145.29,1.61,1,5.08
ORD000904,CUST0570,WH008,DRV0006,VEH0058,2026-03-21,Trichy,Confirmed,In Transit,219.38,8.89,38.4,41.76,3.36,1,24.68
ORD000905,CUST0962,WH009,DRV0183,VEH0020,2026-05-09,Salem,Confirmed,Delivered,163.16,7.19,46.28,41.85,0.0,0,22.69
ORD000906,CUST0173,WH002,DRV0040,VEH0162,2026-08-10,Erode,Dispatched,Delivered,128.46,6.46,52.39,59.72,7.33,1,19.89
ORD000907,CUST0705,WH004,DRV0198,VEH0051,2026-08-28,Vellore,Dispatched,Delivered,100.0,16.91,107.62,94.02,0.0,0,5.91
ORD000908,CUST0517,WH003,DRV0153,VEH0164,2026-07-10,Vellore,Confirmed,Delivered,117.11,24.4,109.58,110.37,0.79,1,4.8
ORD000909,CUST0159,WH004,DRV0132,VEH0154,2026-03-28,Chennai,Dispatched,Delivered,154.78,14.62,78.15,86.28,8.13,1,10.59
ORD000910,CUST0791,WH004,DRV0162,VEH0161,2026-01-30,Vellore,Processing,Delivered,131.37,17.29,111.74,116.85,5.11,1,7.6
ORD000911,CUST0405,WH008,DRV0089,VEH0001,2026-02-14,Trichy,Dispatched,Delivered,130.88,21.25,128.02,149.8,21.78,1,6.16
ORD000912,CUST0512,WH003,DRV0022,VEH0067,2026-03-24,Trichy,Processing,Delivered,107.89,29.11,147.08,163.43,16.35,1,3.71
ORD000913,CUST0652,WH003,DRV0056,VEH0050,2026-02-24,Vellore,Cancelled,Cancelled,531.48,14.95,,,,0,35.55
ORD000914,CUST0004,WH006,DRV0046,VEH0035,2026-08-11,Tirunelveli,Processing,Delivered,287.29,8.62,49.72,48.92,0.0,0,33.33
ORD000915,CUST0805,WH003,DRV0120,VEH0163,2026-01-06,Vellore,Processing,Delayed,337.45,18.03,120.13,135.15,15.02,1,18.72
ORD000916,CUST0587,WH005,DRV0184,VEH0059,2026-07-13,Chennai,Dispatched,Delivered,216.44,22.79,101.08,96.01,0.0,0,9.5
ORD000917,CUST0746,WH004,DRV0155,VEH0077,2026-05-30,Vellore,Confirmed,Delivered,100.0,9.53,79.82,72.35,0.0,0,10.49
ORD000918,CUST0104,WH004,DRV0090,VEH0097,2026-05-17,Salem,Dispatched,Delivered,292.94,2.42,18.38,17.99,0.0,0,121.05
ORD000919,CUST0373,WH002,DRV0116,VEH0013,2026-03-08,Chennai,Confirmed,Delivered,435.43,8.46,66.27,70.57,4.3,1,51.47
ORD000920,CUST0649,WH009,DRV0163,VEH0022,2026-01-03,Trichy,Dispatched,Delivered,478.73,4.64,27.23,30.72,3.49,1,103.17
ORD000921,CUST0282,WH005,DRV0144,VEH0056,2026-01-10,Vellore,Dispatched,Delivered,271.88,1.69,8.55,10.0,1.45,1,160.88
ORD000922,CUST0743,WH005,DRV0104,VEH0133,2026-03-31,Coimbatore,Confirmed,Delivered,181.39,8.76,50.66,47.37,0.0,0,20.71
ORD000923,CUST0283,WH007,DRV0148,VEH0081,2026-02-18,Salem,Dispatched,Delivered,181.05,10.74,94.23,90.73,0.0,0,16.86
ORD000924,CUST0477,WH003,DRV0015,VEH0171,2026-03-31,Vellore,Confirmed,Delivered,253.97,15.56,80.47,81.05,0.58,1,16.32
ORD000925,CUST0750,WH006,DRV0110,VEH0183,2026-06-25,Vellore,Dispatched,Delivered,100.0,17.18,99.27,112.73,13.46,1,5.82
ORD000926,CUST0235,WH001,DRV0200,VEH0015,2026-03-04,Trichy,Processing,Delivered,274.53,9.14,28.78,31.55,2.77,1,30.04
ORD000927,CUST0702,WH005,DRV0024,VEH0109,2026-07-16,Coimbatore,Dispatched,Delivered,132.2,16.19,128.59,117.48,0.0,0,8.17
ORD000928,CUST0178,WH005,DRV0190,VEH0042,2026-06-16,Coimbatore,Dispatched,Delivered,762.16,15.4,114.04,114.73,0.69,1,49.49
ORD000929,CUST0857,WH009,DRV0080,VEH0137,2026-04-14,Vellore,Dispatched,Delivered,149.11,15.24,74.18,65.14,0.0,0,9.78
ORD000930,CUST0338,WH005,DRV0044,VEH0124,2026-04-21,Tirunelveli,Dispatched,Delayed,205.71,6.71,50.67,44.06,0.0,1,30.66
ORD000931,CUST0502,WH008,DRV0142,VEH0071,2026-08-23,Salem,Dispatched,Delivered,199.15,18.19,123.99,113.73,0.0,0,10.95
ORD000932,CUST0222,WH003,DRV0073,VEH0185,2026-04-25,Trichy,Processing,Delivered,115.6,12.91,86.74,93.53,6.79,1,8.95
ORD000933,CUST0456,WH006,DRV0110,VEH0138,2026-08-14,Madurai,Dispatched,Delivered,244.02,10.93,39.72,43.21,3.49,1,22.33
ORD000934,CUST0898,WH002,DRV0179,VEH0192,2026-03-15,Coimbatore,Dispatched,Delivered,226.41,7.13,36.15,39.03,2.88,1,31.75
ORD000935,CUST0726,WH009,DRV0150,VEH0169,2026-05-27,Vellore,Processing,Delivered,352.42,8.98,99.95,87.21,0.0,0,39.24
ORD000936,CUST0725,WH006,DRV0160,VEH0141,2026-03-24,Tirunelveli,Dispatched,Delivered,289.54,19.9,79.18,83.29,4.11,1,14.55
ORD000937,CUST0895,WH005,DRV0080,VEH0144,2026-04-09,Chennai,Processing,Delivered,204.72,16.15,78.83,74.23,0.0,0,12.68
ORD000938,CUST0359,WH009,DRV0115,VEH0072,2026-02-06,Madurai,Dispatched,In Transit,106.46,7.63,76.09,66.88,0.0,0,13.95
ORD000939,CUST0410,WH001,DRV0025,VEH0060,2026-06-08,Erode,Dispatched,Delivered,108.49,12.43,117.47,107.19,0.0,0,8.73
ORD000940,CUST0605,WH003,DRV0177,VEH0031,2026-05-24,Tirunelveli,Confirmed,Delivered,532.22,15.7,91.77,89.16,0.0,0,33.9
ORD000941,CUST0965,WH002,DRV0023,VEH0055,2026-02-24,Erode,Dispatched,Delivered,191.84,7.99,58.48,64.93,6.45,1,24.01
ORD000942,CUST0558,WH009,DRV0037,VEH0199,2026-03-02,Erode,Processing,Delayed,699.08,18.0,88.42,97.97,9.55,1,38.84
ORD000943,CUST0462,WH006,DRV0003,VEH0162,2026-04-23,Chennai,Processing,Delivered,106.5,3.09,25.64,25.7,0.06,1,34.47
ORD000944,CUST0767,WH006,DRV0060,VEH0132,2026-04-07,Salem,Processing,Delivered,754.44,17.9,146.72,129.2,0.0,0,42.15
ORD000945,CUST0191,WH005,DRV0059,VEH0183,2026-03-14,Tirunelveli,Dispatched,Delivered,100.0,17.17,100.43,89.56,0.0,0,5.82
ORD000946,CUST0995,WH004,DRV0151,VEH0102,2026-03-08,Vellore,Processing,In Transit,136.33,13.65,59.12,65.7,6.58,1,9.99
ORD000947,CUST0838,WH004,DRV0033,VEH0090,2026-08-23,Coimbatore,Cancelled,Cancelled,241.63,9.87,,,,0,24.48
ORD000948,CUST0919,WH002,DRV0182,VEH0194,2026-04-17,Coimbatore,Dispatched,Delivered,346.68,6.14,46.6,45.39,0.0,0,56.46
ORD000949,CUST0145,WH007,DRV0039,VEH0106,2026-05-23,Salem,Confirmed,In Transit,281.67,11.74,78.07,78.6,0.53,1,23.99
ORD000950,CUST0344,WH006,DRV0153,VEH0059,2026-05-27,Coimbatore,Confirmed,In Transit,100.0,15.08,51.49,58.13,6.64,1,6.63
ORD000951,CUST0616,WH003,DRV0063,VEH0041,2026-04-10,Tirunelveli,Processing,Delivered,124.95,18.24,81.92,85.26,3.34,1,6.85
ORD000952,CUST0576,WH007,DRV0089,VEH0194,2026-08-27,Madurai,Processing,Delivered,100.0,6.94,45.48,40.02,0.0,0,14.41
ORD000953,CUST0157,WH009,DRV0103,VEH0175,2026-06-05,Tirunelveli,Dispatched,Delivered,100.0,8.79,71.17,62.68,0.0,0,11.38
ORD000954,CUST0308,WH010,DRV0085,VEH0027,2026-04-30,Madurai,Cancelled,Cancelled,179.37,8.99,,,,0,19.95
ORD000955,CUST0894,WH001,DRV0187,VEH0079,2026-02-18,Tirunelveli,Dispatched,Delivered,100.0,3.91,34.69,33.34,0.0,0,25.58
ORD000956,CUST0862,WH010,DRV0159,VEH0149,2026-07-22,Salem,Dispatched,In Transit,347.21,23.54,73.26,79.93,6.67,1,14.75
ORD000957,CUST0128,WH008,DRV0049,VEH0112,2026-01-11,Tirunelveli,Processing,Delivered,294.16,24.93,136.39,127.16,0.0,0,11.8
ORD000958,CUST0024,WH002,DRV0103,VEH0091,2026-04-18,Vellore,Processing,Delivered,519.37,6.47,46.13,53.28,7.15,1,80.27
ORD000959,CUST0931,WH001,DRV0188,VEH0113,2026-02-14,Trichy,Processing,Delivered,100.0,31.36,181.06,197.62,16.56,1,3.19
ORD000960,CUST0125,WH009,DRV0109,VEH0139,2026-06-30,Vellore,Dispatched,Delivered,100.0,10.07,59.89,70.31,10.42,1,9.93
ORD000961,CUST0175,WH002,DRV0192,VEH0087,2026-04-19,Coimbatore,Confirmed,In Transit,359.21,18.07,111.73,115.7,3.97,1,19.88
ORD000962,CUST0101,WH007,DRV0166,VEH0114,2026-02-08,Tirunelveli,Confirmed,In Transit,377.31,17.37,135.53,122.64,0.0,0,21.72
ORD000963,CUST0051,WH007,DRV0071,VEH0022,2026-08-11,Tirunelveli,Dispatched,In Transit,435.56,1.91,51.61,45.08,0.0,0,228.04
ORD000964,CUST0258,WH001,DRV0091,VEH0023,2026-01-01,Vellore,Processing,Delivered,383.83,12.07,106.01,100.93,0.0,0,31.8
ORD000965,CUST0661,WH010,DRV0077,VEH0065,2026-01-20,Madurai,Processing,Delivered,209.02,6.18,68.67,63.97,0.0,0,33.82
ORD000966,CUST0168,WH001,DRV0087,VEH0059,2026-06-23,Chennai,Dispatched,Delivered,134.42,2.66,12.72,13.7,0.98,1,50.53
ORD000967,CUST0105,WH007,DRV0008,VEH0089,2026-01-01,Coimbatore,Dispatched,Delivered,292.29,13.19,77.48,77.01,0.0,0,22.16
ORD000968,CUST0581,WH006,DRV0013,VEH0198,2026-01-27,Erode,Processing,Delivered,136.02,16.51,107.32,100.21,0.0,0,8.24
ORD000969,CUST0035,WH004,DRV0026,VEH0114,2026-01-05,Madurai,Dispatched,Delivered,194.11,7.72,48.2,48.24,0.04,1,25.14
ORD000970,CUST0428,WH003,DRV0138,VEH0113,2026-05-03,Madurai,Confirmed,Delivered,141.44,12.62,47.49,54.18,6.69,1,11.21
ORD000971,CUST0675,WH005,DRV0091,VEH0028,2026-08-27,Vellore,Cancelled,Cancelled,215.58,24.25,,,,0,8.89
ORD000972,CUST0339,WH005,DRV0056,VEH0153,2026-04-17,Madurai,Dispatched,Delivered,406.4,10.04,64.07,69.96,5.89,1,40.48
ORD000973,CUST0720,WH003,DRV0132,VEH0001,2026-07-30,Trichy,Dispatched,Delivered,144.44,4.55,17.45,19.85,2.4,1,31.75
ORD000974,CUST0153,WH006,DRV0106,VEH0160,2026-08-20,Salem,Dispatched,Delivered,130.86,19.23,148.79,149.78,0.99,1,6.8
ORD000975,CUST0506,WH003,DRV0031,VEH0029,2026-06-28,Trichy,Dispatched,Delivered,169.19,9.04,61.99,71.06,9.07,1,18.72
ORD000976,CUST0080,WH004,DRV0017,VEH0148,2026-02-05,Erode,Dispatched,Delivered,100.0,7.34,78.92,75.97,0.0,0,13.62
ORD000977,CUST0031,WH003,DRV0136,VEH0046,2026-04-26,Vellore,Dispatched,Delayed,279.13,9.57,79.03,75.83,0.0,1,29.17
ORD000978,CUST0225,WH006,DRV0180,VEH0077,2026-08-18,Vellore,Processing,In Transit,195.53,9.35,66.66,71.91,5.25,1,20.91
ORD000979,CUST0767,WH009,DRV0037,VEH0185,2026-08-20,Tirunelveli,Dispatched,Delayed,177.15,3.3,48.56,42.62,0.0,1,53.68
ORD000980,CUST0209,WH003,DRV0125,VEH0140,2026-08-29,Chennai,Cancelled,Cancelled,224.44,13.93,,,,0,16.11
ORD000981,CUST0981,WH001,DRV0148,VEH0200,2026-08-19,Chennai,Dispatched,Delivered,100.0,13.77,100.51,113.84,13.33,1,7.26
ORD000982,CUST0180,WH007,DRV0047,VEH0167,2026-02-17,Salem,Processing,Delivered,450.53,9.75,72.68,67.64,0.0,0,46.21
ORD000983,CUST0419,WH005,DRV0051,VEH0136,2026-03-17,Tirunelveli,Dispatched,Delivered,129.31,13.1,90.61,94.79,4.18,1,9.87
ORD000984,CUST0497,WH004,DRV0114,VEH0156,2026-01-31,Salem,Dispatched,Delivered,142.08,17.2,138.63,128.95,0.0,0,8.26
ORD000985,CUST0919,WH003,DRV0058,VEH0159,2026-01-10,Erode,Dispatched,Delivered,318.07,13.64,118.47,108.66,0.0,0,23.32
ORD000986,CUST0305,WH007,DRV0044,VEH0143,2026-07-12,Madurai,Dispatched,Delivered,269.7,7.13,33.4,37.3,3.9,1,37.83
ORD000987,CUST0656,WH002,DRV0098,VEH0188,2026-06-25,Erode,Processing,Delivered,664.65,6.09,38.19,36.42,0.0,0,109.14
ORD000988,CUST0742,WH004,DRV0011,VEH0039,2026-07-13,Erode,Confirmed,Delivered,100.0,34.19,166.79,150.42,0.0,0,2.92
ORD000989,CUST0314,WH002,DRV0012,VEH0102,2026-03-27,Chennai,Confirmed,Delivered,100.0,13.86,76.69,80.98,4.29,1,7.22
ORD000990,CUST0818,WH010,DRV0138,VEH0080,2026-07-17,Madurai,Processing,Delivered,100.0,10.46,57.98,66.33,8.35,1,9.56
ORD000991,CUST0334,WH008,DRV0054,VEH0149,2026-07-03,Salem,Dispatched,Delivered,197.71,15.97,75.55,88.03,12.48,1,12.38
ORD000992,CUST0064,WH003,DRV0034,VEH0110,2026-03-07,Chennai,Dispatched,Delivered,152.04,7.78,51.09,57.86,6.77,1,19.54
ORD000993,CUST0308,WH005,DRV0158,VEH0008,2026-03-18,Madurai,Dispatched,Delivered,115.36,19.34,83.91,98.57,14.66,1,5.96
ORD000994,CUST0040,WH004,DRV0143,VEH0042,2026-03-21,Coimbatore,Dispatched,Delivered,173.7,9.12,67.13,70.81,3.68,1,19.05
ORD000995,CUST0243,WH005,DRV0136,VEH0187,2026-06-26,Tirunelveli,Confirmed,Delivered,100.0,2.83,9.4,10.0,0.6,1,35.34
ORD000996,CUST0361,WH004,DRV0100,VEH0079,2026-03-26,Coimbatore,Confirmed,Delivered,495.15,10.91,62.36,70.62,8.26,1,45.38
ORD000997,CUST0245,WH008,DRV0168,VEH0078,2026-06-06,Madurai,Confirmed,In Transit,115.07,5.59,53.9,51.56,0.0,0,20.58
ORD000998,CUST0822,WH006,DRV0022,VEH0148,2026-02-07,Erode,Processing,Delivered,125.06,10.1,86.34,75.24,0.0,0,12.38
ORD000999,CUST0882,WH001,DRV0005,VEH0096,2026-07-19,Trichy,Dispatched,Delivered,100.0,9.24,33.04,29.49,0.0,0,10.82
ORD001000,CUST0609,WH005,DRV0020,VEH0061,2026-03-26,Madurai,Confirmed,Delivered,100.0,14.77,87.54,94.55,7.01,1,6.77
ORD001001,CUST0981,WH001,DRV0118,VEH0139,2026-01-01,Chennai,Processing,Delivered,123.69,27.54,185.81,171.89,0.0,0,4.49
ORD001002,CUST0145,WH003,DRV0049,VEH0032,2026-01-11,Salem,Confirmed,In Transit,148.63,18.18,147.75,130.63,0.0,0,8.18
ORD001003,CUST0900,WH006,DRV0119,VEH0132,2026-03-11,Madurai,Dispatched,Delivered,289.34,13.84,94.92,84.61,0.0,0,20.91
ORD001004,CUST0976,WH009,DRV0180,VEH0157,2026-04-03,Chennai,Dispatched,Delivered,100.0,12.48,91.6,82.13,0.0,0,8.01
ORD001005,CUST0568,WH003,DRV0194,VEH0133,2026-03-27,Chennai,Dispatched,Delivered,243.21,14.14,99.69,91.8,0.0,0,17.2
ORD001006,CUST0030,WH004,DRV0147,VEH0076,2026-08-09,Coimbatore,Processing,Delivered,271.98,25.47,155.98,166.31,10.33,1,10.68
ORD001007,CUST0620,WH010,DRV0142,VEH0039,2026-06-04,Madurai,Dispatched,Delivered,281.47,15.82,107.68,123.05,15.37,1,17.79
ORD001008,CUST0930,WH001,DRV0007,VEH0023,2026-03-09,Tirunelveli,Processing,Delivered,355.38,2.86,39.5,39.64,0.14,1,124.26
ORD001009,CUST0726,WH010,DRV0185,VEH0144,2026-01-14,Erode,Dispatched,Delivered,100.0,5.79,55.52,64.08,8.56,1,17.27
ORD001010,CUST0428,WH002,DRV0080,VEH0050,2026-02-25,Erode,Dispatched,Delivered,257.7,21.43,142.72,124.15,0.0,0,12.03
ORD001011,CUST0733,WH007,DRV0010,VEH0139,2026-08-27,Trichy,Dispatched,Delivered,570.98,13.63,73.05,76.29,3.24,1,41.89
ORD001012,CUST0382,WH008,DRV0107,VEH0072,2026-04-10,Trichy,Dispatched,Delivered,450.42,25.17,195.56,171.92,0.0,0,17.9
ORD001013,CUST0453,WH001,DRV0150,VEH0048,2026-04-29,Salem,Processing,Delivered,620.03,17.48,117.0,108.14,0.0,0,35.47
ORD001014,CUST0961,WH009,DRV0133,VEH0034,2026-04-28,Salem,Dispatched,Delivered,212.01,12.22,67.36,69.2,1.84,1,17.35
ORD001015,CUST0616,WH006,DRV0024,VEH0149,2026-03-25,Coimbatore,Confirmed,Delivered,123.38,12.09,71.64,80.9,9.26,1,10.21
ORD001016,CUST0181,WH001,DRV0143,VEH0063,2026-05-04,Madurai,Dispatched,Delivered,100.0,7.7,64.34,69.85,5.51,1,12.99
ORD001017,CUST0985,WH004,DRV0088,VEH0102,2026-03-26,Salem,Processing,Delivered,100.0,9.94,67.77,64.43,0.0,0,10.06
ORD001018,CUST0498,WH004,DRV0154,VEH0017,2026-05-26,Madurai,Confirmed,Delayed,128.83,4.79,38.62,35.14,0.0,1,26.9
ORD001019,CUST0639,WH007,DRV0055,VEH0034,2026-06-03,Tirunelveli,Dispatched,Delivered,144.85,6.56,38.78,33.9,0.0,0,22.08
ORD001020,CUST0198,WH001,DRV0098,VEH0179,2026-02-16,Trichy,Dispatched,Delivered,108.35,5.53,55.63,62.53,6.9,1,19.59
ORD001021,CUST0343,WH010,DRV0146,VEH0105,2026-03-08,Chennai,Confirmed,Delivered,226.04,11.23,74.22,82.76,8.54,1,20.13
ORD001022,CUST0033,WH009,DRV0171,VEH0067,2026-06-17,Trichy,Dispatched,Delivered,205.74,8.28,55.16,63.94,8.78,1,24.85
ORD001023,CUST0334,WH001,DRV0134,VEH0024,2026-01-10,Coimbatore,Dispatched,Delivered,186.16,3.54,22.05,23.76,1.71,1,52.59
ORD001024,CUST0234,WH010,DRV0173,VEH0150,2026-03-24,Madurai,Confirmed,Delivered,302.0,16.0,128.05,116.8,0.0,0,18.88
ORD001025,CUST0548,WH003,DRV0025,VEH0010,2026-07-04,Chennai,Dispatched,Delivered,133.58,8.83,62.03,68.2,6.17,1,15.13
ORD001026,CUST0530,WH001,DRV0144,VEH0005,2026-03-21,Vellore,Dispatched,Delayed,369.59,18.94,73.2,72.16,0.0,1,19.51
ORD001027,CUST0887,WH001,DRV0183,VEH0031,2026-01-16,Vellore,Dispatched,Delivered,100.0,15.37,104.66,106.37,1.71,1,6.51
ORD001028,CUST0819,WH004,DRV0184,VEH0152,2026-05-28,Erode,Processing,Delivered,148.81,36.63,211.43,223.09,11.66,1,4.06
ORD001029,CUST0953,WH002,DRV0029,VEH0011,2026-08-08,Chennai,Processing,In Transit,222.97,11.29,74.76,72.2,0.0,0,19.75
ORD001030,CUST0744,WH009,DRV0064,VEH0051,2026-04-20,Coimbatore,Dispatched,Delivered,100.0,7.81,42.05,42.02,0.0,0,12.8
ORD001031,CUST0428,WH001,DRV0129,VEH0048,2026-03-07,Chennai,Dispatched,Delayed,130.64,6.49,52.18,54.9,2.72,1,20.13
ORD001032,CUST0266,WH003,DRV0124,VEH0078,2026-04-17,Madurai,Dispatched,Delivered,287.91,17.0,117.82,111.5,0.0,0,16.94
ORD001033,CUST0295,WH002,DRV0173,VEH0132,2026-08-14,Trichy,Confirmed,In Transit,137.31,18.02,99.09,106.09,7.0,1,7.62
ORD001034,CUST0440,WH001,DRV0109,VEH0136,2026-05-22,Vellore,Dispatched,Delivered,100.0,11.42,65.67,62.97,0.0,0,8.76
ORD001035,CUST0561,WH009,DRV0026,VEH0007,2026-05-04,Madurai,Dispatched,Delivered,101.82,13.43,86.24,75.84,0.0,0,7.58
ORD001036,CUST0570,WH005,DRV0085,VEH0119,2026-06-01,Salem,Confirmed,Delayed,100.0,21.81,104.8,98.06,0.0,1,4.59
ORD001037,CUST0332,WH006,DRV0050,VEH0032,2026-08-16,Vellore,Dispatched,Delivered,250.27,17.51,80.75,82.78,2.03,1,14.29
ORD001038,CUST0870,WH008,DRV0155,VEH0086,2026-06-10,Chennai,Dispatched,Delivered,195.63,13.9,88.58,82.46,0.0,0,14.07
ORD001039,CUST0151,WH007,DRV0100,VEH0022,2026-02-06,Chennai,Confirmed,Delivered,100.0,4.94,58.75,53.76,0.0,0,20.24
ORD001040,CUST0647,WH007,DRV0163,VEH0115,2026-02-22,Vellore,Dispatched,Delivered,100.0,6.68,26.9,28.38,1.48,1,14.97
ORD001041,CUST0301,WH009,DRV0080,VEH0164,2026-02-24,Erode,Processing,Delivered,113.16,9.02,76.14,71.73,0.0,0,12.55
ORD001042,CUST0878,WH003,DRV0029,VEH0029,2026-07-20,Madurai,Dispatched,Delivered,185.0,9.39,52.76,53.82,1.06,1,19.7
ORD001043,CUST0345,WH010,DRV0135,VEH0196,2026-05-01,Erode,Processing,Delivered,117.13,7.11,57.08,52.1,0.0,0,16.47
ORD001044,CUST0311,WH008,DRV0062,VEH0086,2026-01-04,Vellore,Processing,Delivered,227.61,6.56,58.39,62.21,3.82,1,34.7
ORD001045,CUST0636,WH006,DRV0071,VEH0189,2026-04-20,Tirunelveli,Dispatched,Delivered,222.54,9.64,103.09,91.12,0.0,0,23.09
ORD001046,CUST0183,WH008,DRV0127,VEH0121,2026-06-26,Coimbatore,Dispatched,Delivered,256.21,12.58,94.02,91.96,0.0,0,20.37
ORD001047,CUST0717,WH004,DRV0034,VEH0053,2026-01-26,Tirunelveli,Confirmed,Delivered,100.0,15.58,88.54,92.62,4.08,1,6.42
ORD001048,CUST0934,WH001,DRV0176,VEH0072,2026-02-14,Madurai,Dispatched,Delivered,151.52,3.35,15.38,15.76,0.38,1,45.23
ORD001049,CUST0147,WH003,DRV0133,VEH0085,2026-03-31,Vellore,Confirmed,Delivered,364.68,8.33,57.69,60.45,2.76,1,43.78
ORD001050,CUST0621,WH010,DRV0117,VEH0015,2026-04-13,Trichy,Processing,Delivered,117.13,3.63,33.73,37.73,4.0,1,32.27
ORD001051,CUST0150,WH003,DRV0008,VEH0127,2026-04-08,Coimbatore,Processing,Delivered,106.82,11.33,61.3,70.42,9.12,1,9.43
ORD001052,CUST0745,WH001,DRV0200,VEH0176,2026-03-19,Chennai,Dispatched,Delivered,131.97,11.21,71.58,75.62,4.04,1,11.77
ORD001053,CUST0267,WH005,DRV0043,VEH0118,2026-02-24,Tirunelveli,Processing,Delivered,129.84,10.62,44.55,45.11,0.56,1,12.23
ORD001054,CUST0490,WH006,DRV0180,VEH0182,2026-07-16,Tirunelveli,Confirmed,In Transit,196.17,9.61,49.14,51.26,2.12,1,20.41
ORD001055,CUST0131,WH009,DRV0074,VEH0068,2026-05-30,Chennai,Confirmed,Delivered,124.21,8.44,53.08,62.14,9.06,1,14.72
ORD001056,CUST0147,WH008,DRV0001,VEH0069,2026-06-06,Coimbatore,Confirmed,Delivered,100.0,10.65,72.9,71.21,0.0,0,9.39
ORD001057,CUST0603,WH004,DRV0038,VEH0100,2026-08-03,Coimbatore,Dispatched,Delivered,391.68,15.82,93.03,104.13,11.1,1,24.76
ORD001058,CUST0903,WH006,DRV0007,VEH0192,2026-07-14,Erode,Dispatched,In Transit,251.94,8.85,74.84,81.94,7.1,1,28.47
ORD001059,CUST0375,WH003,DRV0081,VEH0194,2026-04-02,Coimbatore,Confirmed,Delayed,199.72,5.14,47.24,53.3,6.06,1,38.86
ORD001060,CUST0485,WH001,DRV0184,VEH0178,2026-02-11,Chennai,Dispatched,Delivered,170.51,13.41,98.21,97.61,0.0,0,12.72
ORD001061,CUST0504,WH009,DRV0174,VEH0200,2026-04-24,Chennai,Dispatched,Delivered,146.97,18.09,70.66,80.43,9.77,1,8.12
ORD001062,CUST0504,WH008,DRV0024,VEH0047,2026-04-02,Tirunelveli,Dispatched,Delayed,107.77,4.97,45.14,48.7,3.56,1,21.68
ORD001063,CUST0219,WH006,DRV0035,VEH0196,2026-02-22,Vellore,Dispatched,Delivered,100.0,4.46,35.0,35.51,0.51,1,22.42
ORD001064,CUST0495,WH003,DRV0042,VEH0141,2026-05-08,Tirunelveli,Dispatched,Delivered,522.09,4.85,54.75,60.81,6.06,1,107.65
ORD001065,CUST0546,WH005,DRV0195,VEH0142,2026-07-11,Chennai,Confirmed,Delivered,183.75,10.56,87.25,88.68,1.43,1,17.4
ORD001066,CUST0011,WH009,DRV0044,VEH0009,2026-06-18,Chennai,Dispatched,Delivered,100.0,28.78,197.47,207.25,9.78,1,3.47
ORD001067,CUST0998,WH007,DRV0004,VEH0156,2026-03-25,Chennai,Dispatched,Delayed,100.0,26.06,126.08,113.77,0.0,1,3.84
ORD001068,CUST0261,WH002,DRV0108,VEH0166,2026-07-24,Madurai,Cancelled,Cancelled,220.94,13.44,,,,0,16.44
ORD001069,CUST0071,WH006,DRV0119,VEH0012,2026-06-03,Madurai,Dispatched,Delivered,218.1,4.77,64.67,56.34,0.0,0,45.72
ORD001070,CUST0164,WH009,DRV0077,VEH0092,2026-03-31,Madurai,Confirmed,Delivered,111.51,25.88,95.87,95.05,0.0,0,4.31
ORD001071,CUST0261,WH010,DRV0024,VEH0013,2026-06-17,Coimbatore,Dispatched,In Transit,100.0,26.71,108.18,105.79,0.0,0,3.74
ORD001072,CUST0696,WH001,DRV0071,VEH0021,2026-05-10,Chennai,Dispatched,Delivered,124.97,6.37,75.59,66.66,0.0,0,19.62
ORD001073,CUST0645,WH005,DRV0147,VEH0183,2026-03-24,Tirunelveli,Processing,Delivered,100.0,11.42,88.12,90.86,2.74,1,8.76
ORD001074,CUST0795,WH009,DRV0123,VEH0038,2026-01-09,Tirunelveli,Processing,Delayed,133.06,18.03,94.66,93.1,0.0,1,7.38
ORD001075,CUST0861,WH003,DRV0091,VEH0052,2026-08-29,Madurai,Dispatched,Delivered,133.99,23.84,92.96,96.46,3.5,1,5.62
ORD001076,CUST0411,WH003,DRV0178,VEH0026,2026-04-20,Coimbatore,Dispatched,Delivered,488.98,10.37,79.61,78.53,0.0,0,47.15
ORD001077,CUST0416,WH010,DRV0146,VEH0022,2026-02-20,Trichy,Dispatched,Delivered,135.24,19.16,134.31,153.63,19.32,1,7.06
ORD001078,CUST0345,WH009,DRV0094,VEH0179,2026-08-20,Vellore,Dispatched,In Transit,213.65,14.26,107.82,99.36,0.0,0,14.98
ORD001079,CUST0234,WH003,DRV0156,VEH0072,2026-08-28,Vellore,Processing,Delivered,512.29,13.78,101.42,88.53,0.0,0,37.18
ORD001080,CUST0882,WH009,DRV0157,VEH0037,2026-08-30,Salem,Confirmed,Delivered,100.0,13.0,86.94,99.96,13.02,1,7.69
ORD001081,CUST0866,WH010,DRV0073,VEH0173,2026-08-14,Trichy,Confirmed,Delivered,120.78,29.61,208.42,191.16,0.0,0,4.08
ORD001082,CUST0015,WH003,DRV0103,VEH0120,2026-03-26,Erode,Confirmed,Delivered,127.66,11.84,94.79,102.75,7.96,1,10.78
ORD001083,CUST0617,WH008,DRV0103,VEH0086,2026-01-20,Trichy,Processing,Delivered,100.0,15.4,94.5,103.93,9.43,1,6.49
ORD001084,CUST0354,WH010,DRV0085,VEH0077,2026-02-22,Salem,Processing,Delivered,152.94,29.71,183.87,173.79,0.0,0,5.15
ORD001085,CUST0483,WH009,DRV0173,VEH0165,2026-02-08,Tirunelveli,Dispatched,Delivered,386.14,16.08,104.28,120.8,16.52,1,24.01
ORD001086,CUST0438,WH003,DRV0102,VEH0014,2026-01-18,Coimbatore,Dispatched,Delivered,314.07,8.05,70.17,70.95,0.78,1,39.01
ORD001087,CUST0020,WH001,DRV0135,VEH0018,2026-04-02,Salem,Cancelled,Cancelled,390.91,11.05,,,,0,35.38
ORD001088,CUST0760,WH009,DRV0045,VEH0097,2026-04-19,Coimbatore,Processing,Delivered,120.06,6.77,66.15,65.09,0.0,0,17.73
ORD001089,CUST0472,WH007,DRV0089,VEH0135,2026-02-16,Trichy,Processing,Delayed,100.0,10.94,85.24,86.22,0.98,1,9.14
ORD001090,CUST0162,WH006,DRV0154,VEH0188,2026-05-08,Salem,Dispatched,Delivered,785.59,10.38,82.04,72.95,0.0,0,75.68
ORD001091,CUST0639,WH004,DRV0070,VEH0186,2026-02-09,Erode,Confirmed,In Transit,208.43,8.94,42.66,40.02,0.0,0,23.31
ORD001092,CUST0034,WH005,DRV0049,VEH0123,2026-04-08,Trichy,Confirmed,Delivered,100.0,13.01,78.12,87.99,9.87,1,7.69
ORD001093,CUST0115,WH007,DRV0119,VEH0055,2026-08-12,Salem,Dispatched,Delivered,957.43,3.82,20.13,21.05,0.92,1,250.64
ORD001094,CUST0430,WH009,DRV0084,VEH0034,2026-04-04,Vellore,Dispatched,Delayed,170.97,33.66,152.94,135.41,0.0,1,5.08
ORD001095,CUST0731,WH006,DRV0146,VEH0127,2026-04-21,Salem,Confirmed,Delivered,100.0,10.51,87.62,82.07,0.0,0,9.51
ORD001096,CUST0754,WH004,DRV0040,VEH0045,2026-03-19,Chennai,Processing,Delivered,466.59,11.45,67.91,66.04,0.0,0,40.75
ORD001097,CUST0021,WH004,DRV0018,VEH0003,2026-07-12,Vellore,Processing,Delivered,100.0,25.61,174.56,171.52,0.0,0,3.9
ORD001098,CUST0737,WH010,DRV0047,VEH0168,2026-08-28,Madurai,Dispatched,Delivered,218.65,15.94,112.42,115.97,3.55,1,13.72
ORD001099,CUST0167,WH003,DRV0001,VEH0076,2026-03-19,Erode,Dispatched,Delivered,313.43,8.8,73.41,71.58,0.0,0,35.62
ORD001100,CUST0296,WH002,DRV0161,VEH0100,2026-05-02,Vellore,Confirmed,Delivered,282.28,9.59,82.09,75.9,0.0,0,29.43
ORD001101,CUST0172,WH004,DRV0039,VEH0053,2026-08-07,Madurai,Dispatched,Delivered,498.43,21.34,82.24,92.58,10.34,1,23.36
ORD001102,CUST0164,WH006,DRV0112,VEH0159,2026-04-29,Trichy,Processing,Delivered,351.12,23.15,159.57,139.86,0.0,0,15.17
ORD001103,CUST0823,WH001,DRV0023,VEH0023,2026-07-24,Trichy,Processing,Delivered,605.96,8.2,46.91,50.89,3.98,1,73.9
ORD001104,CUST0217,WH002,DRV0014,VEH0200,2026-05-15,Erode,Processing,Delivered,170.64,25.24,162.16,164.74,2.58,1,6.76
ORD001105,CUST0199,WH008,DRV0172,VEH0065,2026-06-04,Trichy,Dispatched,Delivered,138.54,4.04,28.3,33.03,4.73,1,34.29
ORD001106,CUST0050,WH003,DRV0037,VEH0183,2026-05-15,Chennai,Processing,Delivered,144.7,27.3,118.77,117.0,0.0,0,5.3
ORD001107,CUST0498,WH001,DRV0071,VEH0111,2026-04-09,Erode,Processing,Delivered,442.69,14.41,64.8,67.18,2.38,1,30.72
ORD001108,CUST0442,WH002,DRV0076,VEH0079,2026-05-01,Chennai,Processing,Delivered,119.63,25.05,136.89,148.0,11.11,1,4.78
ORD001109,CUST0330,WH003,DRV0165,VEH0092,2026-06-06,Trichy,Confirmed,Delivered,314.45,16.98,148.16,129.32,0.0,0,18.52
ORD001110,CUST0330,WH002,DRV0156,VEH0140,2026-06-26,Chennai,Dispatched,In Transit,103.65,8.54,70.64,72.2,1.56,1,12.14
ORD001111,CUST0294,WH004,DRV0123,VEH0001,2026-01-04,Salem,Confirmed,Delayed,104.88,10.86,69.32,71.15,1.83,1,9.66
ORD001112,CUST0280,WH004,DRV0007,VEH0011,2026-04-22,Salem,Confirmed,Delivered,391.42,8.75,45.46,45.97,0.51,1,44.73
ORD001113,CUST0364,WH010,DRV0109,VEH0051,2026-03-23,Salem,Dispatched,Delivered,240.77,7.19,46.46,52.51,6.05,1,33.49
ORD001114,CUST0970,WH002,DRV0121,VEH0113,2026-02-03,Madurai,Dispatched,Delayed,100.0,15.52,84.48,87.28,2.8,1,6.44
ORD001115,CUST0571,WH001,DRV0180,VEH0194,2026-03-18,Salem,Dispatched,In Transit,104.07,3.26,45.58,47.93,2.35,1,31.92
ORD001116,CUST0173,WH003,DRV0145,VEH0045,2026-03-30,Vellore,Dispatched,Delivered,100.0,10.44,77.71,78.53,0.82,1,9.58
ORD001117,CUST0154,WH004,DRV0190,VEH0099,2026-08-29,Madurai,Processing,Delayed,142.01,12.29,82.82,74.82,0.0,1,11.55
ORD001118,CUST0734,WH006,DRV0165,VEH0072,2026-06-21,Salem,Dispatched,Delivered,151.76,3.37,22.86,25.18,2.32,1,45.03
ORD001119,CUST0731,WH005,DRV0014,VEH0031,2026-05-19,Trichy,Dispatched,Delivered,133.2,14.19,92.92,90.01,0.0,0,9.39
ORD001120,CUST0492,WH002,DRV0179,VEH0085,2026-05-02,Madurai,Processing,Delivered,397.11,16.94,78.19,90.78,12.59,1,23.44
ORD001121,CUST0595,WH004,DRV0055,VEH0181,2026-04-19,Chennai,Dispatched,Delivered,237.1,15.44,99.7,105.5,5.8,1,15.36
ORD001122,CUST0961,WH006,DRV0057,VEH0173,2026-05-14,Tirunelveli,Confirmed,Delivered,900.37,15.3,88.07,88.8,0.73,1,58.85
ORD001123,CUST0993,WH004,DRV0004,VEH0067,2026-07-20,Madurai,Dispatched,Delivered,256.51,12.48,81.52,93.46,11.94,1,20.55
ORD001124,CUST0267,WH007,DRV0049,VEH0041,2026-02-03,Erode,Dispatched,Delivered,259.6,5.91,48.94,48.3,0.0,0,43.93
ORD001125,CUST0946,WH006,DRV0081,VEH0156,2026-01-15,Coimbatore,Dispatched,In Transit,216.33,1.66,12.36,13.11,0.75,1,130.32
ORD001126,CUST0640,WH006,DRV0035,VEH0190,2026-04-08,Madurai,Dispatched,In Transit,152.19,10.25,59.19,51.57,0.0,0,14.85
ORD001127,CUST0698,WH010,DRV0110,VEH0092,2026-01-16,Salem,Dispatched,Delivered,118.83,8.51,27.29,26.26,0.0,0,13.96
ORD001128,CUST0886,WH002,DRV0181,VEH0130,2026-04-12,Salem,Confirmed,In Transit,155.6,12.27,72.98,79.05,6.07,1,12.68
ORD001129,CUST0418,WH007,DRV0160,VEH0072,2026-04-05,Salem,Processing,In Transit,160.31,6.94,53.0,60.17,7.17,1,23.1
ORD001130,CUST0742,WH009,DRV0102,VEH0065,2026-04-02,Chennai,Confirmed,Delivered,170.5,22.05,128.45,148.98,20.53,1,7.73
ORD001131,CUST0272,WH006,DRV0121,VEH0149,2026-05-06,Trichy,Processing,Delivered,274.07,3.97,26.06,29.71,3.65,1,69.04
ORD001132,CUST0443,WH008,DRV0010,VEH0143,2026-05-17,Erode,Dispatched,Delivered,220.31,7.81,72.71,68.98,0.0,0,28.21
ORD001133,CUST0513,WH006,DRV0113,VEH0183,2026-02-11,Madurai,Processing,Delayed,129.54,9.95,46.32,41.86,0.0,1,13.02
ORD001134,CUST0809,WH006,DRV0190,VEH0136,2026-03-10,Chennai,Processing,Delivered,112.19,15.55,68.92,76.83,7.91,1,7.21
ORD001135,CUST0412,WH004,DRV0002,VEH0104,2026-02-04,Coimbatore,Dispatched,Delivered,209.72,15.6,87.44,90.08,2.64,1,13.44
ORD001136,CUST0015,WH006,DRV0063,VEH0086,2026-04-24,Madurai,Dispatched,Delivered,100.0,20.06,106.67,111.55,4.88,1,4.99
ORD001137,CUST0080,WH010,DRV0120,VEH0020,2026-05-28,Tirunelveli,Confirmed,Delivered,137.35,18.35,132.95,127.43,0.0,0,7.49
ORD001138,CUST0686,WH004,DRV0144,VEH0077,2026-07-05,Salem,Processing,Delivered,128.33,10.36,63.09,69.73,6.64,1,12.39
ORD001139,CUST0544,WH010,DRV0016,VEH0192,2026-08-15,Chennai,Confirmed,Delivered,877.37,19.26,82.67,72.77,0.0,0,45.55
ORD001140,CUST0551,WH006,DRV0131,VEH0090,2026-05-03,Chennai,Dispatched,Delivered,100.0,10.44,52.5,49.13,0.0,0,9.58
ORD001141,CUST0705,WH001,DRV0018,VEH0039,2026-06-11,Madurai,Confirmed,In Transit,108.29,3.78,23.87,21.0,0.0,0,28.65
ORD001142,CUST0240,WH007,DRV0042,VEH0135,2026-01-06,Tirunelveli,Dispatched,In Transit,126.33,4.06,29.55,31.66,2.11,1,31.12
ORD001143,CUST0585,WH002,DRV0160,VEH0185,2026-05-13,Chennai,Processing,Delivered,135.13,9.75,67.62,65.89,0.0,0,13.86
ORD001144,CUST0605,WH006,DRV0124,VEH0159,2026-05-08,Chennai,Confirmed,Delayed,347.19,5.6,70.51,65.92,0.0,1,62.0
ORD001145,CUST0089,WH009,DRV0050,VEH0162,2026-01-26,Chennai,Dispatched,Delivered,153.65,10.88,60.84,57.22,0.0,0,14.12
ORD001146,CUST0971,WH010,DRV0177,VEH0088,2026-05-24,Vellore,Confirmed,Delivered,100.0,18.69,110.57,129.11,18.54,1,5.35
ORD001147,CUST0254,WH003,DRV0003,VEH0089,2026-08-01,Madurai,Processing,Delivered,459.48,9.14,93.42,81.27,0.0,0,50.27
ORD001148,CUST0746,WH004,DRV0072,VEH0051,2026-06-22,Salem,Confirmed,In Transit,215.16,2.91,31.58,27.99,0.0,0,73.94
ORD001149,CUST0139,WH005,DRV0116,VEH0184,2026-05-28,Tirunelveli,Dispatched,Delayed,238.25,16.18,75.86,85.63,9.77,1,14.72
ORD001150,CUST0710,WH008,DRV0125,VEH0097,2026-05-21,Chennai,Dispatched,Delivered,276.73,8.52,66.26,65.41,0.0,0,32.48
ORD001151,CUST0290,WH010,DRV0127,VEH0029,2026-05-21,Vellore,Processing,In Transit,100.0,9.94,60.01,63.55,3.54,1,10.06
ORD001152,CUST0306,WH006,DRV0005,VEH0063,2026-06-08,Chennai,Confirmed,Delivered,180.46,39.59,148.11,132.99,0.0,0,4.56
ORD001153,CUST0172,WH008,DRV0185,VEH0033,2026-08-19,Trichy,Processing,Delivered,309.15,20.08,138.74,130.98,0.0,0,15.4
ORD001154,CUST0526,WH003,DRV0084,VEH0045,2026-03-16,Tirunelveli,Dispatched,Delivered,119.56,23.1,101.39,110.56,9.17,1,5.18
ORD001155,CUST0328,WH003,DRV0172,VEH0006,2026-04-30,Erode,Dispatched,Delivered,221.26,9.3,72.22,83.96,11.74,1,23.79
ORD001156,CUST0153,WH009,DRV0153,VEH0037,2026-08-27,Vellore,Dispatched,Delivered,258.08,34.37,133.75,142.66,8.91,1,7.51
ORD001157,CUST0708,WH006,DRV0198,VEH0181,2026-05-25,Erode,Dispatched,In Transit,100.0,6.37,56.73,65.85,9.12,1,15.7
ORD001158,CUST0178,WH008,DRV0023,VEH0002,2026-05-23,Tirunelveli,Processing,Delivered,100.0,3.82,34.59,38.76,4.17,1,26.18
ORD001159,CUST0607,WH004,DRV0138,VEH0106,2026-03-10,Coimbatore,Processing,Delivered,100.0,38.11,192.65,185.09,0.0,0,2.62
ORD001160,CUST0853,WH005,DRV0138,VEH0057,2026-02-20,Trichy,Confirmed,Delivered,210.06,2.95,22.02,20.51,0.0,0,71.21
ORD001161,CUST0749,WH009,DRV0161,VEH0092,2026-05-07,Salem,Processing,Delivered,617.22,8.55,48.84,49.31,0.47,1,72.19
ORD001162,CUST0416,WH007,DRV0073,VEH0096,2026-04-30,Erode,Processing,In Transit,115.59,16.34,106.97,103.85,0.0,0,7.07
ORD001163,CUST0311,WH005,DRV0146,VEH0117,2026-05-09,Vellore,Dispatched,Delivered,159.93,9.37,53.03,59.14,6.11,1,17.07
ORD001164,CUST0590,WH007,DRV0195,VEH0179,2026-03-19,Trichy,Dispatched,Delivered,350.25,7.46,44.69,47.29,2.6,1,46.95
ORD001165,CUST0244,WH009,DRV0097,VEH0091,2026-06-17,Erode,Dispatched,In Transit,215.47,11.85,72.62,68.26,0.0,0,18.18
ORD001166,CUST0732,WH003,DRV0074,VEH0167,2026-07-14,Madurai,Confirmed,Delivered,100.0,11.38,69.49,72.43,2.94,1,8.79
ORD001167,CUST0409,WH003,DRV0027,VEH0150,2026-07-29,Erode,Dispatched,Delivered,488.87,12.76,78.29,82.01,3.72,1,38.31
ORD001168,CUST0220,WH004,DRV0163,VEH0079,2026-04-23,Trichy,Dispatched,Delivered,206.08,24.43,112.3,123.65,11.35,1,8.44
ORD001169,CUST0719,WH010,DRV0062,VEH0171,2026-05-26,Madurai,Dispatched,Delivered,155.88,16.93,66.11,64.28,0.0,0,9.21
ORD001170,CUST0436,WH007,DRV0146,VEH0038,2026-02-25,Trichy,Processing,Delivered,164.49,10.15,78.53,71.86,0.0,0,16.21
ORD001171,CUST0184,WH005,DRV0007,VEH0192,2026-01-09,Trichy,Processing,Delivered,266.15,13.85,83.97,84.75,0.78,1,19.22
ORD001172,CUST0627,WH005,DRV0199,VEH0037,2026-05-27,Coimbatore,Confirmed,In Transit,121.67,1.34,35.46,40.08,4.62,1,90.8
ORD001173,CUST0124,WH004,DRV0010,VEH0100,2026-06-25,Vellore,Processing,In Transit,503.48,10.63,32.29,29.31,0.0,0,47.36
ORD001174,CUST0238,WH008,DRV0027,VEH0038,2026-07-29,Tirunelveli,Dispatched,Delivered,410.8,14.57,79.52,91.25,11.73,1,28.19
ORD001175,CUST0620,WH003,DRV0068,VEH0071,2026-01-24,Madurai,Confirmed,Delivered,182.27,6.95,44.49,44.87,0.38,1,26.23
ORD001176,CUST0406,WH002,DRV0195,VEH0031,2026-01-23,Salem,Processing,In Transit,188.68,8.74,71.38,76.89,5.51,1,21.59
ORD001177,CUST0559,WH004,DRV0183,VEH0044,2026-03-09,Tirunelveli,Dispatched,Delivered,104.59,20.14,102.45,90.59,0.0,0,5.19
ORD001178,CUST0198,WH008,DRV0048,VEH0094,2026-03-30,Chennai,Dispatched,Delivered,119.79,5.54,40.65,37.95,0.0,0,21.62
ORD001179,CUST0563,WH004,DRV0107,VEH0014,2026-01-17,Erode,Dispatched,Delivered,100.0,20.48,138.74,136.03,0.0,0,4.88
ORD001180,CUST0706,WH008,DRV0067,VEH0098,2026-05-17,Salem,Dispatched,In Transit,158.75,29.81,187.86,178.86,0.0,0,5.33
ORD001181,CUST0582,WH005,DRV0089,VEH0052,2026-01-20,Trichy,Processing,Delivered,188.77,8.9,58.91,58.34,0.0,0,21.21
ORD001182,CUST0887,WH009,DRV0154,VEH0087,2026-01-18,Salem,Confirmed,Delivered,100.0,5.6,38.76,43.34,4.58,1,17.86
ORD001183,CUST0087,WH002,DRV0168,VEH0195,2026-05-31,Trichy,Processing,Delivered,283.66,7.2,37.3,35.1,0.0,0,39.4
ORD001184,CUST0986,WH008,DRV0071,VEH0133,2026-07-29,Trichy,Dispatched,Delayed,102.92,28.52,177.4,177.79,0.39,1,3.61
ORD001185,CUST0075,WH007,DRV0046,VEH0042,2026-02-09,Chennai,Dispatched,Delivered,236.91,5.37,42.07,40.44,0.0,0,44.12
ORD001186,CUST0705,WH002,DRV0098,VEH0094,2026-07-27,Coimbatore,Confirmed,Delayed,306.35,5.61,39.02,45.18,6.16,1,54.61
ORD001187,CUST0732,WH005,DRV0195,VEH0007,2026-07-22,Vellore,Dispatched,Delivered,423.94,2.92,22.65,25.38,2.73,1,145.18
ORD001188,CUST0790,WH006,DRV0092,VEH0018,2026-08-09,Coimbatore,Processing,Delivered,369.85,8.62,64.22,62.54,0.0,0,42.91
ORD001189,CUST0937,WH009,DRV0011,VEH0185,2026-02-20,Chennai,Dispatched,Delivered,532.09,13.03,100.99,102.23,1.24,1,40.84
ORD001190,CUST0333,WH008,DRV0179,VEH0044,2026-07-18,Erode,Confirmed,Delivered,307.99,26.19,138.89,151.29,12.4,1,11.76
ORD001191,CUST0745,WH007,DRV0032,VEH0098,2026-06-21,Salem,Processing,Delayed,202.15,9.15,56.44,61.2,4.76,1,22.09
ORD001192,CUST0431,WH001,DRV0072,VEH0189,2026-03-24,Madurai,Dispatched,Delivered,133.32,16.02,87.68,84.35,0.0,0,8.32
ORD001193,CUST0956,WH010,DRV0148,VEH0063,2026-08-09,Chennai,Dispatched,Delivered,167.73,7.31,40.51,46.69,6.18,1,22.95
ORD001194,CUST0370,WH003,DRV0133,VEH0160,2026-07-20,Tirunelveli,Dispatched,Delivered,522.77,4.91,47.99,48.96,0.97,1,106.47
ORD001195,CUST0740,WH001,DRV0126,VEH0095,2026-05-29,Trichy,Processing,Delivered,159.4,23.99,149.03,148.0,0.0,0,6.64
ORD001196,CUST0918,WH010,DRV0169,VEH0156,2026-08-09,Tirunelveli,Processing,Delivered,180.67,12.79,73.24,77.71,4.47,1,14.13
ORD001197,CUST0900,WH006,DRV0013,VEH0132,2026-07-02,Erode,Processing,Delivered,473.21,16.89,117.41,107.11,0.0,0,28.02
ORD001198,CUST0044,WH003,DRV0122,VEH0143,2026-06-23,Coimbatore,Cancelled,Cancelled,155.76,12.54,,,,0,12.42
ORD001199,CUST0297,WH002,DRV0098,VEH0002,2026-08-01,Coimbatore,Dispatched,Delivered,108.13,3.71,45.1,40.64,0.0,0,29.15
ORD001200,CUST0767,WH010,DRV0131,VEH0124,2026-07-18,Salem,Processing,Delivered,378.63,20.06,93.14,87.29,0.0,0,18.87
ORD001201,CUST0466,WH002,DRV0143,VEH0151,2026-04-24,Madurai,Processing,Delivered,105.86,7.0,33.32,33.87,0.55,1,15.12
ORD001202,CUST0250,WH008,DRV0097,VEH0187,2026-04-02,Tirunelveli,Dispatched,Delivered,235.68,15.47,113.4,100.59,0.0,0,15.23
ORD001203,CUST0422,WH001,DRV0056,VEH0023,2026-08-21,Chennai,Processing,Delivered,210.34,5.1,55.41,52.24,0.0,0,41.24
ORD001204,CUST0913,WH009,DRV0124,VEH0091,2026-05-11,Erode,Dispatched,In Transit,222.57,5.37,48.89,43.29,0.0,0,41.45
ORD001205,CUST0473,WH007,DRV0171,VEH0026,2026-02-10,Trichy,Processing,Delivered,100.0,7.39,68.6,69.17,0.57,1,13.53
ORD001206,CUST0273,WH001,DRV0195,VEH0162,2026-07-26,Tirunelveli,Dispatched,Delivered,301.06,6.15,41.83,42.43,0.6,1,48.95
ORD001207,CUST0989,WH005,DRV0046,VEH0141,2026-08-05,Trichy,Dispatched,Delivered,174.4,4.76,29.27,29.0,0.0,0,36.64
ORD001208,CUST0173,WH005,DRV0117,VEH0168,2026-05-24,Madurai,Cancelled,Cancelled,270.58,37.51,,,,0,7.21
ORD001209,CUST0236,WH002,DRV0176,VEH0116,2026-01-29,Salem,Dispatched,Delivered,251.02,11.54,55.69,49.61,0.0,0,21.75
ORD001210,CUST0046,WH001,DRV0105,VEH0179,2026-06-26,Tirunelveli,Processing,Delivered,222.6,3.4,37.86,36.05,0.0,0,65.47
ORD001211,CUST0392,WH007,DRV0097,VEH0010,2026-06-04,Madurai,Dispatched,Delivered,140.03,4.94,53.32,51.5,0.0,0,28.35
ORD001212,CUST0733,WH009,DRV0164,VEH0167,2026-01-15,Salem,Dispatched,Delivered,141.03,6.44,69.45,61.57,0.0,0,21.9
ORD001213,CUST0655,WH008,DRV0151,VEH0090,2026-08-04,Salem,Processing,Delivered,174.99,8.18,60.42,52.63,0.0,0,21.39
ORD001214,CUST0233,WH007,DRV0183,VEH0132,2026-03-13,Tirunelveli,Confirmed,Delivered,202.65,17.67,78.09,86.86,8.77,1,11.47
ORD001215,CUST0417,WH004,DRV0055,VEH0082,2026-08-17,Erode,Confirmed,In Transit,137.61,13.04,82.09,76.38,0.0,0,10.55
ORD001216,CUST0945,WH010,DRV0054,VEH0099,2026-07-04,Chennai,Dispatched,Delivered,334.59,11.35,87.17,85.13,0.0,0,29.48
ORD001217,CUST0266,WH007,DRV0125,VEH0111,2026-03-16,Chennai,Processing,In Transit,146.48,3.93,32.94,33.33,0.39,1,37.27
ORD001218,CUST0190,WH008,DRV0065,VEH0180,2026-03-15,Erode,Dispatched,Delivered,100.0,15.82,140.25,122.67,0.0,0,6.32
ORD001219,CUST0183,WH009,DRV0051,VEH0184,2026-05-14,Trichy,Confirmed,Delivered,266.91,3.76,30.48,27.58,0.0,0,70.99
ORD001220,CUST0826,WH009,DRV0160,VEH0155,2026-02-11,Coimbatore,Dispatched,Delivered,615.7,9.9,37.04,34.98,0.0,0,62.19
ORD001221,CUST0357,WH005,DRV0128,VEH0008,2026-04-05,Tirunelveli,Processing,Delivered,100.0,13.62,106.28,110.16,3.88,1,7.34
ORD001222,CUST0703,WH005,DRV0148,VEH0181,2026-04-14,Salem,Processing,Delivered,167.09,13.93,67.19,64.0,0.0,0,11.99
ORD001223,CUST0139,WH006,DRV0091,VEH0111,2026-02-09,Trichy,Dispatched,Delivered,361.96,12.47,67.32,66.69,0.0,0,29.03
ORD001224,CUST0547,WH008,DRV0164,VEH0013,2026-01-31,Tirunelveli,Dispatched,Delivered,262.54,12.82,65.78,71.13,5.35,1,20.48
ORD001225,CUST0505,WH003,DRV0032,VEH0174,2026-05-22,Coimbatore,Processing,Delivered,271.46,12.15,81.9,83.14,1.24,1,22.34
ORD001226,CUST0482,WH003,DRV0103,VEH0086,2026-03-28,Erode,Cancelled,Cancelled,184.9,4.36,,,,0,42.41
ORD001227,CUST0352,WH005,DRV0057,VEH0036,2026-04-24,Trichy,Confirmed,Delivered,100.0,4.21,29.43,29.43,0.0,0,23.75
ORD001228,CUST0342,WH001,DRV0029,VEH0171,2026-04-08,Salem,Dispatched,Delayed,214.35,18.83,121.46,113.93,0.0,1,11.38
ORD001229,CUST0644,WH005,DRV0174,VEH0094,2026-05-21,Erode,Dispatched,Delivered,231.08,19.0,88.9,103.25,14.35,1,12.16
ORD001230,CUST0885,WH009,DRV0087,VEH0163,2026-07-08,Coimbatore,Dispatched,Delivered,376.83,5.32,37.14,34.4,0.0,0,70.83
ORD001231,CUST0834,WH005,DRV0122,VEH0179,2026-03-04,Erode,Dispatched,Delivered,111.26,12.6,69.71,81.44,11.73,1,8.83
ORD001232,CUST0929,WH007,DRV0163,VEH0063,2026-01-12,Madurai,Dispatched,Delivered,541.22,14.3,70.69,70.33,0.0,0,37.85
ORD001233,CUST0073,WH010,DRV0079,VEH0109,2026-05-26,Chennai,Confirmed,Delivered,148.15,11.35,102.81,100.59,0.0,0,13.05
ORD001234,CUST0163,WH009,DRV0107,VEH0068,2026-03-28,Erode,Dispatched,Delivered,132.46,20.56,155.59,144.28,0.0,0,6.44
ORD001235,CUST0806,WH008,DRV0052,VEH0141,2026-02-02,Chennai,Dispatched,Delayed,113.47,8.36,73.55,68.21,0.0,1,13.57
ORD001236,CUST0223,WH005,DRV0143,VEH0175,2026-08-17,Erode,Processing,In Transit,357.85,8.86,76.33,78.27,1.94,1,40.39
ORD001237,CUST0974,WH002,DRV0089,VEH0134,2026-05-08,Vellore,Confirmed,Delivered,100.0,20.69,72.69,83.56,10.87,1,4.83
ORD001238,CUST0185,WH005,DRV0179,VEH0146,2026-06-28,Coimbatore,Confirmed,Delivered,273.35,4.45,31.94,30.19,0.0,0,61.43
ORD001239,CUST0095,WH010,DRV0031,VEH0118,2026-07-31,Tirunelveli,Confirmed,Delivered,107.24,18.37,92.39,92.09,0.0,0,5.84
ORD001240,CUST0801,WH008,DRV0084,VEH0008,2026-08-07,Coimbatore,Dispatched,Delivered,176.14,26.89,86.37,90.92,4.55,1,6.55
ORD001241,CUST0684,WH001,DRV0144,VEH0169,2026-04-01,Salem,Dispatched,Delivered,100.0,15.58,128.58,139.69,11.11,1,6.42
ORD001242,CUST0309,WH010,DRV0164,VEH0061,2026-05-18,Coimbatore,Dispatched,Delayed,302.02,10.79,43.33,48.91,5.58,1,27.99
ORD001243,CUST0976,WH004,DRV0039,VEH0148,2026-08-30,Tirunelveli,Dispatched,Delivered,164.43,4.58,40.89,43.57,2.68,1,35.9
ORD001244,CUST0148,WH001,DRV0139,VEH0056,2026-02-09,Chennai,Dispatched,Delivered,260.43,12.56,97.58,98.81,1.23,1,20.73
ORD001245,CUST0319,WH005,DRV0148,VEH0122,2026-07-25,Salem,Dispatched,Delivered,161.37,6.82,47.41,47.73,0.32,1,23.66
ORD001246,CUST0179,WH002,DRV0056,VEH0096,2026-05-19,Tirunelveli,Confirmed,Delivered,255.45,9.31,45.47,44.37,0.0,0,27.44
ORD001247,CUST0882,WH002,DRV0170,VEH0130,2026-06-22,Trichy,Processing,Delivered,175.92,14.15,47.34,49.38,2.04,1,12.43
ORD001248,CUST0654,WH007,DRV0047,VEH0194,2026-07-23,Vellore,Dispatched,Delivered,293.36,6.2,49.6,44.05,0.0,0,47.32
ORD001249,CUST0291,WH004,DRV0006,VEH0105,2026-07-23,Chennai,Confirmed,Delivered,256.46,5.08,38.5,38.55,0.05,1,50.48
ORD001250,CUST0622,WH002,DRV0109,VEH0160,2026-03-03,Vellore,Confirmed,Delivered,205.93,7.84,75.14,76.9,1.76,1,26.27
ORD001251,CUST0497,WH003,DRV0035,VEH0123,2026-03-21,Madurai,Dispatched,Delivered,100.98,25.08,124.96,144.56,19.6,1,4.03
ORD001252,CUST0301,WH003,DRV0136,VEH0022,2026-05-24,Salem,Cancelled,Cancelled,136.41,14.33,,,,0,9.52
ORD001253,CUST0161,WH002,DRV0071,VEH0041,2026-06-19,Madurai,Processing,Delivered,109.73,6.75,60.48,58.67,0.0,0,16.26
ORD001254,CUST0061,WH007,DRV0037,VEH0109,2026-01-03,Erode,Dispatched,Delivered,458.82,7.25,36.72,35.82,0.0,0,63.29
ORD001255,CUST0861,WH001,DRV0178,VEH0138,2026-03-17,Coimbatore,Dispatched,Delivered,301.04,22.36,168.28,150.75,0.0,0,13.46
ORD001256,CUST0072,WH009,DRV0123,VEH0167,2026-08-09,Trichy,Processing,Delivered,185.78,4.18,55.52,51.46,0.0,0,44.44
ORD001257,CUST0437,WH005,DRV0144,VEH0045,2026-05-25,Vellore,Confirmed,Delivered,125.79,24.76,128.84,116.05,0.0,0,5.08
ORD001258,CUST0482,WH004,DRV0009,VEH0005,2026-05-09,Coimbatore,Dispatched,In Transit,108.49,6.04,45.33,52.23,6.9,1,17.96
ORD001259,CUST0115,WH003,DRV0075,VEH0012,2026-02-04,Chennai,Processing,Delivered,196.29,24.14,170.83,180.69,9.86,1,8.13
ORD001260,CUST0206,WH003,DRV0060,VEH0032,2026-07-03,Trichy,Confirmed,Delivered,600.69,18.75,142.36,150.55,8.19,1,32.04
ORD001261,CUST0334,WH003,DRV0051,VEH0120,2026-04-27,Tirunelveli,Dispatched,Delivered,181.97,5.55,39.74,37.95,0.0,0,32.79
ORD001262,CUST0306,WH001,DRV0046,VEH0168,2026-04-14,Chennai,Dispatched,Delivered,395.93,17.01,119.34,121.21,1.87,1,23.28
ORD001263,CUST0911,WH002,DRV0071,VEH0018,2026-01-14,Trichy,Processing,In Transit,216.84,3.54,15.59,14.39,0.0,0,61.25
ORD001264,CUST0554,WH007,DRV0140,VEH0064,2026-05-18,Erode,Processing,In Transit,261.3,21.05,139.9,144.92,5.02,1,12.41
ORD001265,CUST0882,WH003,DRV0064,VEH0087,2026-05-18,Erode,Processing,Delivered,133.04,5.46,32.74,35.72,2.98,1,24.37
ORD001266,CUST0532,WH006,DRV0115,VEH0129,2026-06-03,Erode,Dispatched,Delivered,159.48,21.09,101.61,108.41,6.8,1,7.56
ORD001267,CUST0604,WH004,DRV0021,VEH0117,2026-05-08,Madurai,Confirmed,Delivered,105.63,4.37,44.34,49.01,4.67,1,24.17
ORD001268,CUST0580,WH010,DRV0005,VEH0181,2026-08-13,Chennai,Cancelled,Cancelled,220.96,5.71,,,,0,38.7
ORD001269,CUST0135,WH005,DRV0006,VEH0170,2026-03-31,Tirunelveli,Dispatched,Delivered,154.74,28.57,150.26,164.21,13.95,1,5.42
ORD001270,CUST0578,WH008,DRV0043,VEH0082,2026-08-05,Chennai,Cancelled,Cancelled,229.05,15.3,,,,0,14.97
ORD001271,CUST0841,WH002,DRV0026,VEH0094,2026-02-24,Vellore,Dispatched,Delivered,100.0,6.1,57.32,53.83,0.0,0,16.39
ORD001272,CUST0151,WH010,DRV0093,VEH0166,2026-05-13,Vellore,Dispatched,Delivered,243.77,13.38,91.64,94.49,2.85,1,18.22
ORD001273,CUST0548,WH005,DRV0054,VEH0145,2026-04-16,Coimbatore,Dispatched,Delivered,202.31,13.19,82.37,96.14,13.77,1,15.34
ORD001274,CUST0140,WH002,DRV0128,VEH0190,2026-06-15,Tirunelveli,Cancelled,Cancelled,198.14,9.64,,,,0,20.55
ORD001275,CUST0407,WH009,DRV0131,VEH0028,2026-07-09,Salem,Dispatched,In Transit,233.48,13.11,80.18,71.49,0.0,0,17.81
ORD001276,CUST0735,WH002,DRV0139,VEH0022,2026-08-23,Erode,Dispatched,Delivered,155.33,22.52,155.77,155.25,0.0,0,6.9
ORD001277,CUST0490,WH001,DRV0025,VEH0046,2026-01-07,Tirunelveli,Dispatched,Delivered,2152.46,18.43,118.21,103.15,0.0,0,116.79
ORD001278,CUST0907,WH004,DRV0140,VEH0038,2026-06-28,Chennai,Confirmed,Delivered,245.79,15.74,101.9,100.69,0.0,0,15.62
ORD001279,CUST0897,WH007,DRV0065,VEH0032,2026-07-28,Tirunelveli,Dispatched,Delivered,194.09,5.98,53.27,46.78,0.0,0,32.46
ORD001280,CUST0205,WH002,DRV0004,VEH0055,2026-02-04,Vellore,Processing,Delivered,293.62,4.33,37.1,40.74,3.64,1,67.81
ORD001281,CUST0295,WH010,DRV0180,VEH0089,2026-02-09,Vellore,Confirmed,Delivered,129.18,10.74,74.99,80.03,5.04,1,12.03
ORD001282,CUST0861,WH009,DRV0127,VEH0112,2026-07-04,Erode,Processing,In Transit,126.43,18.68,108.91,102.75,0.0,0,6.77
ORD001283,CUST0582,WH001,DRV0193,VEH0137,2026-02-02,Trichy,Dispatched,Delivered,304.98,2.58,52.58,45.88,0.0,0,118.21
ORD001284,CUST0671,WH001,DRV0198,VEH0178,2026-04-02,Erode,Dispatched,In Transit,323.09,8.17,51.59,47.0,0.0,0,39.55
ORD001285,CUST0905,WH008,DRV0162,VEH0037,2026-05-12,Erode,Dispatched,Delivered,393.33,15.08,78.73,77.48,0.0,0,26.08
ORD001286,CUST0184,WH005,DRV0109,VEH0065,2026-06-26,Coimbatore,Dispatched,Delivered,100.0,24.46,139.1,158.87,19.77,1,4.09
ORD001287,CUST0018,WH009,DRV0016,VEH0093,2026-06-03,Salem,Processing,Delivered,166.98,10.69,103.37,107.75,4.38,1,15.62
ORD001288,CUST0383,WH008,DRV0142,VEH0079,2026-05-24,Vellore,Dispatched,Delivered,224.59,7.79,54.07,61.73,7.66,1,28.83
ORD001289,CUST0571,WH006,DRV0102,VEH0172,2026-02-08,Chennai,Processing,Delivered,289.51,11.36,63.57,67.38,3.81,1,25.49
ORD001290,CUST0835,WH004,DRV0113,VEH0060,2026-08-25,Madurai,Processing,Delivered,255.26,15.76,85.55,92.22,6.67,1,16.2
ORD001291,CUST0736,WH006,DRV0074,VEH0157,2026-02-24,Tirunelveli,Dispatched,Delivered,104.25,3.3,32.88,34.02,1.14,1,31.59
ORD001292,CUST0621,WH002,DRV0189,VEH0085,2026-06-24,Coimbatore,Dispatched,Delivered,253.3,5.79,55.37,50.28,0.0,0,43.75
ORD001293,CUST0643,WH005,DRV0053,VEH0063,2026-01-22,Erode,Dispatched,Delivered,223.36,6.28,58.59,65.46,6.87,1,35.57
ORD001294,CUST0542,WH010,DRV0118,VEH0076,2026-03-22,Tirunelveli,Dispatched,Delivered,222.97,8.86,56.27,59.75,3.48,1,25.17
ORD001295,CUST0508,WH003,DRV0186,VEH0026,2026-05-30,Madurai,Confirmed,In Transit,100.0,21.69,152.27,164.02,11.75,1,4.61
ORD001296,CUST0192,WH003,DRV0063,VEH0045,2026-07-21,Trichy,Processing,Delayed,100.0,5.45,44.42,47.31,2.89,1,18.35
ORD001297,CUST0198,WH001,DRV0141,VEH0095,2026-02-28,Coimbatore,Dispatched,Delivered,588.72,7.07,61.08,63.75,2.67,1,83.27
ORD001298,CUST0242,WH008,DRV0045,VEH0035,2026-07-20,Coimbatore,Confirmed,Delivered,344.11,4.23,18.57,20.11,1.54,1,81.35
ORD001299,CUST0091,WH010,DRV0183,VEH0078,2026-07-10,Coimbatore,Processing,Delivered,174.0,8.91,49.39,43.6,0.0,0,19.53
ORD001300,CUST0002,WH003,DRV0161,VEH0119,2026-05-13,Salem,Dispatched,Delayed,175.95,9.48,41.2,42.21,1.01,1,18.56
ORD001301,CUST0788,WH001,DRV0062,VEH0007,2026-07-07,Tirunelveli,Confirmed,Delivered,768.81,9.98,73.59,83.23,9.64,1,77.04
ORD001302,CUST0977,WH004,DRV0167,VEH0195,2026-03-06,Salem,Processing,Delivered,186.69,40.87,221.57,223.74,2.17,1,4.57
ORD001303,CUST0609,WH001,DRV0141,VEH0053,2026-02-03,Erode,Dispatched,Delivered,168.02,18.58,79.2,87.48,8.28,1,9.04
ORD001304,CUST0465,WH001,DRV0081,VEH0041,2026-07-29,Chennai,Dispatched,Delivered,108.23,11.0,63.22,69.1,5.88,1,9.84
ORD001305,CUST0997,WH001,DRV0073,VEH0004,2026-02-23,Madurai,Dispatched,Delivered,155.73,15.6,56.94,60.87,3.93,1,9.98
ORD001306,CUST0285,WH002,DRV0141,VEH0002,2026-07-28,Tirunelveli,Dispatched,In Transit,100.0,7.54,43.91,49.48,5.57,1,13.26
ORD001307,CUST0777,WH001,DRV0016,VEH0035,2026-08-04,Erode,Processing,Delivered,254.3,36.0,221.0,207.25,0.0,0,7.06
ORD001308,CUST0004,WH006,DRV0182,VEH0161,2026-08-23,Vellore,Dispatched,Delivered,410.97,19.12,125.09,115.02,0.0,0,21.49
ORD001309,CUST0238,WH007,DRV0158,VEH0105,2026-05-30,Tirunelveli,Dispatched,Delivered,413.96,17.5,104.17,107.58,3.41,1,23.65
ORD001310,CUST0552,WH001,DRV0167,VEH0178,2026-05-01,Chennai,Processing,Delivered,114.82,24.97,176.43,166.96,0.0,0,4.6
ORD001311,CUST0439,WH010,DRV0097,VEH0141,2026-02-27,Madurai,Confirmed,Delayed,100.0,30.65,208.85,216.05,7.2,1,3.26
ORD001312,CUST0909,WH001,DRV0104,VEH0115,2026-08-13,Chennai,Dispatched,Delivered,226.0,5.54,25.25,28.08,2.83,1,40.79
ORD001313,CUST0390,WH010,DRV0064,VEH0115,2026-07-15,Coimbatore,Dispatched,In Transit,427.16,23.14,85.44,88.16,2.72,1,18.46
ORD001314,CUST0329,WH009,DRV0070,VEH0007,2026-04-26,Vellore,Dispatched,Delivered,100.0,14.87,87.33,85.86,0.0,0,6.72
ORD001315,CUST0794,WH009,DRV0140,VEH0124,2026-04-22,Coimbatore,Dispatched,Delivered,142.19,13.53,92.51,107.28,14.77,1,10.51
ORD001316,CUST0241,WH001,DRV0130,VEH0039,2026-03-29,Madurai,Dispatched,Delayed,228.68,28.3,159.12,152.07,0.0,1,8.08
ORD001317,CUST0615,WH008,DRV0161,VEH0111,2026-06-25,Coimbatore,Dispatched,Delivered,104.93,5.89,40.86,38.09,0.0,0,17.81
ORD001318,CUST0809,WH003,DRV0143,VEH0091,2026-07-21,Chennai,Dispatched,In Transit,100.0,11.12,71.45,64.49,0.0,0,8.99
ORD001319,CUST0495,WH007,DRV0081,VEH0049,2026-04-26,Erode,Confirmed,Delivered,111.79,10.16,63.13,71.67,8.54,1,11.0
ORD001320,CUST0810,WH001,DRV0180,VEH0131,2026-06-14,Salem,Dispatched,In Transit,125.22,14.73,91.04,107.1,16.06,1,8.5
ORD001321,CUST0896,WH007,DRV0163,VEH0017,2026-05-13,Trichy,Processing,Delivered,100.0,15.17,63.92,73.31,9.39,1,6.59
ORD001322,CUST0974,WH001,DRV0095,VEH0153,2026-05-17,Vellore,Dispatched,Delivered,363.76,22.56,137.49,121.97,0.0,0,16.12
ORD001323,CUST0061,WH003,DRV0123,VEH0126,2026-04-18,Tirunelveli,Dispatched,Delivered,497.72,11.77,92.32,85.51,0.0,0,42.29
ORD001324,CUST0062,WH007,DRV0038,VEH0142,2026-07-12,Tirunelveli,Dispatched,Delayed,184.79,29.74,190.23,172.84,0.0,1,6.21
ORD001325,CUST0738,WH001,DRV0042,VEH0005,2026-04-19,Chennai,Dispatched,Delayed,291.25,15.8,85.42,84.99,0.0,1,18.43
ORD001326,CUST0767,WH009,DRV0109,VEH0199,2026-06-18,Erode,Dispatched,In Transit,100.0,5.47,38.82,38.51,0.0,0,18.28
ORD001327,CUST0765,WH005,DRV0081,VEH0083,2026-01-10,Erode,Processing,Delayed,165.34,7.67,62.04,66.03,3.99,1,21.56
ORD001328,CUST0452,WH002,DRV0007,VEH0161,2026-02-24,Madurai,Processing,Delivered,124.43,17.46,122.72,111.28,0.0,0,7.13
ORD001329,CUST0277,WH004,DRV0056,VEH0051,2026-05-23,Coimbatore,Dispatched,Delivered,236.87,15.13,111.37,101.34,0.0,0,15.66
ORD001330,CUST0159,WH008,DRV0133,VEH0122,2026-02-24,Trichy,Dispatched,Delivered,100.0,14.59,58.05,59.99,1.94,1,6.85
ORD001331,CUST0239,WH004,DRV0168,VEH0017,2026-04-16,Trichy,Dispatched,Delivered,148.76,32.47,127.68,134.57,6.89,1,4.58
ORD001332,CUST0043,WH010,DRV0061,VEH0126,2026-03-27,Coimbatore,Confirmed,Delivered,272.72,21.11,118.05,110.17,0.0,0,12.92
ORD001333,CUST0917,WH005,DRV0065,VEH0061,2026-01-19,Chennai,Dispatched,Delivered,211.63,8.72,41.67,48.58,6.91,1,24.27
ORD001334,CUST0875,WH002,DRV0194,VEH0091,2026-03-28,Coimbatore,Dispatched,Delivered,301.54,10.35,66.15,59.7,0.0,0,29.13
ORD001335,CUST0413,WH005,DRV0196,VEH0031,2026-05-13,Erode,Dispatched,Delivered,122.86,8.41,42.6,43.3,0.7,1,14.61
ORD001336,CUST0439,WH007,DRV0193,VEH0015,2026-04-21,Salem,Dispatched,Delivered,100.0,6.34,72.9,74.21,1.31,1,15.77
ORD001337,CUST0314,WH009,DRV0093,VEH0104,2026-06-08,Madurai,Dispatched,Delivered,370.29,33.88,203.97,194.12,0.0,0,10.93
ORD001338,CUST0152,WH008,DRV0085,VEH0040,2026-02-03,Tirunelveli,Dispatched,Delivered,296.91,15.05,95.15,91.16,0.0,0,19.73
ORD001339,CUST0813,WH010,DRV0170,VEH0065,2026-01-04,Coimbatore,Processing,In Transit,502.55,4.87,39.41,42.39,2.98,1,103.19
ORD001340,CUST0080,WH006,DRV0163,VEH0020,2026-04-01,Chennai,Dispatched,Delivered,190.24,27.99,148.69,131.24,0.0,0,6.8
ORD001341,CUST0137,WH009,DRV0194,VEH0162,2026-06-13,Erode,Confirmed,Delivered,237.59,6.96,75.02,65.47,0.0,0,34.14
ORD001342,CUST0725,WH007,DRV0025,VEH0065,2026-03-29,Salem,Dispatched,Delivered,823.87,13.38,60.96,60.49,0.0,0,61.57
ORD001343,CUST0450,WH003,DRV0006,VEH0032,2026-08-17,Tirunelveli,Confirmed,Delivered,100.0,12.12,84.29,82.77,0.0,0,8.25
ORD001344,CUST0386,WH001,DRV0008,VEH0150,2026-01-02,Salem,Confirmed,Delivered,242.03,3.85,44.07,43.36,0.0,0,62.86
ORD001345,CUST0677,WH005,DRV0163,VEH0062,2026-03-28,Chennai,Dispatched,Delivered,400.03,2.69,15.62,15.69,0.07,1,148.71
ORD001346,CUST0383,WH009,DRV0053,VEH0173,2026-08-30,Madurai,Processing,Delivered,208.13,18.73,114.13,100.68,0.0,0,11.11
ORD001347,CUST0165,WH008,DRV0019,VEH0011,2026-08-18,Trichy,Dispatched,Delivered,189.26,24.08,143.73,155.65,11.92,1,7.86
ORD001348,CUST0709,WH006,DRV0009,VEH0161,2026-07-15,Salem,Dispatched,Delivered,100.0,13.93,47.17,53.46,6.29,1,7.18
ORD001349,CUST0302,WH008,DRV0161,VEH0038,2026-03-09,Tirunelveli,Dispatched,Delayed,470.45,47.44,267.09,236.6,0.0,1,9.92
ORD001350,CUST0774,WH008,DRV0008,VEH0065,2026-01-15,Chennai,Dispatched,Delayed,363.15,7.36,69.69,76.26,6.57,1,49.34
ORD001351,CUST0048,WH003,DRV0038,VEH0191,2026-06-18,Erode,Processing,Delivered,417.24,3.18,38.25,35.59,0.0,0,131.21
ORD001352,CUST0127,WH006,DRV0160,VEH0038,2026-03-28,Erode,Dispatched,Delivered,178.75,15.34,72.2,79.24,7.04,1,11.65
ORD001353,CUST0368,WH007,DRV0023,VEH0013,2026-01-27,Tirunelveli,Confirmed,Delivered,147.16,5.78,56.33,49.5,0.0,0,25.46
ORD001354,CUST0648,WH002,DRV0162,VEH0176,2026-07-21,Erode,Processing,Delivered,180.48,11.08,56.77,52.21,0.0,0,16.29
ORD001355,CUST0032,WH007,DRV0087,VEH0024,2026-06-27,Tirunelveli,Dispatched,Delayed,547.06,21.39,133.16,118.3,0.0,1,25.58
ORD001356,CUST0507,WH010,DRV0174,VEH0036,2026-01-26,Erode,Processing,Delivered,153.06,7.98,70.09,61.74,0.0,0,19.18
ORD001357,CUST0613,WH006,DRV0160,VEH0148,2026-01-19,Salem,Dispatched,Delivered,474.98,11.09,58.1,66.37,8.27,1,42.83
ORD001358,CUST0077,WH002,DRV0129,VEH0043,2026-05-04,Tirunelveli,Dispatched,Delivered,164.74,23.39,92.75,94.64,1.89,1,7.04
ORD001359,CUST0707,WH002,DRV0007,VEH0109,2026-03-13,Trichy,Cancelled,Cancelled,103.83,10.16,,,,0,10.22
ORD001360,CUST0201,WH006,DRV0107,VEH0185,2026-05-25,Vellore,Dispatched,Delivered,100.0,15.34,96.43,88.41,0.0,0,6.52
ORD001361,CUST0068,WH003,DRV0112,VEH0193,2026-05-04,Vellore,Confirmed,Delivered,263.27,16.57,101.25,109.76,8.51,1,15.89
ORD001362,CUST0028,WH006,DRV0024,VEH0188,2026-05-07,Tirunelveli,Dispatched,Delivered,298.65,10.22,68.77,61.16,0.0,0,29.22
ORD001363,CUST0936,WH009,DRV0130,VEH0099,2026-07-19,Vellore,Dispatched,Delivered,100.0,10.43,84.99,92.75,7.76,1,9.59
ORD001364,CUST0400,WH010,DRV0146,VEH0043,2026-04-22,Chennai,Dispatched,Delivered,473.41,11.38,105.27,94.85,0.0,0,41.6
ORD001365,CUST0057,WH001,DRV0083,VEH0084,2026-06-01,Salem,Confirmed,Delivered,100.0,7.39,82.93,82.61,0.0,0,13.53
ORD001366,CUST0203,WH003,DRV0106,VEH0104,2026-08-26,Erode,Dispatched,Delayed,287.29,14.86,100.68,100.22,0.0,1,19.33
ORD001367,CUST0567,WH002,DRV0100,VEH0193,2026-06-26,Chennai,Processing,Delayed,296.59,7.5,36.09,37.51,1.42,1,39.55
ORD001368,CUST0083,WH003,DRV0056,VEH0115,2026-05-08,Tirunelveli,Confirmed,Delayed,364.15,8.2,39.23,44.53,5.3,1,44.41
ORD001369,CUST0618,WH002,DRV0092,VEH0046,2026-02-27,Chennai,Dispatched,Delivered,100.0,5.85,41.65,43.65,2.0,1,17.09
ORD001370,CUST0251,WH003,DRV0032,VEH0062,2026-06-07,Trichy,Dispatched,In Transit,362.66,24.55,106.81,109.21,2.4,1,14.77
ORD001371,CUST0342,WH004,DRV0077,VEH0114,2026-04-30,Chennai,Dispatched,Delivered,164.98,4.39,39.62,39.87,0.25,1,37.58
ORD001372,CUST0423,WH007,DRV0070,VEH0198,2026-07-19,Erode,Dispatched,Delivered,145.29,32.96,207.95,194.03,0.0,0,4.41
ORD001373,CUST0844,WH002,DRV0093,VEH0105,2026-05-21,Tirunelveli,Dispatched,Delivered,309.9,10.67,67.68,70.82,3.14,1,29.04
ORD001374,CUST0439,WH002,DRV0010,VEH0154,2026-08-17,Madurai,Confirmed,Delivered,338.47,8.75,85.13,87.58,2.45,1,38.68
ORD001375,CUST0414,WH002,DRV0123,VEH0029,2026-07-23,Salem,Processing,Delivered,100.0,5.86,49.87,44.45,0.0,0,17.06
ORD001376,CUST0872,WH006,DRV0168,VEH0169,2026-06-21,Erode,Confirmed,Delivered,100.0,6.28,56.37,52.4,0.0,0,15.92
ORD001377,CUST0938,WH008,DRV0074,VEH0015,2026-01-07,Coimbatore,Dispatched,Delivered,395.24,7.47,45.04,52.56,7.52,1,52.91
ORD001378,CUST0133,WH004,DRV0034,VEH0122,2026-06-10,Vellore,Confirmed,In Transit,246.84,50.0,372.47,340.58,0.0,0,4.94
ORD001379,CUST0869,WH010,DRV0084,VEH0101,2026-08-14,Madurai,Processing,Delivered,204.0,7.46,73.99,64.51,0.0,0,27.35
ORD001380,CUST0429,WH003,DRV0111,VEH0019,2026-03-27,Madurai,Dispatched,Delivered,100.0,15.59,91.31,80.67,0.0,0,6.41
ORD001381,CUST0704,WH009,DRV0033,VEH0120,2026-02-17,Chennai,Processing,Delivered,241.11,9.83,67.85,61.64,0.0,0,24.53
ORD001382,CUST0544,WH001,DRV0088,VEH0187,2026-01-08,Madurai,Processing,Delivered,400.34,34.64,260.63,250.91,0.0,0,11.56
ORD001383,CUST0610,WH010,DRV0097,VEH0081,2026-04-29,Madurai,Dispatched,Delivered,817.83,13.22,66.93,71.7,4.77,1,61.86
ORD001384,CUST0268,WH002,DRV0057,VEH0096,2026-02-22,Madurai,Confirmed,Delivered,143.99,4.93,42.2,40.33,0.0,0,29.21
ORD001385,CUST0107,WH007,DRV0150,VEH0028,2026-02-25,Chennai,Confirmed,Delivered,320.57,8.35,65.43,61.8,0.0,0,38.39
ORD001386,CUST0066,WH003,DRV0176,VEH0143,2026-06-24,Tirunelveli,Processing,Delivered,605.27,42.7,219.33,234.71,15.38,1,14.17
ORD001387,CUST0052,WH009,DRV0032,VEH0186,2026-06-22,Madurai,Dispatched,Delivered,100.0,19.14,107.58,116.1,8.52,1,5.22
ORD001388,CUST0711,WH001,DRV0125,VEH0053,2026-04-23,Coimbatore,Dispatched,In Transit,583.73,11.16,43.41,44.8,1.39,1,52.31
ORD001389,CUST0288,WH009,DRV0108,VEH0042,2026-07-22,Vellore,Processing,Delivered,206.52,6.04,75.82,72.74,0.0,0,34.19
ORD001390,CUST0232,WH006,DRV0173,VEH0156,2026-07-07,Madurai,Dispatched,Delivered,190.31,6.51,40.81,43.51,2.7,1,29.23
ORD001391,CUST0163,WH001,DRV0002,VEH0073,2026-08-14,Chennai,Processing,In Transit,127.47,5.42,36.96,36.35,0.0,0,23.52
ORD001392,CUST0241,WH009,DRV0183,VEH0091,2026-03-16,Vellore,Dispatched,Delivered,143.09,3.67,50.4,45.01,0.0,0,38.99
ORD001393,CUST0390,WH009,DRV0059,VEH0019,2026-02-01,Erode,Confirmed,Delivered,111.69,18.38,112.46,119.83,7.37,1,6.08
ORD001394,CUST0022,WH010,DRV0033,VEH0199,2026-03-15,Vellore,Dispatched,Delayed,100.0,16.36,71.46,62.7,0.0,1,6.11
ORD001395,CUST0729,WH005,DRV0096,VEH0077,2026-06-13,Tirunelveli,Dispatched,Delivered,242.8,12.57,80.46,81.11,0.65,1,19.32
ORD001396,CUST0687,WH007,DRV0105,VEH0130,2026-07-05,Erode,Dispatched,Delivered,373.62,26.62,132.22,150.2,17.98,1,14.04
ORD001397,CUST0909,WH003,DRV0014,VEH0146,2026-01-21,Chennai,Confirmed,Delivered,100.0,17.97,91.34,105.41,14.07,1,5.56
ORD001398,CUST0791,WH008,DRV0196,VEH0168,2026-01-07,Erode,Processing,Delivered,115.37,4.19,35.13,36.92,1.79,1,27.53
ORD001399,CUST0493,WH003,DRV0194,VEH0181,2026-03-05,Erode,Dispatched,Delivered,214.14,11.48,70.79,76.31,5.52,1,18.65
ORD001400,CUST0684,WH010,DRV0059,VEH0136,2026-03-30,Erode,Confirmed,Delivered,100.0,19.79,74.91,67.91,0.0,0,5.05
ORD001401,CUST0521,WH007,DRV0015,VEH0137,2026-04-08,Trichy,Dispatched,Delivered,212.45,11.56,53.43,49.87,0.0,0,18.38
ORD001402,CUST0362,WH004,DRV0159,VEH0116,2026-08-03,Trichy,Dispatched,Delivered,152.12,12.28,56.08,50.28,0.0,0,12.39
ORD001403,CUST0059,WH005,DRV0029,VEH0149,2026-08-29,Tirunelveli,Dispatched,Delivered,100.0,3.6,36.82,35.86,0.0,0,27.78
ORD001404,CUST0485,WH007,DRV0112,VEH0092,2026-02-21,Erode,Confirmed,Delivered,246.3,7.63,63.81,65.07,1.26,1,32.28
ORD001405,CUST0629,WH002,DRV0109,VEH0044,2026-01-03,Tirunelveli,Dispatched,Delivered,125.88,15.66,98.56,105.84,7.28,1,8.04
ORD001406,CUST0101,WH004,DRV0123,VEH0060,2026-02-09,Coimbatore,Dispatched,Delivered,352.93,10.39,91.5,89.27,0.0,0,33.97
ORD001407,CUST0757,WH007,DRV0047,VEH0071,2026-03-10,Tirunelveli,Dispatched,Delivered,159.64,3.97,38.63,37.31,0.0,0,40.21
ORD001408,CUST0798,WH003,DRV0185,VEH0159,2026-06-21,Salem,Confirmed,Delayed,114.17,19.6,86.86,89.74,2.88,1,5.82
ORD001409,CUST0340,WH004,DRV0058,VEH0117,2026-08-03,Trichy,Confirmed,Delivered,177.4,10.09,83.69,74.0,0.0,0,17.58
ORD001410,CUST0486,WH010,DRV0093,VEH0126,2026-06-26,Madurai,Processing,Delivered,406.38,12.16,99.53,95.52,0.0,0,33.42
ORD001411,CUST0812,WH008,DRV0085,VEH0141,2026-05-29,Chennai,Confirmed,Delivered,600.15,4.23,53.39,48.48,0.0,0,141.88
ORD001412,CUST0689,WH003,DRV0159,VEH0045,2026-02-22,Vellore,Dispatched,Delivered,266.53,3.31,33.06,31.91,0.0,0,80.52
ORD001413,CUST0016,WH009,DRV0053,VEH0002,2026-06-25,Trichy,Dispatched,Delayed,123.61,12.59,77.71,82.24,4.53,1,9.82
ORD001414,CUST0498,WH005,DRV0086,VEH0162,2026-01-08,Erode,Processing,Delivered,185.16,24.59,173.12,161.65,0.0,0,7.53
ORD001415,CUST0121,WH002,DRV0064,VEH0197,2026-03-02,Vellore,Dispatched,Delayed,170.04,19.23,93.98,102.26,8.28,1,8.84
ORD001416,CUST0214,WH008,DRV0082,VEH0194,2026-05-28,Tirunelveli,Confirmed,Delivered,164.41,17.53,92.3,89.7,0.0,0,9.38
ORD001417,CUST0742,WH010,DRV0002,VEH0062,2026-06-24,Erode,Confirmed,Delivered,153.65,13.31,84.92,87.48,2.56,1,11.54
ORD001418,CUST0330,WH008,DRV0060,VEH0047,2026-04-07,Vellore,Confirmed,Delivered,100.0,4.76,36.36,40.63,4.27,1,21.01
ORD001419,CUST0084,WH001,DRV0084,VEH0002,2026-03-10,Chennai,Processing,Delayed,341.77,2.35,46.06,47.29,1.23,1,145.43
ORD001420,CUST0181,WH009,DRV0176,VEH0200,2026-05-10,Madurai,Dispatched,Delivered,317.19,46.33,209.71,222.37,12.66,1,6.85
ORD001421,CUST0745,WH002,DRV0048,VEH0037,2026-06-20,Chennai,Confirmed,Delivered,184.02,10.05,63.4,71.75,8.35,1,18.31
ORD001422,CUST0386,WH004,DRV0118,VEH0080,2026-05-06,Chennai,Dispatched,Delivered,410.83,7.78,71.31,65.0,0.0,0,52.81
ORD001423,CUST0323,WH006,DRV0189,VEH0119,2026-08-03,Trichy,Dispatched,Delivered,266.18,12.01,95.05,95.09,0.04,1,22.16
ORD001424,CUST0554,WH009,DRV0132,VEH0086,2026-01-14,Chennai,Dispatched,Delayed,100.0,5.84,53.2,55.77,2.57,1,17.12
ORD001425,CUST0448,WH001,DRV0026,VEH0063,2026-06-01,Erode,Confirmed,Delivered,143.97,8.41,67.72,67.62,0.0,0,17.12
ORD001426,CUST0904,WH009,DRV0084,VEH0056,2026-06-12,Madurai,Processing,Delivered,474.49,32.47,226.21,210.16,0.0,0,14.61
ORD001427,CUST0073,WH008,DRV0150,VEH0174,2026-08-23,Coimbatore,Confirmed,Delivered,143.39,14.38,65.62,76.7,11.08,1,9.97
ORD001428,CUST0255,WH007,DRV0171,VEH0063,2026-06-21,Chennai,Processing,Delivered,115.51,16.59,134.08,132.23,0.0,0,6.96
ORD001429,CUST0860,WH002,DRV0020,VEH0008,2026-02-25,Erode,Processing,Delayed,289.91,10.66,87.38,87.93,0.55,1,27.2
ORD001430,CUST0917,WH007,DRV0093,VEH0183,2026-06-02,Tirunelveli,Dispatched,Delivered,151.09,22.64,180.1,161.1,0.0,0,6.67
ORD001431,CUST0883,WH002,DRV0048,VEH0117,2026-01-09,Chennai,Dispatched,Delivered,261.0,22.27,136.98,134.72,0.0,0,11.72
ORD001432,CUST0865,WH009,DRV0121,VEH0171,2026-01-15,Madurai,Dispatched,Delayed,177.07,9.87,53.37,59.89,6.52,1,17.94
ORD001433,CUST0700,WH004,DRV0095,VEH0090,2026-06-19,Salem,Dispatched,Delivered,108.0,11.52,71.06,73.51,2.45,1,9.38
ORD001434,CUST0290,WH002,DRV0061,VEH0104,2026-04-23,Vellore,Confirmed,Delivered,115.52,25.0,108.38,104.58,0.0,0,4.62
ORD001435,CUST0500,WH005,DRV0151,VEH0023,2026-05-12,Madurai,Processing,Delivered,100.0,11.98,85.7,99.21,13.51,1,8.35
ORD001436,CUST0900,WH009,DRV0061,VEH0144,2026-03-14,Vellore,Dispatched,Delivered,100.0,9.11,80.51,72.18,0.0,0,10.98
ORD001437,CUST0752,WH004,DRV0080,VEH0085,2026-08-22,Vellore,Dispatched,Delivered,272.72,9.56,54.67,62.81,8.14,1,28.53
ORD001438,CUST0885,WH005,DRV0191,VEH0128,2026-04-11,Erode,Dispatched,Delayed,396.93,8.37,63.21,73.57,10.36,1,47.42
ORD001439,CUST0985,WH008,DRV0019,VEH0104,2026-01-30,Trichy,Dispatched,Delivered,121.9,11.88,86.82,102.07,15.25,1,10.26
ORD001440,CUST0830,WH003,DRV0013,VEH0180,2026-08-10,Trichy,Confirmed,Delivered,100.0,8.55,69.62,65.98,0.0,0,11.7
ORD001441,CUST0608,WH006,DRV0130,VEH0093,2026-08-06,Coimbatore,Processing,Delayed,379.78,11.86,72.74,73.71,0.97,1,32.02
ORD001442,CUST0588,WH001,DRV0179,VEH0182,2026-08-13,Vellore,Confirmed,Delivered,387.16,7.05,53.68,60.94,7.26,1,54.92
ORD001443,CUST0002,WH003,DRV0075,VEH0037,2026-06-05,Chennai,Processing,Delivered,290.01,14.57,103.34,93.36,0.0,0,19.9
ORD001444,CUST0383,WH008,DRV0001,VEH0195,2026-06-01,Coimbatore,Confirmed,Delivered,100.0,15.96,83.48,91.65,8.17,1,6.27
ORD001445,CUST0690,WH010,DRV0169,VEH0146,2026-06-16,Tirunelveli,Dispatched,Delayed,253.36,17.74,137.88,145.46,7.58,1,14.28
ORD001446,CUST0112,WH010,DRV0138,VEH0059,2026-01-21,Tirunelveli,Dispatched,Delivered,259.44,16.14,100.55,111.31,10.76,1,16.07
ORD001447,CUST0885,WH006,DRV0003,VEH0129,2026-08-24,Coimbatore,Dispatched,Delivered,325.5,21.57,167.08,148.12,0.0,0,15.09
ORD001448,CUST0204,WH010,DRV0008,VEH0147,2026-01-02,Chennai,Dispatched,In Transit,199.97,12.49,84.32,78.26,0.0,0,16.01
ORD001449,CUST0750,WH004,DRV0080,VEH0141,2026-05-20,Vellore,Dispatched,Delivered,111.32,11.79,87.07,81.59,0.0,0,9.44
ORD001450,CUST0026,WH008,DRV0164,VEH0033,2026-07-23,Chennai,Confirmed,Delivered,139.36,7.7,50.32,58.3,7.98,1,18.1
ORD001451,CUST0853,WH003,DRV0107,VEH0022,2026-08-02,Madurai,Confirmed,In Transit,389.59,18.81,131.11,130.22,0.0,0,20.71
ORD001452,CUST0108,WH002,DRV0040,VEH0155,2026-07-20,Coimbatore,Dispatched,Delivered,231.99,8.04,60.16,58.83,0.0,0,28.85
ORD001453,CUST0677,WH010,DRV0167,VEH0178,2026-01-17,Coimbatore,Processing,In Transit,100.0,3.23,26.69,27.66,0.97,1,30.96
ORD001454,CUST0567,WH008,DRV0175,VEH0115,2026-06-16,Trichy,Processing,Delayed,549.61,7.45,57.36,60.6,3.24,1,73.77
ORD001455,CUST0868,WH004,DRV0119,VEH0072,2026-05-12,Erode,Processing,Delivered,384.18,19.71,138.08,124.89,0.0,0,19.49
ORD001456,CUST0274,WH009,DRV0188,VEH0181,2026-07-01,Tirunelveli,Processing,Delivered,534.12,17.3,111.77,130.43,18.66,1,30.87
ORD001457,CUST0792,WH003,DRV0008,VEH0188,2026-01-17,Coimbatore,Dispatched,In Transit,378.91,13.6,78.05,75.22,0.0,0,27.86
ORD001458,CUST0542,WH009,DRV0074,VEH0050,2026-06-10,Vellore,Processing,In Transit,100.0,40.67,200.02,206.57,6.55,1,2.46
ORD001459,CUST0017,WH010,DRV0165,VEH0066,2026-07-04,Tirunelveli,Dispatched,Delivered,224.64,14.61,78.03,74.33,0.0,0,15.38
ORD001460,CUST0464,WH006,DRV0191,VEH0083,2026-01-27,Madurai,Dispatched,Delivered,268.34,6.63,54.33,59.74,5.41,1,40.47
ORD001461,CUST0298,WH005,DRV0027,VEH0024,2026-06-26,Tirunelveli,Processing,Delivered,100.0,6.23,56.41,61.21,4.8,1,16.05
ORD001462,CUST0593,WH002,DRV0095,VEH0069,2026-05-03,Salem,Processing,Delivered,100.0,16.13,74.93,73.03,0.0,0,6.2
ORD001463,CUST0876,WH006,DRV0131,VEH0008,2026-03-05,Coimbatore,Confirmed,Delivered,293.89,27.37,124.06,108.45,0.0,0,10.74
ORD001464,CUST0396,WH004,DRV0167,VEH0148,2026-02-04,Madurai,Processing,Delivered,309.43,11.69,46.77,40.94,0.0,0,26.47
ORD001465,CUST0027,WH005,DRV0006,VEH0099,2026-07-20,Madurai,Dispatched,Delivered,845.0,14.9,97.32,105.25,7.93,1,56.71
ORD001466,CUST0183,WH006,DRV0010,VEH0066,2026-03-04,Salem,Dispatched,Delivered,153.05,15.4,102.16,116.0,13.84,1,9.94
ORD001467,CUST0516,WH007,DRV0157,VEH0198,2026-05-18,Madurai,Dispatched,Delivered,100.0,41.63,284.89,277.37,0.0,0,2.4
ORD001468,CUST0675,WH004,DRV0029,VEH0059,2026-07-31,Trichy,Processing,Delivered,164.31,20.8,123.56,126.6,3.04,1,7.9
ORD001469,CUST0449,WH008,DRV0148,VEH0047,2026-04-11,Salem,Dispatched,Delivered,313.64,24.01,141.76,131.44,0.0,0,13.06
ORD001470,CUST0332,WH005,DRV0079,VEH0164,2026-02-08,Tirunelveli,Dispatched,Delivered,143.07,6.45,59.57,59.07,0.0,0,22.18
ORD001471,CUST0925,WH007,DRV0066,VEH0130,2026-05-07,Tirunelveli,Dispatched,Delivered,193.67,8.02,35.33,35.22,0.0,0,24.15
ORD001472,CUST0584,WH006,DRV0012,VEH0192,2026-07-07,Tirunelveli,Dispatched,Delivered,119.42,7.61,63.86,61.17,0.0,0,15.69
ORD001473,CUST0456,WH005,DRV0013,VEH0166,2026-03-03,Vellore,Dispatched,Delivered,393.67,10.0,58.01,65.33,7.32,1,39.37
ORD001474,CUST0588,WH007,DRV0108,VEH0116,2026-05-29,Tirunelveli,Dispatched,Delivered,294.12,12.29,97.74,92.81,0.0,0,23.93
ORD001475,CUST0420,WH004,DRV0167,VEH0026,2026-01-26,Tirunelveli,Dispatched,Delayed,106.37,14.24,77.23,77.5,0.27,1,7.47
ORD001476,CUST0240,WH007,DRV0167,VEH0148,2026-08-13,Tirunelveli,Confirmed,Delivered,129.12,11.15,72.63,66.27,0.0,0,11.58
ORD001477,CUST0512,WH003,DRV0102,VEH0093,2026-02-19,Erode,Dispatched,Delayed,116.55,7.49,39.03,43.78,4.75,1,15.56
ORD001478,CUST0290,WH008,DRV0173,VEH0122,2026-05-15,Erode,Confirmed,Delivered,100.0,5.56,58.67,62.4,3.73,1,17.99
ORD001479,CUST0804,WH010,DRV0169,VEH0004,2026-04-22,Trichy,Confirmed,Delivered,110.47,15.18,130.68,115.13,0.0,0,7.28
ORD001480,CUST0439,WH004,DRV0091,VEH0065,2026-08-06,Coimbatore,Dispatched,Delayed,100.0,18.07,74.06,72.9,0.0,1,5.53
ORD001481,CUST0772,WH004,DRV0171,VEH0142,2026-01-06,Coimbatore,Dispatched,Delivered,332.56,10.3,87.45,77.47,0.0,0,32.29
ORD001482,CUST0523,WH001,DRV0062,VEH0035,2026-08-09,Vellore,Confirmed,Delivered,350.15,3.59,41.57,39.34,0.0,0,97.53
ORD001483,CUST0571,WH008,DRV0131,VEH0117,2026-05-05,Vellore,Processing,Delivered,149.27,20.67,132.69,117.64,0.0,0,7.22
ORD001484,CUST0259,WH005,DRV0009,VEH0085,2026-06-28,Madurai,Confirmed,Delivered,207.07,10.01,52.29,55.31,3.02,1,20.69
ORD001485,CUST0714,WH009,DRV0172,VEH0052,2026-07-05,Madurai,Dispatched,Delivered,363.63,4.46,51.64,58.87,7.23,1,81.53
ORD001486,CUST0268,WH003,DRV0125,VEH0023,2026-01-02,Tirunelveli,Dispatched,Delivered,301.71,11.59,114.82,105.27,0.0,0,26.03
ORD001487,CUST0113,WH005,DRV0162,VEH0110,2026-06-14,Vellore,Dispatched,Delivered,667.18,21.56,128.13,117.41,0.0,0,30.95
ORD001488,CUST0585,WH004,DRV0019,VEH0020,2026-05-30,Salem,Dispatched,Delivered,214.57,8.87,61.68,59.56,0.0,0,24.19
ORD001489,CUST0405,WH007,DRV0090,VEH0090,2026-08-16,Tirunelveli,Cancelled,Cancelled,466.01,1.94,,,,0,240.21
ORD001490,CUST0994,WH010,DRV0087,VEH0027,2026-02-08,Coimbatore,Dispatched,Delivered,192.83,9.67,103.9,92.4,0.0,0,19.94
ORD001491,CUST0918,WH005,DRV0018,VEH0169,2026-04-26,Chennai,Processing,Delivered,167.73,7.24,50.71,56.16,5.45,1,23.17
ORD001492,CUST0402,WH002,DRV0174,VEH0164,2026-06-21,Madurai,Dispatched,In Transit,281.79,12.99,44.25,42.76,0.0,0,21.69
ORD001493,CUST0236,WH006,DRV0104,VEH0132,2026-01-21,Salem,Dispatched,Delivered,259.54,11.77,59.28,68.54,9.26,1,22.05
ORD001494,CUST0006,WH004,DRV0169,VEH0026,2026-08-20,Madurai,Dispatched,Delivered,122.1,8.36,56.41,63.22,6.81,1,14.61
ORD001495,CUST0601,WH006,DRV0126,VEH0108,2026-02-17,Salem,Processing,Delivered,106.1,8.03,35.22,35.9,0.68,1,13.21
ORD001496,CUST0114,WH001,DRV0049,VEH0040,2026-05-27,Coimbatore,Processing,Delivered,190.3,25.52,160.52,146.41,0.0,0,7.46
ORD001497,CUST0365,WH001,DRV0102,VEH0107,2026-01-13,Madurai,Confirmed,Delivered,100.0,16.07,108.34,101.26,0.0,0,6.22
ORD001498,CUST0847,WH004,DRV0180,VEH0084,2026-01-31,Vellore,Dispatched,Delivered,148.43,15.75,113.62,99.47,0.0,0,9.42
ORD001499,CUST0321,WH007,DRV0074,VEH0088,2026-05-16,Vellore,Cancelled,Cancelled,100.0,19.94,,,,0,5.02
ORD001500,CUST0311,WH007,DRV0171,VEH0194,2026-01-23,Tirunelveli,Processing,Delivered,124.63,9.95,62.26,64.56,2.3,1,12.53
ORD001501,CUST0168,WH001,DRV0138,VEH0073,2026-04-13,Madurai,Dispatched,Delivered,109.27,29.74,146.42,163.12,16.7,1,3.67
ORD001502,CUST0850,WH005,DRV0085,VEH0082,2026-07-01,Chennai,Dispatched,Delivered,298.61,14.33,91.12,105.82,14.7,1,20.84
ORD001503,CUST0052,WH006,DRV0166,VEH0106,2026-07-22,Vellore,Confirmed,Delivered,242.34,12.58,75.29,81.02,5.73,1,19.26
ORD001504,CUST0888,WH005,DRV0038,VEH0094,2026-03-17,Vellore,Dispatched,Delayed,187.62,14.22,56.5,61.19,4.69,1,13.19
ORD001505,CUST0300,WH007,DRV0175,VEH0003,2026-05-14,Coimbatore,Dispatched,Delivered,141.29,9.65,74.78,76.62,1.84,1,14.64
ORD001506,CUST0863,WH006,DRV0135,VEH0192,2026-08-13,Salem,Dispatched,Delivered,355.15,7.47,43.08,48.3,5.22,1,47.54
ORD001507,CUST0062,WH005,DRV0012,VEH0029,2026-08-27,Chennai,Processing,In Transit,325.52,22.85,139.16,139.64,0.48,1,14.25
ORD001508,CUST0084,WH005,DRV0052,VEH0182,2026-06-08,Salem,Processing,Delivered,168.64,5.22,53.51,47.52,0.0,0,32.31
ORD001509,CUST0748,WH009,DRV0105,VEH0007,2026-02-03,Madurai,Processing,Delivered,437.29,5.53,35.11,32.68,0.0,0,79.08
ORD001510,CUST0985,WH003,DRV0161,VEH0153,2026-06-21,Erode,Processing,Delivered,160.26,10.88,59.89,54.31,0.0,0,14.73
ORD001511,CUST0353,WH009,DRV0092,VEH0152,2026-07-30,Trichy,Confirmed,In Transit,207.07,6.49,56.87,52.11,0.0,0,31.91
ORD001512,CUST0842,WH002,DRV0024,VEH0043,2026-03-26,Madurai,Dispatched,Delivered,124.81,3.6,41.43,42.85,1.42,1,34.67
ORD001513,CUST0669,WH010,DRV0176,VEH0006,2026-07-10,Coimbatore,Dispatched,In Transit,140.39,5.4,27.03,25.44,0.0,0,26.0
ORD001514,CUST0503,WH007,DRV0031,VEH0143,2026-07-03,Tirunelveli,Dispatched,Delivered,120.6,6.62,60.94,56.62,0.0,0,18.22
ORD001515,CUST0659,WH006,DRV0082,VEH0079,2026-01-11,Vellore,Confirmed,Delivered,283.42,14.74,96.61,105.97,9.36,1,19.23
ORD001516,CUST0924,WH008,DRV0023,VEH0040,2026-07-21,Salem,Dispatched,In Transit,231.49,10.34,100.85,91.01,0.0,0,22.39
ORD001517,CUST0890,WH009,DRV0071,VEH0189,2026-07-19,Chennai,Dispatched,Delivered,100.0,20.49,115.7,117.19,1.49,1,4.88
ORD001518,CUST0475,WH006,DRV0072,VEH0123,2026-01-12,Madurai,Dispatched,Delivered,261.96,5.2,48.76,57.04,8.28,1,50.38
ORD001519,CUST0635,WH002,DRV0118,VEH0021,2026-05-27,Salem,Dispatched,Delivered,581.39,5.83,46.53,44.61,0.0,0,99.72
ORD001520,CUST0915,WH010,DRV0143,VEH0058,2026-03-15,Chennai,Dispatched,Delivered,118.03,13.34,86.81,82.44,0.0,0,8.85
ORD001521,CUST0503,WH004,DRV0038,VEH0109,2026-02-22,Erode,Dispatched,Delivered,113.72,7.26,52.5,51.7,0.0,0,15.66
ORD001522,CUST0799,WH003,DRV0156,VEH0096,2026-04-12,Erode,Processing,Delivered,182.23,9.32,38.18,41.78,3.6,1,19.55
ORD001523,CUST0694,WH003,DRV0091,VEH0032,2026-07-01,Madurai,Dispatched,Delivered,444.01,5.45,53.63,53.92,0.29,1,81.47
ORD001524,CUST0099,WH005,DRV0127,VEH0012,2026-02-08,Trichy,Confirmed,Delivered,136.33,5.2,24.46,25.22,0.76,1,26.22
ORD001525,CUST0702,WH010,DRV0021,VEH0137,2026-05-23,Trichy,Confirmed,Delivered,600.16,7.07,78.01,68.29,0.0,0,84.89
ORD001526,CUST0910,WH001,DRV0027,VEH0020,2026-07-04,Tirunelveli,Processing,Delivered,100.0,21.24,152.39,138.86,0.0,0,4.71
ORD001527,CUST0306,WH009,DRV0175,VEH0143,2026-07-06,Madurai,Confirmed,Delivered,204.84,4.39,62.2,57.67,0.0,0,46.66
ORD001528,CUST0763,WH004,DRV0056,VEH0136,2026-04-20,Coimbatore,Processing,In Transit,100.0,22.77,154.81,171.19,16.38,1,4.39
ORD001529,CUST0315,WH007,DRV0125,VEH0021,2026-06-06,Trichy,Confirmed,Delivered,100.0,20.01,121.82,128.32,6.5,1,5.0
ORD001530,CUST0710,WH007,DRV0106,VEH0045,2026-03-27,Erode,Confirmed,Delivered,157.79,8.35,60.77,63.05,2.28,1,18.9
ORD001531,CUST0442,WH007,DRV0142,VEH0121,2026-05-26,Salem,Dispatched,Delayed,216.08,11.74,79.37,79.55,0.18,1,18.41
ORD001532,CUST0247,WH005,DRV0021,VEH0040,2026-02-18,Coimbatore,Confirmed,Delivered,406.05,14.04,100.91,117.47,16.56,1,28.92
ORD001533,CUST0265,WH004,DRV0014,VEH0094,2026-01-16,Coimbatore,Dispatched,Delayed,115.06,17.49,102.74,99.95,0.0,1,6.58
ORD001534,CUST0569,WH004,DRV0107,VEH0095,2026-03-26,Madurai,Confirmed,Delivered,238.27,5.82,35.29,36.86,1.57,1,40.94
ORD001535,CUST0425,WH005,DRV0070,VEH0006,2026-01-07,Salem,Dispatched,Delivered,100.0,18.77,82.06,80.57,0.0,0,5.33
ORD001536,CUST0795,WH006,DRV0028,VEH0011,2026-07-02,Salem,Dispatched,Delivered,349.47,12.36,63.2,74.12,10.92,1,28.27
ORD001537,CUST0058,WH010,DRV0113,VEH0064,2026-01-18,Chennai,Dispatched,Delivered,424.86,6.12,14.74,15.57,0.83,1,69.42
ORD001538,CUST0849,WH007,DRV0165,VEH0170,2026-01-30,Trichy,Dispatched,Delivered,355.81,12.45,93.48,86.51,0.0,0,28.58
ORD001539,CUST0484,WH005,DRV0102,VEH0122,2026-04-20,Erode,Confirmed,Delivered,355.47,6.07,56.11,56.09,0.0,0,58.56
ORD001540,CUST0324,WH009,DRV0067,VEH0187,2026-07-07,Trichy,Dispatched,Delivered,170.82,11.47,72.19,66.43,0.0,0,14.89
ORD001541,CUST0186,WH009,DRV0124,VEH0136,2026-02-10,Coimbatore,Dispatched,Delivered,216.99,8.6,81.25,76.67,0.0,0,25.23
ORD001542,CUST0792,WH001,DRV0033,VEH0200,2026-04-04,Coimbatore,Dispatched,Delivered,170.2,12.87,48.21,43.57,0.0,0,13.22
ORD001543,CUST0499,WH005,DRV0012,VEH0055,2026-03-27,Madurai,Dispatched,Delivered,175.99,13.35,89.51,105.03,15.52,1,13.18
ORD001544,CUST0848,WH002,DRV0140,VEH0126,2026-03-18,Salem,Processing,Delivered,111.79,24.69,130.19,140.23,10.04,1,4.53
ORD001545,CUST0062,WH004,DRV0179,VEH0039,2026-03-29,Trichy,Dispatched,Delivered,217.69,16.86,106.71,105.17,0.0,0,12.91
ORD001546,CUST0593,WH007,DRV0163,VEH0179,2026-06-19,Erode,Processing,Delayed,237.83,15.06,80.55,71.14,0.0,1,15.79
ORD001547,CUST0963,WH010,DRV0103,VEH0055,2026-02-09,Chennai,Dispatched,Delivered,343.93,3.46,40.65,38.57,0.0,0,99.4
ORD001548,CUST0246,WH006,DRV0012,VEH0076,2026-07-20,Trichy,Confirmed,Delayed,233.9,20.82,120.6,122.19,1.59,1,11.23
ORD001549,CUST0487,WH007,DRV0019,VEH0131,2026-02-03,Trichy,Dispatched,Delivered,321.4,8.84,48.4,54.44,6.04,1,36.36
ORD001550,CUST0761,WH003,DRV0095,VEH0171,2026-03-02,Tirunelveli,Confirmed,Delivered,111.75,5.45,44.72,44.81,0.09,1,20.5
ORD001551,CUST0869,WH005,DRV0059,VEH0173,2026-08-14,Tirunelveli,Processing,Delivered,457.25,36.69,171.03,174.11,3.08,1,12.46
ORD001552,CUST0373,WH006,DRV0117,VEH0080,2026-05-23,Erode,Dispatched,Delivered,154.96,7.25,46.64,43.04,0.0,0,21.37
ORD001553,CUST0515,WH006,DRV0013,VEH0128,2026-01-01,Trichy,Dispatched,Delivered,100.0,26.34,125.51,128.86,3.35,1,3.8
ORD001554,CUST0748,WH006,DRV0019,VEH0016,2026-08-04,Coimbatore,Dispatched,Delivered,140.73,14.15,95.65,101.15,5.5,1,9.95
ORD001555,CUST0051,WH009,DRV0164,VEH0005,2026-03-19,Salem,Processing,Delivered,263.71,16.13,66.89,76.28,9.39,1,16.35
ORD001556,CUST0617,WH006,DRV0132,VEH0040,2026-07-22,Salem,Confirmed,Delivered,191.22,11.54,59.76,69.17,9.41,1,16.57
ORD001557,CUST0099,WH002,DRV0013,VEH0067,2026-08-26,Erode,Dispatched,Delivered,100.0,6.23,43.04,43.84,0.8,1,16.05
ORD001558,CUST0323,WH009,DRV0084,VEH0173,2026-08-26,Vellore,Dispatched,Delivered,208.48,18.1,114.11,119.6,5.49,1,11.52
ORD001559,CUST0592,WH004,DRV0134,VEH0131,2026-08-15,Vellore,Dispatched,Delivered,196.84,13.52,74.65,73.43,0.0,0,14.56
ORD001560,CUST0441,WH007,DRV0044,VEH0159,2026-02-06,Trichy,Dispatched,In Transit,100.0,13.39,93.9,88.29,0.0,0,7.47
ORD001561,CUST0404,WH006,DRV0076,VEH0024,2026-05-29,Salem,Dispatched,Delivered,261.63,12.2,62.79,72.84,10.05,1,21.45
ORD001562,CUST0813,WH009,DRV0109,VEH0029,2026-02-27,Madurai,Processing,Delivered,166.17,9.82,57.8,57.87,0.07,1,16.92
ORD001563,CUST0902,WH010,DRV0081,VEH0126,2026-05-22,Coimbatore,Dispatched,Delivered,100.0,18.18,110.56,99.73,0.0,0,5.5
ORD001564,CUST0417,WH003,DRV0136,VEH0183,2026-06-30,Vellore,Dispatched,Delivered,284.8,15.86,109.91,111.41,1.5,1,17.96
ORD001565,CUST0683,WH008,DRV0161,VEH0033,2026-02-04,Coimbatore,Processing,Delivered,203.09,19.44,129.46,128.64,0.0,0,10.45
ORD001566,CUST0946,WH005,DRV0121,VEH0179,2026-04-05,Vellore,Dispatched,Delivered,484.84,10.11,55.77,55.99,0.22,1,47.96
ORD001567,CUST0155,WH006,DRV0052,VEH0080,2026-02-09,Salem,Dispatched,Delivered,103.32,9.58,68.14,70.47,2.33,1,10.78
ORD001568,CUST0542,WH003,DRV0103,VEH0097,2026-04-27,Trichy,Processing,Delivered,155.79,8.11,39.9,45.18,5.28,1,19.21
ORD001569,CUST0611,WH003,DRV0117,VEH0030,2026-04-17,Erode,Processing,Delayed,362.45,12.43,79.73,89.79,10.06,1,29.16
ORD001570,CUST0146,WH007,DRV0090,VEH0061,2026-06-10,Trichy,Confirmed,Delayed,100.0,3.57,39.25,43.43,4.18,1,28.01
ORD001571,CUST0926,WH006,DRV0083,VEH0188,2026-03-16,Tirunelveli,Dispatched,Delivered,354.24,47.66,237.51,218.35,0.0,0,7.43
ORD001572,CUST0235,WH002,DRV0013,VEH0163,2026-01-03,Trichy,Processing,Delivered,360.3,7.56,48.44,51.94,3.5,1,47.66
ORD001573,CUST0474,WH010,DRV0120,VEH0007,2026-01-31,Vellore,Confirmed,Delivered,222.28,24.17,131.69,116.08,0.0,0,9.2
ORD001574,CUST0399,WH008,DRV0138,VEH0134,2026-04-25,Salem,Dispatched,Delivered,162.82,8.71,70.03,64.07,0.0,0,18.69
ORD001575,CUST0864,WH005,DRV0162,VEH0143,2026-08-24,Trichy,Dispatched,Delivered,119.02,16.72,114.31,108.31,0.0,0,7.12
ORD001576,CUST0611,WH007,DRV0095,VEH0096,2026-05-13,Tirunelveli,Dispatched,Delivered,113.44,31.31,208.4,195.48,0.0,0,3.62
ORD001577,CUST0460,WH003,DRV0155,VEH0066,2026-08-03,Tirunelveli,Dispatched,Delayed,221.86,16.14,58.54,67.73,9.19,1,13.75
ORD001578,CUST0702,WH010,DRV0186,VEH0085,2026-03-21,Salem,Dispatched,Delivered,100.0,30.22,179.36,175.75,0.0,0,3.31
ORD001579,CUST0789,WH005,DRV0195,VEH0017,2026-03-08,Chennai,Dispatched,Delivered,126.21,23.31,135.06,119.28,0.0,0,5.41
ORD001580,CUST0908,WH003,DRV0172,VEH0019,2026-03-21,Tirunelveli,Dispatched,Delivered,115.38,5.94,42.37,49.17,6.8,1,19.42
ORD001581,CUST0433,WH003,DRV0069,VEH0014,2026-04-13,Salem,Dispatched,Delivered,100.0,18.27,98.53,105.12,6.59,1,5.47
ORD001582,CUST0257,WH001,DRV0005,VEH0049,2026-04-25,Madurai,Processing,Delivered,204.53,14.59,69.95,80.82,10.87,1,14.02
ORD001583,CUST0715,WH003,DRV0165,VEH0051,2026-02-05,Vellore,Cancelled,Cancelled,100.0,7.15,,,,0,13.99
ORD001584,CUST0439,WH007,DRV0071,VEH0034,2026-03-29,Trichy,Processing,Delivered,396.18,22.08,114.44,129.33,14.89,1,17.94
ORD001585,CUST0537,WH009,DRV0104,VEH0084,2026-01-01,Trichy,Processing,Delivered,328.27,5.09,35.99,36.22,0.23,1,64.49
ORD001586,CUST0175,WH001,DRV0056,VEH0149,2026-06-27,Coimbatore,Processing,Delivered,438.65,21.21,113.67,106.63,0.0,0,20.68
ORD001587,CUST0713,WH004,DRV0051,VEH0176,2026-06-19,Tirunelveli,Confirmed,Delivered,128.68,18.42,76.04,84.55,8.51,1,6.99
ORD001588,CUST0807,WH010,DRV0056,VEH0067,2026-07-23,Vellore,Dispatched,Delivered,207.49,12.59,61.51,57.13,0.0,0,16.48
ORD001589,CUST0491,WH007,DRV0170,VEH0058,2026-02-07,Salem,Dispatched,Delivered,309.53,7.81,51.42,59.23,7.81,1,39.63
ORD001590,CUST0283,WH006,DRV0141,VEH0078,2026-03-26,Erode,Dispatched,Delivered,166.5,18.11,73.47,82.1,8.63,1,9.19
ORD001591,CUST0605,WH004,DRV0034,VEH0149,2026-05-12,Chennai,Dispatched,In Transit,125.42,2.88,25.24,27.02,1.78,1,43.55
ORD001592,CUST0562,WH003,DRV0100,VEH0027,2026-04-10,Erode,Dispatched,Delivered,195.94,6.83,83.26,76.47,0.0,0,28.69
ORD001593,CUST0219,WH006,DRV0162,VEH0199,2026-07-14,Trichy,Confirmed,Delivered,158.66,11.65,108.42,98.11,0.0,0,13.62
ORD001594,CUST0951,WH004,DRV0053,VEH0157,2026-03-22,Coimbatore,Dispatched,Delivered,100.0,12.6,72.3,78.92,6.62,1,7.94
ORD001595,CUST0156,WH005,DRV0003,VEH0137,2026-02-27,Salem,Dispatched,Delivered,100.0,6.95,39.26,44.68,5.42,1,14.39
ORD001596,CUST0057,WH002,DRV0074,VEH0172,2026-06-03,Coimbatore,Processing,Delivered,100.0,7.07,69.19,62.65,0.0,0,14.14
ORD001597,CUST0511,WH009,DRV0107,VEH0156,2026-02-23,Chennai,Dispatched,Delivered,100.0,16.46,97.5,93.32,0.0,0,6.08
ORD001598,CUST0743,WH002,DRV0099,VEH0166,2026-03-10,Salem,Processing,Delivered,102.98,6.06,46.46,51.77,5.31,1,16.99
ORD001599,CUST0338,WH004,DRV0037,VEH0015,2026-07-30,Trichy,Processing,Delivered,455.95,9.21,64.37,63.27,0.0,0,49.51
ORD001600,CUST0719,WH008,DRV0180,VEH0015,2026-04-22,Salem,Confirmed,Delivered,100.0,5.07,31.34,28.19,0.0,0,19.72
ORD001601,CUST0272,WH007,DRV0134,VEH0158,2026-02-11,Trichy,Processing,In Transit,242.69,12.07,83.37,95.73,12.36,1,20.11
ORD001602,CUST0727,WH004,DRV0149,VEH0032,2026-02-20,Erode,Dispatched,Delivered,401.32,10.22,63.7,72.79,9.09,1,39.27
ORD001603,CUST0990,WH008,DRV0045,VEH0040,2026-07-29,Erode,Dispatched,Delivered,100.0,2.72,34.95,37.5,2.55,1,36.76
ORD001604,CUST0996,WH006,DRV0133,VEH0076,2026-02-26,Madurai,Processing,Delivered,581.91,4.39,40.0,38.25,0.0,0,132.55
ORD001605,CUST0184,WH008,DRV0003,VEH0091,2026-06-27,Trichy,Dispatched,In Transit,172.48,25.11,150.06,166.1,16.04,1,6.87
ORD001606,CUST0291,WH004,DRV0020,VEH0002,2026-07-12,Coimbatore,Dispatched,Delivered,438.25,7.35,63.7,58.18,0.0,0,59.63
ORD001607,CUST0924,WH005,DRV0061,VEH0022,2026-08-21,Chennai,Processing,Delivered,216.17,14.83,115.25,107.2,0.0,0,14.58
ORD001608,CUST0302,WH004,DRV0163,VEH0154,2026-06-22,Salem,Confirmed,Delivered,134.37,5.79,46.78,45.94,0.0,0,23.21
ORD001609,CUST0579,WH007,DRV0160,VEH0168,2026-03-07,Madurai,Dispatched,Delivered,100.0,27.4,168.23,190.13,21.9,1,3.65
ORD001610,CUST0247,WH004,DRV0147,VEH0136,2026-03-01,Madurai,Dispatched,Delivered,100.0,3.41,54.34,47.4,0.0,0,29.33
ORD001611,CUST0016,WH005,DRV0143,VEH0036,2026-02-09,Madurai,Dispatched,Delivered,281.98,23.59,136.93,137.34,0.41,1,11.95
ORD001612,CUST0335,WH009,DRV0074,VEH0154,2026-02-10,Coimbatore,Processing,Delivered,492.37,12.57,66.91,67.89,0.98,1,39.17
ORD001613,CUST0211,WH008,DRV0057,VEH0101,2026-02-10,Trichy,Dispatched,Delivered,100.0,17.82,132.98,115.77,0.0,0,5.61
ORD001614,CUST0586,WH002,DRV0154,VEH0081,2026-06-22,Vellore,Processing,Delivered,174.38,25.34,174.05,156.92,0.0,0,6.88
ORD001615,CUST0373,WH007,DRV0070,VEH0121,2026-08-12,Madurai,Processing,Delivered,135.65,13.8,119.48,121.06,1.58,1,9.83
ORD001616,CUST0817,WH002,DRV0111,VEH0135,2026-06-15,Chennai,Dispatched,Delivered,237.84,31.86,115.63,118.52,2.89,1,7.47
ORD001617,CUST0964,WH010,DRV0090,VEH0129,2026-08-09,Chennai,Processing,Delivered,191.99,25.09,138.59,157.71,19.12,1,7.65
ORD001618,CUST0406,WH003,DRV0130,VEH0160,2026-08-27,Vellore,Confirmed,Delayed,142.37,17.47,152.87,135.53,0.0,1,8.15
ORD001619,CUST0530,WH001,DRV0049,VEH0083,2026-02-08,Salem,Cancelled,Cancelled,274.63,22.67,,,,0,12.11
ORD001620,CUST0022,WH002,DRV0176,VEH0009,2026-07-09,Chennai,Confirmed,In Transit,115.64,11.79,77.75,82.45,4.7,1,9.81
ORD001621,CUST0618,WH003,DRV0160,VEH0059,2026-01-02,Trichy,Dispatched,Delivered,182.6,6.27,30.07,27.95,0.0,0,29.12
ORD001622,CUST0119,WH005,DRV0131,VEH0172,2026-05-22,Vellore,Dispatched,Delivered,299.04,43.56,216.24,200.44,0.0,0,6.87
ORD001623,CUST0528,WH006,DRV0148,VEH0065,2026-03-13,Vellore,Confirmed,Delivered,113.05,12.32,75.1,81.77,6.67,1,9.18
ORD001624,CUST0184,WH007,DRV0094,VEH0149,2026-05-06,Trichy,Confirmed,Delivered,143.55,14.23,116.25,112.42,0.0,0,10.09
ORD001625,CUST0515,WH005,DRV0165,VEH0126,2026-02-03,Vellore,Confirmed,Delivered,126.13,4.55,33.2,35.83,2.63,1,27.72
ORD001626,CUST0492,WH005,DRV0109,VEH0148,2026-06-18,Madurai,Dispatched,Delivered,243.21,26.31,155.33,142.9,0.0,0,9.24
ORD001627,CUST0506,WH008,DRV0148,VEH0177,2026-07-31,Trichy,Confirmed,Delivered,227.51,13.99,87.31,97.43,10.12,1,16.26
ORD001628,CUST0635,WH001,DRV0060,VEH0128,2026-07-15,Trichy,Dispatched,Delivered,129.44,16.45,136.42,129.84,0.0,0,7.87
ORD001629,CUST0755,WH009,DRV0098,VEH0033,2026-08-07,Madurai,Confirmed,Delivered,226.23,17.88,117.12,123.57,6.45,1,12.65
ORD001630,CUST0437,WH003,DRV0187,VEH0146,2026-05-10,Salem,Processing,Delayed,100.0,7.21,51.33,59.63,8.3,1,13.87
ORD001631,CUST0803,WH006,DRV0081,VEH0169,2026-02-25,Trichy,Dispatched,Delivered,311.98,25.87,138.62,156.26,17.64,1,12.06
ORD001632,CUST0105,WH004,DRV0042,VEH0145,2026-01-14,Trichy,Dispatched,Delivered,324.47,14.96,118.71,113.44,0.0,0,21.69
ORD001633,CUST0103,WH002,DRV0151,VEH0120,2026-04-10,Coimbatore,Confirmed,Delayed,130.43,2.84,39.41,42.74,3.33,1,45.93
ORD001634,CUST0208,WH006,DRV0169,VEH0013,2026-04-01,Salem,Dispatched,Delivered,114.61,22.72,170.18,163.74,0.0,0,5.04
ORD001635,CUST0981,WH010,DRV0073,VEH0043,2026-04-25,Madurai,Dispatched,Delivered,174.62,11.08,68.28,70.07,1.79,1,15.76
ORD001636,CUST0661,WH008,DRV0027,VEH0113,2026-08-15,Coimbatore,Dispatched,Delivered,100.33,7.74,65.91,62.31,0.0,0,12.96
ORD001637,CUST0705,WH004,DRV0081,VEH0073,2026-03-08,Tirunelveli,Dispatched,Delivered,110.99,3.67,31.82,31.89,0.07,1,30.24
ORD001638,CUST0825,WH008,DRV0174,VEH0065,2026-05-10,Coimbatore,Dispatched,In Transit,221.43,9.22,62.4,66.2,3.8,1,24.02
ORD001639,CUST0734,WH007,DRV0017,VEH0151,2026-06-13,Salem,Dispatched,Delivered,306.71,8.55,66.48,74.38,7.9,1,35.87
ORD001640,CUST0047,WH001,DRV0113,VEH0040,2026-03-25,Trichy,Processing,Delivered,222.88,24.27,164.45,172.68,8.23,1,9.18
ORD001641,CUST0930,WH005,DRV0130,VEH0162,2026-02-24,Madurai,Dispatched,Delivered,1183.36,8.1,55.59,53.43,0.0,0,146.09
ORD001642,CUST0304,WH008,DRV0015,VEH0036,2026-02-23,Salem,Dispatched,Delivered,408.13,4.21,57.76,53.87,0.0,0,96.94
ORD001643,CUST0167,WH006,DRV0118,VEH0178,2026-06-29,Coimbatore,Confirmed,Delayed,292.36,16.56,77.87,86.7,8.83,1,17.65
ORD001644,CUST0494,WH009,DRV0185,VEH0109,2026-04-10,Chennai,Confirmed,Delivered,285.57,25.03,143.53,136.79,0.0,0,11.41
ORD001645,CUST0087,WH007,DRV0169,VEH0118,2026-05-15,Madurai,Confirmed,Delivered,191.79,9.63,48.91,54.12,5.21,1,19.92
ORD001646,CUST0226,WH002,DRV0073,VEH0107,2026-03-31,Chennai,Dispatched,Delivered,251.65,35.74,192.26,209.77,17.51,1,7.04
ORD001647,CUST0120,WH001,DRV0014,VEH0085,2026-03-13,Tirunelveli,Dispatched,Delivered,206.12,22.55,116.88,115.79,0.0,0,9.14
ORD001648,CUST0926,WH009,DRV0008,VEH0092,2026-01-16,Tirunelveli,Dispatched,Delayed,358.9,26.4,125.1,133.55,8.45,1,13.59
ORD001649,CUST0248,WH005,DRV0076,VEH0158,2026-04-19,Trichy,Confirmed,Delivered,151.19,16.27,116.42,111.04,0.0,0,9.29
ORD001650,CUST0505,WH002,DRV0135,VEH0040,2026-03-13,Salem,Dispatched,Delivered,146.03,15.14,95.41,83.93,0.0,0,9.65
ORD001651,CUST0946,WH004,DRV0067,VEH0140,2026-08-09,Vellore,Dispatched,Delivered,389.84,7.86,66.77,74.63,7.86,1,49.6
ORD001652,CUST0353,WH010,DRV0154,VEH0093,2026-07-05,Trichy,Processing,Delivered,134.42,30.93,171.02,167.48,0.0,0,4.35
ORD001653,CUST0144,WH006,DRV0003,VEH0129,2026-06-28,Erode,Dispatched,Delivered,100.0,27.82,106.32,94.34,0.0,0,3.59
ORD001654,CUST0745,WH009,DRV0174,VEH0016,2026-06-05,Vellore,Dispatched,In Transit,111.47,31.34,192.18,212.83,20.65,1,3.56
ORD001655,CUST0350,WH008,DRV0132,VEH0097,2026-04-13,Vellore,Dispatched,Delivered,294.89,11.84,79.4,82.7,3.3,1,24.91
ORD001656,CUST0515,WH006,DRV0185,VEH0050,2026-07-19,Salem,Dispatched,Delayed,1029.39,9.74,68.05,76.71,8.66,1,105.69
ORD001657,CUST0749,WH004,DRV0124,VEH0043,2026-01-24,Coimbatore,Dispatched,Delivered,101.8,19.24,124.0,118.93,0.0,0,5.29
ORD001658,CUST0317,WH010,DRV0174,VEH0087,2026-02-04,Trichy,Processing,Delivered,275.71,8.83,79.92,76.06,0.0,0,31.22
ORD001659,CUST0770,WH005,DRV0014,VEH0188,2026-04-28,Erode,Dispatched,Delivered,200.33,11.92,85.39,81.38,0.0,0,16.81
ORD001660,CUST0026,WH004,DRV0131,VEH0133,2026-08-03,Chennai,Processing,Delivered,377.41,3.07,14.74,14.56,0.0,0,122.93
ORD001661,CUST0530,WH004,DRV0141,VEH0149,2026-07-08,Coimbatore,Processing,Delayed,274.14,14.28,83.58,77.83,0.0,1,19.2
ORD001662,CUST0322,WH008,DRV0136,VEH0065,2026-04-24,Salem,Confirmed,Delivered,392.93,17.44,93.96,109.16,15.2,1,22.53
ORD001663,CUST0296,WH004,DRV0184,VEH0095,2026-05-27,Coimbatore,Dispatched,Delivered,219.18,26.77,200.71,176.49,0.0,0,8.19
ORD001664,CUST0131,WH003,DRV0130,VEH0082,2026-06-05,Vellore,Processing,Delivered,105.36,19.71,96.14,104.88,8.74,1,5.35
ORD001665,CUST0017,WH002,DRV0102,VEH0149,2026-03-07,Chennai,Processing,Delivered,116.51,21.83,93.66,105.65,11.99,1,5.34
ORD001666,CUST0920,WH010,DRV0116,VEH0071,2026-06-16,Madurai,Processing,Delivered,208.05,34.3,153.19,135.29,0.0,0,6.07
ORD001667,CUST0770,WH001,DRV0046,VEH0065,2026-03-30,Salem,Dispatched,Delivered,245.58,6.91,40.5,36.85,0.0,0,35.54
ORD001668,CUST0582,WH005,DRV0031,VEH0023,2026-04-11,Madurai,Dispatched,Delivered,141.21,6.1,36.79,34.08,0.0,0,23.15
ORD001669,CUST0936,WH004,DRV0091,VEH0091,2026-05-19,Coimbatore,Dispatched,Delivered,671.68,13.66,61.77,70.08,8.31,1,49.17
ORD001670,CUST0922,WH010,DRV0035,VEH0188,2026-01-25,Tirunelveli,Dispatched,Delivered,334.22,5.6,62.78,57.48,0.0,0,59.68
ORD001671,CUST0185,WH009,DRV0062,VEH0130,2026-03-25,Tirunelveli,Dispatched,Delivered,100.0,14.89,69.92,67.71,0.0,0,6.72
ORD001672,CUST0049,WH009,DRV0174,VEH0162,2026-03-06,Trichy,Processing,Delivered,167.35,5.75,58.68,54.86,0.0,0,29.1
ORD001673,CUST0825,WH005,DRV0152,VEH0057,2026-01-13,Tirunelveli,Dispatched,Delivered,100.0,6.59,59.27,51.84,0.0,0,15.17
ORD001674,CUST0824,WH005,DRV0065,VEH0016,2026-03-24,Salem,Cancelled,Cancelled,625.83,3.7,,,,0,169.14
ORD001675,CUST0966,WH006,DRV0090,VEH0104,2026-08-11,Coimbatore,Processing,Delivered,100.0,14.15,78.12,78.02,0.0,0,7.07
ORD001676,CUST0076,WH004,DRV0044,VEH0084,2026-08-24,Erode,Processing,Delivered,237.98,4.72,48.57,45.14,0.0,0,50.42
ORD001677,CUST0789,WH006,DRV0099,VEH0176,2026-05-10,Vellore,Dispatched,Delivered,196.4,16.76,132.64,135.33,2.69,1,11.72
ORD001678,CUST0528,WH008,DRV0051,VEH0025,2026-03-12,Erode,Dispatched,Delivered,307.67,18.52,91.37,105.46,14.09,1,16.61
ORD001679,CUST0006,WH005,DRV0108,VEH0196,2026-02-17,Erode,Dispatched,Delivered,223.59,7.46,43.1,48.79,5.69,1,29.97
ORD001680,CUST0034,WH008,DRV0088,VEH0160,2026-08-12,Vellore,Confirmed,Delivered,695.8,20.15,98.38,95.46,0.0,0,34.53
ORD001681,CUST0059,WH008,DRV0174,VEH0045,2026-03-28,Salem,Dispatched,Delivered,329.2,18.75,91.94,98.28,6.34,1,17.56
ORD001682,CUST0067,WH003,DRV0033,VEH0092,2026-07-05,Chennai,Processing,Delivered,100.0,23.3,133.62,149.91,16.29,1,4.29
ORD001683,CUST0255,WH006,DRV0192,VEH0168,2026-07-19,Coimbatore,Confirmed,Delivered,451.57,7.03,66.65,70.01,3.36,1,64.23
ORD001684,CUST0809,WH001,DRV0154,VEH0141,2026-07-09,Trichy,Confirmed,In Transit,206.86,6.83,53.93,59.25,5.32,1,30.29
ORD001685,CUST0403,WH005,DRV0101,VEH0005,2026-07-18,Salem,Dispatched,Delayed,452.07,17.91,106.6,124.36,17.76,1,25.24
ORD001686,CUST0157,WH007,DRV0167,VEH0145,2026-02-11,Tirunelveli,Processing,Delivered,147.51,13.53,81.28,90.76,9.48,1,10.9
ORD001687,CUST0032,WH005,DRV0058,VEH0071,2026-08-15,Trichy,Dispatched,Delivered,100.0,14.36,89.36,80.15,0.0,0,6.96
ORD001688,CUST0010,WH003,DRV0115,VEH0138,2026-04-15,Trichy,Dispatched,Delayed,100.0,27.33,142.06,166.42,24.36,1,3.66
ORD001689,CUST0704,WH002,DRV0026,VEH0187,2026-05-27,Chennai,Dispatched,Delivered,361.37,21.01,110.21,101.84,0.0,0,17.2
ORD001690,CUST0375,WH002,DRV0117,VEH0035,2026-07-15,Tirunelveli,Dispatched,In Transit,304.35,18.77,125.51,116.64,0.0,0,16.21
ORD001691,CUST0731,WH009,DRV0075,VEH0151,2026-08-12,Madurai,Processing,Delivered,123.38,17.46,116.96,114.75,0.0,0,7.07
ORD001692,CUST0349,WH002,DRV0093,VEH0184,2026-02-21,Erode,Processing,Delayed,100.0,22.16,148.2,162.4,14.2,1,4.51
ORD001693,CUST0589,WH007,DRV0195,VEH0144,2026-08-01,Coimbatore,Dispatched,Delivered,370.48,10.73,58.45,52.5,0.0,0,34.53
ORD001694,CUST0532,WH009,DRV0057,VEH0052,2026-06-12,Madurai,Dispatched,Delayed,100.0,5.47,37.34,37.62,0.28,1,18.28
ORD001695,CUST0156,WH003,DRV0070,VEH0155,2026-03-01,Madurai,Dispatched,Delivered,744.75,8.08,33.48,37.12,3.64,1,92.17
ORD001696,CUST0027,WH007,DRV0073,VEH0143,2026-01-24,Chennai,Dispatched,Delivered,100.0,7.4,49.53,50.61,1.08,1,13.51
ORD001697,CUST0973,WH001,DRV0008,VEH0190,2026-04-10,Vellore,Confirmed,Delayed,182.94,1.76,34.98,38.5,3.52,1,103.94
ORD001698,CUST0153,WH006,DRV0091,VEH0006,2026-02-21,Trichy,Confirmed,Delivered,210.51,17.48,111.69,116.0,4.31,1,12.04
ORD001699,CUST0892,WH002,DRV0126,VEH0103,2026-03-28,Trichy,Dispatched,Delivered,229.79,9.82,58.82,58.88,0.06,1,23.4
ORD001700,CUST0285,WH010,DRV0034,VEH0024,2026-07-31,Coimbatore,Processing,Delivered,223.81,10.86,63.57,66.36,2.79,1,20.61
ORD001701,CUST0628,WH001,DRV0069,VEH0087,2026-01-12,Erode,Confirmed,Delivered,197.31,8.42,67.28,64.25,0.0,0,23.43
ORD001702,CUST0250,WH005,DRV0010,VEH0133,2026-08-10,Chennai,Dispatched,Delayed,136.71,11.96,72.62,64.22,0.0,1,11.43
ORD001703,CUST0911,WH006,DRV0022,VEH0199,2026-03-20,Salem,Processing,Delivered,156.77,29.82,173.95,182.25,8.3,1,5.26
ORD001704,CUST0429,WH002,DRV0140,VEH0086,2026-07-10,Trichy,Dispatched,In Transit,118.67,3.66,31.81,33.25,1.44,1,32.42
ORD001705,CUST0557,WH004,DRV0157,VEH0093,2026-02-22,Coimbatore,Dispatched,Delivered,195.45,33.2,215.33,200.96,0.0,0,5.89
ORD001706,CUST0286,WH003,DRV0159,VEH0181,2026-07-21,Salem,Dispatched,Delivered,100.0,14.05,118.09,117.02,0.0,0,7.12
ORD001707,CUST0506,WH001,DRV0006,VEH0159,2026-02-13,Tirunelveli,Processing,Delivered,222.53,8.79,52.44,53.58,1.14,1,25.32
ORD001708,CUST0294,WH001,DRV0110,VEH0035,2026-02-08,Erode,Processing,Delivered,170.01,9.52,65.97,60.29,0.0,0,17.86
ORD001709,CUST0444,WH003,DRV0007,VEH0098,2026-02-06,Madurai,Dispatched,Delivered,313.23,6.52,29.77,26.64,0.0,0,48.04
ORD001710,CUST0288,WH002,DRV0097,VEH0147,2026-04-25,Chennai,Cancelled,Cancelled,148.8,2.85,,,,0,52.21
ORD001711,CUST0306,WH002,DRV0110,VEH0034,2026-01-01,Vellore,Processing,Delivered,268.12,5.78,40.68,44.92,4.24,1,46.39
ORD001712,CUST0071,WH010,DRV0013,VEH0129,2026-07-10,Salem,Processing,Delivered,259.52,11.99,103.47,104.53,1.06,1,21.64
ORD001713,CUST0163,WH005,DRV0063,VEH0169,2026-05-13,Trichy,Cancelled,Cancelled,165.61,10.27,,,,0,16.13
ORD001714,CUST0481,WH005,DRV0024,VEH0122,2026-04-09,Tirunelveli,Processing,Delivered,228.01,16.11,100.35,102.43,2.08,1,14.15
ORD001715,CUST0588,WH007,DRV0094,VEH0053,2026-07-19,Coimbatore,Dispatched,In Transit,100.0,8.47,60.14,64.76,4.62,1,11.81
ORD001716,CUST0343,WH005,DRV0097,VEH0126,2026-01-29,Coimbatore,Confirmed,Delivered,433.55,7.72,54.47,54.93,0.46,1,56.16
ORD001717,CUST0517,WH003,DRV0084,VEH0192,2026-01-12,Erode,Confirmed,In Transit,127.15,40.2,216.55,220.08,3.53,1,3.16
ORD001718,CUST0107,WH010,DRV0019,VEH0168,2026-07-20,Tirunelveli,Dispatched,Delivered,161.43,6.63,42.62,46.69,4.07,1,24.35
ORD001719,CUST0631,WH006,DRV0083,VEH0062,2026-06-06,Chennai,Dispatched,Delayed,100.0,6.92,60.15,53.66,0.0,1,14.45
ORD001720,CUST0799,WH003,DRV0088,VEH0055,2026-02-01,Madurai,Processing,Delivered,110.02,21.93,151.55,135.85,0.0,0,5.02
ORD001721,CUST0976,WH008,DRV0069,VEH0092,2026-08-11,Trichy,Confirmed,Delivered,527.58,18.73,102.95,95.51,0.0,0,28.17
ORD001722,CUST0609,WH006,DRV0150,VEH0118,2026-07-30,Madurai,Dispatched,Delivered,198.27,9.21,79.3,81.73,2.43,1,21.53
ORD001723,CUST0693,WH007,DRV0060,VEH0011,2026-04-12,Chennai,Dispatched,Delivered,149.47,19.69,92.92,96.68,3.76,1,7.59
ORD001724,CUST0498,WH003,DRV0022,VEH0052,2026-04-15,Chennai,Dispatched,Delivered,148.93,12.93,84.11,78.98,0.0,0,11.52
ORD001725,CUST0001,WH007,DRV0092,VEH0026,2026-08-02,Madurai,Dispatched,Delivered,181.51,8.53,65.17,63.12,0.0,0,21.28
ORD001726,CUST0598,WH009,DRV0145,VEH0074,2026-01-02,Vellore,Processing,Delivered,289.92,17.95,115.1,111.73,0.0,0,16.15
ORD001727,CUST0476,WH008,DRV0095,VEH0087,2026-02-07,Salem,Dispatched,Delivered,205.61,12.12,77.91,87.81,9.9,1,16.96
ORD001728,CUST0453,WH002,DRV0175,VEH0048,2026-05-10,Salem,Confirmed,Delivered,208.49,2.97,30.4,29.36,0.0,0,70.2
ORD001729,CUST0964,WH010,DRV0135,VEH0045,2026-06-16,Chennai,Dispatched,Delivered,100.0,17.96,88.23,78.74,0.0,0,5.57
ORD001730,CUST0065,WH010,DRV0145,VEH0033,2026-05-05,Salem,Dispatched,Delivered,149.76,11.0,57.31,65.44,8.13,1,13.61
ORD001731,CUST0911,WH002,DRV0190,VEH0192,2026-04-15,Salem,Dispatched,Delivered,200.69,28.39,137.64,144.62,6.98,1,7.07
ORD001732,CUST0485,WH007,DRV0191,VEH0078,2026-07-14,Vellore,Processing,Delivered,177.63,20.26,118.97,118.65,0.0,0,8.77
ORD001733,CUST0615,WH010,DRV0135,VEH0009,2026-05-31,Vellore,Confirmed,Delivered,138.34,13.59,82.54,78.18,0.0,0,10.18
ORD001734,CUST0948,WH004,DRV0029,VEH0078,2026-05-29,Erode,Dispatched,Delivered,130.34,9.39,57.34,65.39,8.05,1,13.88
ORD001735,CUST0422,WH009,DRV0200,VEH0105,2026-03-02,Tirunelveli,Dispatched,Delivered,240.6,11.91,69.37,62.39,0.0,0,20.2
ORD001736,CUST0536,WH006,DRV0004,VEH0002,2026-07-21,Coimbatore,Dispatched,Delayed,244.48,6.4,42.22,48.97,6.75,1,38.2
ORD001737,CUST0151,WH009,DRV0104,VEH0120,2026-05-20,Madurai,Confirmed,Delivered,344.85,13.58,95.86,86.57,0.0,0,25.39
ORD001738,CUST0815,WH003,DRV0118,VEH0116,2026-01-22,Vellore,Processing,Delivered,205.87,29.7,150.6,175.46,24.86,1,6.93
ORD001739,CUST0391,WH006,DRV0016,VEH0014,2026-01-02,Coimbatore,Dispatched,Delivered,100.0,35.69,198.53,221.56,23.03,1,2.8
ORD001740,CUST0765,WH006,DRV0080,VEH0164,2026-05-20,Coimbatore,Processing,Delivered,839.57,24.55,148.75,136.46,0.0,0,34.2
ORD001741,CUST0415,WH008,DRV0086,VEH0035,2026-02-06,Tirunelveli,Dispatched,Delivered,180.24,13.09,100.2,90.43,0.0,0,13.77
ORD001742,CUST0007,WH007,DRV0075,VEH0064,2026-04-29,Erode,Dispatched,Delivered,138.86,4.21,28.85,25.2,0.0,0,32.98
ORD001743,CUST0973,WH003,DRV0187,VEH0106,2026-04-02,Chennai,Dispatched,Delivered,174.55,11.44,66.65,75.34,8.69,1,15.26
ORD001744,CUST0516,WH001,DRV0041,VEH0153,2026-02-15,Tirunelveli,Dispatched,Delivered,140.13,21.08,118.12,117.19,0.0,0,6.65
ORD001745,CUST0763,WH002,DRV0060,VEH0097,2026-03-17,Chennai,Dispatched,Delivered,106.47,19.64,89.69,102.72,13.03,1,5.42
ORD001746,CUST0694,WH010,DRV0197,VEH0009,2026-05-14,Erode,Processing,Delivered,270.28,10.74,49.08,54.72,5.64,1,25.17
ORD001747,CUST0466,WH002,DRV0058,VEH0043,2026-08-30,Chennai,Dispatched,Delivered,164.59,10.19,56.95,63.11,6.16,1,16.15
ORD001748,CUST0104,WH001,DRV0112,VEH0010,2026-07-31,Coimbatore,Processing,Delivered,171.03,15.32,80.44,92.57,12.13,1,11.16
ORD001749,CUST0979,WH004,DRV0040,VEH0185,2026-05-12,Vellore,Cancelled,Cancelled,100.0,12.39,,,,0,8.07
ORD001750,CUST0464,WH006,DRV0058,VEH0033,2026-05-09,Trichy,Processing,Delivered,156.46,11.4,38.22,43.04,4.82,1,13.72
ORD001751,CUST0564,WH004,DRV0189,VEH0137,2026-05-28,Coimbatore,Dispatched,Delivered,100.0,11.05,101.42,97.63,0.0,0,9.05
ORD001752,CUST0594,WH004,DRV0173,VEH0054,2026-08-24,Tirunelveli,Processing,Delayed,129.08,26.66,187.83,181.0,0.0,1,4.84
ORD001753,CUST0848,WH009,DRV0077,VEH0013,2026-06-07,Coimbatore,Processing,Delivered,211.36,5.83,49.95,54.92,4.97,1,36.25
ORD001754,CUST0560,WH002,DRV0048,VEH0152,2026-05-01,Tirunelveli,Dispatched,Delivered,121.66,9.8,54.5,47.41,0.0,0,12.41
ORD001755,CUST0351,WH001,DRV0090,VEH0062,2026-05-24,Erode,Confirmed,In Transit,133.07,10.17,39.34,41.23,1.89,1,13.08
ORD001756,CUST0729,WH007,DRV0011,VEH0168,2026-05-27,Coimbatore,Dispatched,In Transit,193.02,13.32,59.77,53.29,0.0,0,14.49
ORD001757,CUST0834,WH005,DRV0056,VEH0128,2026-02-11,Salem,Dispatched,Delivered,130.42,12.14,82.77,72.96,0.0,0,10.74
ORD001758,CUST0366,WH005,DRV0023,VEH0059,2026-06-21,Tirunelveli,Confirmed,Delivered,100.0,11.62,89.82,79.16,0.0,0,8.61
ORD001759,CUST0893,WH002,DRV0033,VEH0056,2026-07-26,Erode,Dispatched,Delivered,100.0,6.08,50.06,46.53,0.0,0,16.45
ORD001760,CUST0182,WH006,DRV0180,VEH0064,2026-06-17,Vellore,Processing,Delayed,225.6,12.13,90.65,97.88,7.23,1,18.6
ORD001761,CUST0243,WH005,DRV0116,VEH0060,2026-06-24,Vellore,Confirmed,Delivered,129.58,17.67,108.11,121.99,13.88,1,7.33
ORD001762,CUST0220,WH005,DRV0028,VEH0023,2026-03-12,Salem,Processing,Delivered,100.0,13.61,112.49,110.18,0.0,0,7.35
ORD001763,CUST0208,WH006,DRV0115,VEH0155,2026-08-18,Chennai,Dispatched,In Transit,407.35,5.75,37.93,39.59,1.66,1,70.84
ORD001764,CUST0639,WH002,DRV0132,VEH0108,2026-08-23,Coimbatore,Confirmed,Delivered,225.82,12.78,79.57,72.38,0.0,0,17.67
ORD001765,CUST0182,WH005,DRV0179,VEH0061,2026-07-14,Coimbatore,Dispatched,Delivered,100.0,12.27,82.67,77.01,0.0,0,8.15
ORD001766,CUST0868,WH001,DRV0138,VEH0044,2026-06-15,Chennai,Dispatched,Delivered,114.66,9.55,50.14,53.74,3.6,1,12.01
ORD001767,CUST0429,WH008,DRV0052,VEH0057,2026-02-08,Madurai,Dispatched,Delivered,357.87,13.71,87.07,101.82,14.75,1,26.1
ORD001768,CUST0808,WH001,DRV0200,VEH0043,2026-05-30,Trichy,Confirmed,In Transit,161.74,7.88,58.11,63.08,4.97,1,20.53
ORD001769,CUST0035,WH007,DRV0009,VEH0062,2026-05-15,Tirunelveli,Dispatched,Delivered,138.11,18.15,120.26,117.89,0.0,0,7.61
ORD001770,CUST0792,WH006,DRV0018,VEH0154,2026-03-24,Trichy,Dispatched,In Transit,295.28,34.37,138.84,158.91,20.07,1,8.59
ORD001771,CUST0675,WH008,DRV0194,VEH0093,2026-03-19,Madurai,Dispatched,Delivered,162.54,19.12,78.17,74.63,0.0,0,8.5
ORD001772,CUST0862,WH005,DRV0082,VEH0112,2026-05-08,Chennai,Dispatched,Delivered,403.14,7.05,48.22,45.86,0.0,0,57.18
ORD001773,CUST0421,WH006,DRV0168,VEH0192,2026-02-03,Madurai,Cancelled,Cancelled,138.62,17.54,,,,0,7.9
ORD001774,CUST0203,WH004,DRV0066,VEH0197,2026-02-02,Trichy,Confirmed,Delivered,125.12,20.29,135.56,131.75,0.0,0,6.17
ORD001775,CUST0877,WH010,DRV0022,VEH0152,2026-03-17,Vellore,Dispatched,Delivered,183.24,15.17,123.09,119.26,0.0,0,12.08
ORD001776,CUST0162,WH010,DRV0080,VEH0119,2026-08-13,Madurai,Processing,Delivered,339.35,16.15,82.72,83.27,0.55,1,21.01
ORD001777,CUST0742,WH001,DRV0101,VEH0074,2026-04-04,Coimbatore,Processing,In Transit,213.19,11.42,89.17,78.5,0.0,0,18.67
ORD001778,CUST0871,WH007,DRV0096,VEH0139,2026-05-31,Salem,Dispatched,Delivered,193.89,5.15,46.98,53.24,6.26,1,37.65
ORD001779,CUST0408,WH002,DRV0074,VEH0195,2026-03-08,Erode,Processing,Delivered,107.25,10.92,81.01,83.34,2.33,1,9.82
ORD001780,CUST0349,WH001,DRV0105,VEH0181,2026-08-04,Erode,Processing,Delivered,100.0,6.35,44.55,39.96,0.0,0,15.75
ORD001781,CUST0004,WH001,DRV0162,VEH0171,2026-02-11,Coimbatore,Dispatched,Delivered,339.6,10.31,77.46,80.2,2.74,1,32.94
ORD001782,CUST0361,WH001,DRV0176,VEH0104,2026-08-29,Vellore,Confirmed,In Transit,363.6,8.36,60.17,61.56,1.39,1,43.49
ORD001783,CUST0946,WH002,DRV0016,VEH0155,2026-06-03,Trichy,Dispatched,Delivered,356.06,6.07,60.08,57.19,0.0,0,58.66
ORD001784,CUST0990,WH001,DRV0049,VEH0001,2026-05-21,Tirunelveli,Dispatched,Delivered,303.14,26.02,157.19,149.75,0.0,0,11.65
ORD001785,CUST0590,WH004,DRV0098,VEH0049,2026-01-22,Erode,Dispatched,Delivered,242.31,11.98,78.75,91.9,13.15,1,20.23
ORD001786,CUST0664,WH010,DRV0101,VEH0048,2026-01-25,Tirunelveli,Dispatched,Delivered,239.92,8.55,53.33,54.05,0.72,1,28.06
ORD001787,CUST0358,WH010,DRV0063,VEH0181,2026-02-13,Tirunelveli,Processing,Delayed,197.72,3.79,33.13,34.87,1.74,1,52.17
ORD001788,CUST0628,WH007,DRV0168,VEH0011,2026-08-30,Salem,Processing,Delivered,261.22,19.65,94.67,91.18,0.0,0,13.29
ORD001789,CUST0866,WH010,DRV0056,VEH0137,2026-06-01,Salem,Cancelled,Cancelled,176.43,13.9,,,,0,12.69
ORD001790,CUST0036,WH003,DRV0098,VEH0061,2026-07-05,Madurai,Processing,Delivered,260.74,37.35,149.22,142.76,0.0,0,6.98
ORD001791,CUST0335,WH009,DRV0108,VEH0121,2026-02-09,Coimbatore,Dispatched,Delivered,329.12,7.46,52.23,49.93,0.0,0,44.12
ORD001792,CUST0291,WH002,DRV0077,VEH0088,2026-01-29,Erode,Dispatched,Delayed,100.0,24.75,160.03,172.73,12.7,1,4.04
ORD001793,CUST0285,WH002,DRV0176,VEH0101,2026-08-24,Vellore,Confirmed,Delivered,369.67,10.92,78.3,84.75,6.45,1,33.85
ORD001794,CUST0036,WH007,DRV0037,VEH0099,2026-06-12,Tirunelveli,Confirmed,Delivered,174.59,6.58,31.96,33.25,1.29,1,26.53
ORD001795,CUST0324,WH009,DRV0140,VEH0022,2026-07-06,Madurai,Cancelled,Cancelled,467.7,9.2,,,,0,50.84
ORD001796,CUST0463,WH006,DRV0093,VEH0104,2026-05-03,Trichy,Confirmed,Delivered,413.97,12.91,66.78,63.31,0.0,0,32.07
ORD001797,CUST0395,WH001,DRV0098,VEH0071,2026-01-22,Erode,Dispatched,Delivered,100.0,8.55,54.06,52.44,0.0,0,11.7
ORD001798,CUST0567,WH006,DRV0032,VEH0172,2026-05-15,Salem,Confirmed,Delivered,181.35,5.28,64.68,70.7,6.02,1,34.35
ORD001799,CUST0049,WH004,DRV0108,VEH0030,2026-04-04,Madurai,Dispatched,Delivered,100.0,6.43,61.96,55.56,0.0,0,15.55
ORD001800,CUST0463,WH005,DRV0151,VEH0060,2026-05-20,Salem,Confirmed,Delivered,141.04,16.59,126.82,128.33,1.51,1,8.5
ORD001801,CUST0313,WH004,DRV0074,VEH0055,2026-06-15,Coimbatore,Processing,Delivered,228.43,5.89,57.44,64.68,7.24,1,38.78
ORD001802,CUST0981,WH003,DRV0072,VEH0127,2026-08-12,Tirunelveli,Dispatched,Delivered,314.35,7.82,42.65,46.67,4.02,1,40.2
ORD001803,CUST0355,WH002,DRV0021,VEH0039,2026-03-20,Trichy,Dispatched,Delivered,189.62,6.03,57.5,56.82,0.0,0,31.45
ORD001804,CUST0343,WH002,DRV0140,VEH0169,2026-03-15,Coimbatore,Dispatched,Delivered,241.72,14.12,41.32,43.43,2.11,1,17.12
ORD001805,CUST0055,WH010,DRV0177,VEH0137,2026-01-22,Madurai,Dispatched,Delivered,114.83,48.6,268.37,242.79,0.0,0,2.36
ORD001806,CUST0312,WH004,DRV0103,VEH0129,2026-08-30,Erode,Processing,Delivered,179.05,16.16,81.13,81.26,0.13,1,11.08
ORD001807,CUST0842,WH003,DRV0175,VEH0131,2026-02-12,Erode,Confirmed,Delivered,123.52,7.22,79.41,70.61,0.0,0,17.11
ORD001808,CUST0260,WH006,DRV0098,VEH0197,2026-08-01,Madurai,Dispatched,Delivered,217.82,14.11,71.9,81.65,9.75,1,15.44
ORD001809,CUST0877,WH010,DRV0062,VEH0139,2026-01-05,Vellore,Dispatched,In Transit,447.34,7.52,81.89,77.95,0.0,0,59.49
ORD001810,CUST0921,WH003,DRV0038,VEH0132,2026-04-12,Chennai,Dispatched,Delivered,174.69,13.29,118.45,106.16,0.0,0,13.14
ORD001811,CUST0642,WH003,DRV0098,VEH0161,2026-08-16,Coimbatore,Confirmed,Delivered,100.0,27.92,143.69,153.21,9.52,1,3.58
ORD001812,CUST0998,WH004,DRV0110,VEH0161,2026-01-25,Trichy,Dispatched,Delayed,205.94,11.57,80.19,90.03,9.84,1,17.8
ORD001813,CUST0915,WH005,DRV0154,VEH0045,2026-01-17,Tirunelveli,Processing,Delivered,286.73,14.73,75.29,76.28,0.99,1,19.47
ORD001814,CUST0088,WH009,DRV0040,VEH0148,2026-08-04,Salem,Dispatched,Delivered,100.0,11.89,102.62,90.14,0.0,0,8.41
ORD001815,CUST0904,WH005,DRV0144,VEH0165,2026-06-07,Chennai,Dispatched,Delivered,406.34,20.72,132.88,127.76,0.0,0,19.61
ORD001816,CUST0320,WH001,DRV0019,VEH0084,2026-04-26,Trichy,Processing,Delivered,123.02,17.85,107.91,103.44,0.0,0,6.89
ORD001817,CUST0390,WH009,DRV0178,VEH0149,2026-06-23,Tirunelveli,Dispatched,Delayed,110.59,9.47,49.71,47.28,0.0,1,11.68
ORD001818,CUST0852,WH002,DRV0184,VEH0058,2026-06-10,Coimbatore,Processing,Delayed,100.0,17.86,68.55,79.53,10.98,1,5.6
ORD001819,CUST0270,WH004,DRV0029,VEH0051,2026-01-12,Erode,Dispatched,Delivered,215.88,13.36,116.53,118.46,1.93,1,16.16
ORD001820,CUST0872,WH010,DRV0109,VEH0071,2026-03-25,Erode,Processing,Delivered,590.16,8.98,51.81,59.33,7.52,1,65.72
ORD001821,CUST0966,WH006,DRV0166,VEH0144,2026-08-15,Salem,Dispatched,Delayed,230.07,9.08,61.86,65.48,3.62,1,25.34
ORD001822,CUST0460,WH009,DRV0189,VEH0164,2026-07-04,Trichy,Confirmed,Delayed,112.48,13.11,77.77,70.93,0.0,1,8.58
ORD001823,CUST0361,WH002,DRV0164,VEH0178,2026-02-27,Chennai,Dispatched,Delivered,253.05,14.6,63.11,60.28,0.0,0,17.33
ORD001824,CUST0126,WH009,DRV0085,VEH0075,2026-05-29,Tirunelveli,Dispatched,Delivered,304.97,10.75,76.31,66.43,0.0,0,28.37
ORD001825,CUST0839,WH009,DRV0010,VEH0176,2026-07-15,Tirunelveli,Dispatched,Delivered,385.46,14.82,100.11,111.03,10.92,1,26.01
ORD001826,CUST0185,WH001,DRV0175,VEH0029,2026-01-07,Salem,Processing,Delayed,100.0,7.09,47.01,48.51,1.5,1,14.1
ORD001827,CUST0365,WH006,DRV0172,VEH0042,2026-03-07,Coimbatore,Dispatched,Delivered,497.45,5.71,48.58,44.45,0.0,0,87.12
ORD001828,CUST0542,WH006,DRV0116,VEH0098,2026-08-14,Erode,Confirmed,Delivered,208.25,4.17,41.01,44.83,3.82,1,49.94
ORD001829,CUST0720,WH009,DRV0108,VEH0187,2026-01-31,Salem,Dispatched,Delivered,566.56,16.42,84.41,94.2,9.79,1,34.5
ORD001830,CUST0008,WH006,DRV0190,VEH0183,2026-03-27,Coimbatore,Processing,Delivered,200.56,3.91,42.99,43.94,0.95,1,51.29
ORD001831,CUST0654,WH002,DRV0007,VEH0120,2026-06-24,Madurai,Dispatched,Delivered,263.72,14.73,107.69,111.58,3.89,1,17.9
ORD001832,CUST0816,WH008,DRV0197,VEH0074,2026-05-26,Madurai,Cancelled,Cancelled,100.0,8.63,,,,0,11.59
ORD001833,CUST0724,WH001,DRV0019,VEH0195,2026-08-18,Coimbatore,Confirmed,Delivered,343.83,9.67,39.98,40.51,0.53,1,35.56
ORD001834,CUST0796,WH005,DRV0110,VEH0150,2026-02-02,Trichy,Processing,Delivered,100.0,9.76,73.71,66.51,0.0,0,10.25
ORD001835,CUST0902,WH010,DRV0033,VEH0108,2026-01-09,Chennai,Processing,Delivered,215.88,43.46,299.87,268.61,0.0,0,4.97
ORD001836,CUST0414,WH003,DRV0152,VEH0084,2026-06-06,Madurai,Processing,Delivered,137.02,7.97,65.31,72.78,7.47,1,17.19
ORD001837,CUST0132,WH006,DRV0023,VEH0124,2026-08-05,Trichy,Dispatched,Delivered,171.18,6.31,50.67,47.6,0.0,0,27.13
ORD001838,CUST0356,WH005,DRV0086,VEH0002,2026-03-07,Salem,Dispatched,Delivered,367.01,33.22,120.19,128.78,8.59,1,11.05
ORD001839,CUST0323,WH010,DRV0100,VEH0136,2026-04-13,Vellore,Dispatched,Delivered,143.92,4.47,28.43,32.37,3.94,1,32.2
ORD001840,CUST0906,WH004,DRV0181,VEH0114,2026-05-03,Madurai,Dispatched,Delivered,371.92,5.21,65.62,58.99,0.0,0,71.39
ORD001841,CUST0102,WH003,DRV0110,VEH0041,2026-05-10,Vellore,Confirmed,Delivered,139.14,19.88,77.28,82.41,5.13,1,7.0
ORD001842,CUST0795,WH001,DRV0149,VEH0128,2026-08-30,Tirunelveli,Dispatched,Delivered,197.37,15.04,99.59,104.43,4.84,1,13.12
ORD001843,CUST0466,WH008,DRV0082,VEH0089,2026-01-25,Tirunelveli,Confirmed,Delayed,733.17,9.05,57.26,60.45,3.19,1,81.01
ORD001844,CUST0429,WH005,DRV0102,VEH0139,2026-08-15,Trichy,Dispatched,Delayed,196.2,5.81,54.99,60.42,5.43,1,33.77
ORD001845,CUST0075,WH008,DRV0091,VEH0024,2026-08-05,Chennai,Processing,Delivered,172.55,2.75,41.45,42.28,0.83,1,62.75
ORD001846,CUST0100,WH009,DRV0037,VEH0154,2026-04-24,Tirunelveli,Processing,Delivered,198.54,28.85,175.28,179.13,3.85,1,6.88
ORD001847,CUST0744,WH008,DRV0049,VEH0035,2026-01-30,Salem,Processing,Delayed,146.25,17.89,61.36,63.09,1.73,1,8.17
ORD001848,CUST0803,WH006,DRV0153,VEH0133,2026-02-08,Madurai,Dispatched,Delivered,100.0,26.96,188.35,167.44,0.0,0,3.71
ORD001849,CUST0236,WH010,DRV0039,VEH0143,2026-06-30,Tirunelveli,Confirmed,In Transit,691.21,22.16,85.64,89.97,4.33,1,31.19
ORD001850,CUST0269,WH008,DRV0030,VEH0106,2026-01-01,Madurai,Dispatched,Delayed,139.2,15.52,94.97,110.54,15.57,1,8.97
ORD001851,CUST0888,WH005,DRV0043,VEH0014,2026-04-29,Chennai,Confirmed,Delivered,100.0,7.82,25.62,28.35,2.73,1,12.79
ORD001852,CUST0567,WH009,DRV0182,VEH0165,2026-06-18,Coimbatore,Dispatched,Delivered,163.86,5.83,61.46,57.63,0.0,0,28.11
ORD001853,CUST0254,WH006,DRV0032,VEH0018,2026-03-23,Tirunelveli,Dispatched,Delayed,228.6,23.49,96.48,93.92,0.0,1,9.73
ORD001854,CUST0727,WH002,DRV0126,VEH0195,2026-02-08,Madurai,Processing,Delivered,158.37,8.65,49.09,43.23,0.0,0,18.31
ORD001855,CUST0811,WH007,DRV0095,VEH0104,2026-05-13,Erode,Dispatched,Delivered,175.62,6.05,40.34,38.12,0.0,0,29.03
ORD001856,CUST0329,WH001,DRV0177,VEH0174,2026-04-04,Coimbatore,Dispatched,Delivered,162.95,7.46,35.46,39.04,3.58,1,21.84
ORD001857,CUST0836,WH010,DRV0002,VEH0068,2026-01-04,Chennai,Dispatched,Delivered,239.03,24.38,138.31,156.07,17.76,1,9.8
ORD001858,CUST0299,WH001,DRV0047,VEH0057,2026-03-13,Tirunelveli,Dispatched,Delivered,308.69,6.47,53.48,53.15,0.0,0,47.71
ORD001859,CUST0808,WH008,DRV0099,VEH0040,2026-04-01,Vellore,Dispatched,Delivered,159.96,9.08,83.33,79.39,0.0,0,17.62
ORD001860,CUST0370,WH005,DRV0023,VEH0173,2026-06-26,Chennai,Cancelled,Cancelled,975.81,10.92,,,,0,89.36
ORD001861,CUST0671,WH010,DRV0134,VEH0144,2026-05-07,Tirunelveli,Confirmed,Delivered,356.59,13.57,72.18,70.04,0.0,0,26.28
ORD001862,CUST0259,WH009,DRV0085,VEH0112,2026-01-05,Vellore,Dispatched,Delivered,180.63,6.14,61.22,55.18,0.0,0,29.42
ORD001863,CUST0228,WH006,DRV0041,VEH0062,2026-02-06,Vellore,Processing,Delivered,100.0,10.69,95.07,88.99,0.0,0,9.35
ORD001864,CUST0377,WH001,DRV0042,VEH0023,2026-01-18,Erode,Confirmed,Delivered,195.25,20.12,99.92,95.23,0.0,0,9.7
ORD001865,CUST0145,WH006,DRV0181,VEH0083,2026-08-15,Vellore,Dispatched,Delivered,307.67,37.38,254.03,233.74,0.0,0,8.23
ORD001866,CUST0080,WH001,DRV0072,VEH0104,2026-03-20,Vellore,Cancelled,Cancelled,309.21,5.42,,,,0,57.05
ORD001867,CUST0039,WH005,DRV0167,VEH0051,2026-01-14,Erode,Confirmed,In Transit,100.0,6.01,45.37,49.79,4.42,1,16.64
ORD001868,CUST0706,WH003,DRV0138,VEH0001,2026-01-27,Erode,Dispatched,Delivered,195.39,6.63,38.83,45.08,6.25,1,29.47
ORD001869,CUST0709,WH010,DRV0112,VEH0077,2026-03-22,Erode,Dispatched,Delivered,132.64,17.17,60.51,67.72,7.21,1,7.73
ORD001870,CUST0097,WH010,DRV0050,VEH0173,2026-03-27,Trichy,Dispatched,Delivered,479.71,5.68,41.52,36.94,0.0,0,84.46
ORD001871,CUST0246,WH009,DRV0075,VEH0004,2026-05-12,Madurai,Dispatched,Delivered,196.45,10.45,80.55,87.87,7.32,1,18.8
ORD001872,CUST0333,WH001,DRV0136,VEH0055,2026-04-05,Salem,Dispatched,Delivered,100.0,9.77,79.44,75.76,0.0,0,10.24
ORD001873,CUST0588,WH006,DRV0001,VEH0089,2026-03-01,Vellore,Confirmed,Delivered,230.31,39.38,159.04,150.4,0.0,0,5.85
ORD001874,CUST0403,WH003,DRV0200,VEH0138,2026-01-24,Vellore,Cancelled,Cancelled,100.0,7.92,,,,0,12.63
ORD001875,CUST0765,WH009,DRV0197,VEH0107,2026-01-30,Tirunelveli,Dispatched,Delivered,242.88,7.61,89.48,88.06,0.0,0,31.92
ORD001876,CUST0278,WH002,DRV0001,VEH0030,2026-08-13,Salem,Processing,Delivered,974.26,17.16,66.69,66.97,0.28,1,56.78
ORD001877,CUST1000,WH007,DRV0195,VEH0142,2026-06-12,Vellore,Dispatched,Delivered,438.88,14.08,74.22,76.05,1.83,1,31.17
ORD001878,CUST0008,WH009,DRV0027,VEH0158,2026-03-13,Tirunelveli,Dispatched,Delivered,214.48,7.28,79.51,70.67,0.0,0,29.46
ORD001879,CUST0364,WH003,DRV0109,VEH0005,2026-05-22,Chennai,Processing,Delivered,118.08,25.42,128.68,150.88,22.2,1,4.65
ORD001880,CUST0452,WH003,DRV0189,VEH0015,2026-02-16,Salem,Dispatched,Delivered,414.97,4.38,45.27,52.27,7.0,1,94.74
ORD001881,CUST0711,WH003,DRV0125,VEH0145,2026-08-15,Vellore,Dispatched,Delivered,274.05,11.15,92.03,92.24,0.21,1,24.58
ORD001882,CUST0252,WH001,DRV0176,VEH0048,2026-06-25,Salem,Dispatched,In Transit,152.41,9.36,45.94,48.4,2.46,1,16.28
ORD001883,CUST0896,WH009,DRV0023,VEH0097,2026-01-11,Tirunelveli,Dispatched,Delivered,127.72,10.54,68.58,70.52,1.94,1,12.12
ORD001884,CUST0982,WH009,DRV0172,VEH0025,2026-04-12,Salem,Dispatched,In Transit,100.55,7.23,74.54,64.85,0.0,0,13.91
ORD001885,CUST0018,WH006,DRV0168,VEH0019,2026-03-27,Vellore,Confirmed,Delivered,231.26,10.69,60.11,55.53,0.0,0,21.63
ORD001886,CUST0390,WH009,DRV0139,VEH0059,2026-01-20,Trichy,Dispatched,Delivered,138.26,13.1,106.87,96.0,0.0,0,10.55
ORD001887,CUST0242,WH009,DRV0109,VEH0181,2026-08-05,Vellore,Dispatched,In Transit,202.17,2.08,35.76,37.23,1.47,1,97.2
ORD001888,CUST0253,WH001,DRV0139,VEH0167,2026-01-09,Trichy,Dispatched,Delivered,331.31,8.42,71.47,77.53,6.06,1,39.35
ORD001889,CUST0004,WH003,DRV0100,VEH0127,2026-02-07,Tirunelveli,Dispatched,Delivered,136.03,6.66,29.69,27.48,0.0,0,20.42
ORD001890,CUST0373,WH003,DRV0102,VEH0005,2026-05-25,Chennai,Dispatched,Delivered,275.7,31.9,175.42,160.6,0.0,0,8.64
ORD001891,CUST0425,WH001,DRV0031,VEH0168,2026-05-22,Tirunelveli,Processing,Delivered,401.22,15.2,97.93,96.49,0.0,0,26.4
ORD001892,CUST0749,WH006,DRV0188,VEH0186,2026-01-01,Salem,Dispatched,Delivered,234.36,6.41,54.66,48.86,0.0,0,36.56
ORD001893,CUST0179,WH004,DRV0055,VEH0100,2026-01-18,Chennai,Dispatched,Delivered,285.64,8.12,86.71,76.05,0.0,0,35.18
ORD001894,CUST0012,WH008,DRV0152,VEH0134,2026-02-07,Chennai,Confirmed,Delivered,235.5,9.59,48.37,48.79,0.42,1,24.56
ORD001895,CUST0880,WH006,DRV0062,VEH0019,2026-01-22,Erode,Confirmed,Delivered,183.2,8.01,58.55,63.86,5.31,1,22.87
ORD001896,CUST0293,WH004,DRV0147,VEH0068,2026-07-24,Chennai,Dispatched,Delayed,312.35,15.92,109.85,109.29,0.0,1,19.62
ORD001897,CUST0770,WH005,DRV0096,VEH0024,2026-07-27,Trichy,Dispatched,Delivered,515.94,28.62,213.9,186.51,0.0,0,18.03
ORD001898,CUST0259,WH002,DRV0040,VEH0090,2026-06-21,Vellore,Dispatched,In Transit,316.0,1.43,21.07,22.47,1.4,1,220.98
ORD001899,CUST0429,WH010,DRV0102,VEH0147,2026-07-31,Trichy,Dispatched,Delivered,159.84,9.21,68.57,66.23,0.0,0,17.36
ORD001900,CUST0597,WH001,DRV0017,VEH0059,2026-03-30,Madurai,Dispatched,Delivered,162.58,37.26,204.6,193.35,0.0,0,4.36
ORD001901,CUST0295,WH007,DRV0178,VEH0061,2026-05-30,Erode,Dispatched,In Transit,166.58,9.46,45.82,50.12,4.3,1,17.61
ORD001902,CUST0333,WH010,DRV0099,VEH0032,2026-05-04,Tirunelveli,Dispatched,Delivered,335.57,13.58,61.4,59.81,0.0,0,24.71
ORD001903,CUST0112,WH003,DRV0012,VEH0106,2026-03-07,Salem,Confirmed,Delivered,128.76,2.42,49.51,52.43,2.92,1,53.21
ORD001904,CUST0950,WH003,DRV0143,VEH0045,2026-08-14,Tirunelveli,Dispatched,Delivered,100.0,25.24,149.64,135.27,0.0,0,3.96
ORD001905,CUST0206,WH006,DRV0167,VEH0163,2026-02-22,Coimbatore,Dispatched,Delivered,245.87,5.35,65.33,61.38,0.0,0,45.96
ORD001906,CUST0222,WH003,DRV0013,VEH0182,2026-04-01,Trichy,Dispatched,Delivered,183.84,14.96,122.89,111.93,0.0,0,12.29
ORD001907,CUST0530,WH007,DRV0094,VEH0130,2026-06-01,Erode,Dispatched,Delivered,474.78,6.04,42.15,46.32,4.17,1,78.61
ORD001908,CUST0013,WH007,DRV0106,VEH0045,2026-02-01,Vellore,Dispatched,In Transit,100.0,1.74,18.09,21.02,2.93,1,57.47
ORD001909,CUST0270,WH005,DRV0019,VEH0161,2026-05-23,Tirunelveli,Confirmed,Delivered,207.53,14.1,64.19,58.08,0.0,0,14.72
ORD001910,CUST0553,WH001,DRV0057,VEH0023,2026-07-19,Tirunelveli,Processing,Delayed,139.43,18.14,121.39,125.66,4.27,1,7.69
ORD001911,CUST0040,WH009,DRV0092,VEH0106,2026-03-22,Erode,Confirmed,Delayed,306.95,10.93,64.48,71.33,6.85,1,28.08
ORD001912,CUST0505,WH002,DRV0060,VEH0164,2026-06-08,Coimbatore,Confirmed,Delivered,151.11,4.91,16.61,18.93,2.32,1,30.78
ORD001913,CUST0601,WH004,DRV0184,VEH0069,2026-06-04,Salem,Dispatched,Delivered,124.66,41.79,148.91,148.18,0.0,0,2.98
ORD001914,CUST0613,WH010,DRV0153,VEH0199,2026-04-09,Salem,Confirmed,Delayed,333.06,17.71,68.38,76.4,8.02,1,18.81
ORD001915,CUST0731,WH010,DRV0104,VEH0137,2026-07-19,Trichy,Processing,Delayed,416.27,12.75,60.01,58.83,0.0,1,32.65
ORD001916,CUST0215,WH002,DRV0132,VEH0121,2026-04-08,Coimbatore,Dispatched,Delivered,170.12,22.77,117.05,109.58,0.0,0,7.47
ORD001917,CUST0967,WH001,DRV0180,VEH0105,2026-01-13,Tirunelveli,Dispatched,Delivered,172.25,8.0,61.89,61.25,0.0,0,21.53
ORD001918,CUST0304,WH001,DRV0127,VEH0088,2026-06-02,Chennai,Confirmed,Delivered,414.0,33.84,251.5,224.33,0.0,0,12.23
ORD001919,CUST0522,WH001,DRV0101,VEH0049,2026-03-24,Erode,Dispatched,Delivered,385.0,17.92,104.82,116.9,12.08,1,21.48
ORD001920,CUST0729,WH007,DRV0135,VEH0026,2026-01-28,Chennai,Dispatched,Delivered,354.4,21.45,151.69,151.97,0.28,1,16.52
ORD001921,CUST0121,WH009,DRV0068,VEH0027,2026-07-13,Tirunelveli,Processing,Delivered,139.52,9.09,50.51,56.19,5.68,1,15.35
ORD001922,CUST0310,WH001,DRV0087,VEH0169,2026-01-13,Trichy,Processing,Delivered,118.15,5.26,37.6,33.79,0.0,0,22.46
ORD001923,CUST0675,WH010,DRV0108,VEH0083,2026-05-02,Coimbatore,Dispatched,Delivered,525.22,12.87,69.49,61.51,0.0,0,40.81
ORD001924,CUST0664,WH006,DRV0198,VEH0200,2026-02-15,Trichy,Dispatched,Delivered,269.43,8.24,61.67,63.58,1.91,1,32.7
ORD001925,CUST0305,WH005,DRV0173,VEH0134,2026-05-04,Chennai,Dispatched,Delivered,111.95,36.28,178.16,189.18,11.02,1,3.09
ORD001926,CUST0426,WH003,DRV0137,VEH0107,2026-02-01,Salem,Confirmed,Delivered,169.16,4.29,50.21,53.77,3.56,1,39.43
ORD001927,CUST0459,WH002,DRV0121,VEH0087,2026-06-22,Erode,Processing,Delivered,191.57,26.59,198.69,179.34,0.0,0,7.2
ORD001928,CUST0596,WH002,DRV0009,VEH0066,2026-07-09,Trichy,Dispatched,Delivered,169.24,3.36,33.03,31.32,0.0,0,50.37
ORD001929,CUST0202,WH002,DRV0131,VEH0061,2026-08-10,Chennai,Confirmed,Delivered,149.91,6.02,59.83,53.7,0.0,0,24.9
ORD001930,CUST0562,WH007,DRV0077,VEH0067,2026-01-15,Salem,Processing,Delivered,403.38,3.31,38.23,43.18,4.95,1,121.87
ORD001931,CUST0661,WH004,DRV0063,VEH0066,2026-02-07,Tirunelveli,Cancelled,Cancelled,255.56,8.02,,,,0,31.87
ORD001932,CUST0412,WH007,DRV0119,VEH0043,2026-08-16,Trichy,Processing,Delivered,784.19,9.94,66.99,63.63,0.0,0,78.89
ORD001933,CUST0220,WH010,DRV0093,VEH0153,2026-06-12,Erode,Dispatched,Delivered,418.01,7.34,75.23,67.22,0.0,0,56.95
ORD001934,CUST0951,WH001,DRV0130,VEH0107,2026-01-07,Trichy,Dispatched,Delivered,198.07,14.95,77.04,79.87,2.83,1,13.25
ORD001935,CUST0155,WH010,DRV0159,VEH0062,2026-03-24,Chennai,Cancelled,Cancelled,455.37,9.99,,,,0,45.58
ORD001936,CUST0609,WH004,DRV0038,VEH0013,2026-02-09,Chennai,Dispatched,Delivered,228.0,2.47,36.46,32.44,0.0,0,92.31
ORD001937,CUST0324,WH009,DRV0007,VEH0083,2026-03-28,Salem,Confirmed,Delivered,872.96,5.8,45.85,53.05,7.2,1,150.51
ORD001938,CUST0611,WH007,DRV0104,VEH0024,2026-01-17,Madurai,Dispatched,Delivered,147.72,9.03,39.25,39.49,0.24,1,16.36
ORD001939,CUST0340,WH010,DRV0138,VEH0118,2026-07-12,Vellore,Confirmed,Delivered,243.34,22.17,154.88,156.83,1.95,1,10.98
ORD001940,CUST0390,WH006,DRV0077,VEH0097,2026-04-26,Salem,Confirmed,Delivered,122.68,12.34,78.93,88.31,9.38,1,9.94
ORD001941,CUST0186,WH007,DRV0187,VEH0187,2026-02-27,Trichy,Dispatched,Delivered,141.5,8.29,27.69,28.59,0.9,1,17.07
ORD001942,CUST0134,WH002,DRV0001,VEH0077,2026-05-24,Trichy,Dispatched,Delivered,145.2,3.93,61.15,57.32,0.0,0,36.95
ORD001943,CUST0828,WH001,DRV0037,VEH0095,2026-02-09,Trichy,Dispatched,Delivered,404.87,12.69,65.04,67.75,2.71,1,31.9
ORD001944,CUST0849,WH010,DRV0153,VEH0166,2026-03-13,Tirunelveli,Processing,Delivered,207.52,25.44,132.54,140.57,8.03,1,8.16
ORD001945,CUST0147,WH009,DRV0094,VEH0008,2026-07-15,Chennai,Processing,Delivered,100.0,9.3,79.23,73.05,0.0,0,10.75
ORD001946,CUST0113,WH002,DRV0066,VEH0058,2026-02-23,Trichy,Dispatched,In Transit,192.65,6.2,70.14,61.17,0.0,0,31.07
ORD001947,CUST0957,WH002,DRV0100,VEH0158,2026-08-23,Trichy,Dispatched,Delivered,100.0,16.41,131.22,121.07,0.0,0,6.09
ORD001948,CUST0529,WH003,DRV0076,VEH0019,2026-06-08,Salem,Processing,In Transit,136.12,22.72,172.96,156.68,0.0,0,5.99
ORD001949,CUST0433,WH003,DRV0005,VEH0030,2026-04-20,Chennai,Dispatched,Delivered,382.95,10.16,95.13,84.05,0.0,0,37.69
ORD001950,CUST0387,WH003,DRV0056,VEH0055,2026-04-10,Salem,Dispatched,Delivered,100.0,17.64,157.66,144.57,0.0,0,5.67
ORD001951,CUST0366,WH004,DRV0042,VEH0174,2026-03-02,Madurai,Dispatched,Delivered,100.0,8.59,69.15,60.44,0.0,0,11.64
ORD001952,CUST0034,WH001,DRV0192,VEH0166,2026-05-05,Salem,Dispatched,Delayed,100.0,18.17,127.0,118.23,0.0,1,5.5
ORD001953,CUST0062,WH001,DRV0049,VEH0017,2026-03-16,Salem,Processing,Delivered,140.92,26.24,194.54,185.55,0.0,0,5.37
ORD001954,CUST0444,WH004,DRV0046,VEH0098,2026-07-02,Madurai,Dispatched,Delivered,100.0,19.88,141.69,133.92,0.0,0,5.03
ORD001955,CUST0196,WH001,DRV0071,VEH0126,2026-06-17,Salem,Processing,Delivered,100.0,15.99,156.96,140.14,0.0,0,6.25
ORD001956,CUST0087,WH004,DRV0002,VEH0187,2026-07-22,Erode,Dispatched,Delivered,156.12,31.67,113.49,107.58,0.0,0,4.93
ORD001957,CUST0891,WH002,DRV0067,VEH0037,2026-02-28,Trichy,Dispatched,Delivered,222.27,9.61,88.82,82.37,0.0,0,23.13
ORD001958,CUST0635,WH007,DRV0132,VEH0055,2026-06-28,Trichy,Dispatched,Delivered,100.26,15.99,87.7,95.87,8.17,1,6.27
ORD001959,CUST0254,WH006,DRV0062,VEH0116,2026-02-22,Erode,Dispatched,Delivered,229.23,9.82,76.28,67.88,0.0,0,23.34
ORD001960,CUST0127,WH002,DRV0112,VEH0134,2026-07-17,Erode,Dispatched,Delivered,194.79,15.99,48.85,49.64,0.79,1,12.18
ORD001961,CUST0850,WH002,DRV0080,VEH0194,2026-08-13,Coimbatore,Dispatched,Delivered,257.52,17.74,75.17,83.68,8.51,1,14.52
ORD001962,CUST0162,WH001,DRV0027,VEH0069,2026-06-04,Vellore,Dispatched,Delivered,100.0,20.69,186.88,171.46,0.0,0,4.83
ORD001963,CUST0925,WH004,DRV0086,VEH0042,2026-01-23,Chennai,Dispatched,Delivered,658.24,11.77,74.53,77.89,3.36,1,55.93
ORD001964,CUST0316,WH002,DRV0067,VEH0065,2026-05-31,Trichy,Dispatched,Delivered,100.0,2.94,34.1,37.67,3.57,1,34.01
ORD001965,CUST0172,WH005,DRV0113,VEH0080,2026-05-04,Erode,Processing,Delivered,120.72,9.96,72.2,77.9,5.7,1,12.12
ORD001966,CUST0399,WH004,DRV0122,VEH0094,2026-05-02,Erode,Processing,Delivered,253.34,17.36,109.8,127.6,17.8,1,14.59
ORD001967,CUST0813,WH001,DRV0145,VEH0010,2026-07-23,Tirunelveli,Cancelled,Cancelled,195.7,14.04,,,,0,13.94
ORD001968,CUST0331,WH005,DRV0180,VEH0168,2026-05-30,Chennai,Dispatched,Delayed,314.35,15.38,68.28,66.43,0.0,1,20.44
ORD001969,CUST0359,WH005,DRV0071,VEH0180,2026-03-31,Salem,Dispatched,In Transit,148.2,18.45,109.11,98.31,0.0,0,8.03
ORD001970,CUST0252,WH005,DRV0057,VEH0024,2026-07-10,Erode,Dispatched,Delivered,100.0,5.25,67.67,68.73,1.06,1,19.05
ORD001971,CUST0009,WH002,DRV0030,VEH0187,2026-08-27,Coimbatore,Dispatched,Delivered,100.0,19.05,82.34,79.34,0.0,0,5.25
ORD001972,CUST0763,WH004,DRV0200,VEH0021,2026-05-21,Tirunelveli,Dispatched,Delivered,576.37,32.64,138.48,126.71,0.0,0,17.66
ORD001973,CUST0239,WH005,DRV0199,VEH0180,2026-02-09,Erode,Confirmed,Delivered,148.87,9.03,38.88,40.63,1.75,1,16.49
ORD001974,CUST0035,WH006,DRV0193,VEH0103,2026-01-22,Trichy,Processing,Delivered,162.58,20.96,104.65,100.02,0.0,0,7.76
ORD001975,CUST0778,WH007,DRV0144,VEH0079,2026-01-01,Tirunelveli,Processing,Delivered,584.59,12.24,81.68,85.52,3.84,1,47.76
ORD001976,CUST0616,WH010,DRV0114,VEH0133,2026-01-16,Salem,Processing,In Transit,131.65,15.11,98.68,94.63,0.0,0,8.71
ORD001977,CUST0934,WH003,DRV0122,VEH0164,2026-04-08,Coimbatore,Dispatched,In Transit,184.15,19.72,107.16,117.08,9.92,1,9.34
ORD001978,CUST0383,WH003,DRV0104,VEH0115,2026-06-16,Tirunelveli,Dispatched,Delivered,100.0,13.99,117.59,102.85,0.0,0,7.15
ORD001979,CUST0669,WH010,DRV0103,VEH0022,2026-05-08,Salem,Dispatched,Delivered,100.0,8.67,43.85,50.24,6.39,1,11.53
ORD001980,CUST0686,WH002,DRV0155,VEH0136,2026-07-13,Chennai,Dispatched,Delivered,619.15,14.39,113.41,113.23,0.0,0,43.03
ORD001981,CUST0710,WH009,DRV0074,VEH0052,2026-04-09,Salem,Dispatched,Delivered,624.76,6.18,29.64,31.67,2.03,1,101.09
ORD001982,CUST0723,WH001,DRV0098,VEH0129,2026-03-05,Salem,Confirmed,Delivered,352.02,3.99,50.93,49.43,0.0,0,88.23
ORD001983,CUST0730,WH003,DRV0175,VEH0084,2026-07-06,Vellore,Dispatched,Delivered,344.43,27.28,116.83,119.4,2.57,1,12.63
ORD001984,CUST0201,WH003,DRV0014,VEH0028,2026-03-10,Salem,Processing,Delivered,295.99,15.61,119.01,126.34,7.33,1,18.96
ORD001985,CUST0233,WH008,DRV0130,VEH0031,2026-01-01,Coimbatore,Processing,Delivered,112.11,17.87,110.94,119.93,8.99,1,6.27
ORD001986,CUST0628,WH006,DRV0167,VEH0053,2026-07-11,Tirunelveli,Confirmed,Delivered,218.98,13.48,64.92,71.75,6.83,1,16.24
ORD001987,CUST0496,WH003,DRV0055,VEH0152,2026-04-05,Salem,Dispatched,Delivered,130.65,3.37,19.3,17.79,0.0,0,38.77
ORD001988,CUST0813,WH001,DRV0026,VEH0045,2026-05-12,Coimbatore,Processing,Delivered,100.0,26.12,129.88,141.69,11.81,1,3.83
ORD001989,CUST0077,WH003,DRV0044,VEH0135,2026-01-06,Coimbatore,Processing,In Transit,375.22,8.68,54.47,50.34,0.0,0,43.23
ORD001990,CUST0218,WH004,DRV0069,VEH0130,2026-06-08,Madurai,Dispatched,Delivered,259.96,9.88,72.63,72.96,0.33,1,26.31
ORD001991,CUST0374,WH001,DRV0038,VEH0063,2026-07-25,Vellore,Dispatched,Delivered,100.0,24.18,157.41,180.59,23.18,1,4.14
ORD001992,CUST0053,WH003,DRV0080,VEH0083,2026-05-15,Erode,Processing,Delivered,143.43,6.11,46.28,51.44,5.16,1,23.47
ORD001993,CUST0596,WH004,DRV0012,VEH0041,2026-05-03,Erode,Confirmed,Delivered,359.22,9.31,73.53,65.78,0.0,0,38.58
ORD001994,CUST0258,WH007,DRV0105,VEH0089,2026-06-13,Salem,Cancelled,Cancelled,197.5,8.87,,,,0,22.27
ORD001995,CUST0132,WH004,DRV0108,VEH0023,2026-03-27,Vellore,Confirmed,Delivered,100.0,5.98,43.56,48.12,4.56,1,16.72
ORD001996,CUST0711,WH001,DRV0017,VEH0178,2026-01-02,Trichy,Dispatched,Delivered,100.0,12.38,68.3,64.37,0.0,0,8.08
ORD001997,CUST0787,WH009,DRV0025,VEH0074,2026-03-30,Coimbatore,Dispatched,Delivered,606.22,6.57,51.72,47.15,0.0,0,92.27
ORD001998,CUST0867,WH006,DRV0192,VEH0161,2026-02-22,Erode,Processing,Delayed,189.2,26.82,165.43,174.28,8.85,1,7.05
ORD001999,CUST0395,WH009,DRV0088,VEH0043,2026-07-01,Salem,Processing,Delivered,360.7,3.78,49.15,48.33,0.0,0,95.42
ORD002000,CUST0595,WH007,DRV0139,VEH0055,2026-03-27,Trichy,Confirmed,Delivered,598.8,4.79,44.96,47.93,2.97,1,125.01
ORD002001,CUST0928,WH004,DRV0146,VEH0051,2026-08-21,Chennai,Processing,Delivered,134.52,9.3,52.04,59.54,7.5,1,14.46
ORD002002,CUST0249,WH001,DRV0164,VEH0098,2026-08-19,Erode,Confirmed,Delivered,227.88,11.47,71.69,73.92,2.23,1,19.87
ORD002003,CUST0398,WH007,DRV0003,VEH0165,2026-07-09,Trichy,Dispatched,Delivered,100.0,7.27,62.93,58.52,0.0,0,13.76
ORD002004,CUST0945,WH009,DRV0083,VEH0063,2026-06-17,Coimbatore,Confirmed,Delivered,122.17,18.63,129.76,131.39,1.63,1,6.56
ORD002005,CUST0069,WH006,DRV0070,VEH0067,2026-07-03,Coimbatore,Dispatched,Delivered,263.55,10.19,63.22,65.07,1.85,1,25.86
ORD002006,CUST0921,WH001,DRV0087,VEH0173,2026-05-21,Coimbatore,Dispatched,Delayed,160.0,16.19,136.84,142.57,5.73,1,9.88
ORD002007,CUST0654,WH009,DRV0071,VEH0071,2026-05-25,Tirunelveli,Processing,Delivered,243.16,25.63,100.66,101.92,1.26,1,9.49
ORD002008,CUST0423,WH007,DRV0111,VEH0107,2026-05-09,Madurai,Confirmed,Delivered,331.76,31.03,176.63,186.82,10.19,1,10.69
ORD002009,CUST0652,WH001,DRV0108,VEH0177,2026-06-07,Trichy,Confirmed,Delivered,260.91,9.45,82.24,79.56,0.0,0,27.61
ORD002010,CUST0892,WH004,DRV0009,VEH0129,2026-01-27,Tirunelveli,Confirmed,Delivered,224.76,12.31,70.36,80.96,10.6,1,18.26
ORD002011,CUST0945,WH005,DRV0194,VEH0182,2026-01-12,Salem,Dispatched,Delivered,205.22,13.94,81.6,74.71,0.0,0,14.72
ORD002012,CUST0340,WH002,DRV0128,VEH0164,2026-04-20,Vellore,Processing,Delivered,125.29,9.66,61.31,67.97,6.66,1,12.97
ORD002013,CUST0374,WH003,DRV0122,VEH0193,2026-03-25,Salem,Dispatched,Delivered,100.0,5.72,67.08,64.5,0.0,0,17.48
ORD002014,CUST0885,WH002,DRV0047,VEH0169,2026-08-27,Coimbatore,Processing,Delivered,437.53,21.78,77.99,79.18,1.19,1,20.09
ORD002015,CUST0274,WH004,DRV0178,VEH0094,2026-05-01,Trichy,Dispatched,Delivered,303.41,5.72,50.7,46.86,0.0,0,53.04
ORD002016,CUST0257,WH007,DRV0064,VEH0178,2026-07-26,Erode,Dispatched,Delivered,108.53,23.13,141.16,128.58,0.0,0,4.69
ORD002017,CUST0875,WH005,DRV0109,VEH0096,2026-05-24,Erode,Dispatched,Delivered,188.98,15.43,90.8,99.64,8.84,1,12.25
ORD002018,CUST0516,WH007,DRV0112,VEH0177,2026-02-23,Tirunelveli,Processing,Delivered,100.0,13.6,49.84,47.32,0.0,0,7.35
ORD002019,CUST0268,WH001,DRV0047,VEH0047,2026-08-30,Chennai,Confirmed,Delivered,132.87,6.94,38.58,42.54,3.96,1,19.15
ORD002020,CUST0922,WH003,DRV0075,VEH0127,2026-04-09,Trichy,Dispatched,Delayed,256.78,2.75,27.46,30.95,3.49,1,93.37
ORD002021,CUST0928,WH002,DRV0195,VEH0010,2026-01-24,Salem,Processing,In Transit,214.68,21.43,167.77,148.59,0.0,0,10.02
ORD002022,CUST0357,WH001,DRV0125,VEH0044,2026-02-24,Coimbatore,Processing,Delivered,195.44,6.88,27.43,30.5,3.07,1,28.41
ORD002023,CUST0847,WH005,DRV0042,VEH0044,2026-05-14,Trichy,Dispatched,Delivered,102.07,16.04,83.29,90.69,7.4,1,6.36
ORD002024,CUST0308,WH003,DRV0049,VEH0109,2026-05-13,Madurai,Dispatched,Delivered,100.0,16.6,92.4,103.93,11.53,1,6.02
ORD002025,CUST0867,WH008,DRV0030,VEH0004,2026-04-24,Coimbatore,Dispatched,In Transit,336.13,11.59,47.26,47.69,0.43,1,29.0
ORD002026,CUST0602,WH005,DRV0008,VEH0064,2026-04-03,Madurai,Dispatched,Delivered,545.03,13.71,100.14,88.94,0.0,0,39.75
ORD002027,CUST0527,WH005,DRV0165,VEH0148,2026-04-09,Tirunelveli,Dispatched,Delivered,259.17,15.29,85.09,91.57,6.48,1,16.95
ORD002028,CUST0648,WH007,DRV0085,VEH0054,2026-05-29,Vellore,Dispatched,Delivered,162.07,12.99,57.29,56.58,0.0,0,12.48
ORD002029,CUST0732,WH008,DRV0008,VEH0115,2026-03-10,Coimbatore,Dispatched,In Transit,401.93,6.4,70.39,72.31,1.92,1,62.8
ORD002030,CUST0798,WH001,DRV0191,VEH0169,2026-03-07,Salem,Dispatched,Delivered,104.86,3.81,42.69,44.9,2.21,1,27.52
ORD002031,CUST0694,WH005,DRV0128,VEH0030,2026-04-02,Chennai,Dispatched,Delivered,359.42,7.31,55.18,54.01,0.0,0,49.17
ORD002032,CUST0491,WH009,DRV0011,VEH0071,2026-02-27,Trichy,Processing,Delivered,123.0,8.92,52.31,51.4,0.0,0,13.79
ORD002033,CUST0639,WH009,DRV0121,VEH0169,2026-03-14,Erode,Processing,Delivered,126.99,26.48,173.18,180.81,7.63,1,4.8
ORD002034,CUST0638,WH007,DRV0186,VEH0094,2026-03-22,Erode,Dispatched,Delivered,146.01,4.93,54.81,49.59,0.0,0,29.62
ORD002035,CUST0707,WH004,DRV0121,VEH0136,2026-01-26,Tirunelveli,Dispatched,Delivered,169.73,28.86,174.65,201.68,27.03,1,5.88
ORD002036,CUST0198,WH002,DRV0162,VEH0085,2026-02-23,Trichy,Confirmed,Delivered,328.56,34.71,180.07,205.66,25.59,1,9.47
ORD002037,CUST0351,WH005,DRV0167,VEH0109,2026-02-09,Coimbatore,Dispatched,Delivered,100.0,7.49,68.82,59.99,0.0,0,13.35
ORD002038,CUST0218,WH004,DRV0144,VEH0071,2026-03-22,Vellore,Confirmed,Delivered,122.38,33.95,132.17,123.03,0.0,0,3.6
ORD002039,CUST0008,WH001,DRV0071,VEH0197,2026-06-14,Vellore,Dispatched,Delivered,207.74,10.49,74.8,68.55,0.0,0,19.8
ORD002040,CUST0231,WH007,DRV0132,VEH0160,2026-04-10,Tirunelveli,Dispatched,Delivered,260.5,9.38,77.17,74.86,0.0,0,27.77
ORD002041,CUST0703,WH003,DRV0096,VEH0040,2026-02-10,Vellore,Dispatched,Delivered,100.0,26.49,115.58,118.43,2.85,1,3.78
ORD002042,CUST0093,WH006,DRV0101,VEH0190,2026-02-24,Chennai,Confirmed,In Transit,108.44,13.31,81.13,78.1,0.0,0,8.15
ORD002043,CUST0657,WH005,DRV0174,VEH0155,2026-02-13,Chennai,Dispatched,Delivered,100.0,12.06,80.03,91.17,11.14,1,8.29
ORD002044,CUST0016,WH004,DRV0022,VEH0167,2026-01-12,Tirunelveli,Processing,Delivered,115.05,7.24,46.19,42.87,0.0,0,15.89
ORD002045,CUST0625,WH003,DRV0199,VEH0123,2026-04-29,Salem,Processing,Delivered,136.42,7.69,53.32,52.68,0.0,0,17.74
ORD002046,CUST0813,WH009,DRV0013,VEH0033,2026-02-14,Madurai,Confirmed,In Transit,251.34,12.34,72.19,63.49,0.0,0,20.37
ORD002047,CUST0196,WH005,DRV0082,VEH0066,2026-06-28,Erode,Dispatched,Delivered,100.0,26.48,194.38,186.68,0.0,0,3.78
ORD002048,CUST0906,WH010,DRV0170,VEH0105,2026-04-16,Trichy,Dispatched,Delivered,277.17,4.95,34.76,38.82,4.06,1,55.99
ORD002049,CUST0464,WH007,DRV0162,VEH0079,2026-06-09,Coimbatore,Confirmed,Delivered,130.18,10.86,76.11,76.63,0.52,1,11.99
ORD002050,CUST0915,WH004,DRV0013,VEH0199,2026-08-04,Chennai,Dispatched,Delivered,145.24,4.28,41.47,47.81,6.34,1,33.93
ORD002051,CUST0935,WH001,DRV0157,VEH0013,2026-08-09,Trichy,Dispatched,In Transit,340.82,6.98,58.87,54.83,0.0,0,48.83
ORD002052,CUST0818,WH002,DRV0126,VEH0096,2026-02-12,Trichy,Dispatched,In Transit,434.49,17.55,83.74,83.69,0.0,0,24.76
ORD002053,CUST0205,WH010,DRV0175,VEH0029,2026-02-21,Trichy,Dispatched,Delivered,118.41,6.09,51.92,54.03,2.11,1,19.44
ORD002054,CUST0828,WH005,DRV0197,VEH0068,2026-02-13,Tirunelveli,Processing,Delivered,117.89,22.42,86.07,75.46,0.0,0,5.26
ORD002055,CUST0580,WH008,DRV0095,VEH0138,2026-07-11,Chennai,Dispatched,Delivered,143.99,6.07,63.89,56.43,0.0,0,23.72
ORD002056,CUST0127,WH008,DRV0011,VEH0100,2026-01-12,Salem,Dispatched,Delivered,117.52,7.86,81.16,71.45,0.0,0,14.95
ORD002057,CUST0160,WH008,DRV0063,VEH0076,2026-04-25,Trichy,Processing,Delivered,100.0,2.95,10.73,11.71,0.98,1,33.9
ORD002058,CUST0501,WH009,DRV0102,VEH0186,2026-04-06,Chennai,Confirmed,Delivered,177.61,22.44,165.92,155.27,0.0,0,7.91
ORD002059,CUST0466,WH002,DRV0051,VEH0128,2026-02-21,Chennai,Processing,Delivered,118.04,20.42,163.69,144.4,0.0,0,5.78
ORD002060,CUST0848,WH004,DRV0188,VEH0155,2026-08-12,Erode,Processing,Delivered,193.18,4.36,31.43,30.78,0.0,0,44.31
ORD002061,CUST0857,WH010,DRV0047,VEH0099,2026-01-06,Coimbatore,Dispatched,Delayed,550.4,9.42,72.63,79.44,6.81,1,58.43
ORD002062,CUST0498,WH006,DRV0004,VEH0186,2026-06-19,Erode,Dispatched,Delivered,169.24,8.89,86.73,79.18,0.0,0,19.04
ORD002063,CUST0448,WH006,DRV0007,VEH0104,2026-06-29,Salem,Dispatched,In Transit,110.92,8.38,66.78,59.95,0.0,0,13.24
ORD002064,CUST0464,WH005,DRV0087,VEH0070,2026-06-11,Salem,Dispatched,Delivered,151.87,34.87,221.74,209.0,0.0,0,4.36
ORD002065,CUST0342,WH002,DRV0031,VEH0045,2026-02-20,Salem,Confirmed,Delivered,197.09,8.3,35.84,38.21,2.37,1,23.75
ORD002066,CUST0508,WH008,DRV0118,VEH0178,2026-08-11,Tirunelveli,Dispatched,Delivered,162.79,6.31,44.52,49.07,4.55,1,25.8
ORD002067,CUST0664,WH001,DRV0086,VEH0176,2026-05-16,Chennai,Processing,Delivered,125.73,3.18,42.49,40.96,0.0,0,39.54
ORD002068,CUST0284,WH001,DRV0030,VEH0171,2026-02-08,Chennai,Dispatched,Delivered,100.0,6.54,59.9,60.21,0.31,1,15.29
ORD002069,CUST0151,WH001,DRV0157,VEH0014,2026-08-14,Salem,Confirmed,Delivered,273.66,26.43,132.51,126.12,0.0,0,10.35
ORD002070,CUST0575,WH009,DRV0043,VEH0097,2026-06-13,Tirunelveli,Cancelled,Cancelled,101.43,13.21,,,,0,7.68
ORD002071,CUST0886,WH005,DRV0085,VEH0172,2026-08-28,Erode,Confirmed,Delivered,469.0,13.23,75.9,85.21,9.31,1,35.45
ORD002072,CUST0895,WH002,DRV0150,VEH0156,2026-07-03,Chennai,Processing,Delivered,142.62,6.81,51.64,53.86,2.22,1,20.94
ORD002073,CUST0696,WH001,DRV0176,VEH0189,2026-08-16,Salem,Confirmed,Delayed,129.58,23.89,108.76,117.24,8.48,1,5.42
ORD002074,CUST0213,WH004,DRV0104,VEH0166,2026-03-24,Coimbatore,Dispatched,Delivered,133.42,16.22,80.84,78.05,0.0,0,8.23
ORD002075,CUST0585,WH002,DRV0176,VEH0199,2026-04-27,Madurai,Dispatched,Delivered,199.86,8.46,48.44,50.44,2.0,1,23.62
ORD002076,CUST0322,WH003,DRV0112,VEH0075,2026-02-07,Tirunelveli,Processing,Delivered,103.22,5.68,56.72,53.75,0.0,0,18.17
ORD002077,CUST0934,WH002,DRV0185,VEH0033,2026-07-06,Vellore,Dispatched,In Transit,116.88,10.88,89.5,82.82,0.0,0,10.74
ORD002078,CUST0796,WH008,DRV0150,VEH0195,2026-03-26,Madurai,Cancelled,Cancelled,271.65,6.01,,,,0,45.2
ORD002079,CUST0666,WH003,DRV0155,VEH0150,2026-02-26,Vellore,Cancelled,Cancelled,100.0,10.05,,,,0,9.95
ORD002080,CUST0188,WH002,DRV0063,VEH0141,2026-01-06,Madurai,Dispatched,Delivered,258.88,12.44,99.13,91.27,0.0,0,20.81
ORD002081,CUST0572,WH006,DRV0004,VEH0093,2026-02-12,Madurai,Processing,In Transit,310.4,7.02,80.18,77.24,0.0,0,44.22
ORD002082,CUST0768,WH007,DRV0090,VEH0134,2026-03-16,Coimbatore,Processing,Delivered,279.77,2.03,32.67,29.1,0.0,0,137.82
ORD002083,CUST0987,WH009,DRV0122,VEH0192,2026-08-17,Chennai,Dispatched,Delivered,211.0,15.0,95.18,102.37,7.19,1,14.07
ORD002084,CUST0183,WH010,DRV0003,VEH0106,2026-07-12,Coimbatore,Dispatched,Delivered,100.0,7.17,37.64,38.55,0.91,1,13.95
ORD002085,CUST0384,WH004,DRV0081,VEH0182,2026-03-05,Trichy,Dispatched,Delivered,100.0,12.37,49.8,56.87,7.07,1,8.08
ORD002086,CUST0025,WH005,DRV0168,VEH0043,2026-06-24,Tirunelveli,Cancelled,Cancelled,100.0,10.35,,,,0,9.66
ORD002087,CUST0917,WH006,DRV0083,VEH0183,2026-02-19,Chennai,Confirmed,Delayed,141.75,31.22,143.05,142.78,0.0,1,4.54
ORD002088,CUST0998,WH003,DRV0082,VEH0028,2026-06-11,Salem,Dispatched,Delivered,184.99,11.51,61.66,59.59,0.0,0,16.07
ORD002089,CUST0537,WH003,DRV0156,VEH0058,2026-08-07,Trichy,Processing,Delivered,100.0,20.3,133.55,153.64,20.09,1,4.93
ORD002090,CUST0314,WH003,DRV0117,VEH0015,2026-04-14,Trichy,Dispatched,Delivered,162.03,8.76,46.14,53.67,7.53,1,18.5
ORD002091,CUST0038,WH005,DRV0143,VEH0152,2026-05-26,Tirunelveli,Dispatched,In Transit,282.8,6.08,45.28,46.39,1.11,1,46.51
ORD002092,CUST0302,WH006,DRV0051,VEH0107,2026-06-18,Coimbatore,Dispatched,Delivered,100.0,15.42,113.42,125.08,11.66,1,6.49
ORD002093,CUST0971,WH009,DRV0154,VEH0114,2026-06-04,Trichy,Dispatched,Delivered,106.48,6.82,37.24,34.56,0.0,0,15.61
ORD002094,CUST0988,WH009,DRV0035,VEH0090,2026-01-13,Erode,Processing,Delivered,390.58,18.07,141.23,134.43,0.0,0,21.61
ORD002095,CUST0369,WH005,DRV0126,VEH0190,2026-06-14,Coimbatore,Confirmed,Delivered,100.0,4.71,42.7,45.05,2.35,1,21.23
ORD002096,CUST0100,WH008,DRV0080,VEH0193,2026-07-15,Trichy,Dispatched,Delivered,226.44,14.15,57.55,66.63,9.08,1,16.0
ORD002097,CUST0388,WH007,DRV0015,VEH0026,2026-02-11,Erode,Dispatched,Delayed,405.66,11.3,92.21,101.92,9.71,1,35.9
ORD002098,CUST0659,WH004,DRV0133,VEH0110,2026-03-19,Coimbatore,Confirmed,Delivered,100.0,27.55,189.74,179.42,0.0,0,3.63
ORD002099,CUST0446,WH001,DRV0174,VEH0095,2026-07-05,Chennai,Dispatched,Delivered,100.0,15.08,117.87,102.76,0.0,0,6.63
ORD002100,CUST0792,WH003,DRV0024,VEH0189,2026-07-24,Trichy,Dispatched,Delivered,155.95,10.46,59.8,63.08,3.28,1,14.91
ORD002101,CUST0470,WH010,DRV0002,VEH0129,2026-05-09,Vellore,Processing,Delivered,189.41,18.95,130.27,119.45,0.0,0,10.0
ORD002102,CUST0055,WH005,DRV0187,VEH0082,2026-08-14,Erode,Cancelled,Cancelled,119.46,2.01,,,,0,59.43
ORD002103,CUST0496,WH010,DRV0164,VEH0046,2026-08-29,Coimbatore,Dispatched,Delivered,652.84,16.3,100.64,116.42,15.78,1,40.05
ORD002104,CUST0921,WH003,DRV0045,VEH0001,2026-05-11,Madurai,Dispatched,Delivered,257.27,17.23,144.49,128.45,0.0,0,14.93
ORD002105,CUST0584,WH004,DRV0095,VEH0051,2026-02-25,Madurai,Dispatched,Delivered,107.47,18.49,118.74,119.96,1.22,1,5.81
ORD002106,CUST0755,WH009,DRV0094,VEH0164,2026-08-05,Trichy,Dispatched,Delivered,100.0,17.66,151.27,132.78,0.0,0,5.66
ORD002107,CUST0127,WH009,DRV0123,VEH0069,2026-04-11,Tirunelveli,Confirmed,Delivered,174.0,15.87,103.97,102.78,0.0,0,10.96
ORD002108,CUST0980,WH009,DRV0037,VEH0069,2026-06-03,Coimbatore,Dispatched,Delivered,241.11,9.03,55.53,60.32,4.79,1,26.7
ORD002109,CUST0321,WH009,DRV0118,VEH0128,2026-05-18,Erode,Confirmed,Delivered,599.62,12.61,113.54,99.39,0.0,0,47.55
ORD002110,CUST0766,WH001,DRV0185,VEH0066,2026-06-18,Chennai,Processing,Delivered,190.43,7.45,54.07,58.58,4.51,1,25.56
ORD002111,CUST0068,WH009,DRV0085,VEH0099,2026-08-01,Vellore,Dispatched,Delivered,154.8,6.4,71.72,64.34,0.0,0,24.19
ORD002112,CUST0396,WH002,DRV0140,VEH0030,2026-01-30,Tirunelveli,Dispatched,Delivered,100.0,9.29,63.9,70.85,6.95,1,10.76
ORD002113,CUST0153,WH008,DRV0122,VEH0136,2026-01-24,Tirunelveli,Processing,Delivered,230.61,10.08,78.03,74.14,0.0,0,22.88
ORD002114,CUST0149,WH009,DRV0163,VEH0002,2026-08-26,Trichy,Processing,Delivered,351.02,14.6,72.26,74.24,1.98,1,24.04
ORD002115,CUST0403,WH008,DRV0150,VEH0100,2026-05-15,Erode,Dispatched,In Transit,100.0,24.92,189.92,166.36,0.0,0,4.01
ORD002116,CUST0226,WH009,DRV0117,VEH0103,2026-08-06,Chennai,Dispatched,Delayed,190.29,20.06,101.53,112.13,10.6,1,9.49
ORD002117,CUST0838,WH005,DRV0072,VEH0025,2026-07-19,Erode,Dispatched,Delivered,100.0,13.86,115.65,118.9,3.25,1,7.22
ORD002118,CUST0692,WH010,DRV0155,VEH0147,2026-04-20,Coimbatore,Dispatched,Delivered,100.0,23.02,105.44,101.2,0.0,0,4.34
ORD002119,CUST0310,WH007,DRV0100,VEH0071,2026-06-09,Madurai,Dispatched,Delivered,545.17,11.58,93.6,81.87,0.0,0,47.08
ORD002120,CUST0419,WH003,DRV0007,VEH0104,2026-05-15,Coimbatore,Dispatched,Delivered,322.71,16.03,106.95,113.64,6.69,1,20.13
ORD002121,CUST0515,WH004,DRV0003,VEH0014,2026-01-21,Tirunelveli,Confirmed,In Transit,122.24,9.06,55.62,57.4,1.78,1,13.49
ORD002122,CUST0289,WH004,DRV0004,VEH0132,2026-02-26,Erode,Processing,Delivered,163.21,11.39,78.09,79.0,0.91,1,14.33
ORD002123,CUST0201,WH010,DRV0008,VEH0174,2026-06-03,Chennai,Processing,Delivered,147.49,9.63,73.29,79.16,5.87,1,15.32
ORD002124,CUST0519,WH004,DRV0045,VEH0033,2026-05-13,Madurai,Dispatched,In Transit,100.0,3.59,27.8,25.38,0.0,0,27.86
ORD002125,CUST0873,WH008,DRV0148,VEH0037,2026-07-11,Trichy,Dispatched,In Transit,127.55,3.65,40.1,45.69,5.59,1,34.95
ORD002126,CUST0667,WH002,DRV0133,VEH0107,2026-03-11,Vellore,Dispatched,Delivered,301.74,4.4,28.35,26.71,0.0,0,68.58
ORD002127,CUST0769,WH002,DRV0174,VEH0030,2026-03-10,Erode,Confirmed,Delivered,125.49,13.92,72.31,71.58,0.0,0,9.02
ORD002128,CUST0168,WH005,DRV0069,VEH0155,2026-06-21,Madurai,Confirmed,Delivered,245.09,25.27,81.62,88.47,6.85,1,9.7
ORD002129,CUST0914,WH006,DRV0035,VEH0120,2026-05-29,Tirunelveli,Processing,Delivered,126.12,22.97,165.86,166.22,0.36,1,5.49
ORD002130,CUST0675,WH004,DRV0193,VEH0013,2026-02-11,Tirunelveli,Processing,Delayed,100.0,16.13,86.83,79.01,0.0,1,6.2
ORD002131,CUST0337,WH007,DRV0143,VEH0199,2026-02-05,Erode,Dispatched,In Transit,394.01,8.05,52.15,53.02,0.87,1,48.95
ORD002132,CUST0295,WH010,DRV0017,VEH0082,2026-02-27,Trichy,Dispatched,Delivered,100.0,6.27,38.39,43.3,4.91,1,15.95
ORD002133,CUST0380,WH004,DRV0076,VEH0038,2026-08-16,Tirunelveli,Dispatched,Delivered,578.38,12.36,64.56,74.88,10.32,1,46.79
ORD002134,CUST0011,WH008,DRV0174,VEH0180,2026-06-04,Erode,Dispatched,In Transit,346.77,7.9,90.81,83.82,0.0,0,43.89
ORD002135,CUST0357,WH002,DRV0189,VEH0073,2026-02-26,Vellore,Dispatched,Delivered,204.13,4.13,52.3,55.1,2.8,1,49.43
ORD002136,CUST0813,WH010,DRV0171,VEH0087,2026-02-04,Vellore,Dispatched,Delivered,135.66,5.63,53.01,46.94,0.0,0,24.1
ORD002137,CUST0971,WH004,DRV0122,VEH0095,2026-01-19,Trichy,Processing,Delivered,142.71,9.01,48.21,46.57,0.0,0,15.84
ORD002138,CUST0131,WH007,DRV0079,VEH0066,2026-03-09,Madurai,Dispatched,Delivered,206.77,24.74,98.05,99.96,1.91,1,8.36
ORD002139,CUST0205,WH005,DRV0091,VEH0168,2026-04-26,Madurai,Dispatched,Delivered,204.4,3.29,34.31,33.66,0.0,0,62.13
ORD002140,CUST0436,WH010,DRV0114,VEH0166,2026-06-05,Tirunelveli,Dispatched,Delivered,100.0,4.83,34.28,34.73,0.45,1,20.7
ORD002141,CUST0316,WH002,DRV0022,VEH0041,2026-05-12,Chennai,Processing,Delivered,189.44,9.52,71.15,63.43,0.0,0,19.9
ORD002142,CUST0604,WH003,DRV0137,VEH0133,2026-06-20,Madurai,Processing,Delivered,214.47,6.74,55.85,56.56,0.71,1,31.82
ORD002143,CUST0314,WH004,DRV0047,VEH0192,2026-07-20,Erode,Processing,Delivered,149.09,14.95,87.67,99.49,11.82,1,9.97
ORD002144,CUST0486,WH005,DRV0003,VEH0056,2026-04-02,Salem,Dispatched,Delivered,777.02,9.7,104.56,101.6,0.0,0,80.11
ORD002145,CUST0950,WH007,DRV0180,VEH0049,2026-02-08,Madurai,Processing,Delivered,166.15,4.07,24.63,23.75,0.0,0,40.82
ORD002146,CUST0111,WH003,DRV0031,VEH0187,2026-06-16,Chennai,Dispatched,In Transit,100.0,8.02,26.01,24.09,0.0,0,12.47
ORD002147,CUST0290,WH009,DRV0013,VEH0096,2026-04-30,Salem,Dispatched,Delivered,100.0,12.7,97.88,86.62,0.0,0,7.87
ORD002148,CUST0247,WH010,DRV0002,VEH0167,2026-08-22,Salem,Processing,Delivered,286.37,17.27,85.42,86.9,1.48,1,16.58
ORD002149,CUST0412,WH003,DRV0111,VEH0055,2026-03-02,Coimbatore,Dispatched,Delivered,113.34,4.79,39.81,41.66,1.85,1,23.66
ORD002150,CUST0573,WH005,DRV0007,VEH0192,2026-07-03,Salem,Dispatched,In Transit,100.0,13.24,79.6,79.82,0.22,1,7.55
ORD002151,CUST0450,WH005,DRV0029,VEH0003,2026-01-31,Tirunelveli,Dispatched,Delivered,448.98,9.17,83.06,74.16,0.0,0,48.96
ORD002152,CUST0889,WH007,DRV0132,VEH0136,2026-05-29,Erode,Dispatched,Delivered,202.42,22.84,155.79,136.18,0.0,0,8.86
ORD002153,CUST0622,WH006,DRV0132,VEH0073,2026-05-20,Trichy,Processing,Delivered,122.63,8.09,37.69,33.02,0.0,0,15.16
ORD002154,CUST0962,WH003,DRV0088,VEH0016,2026-05-06,Chennai,Confirmed,Delivered,100.0,4.15,31.21,33.96,2.75,1,24.1
ORD002155,CUST0421,WH001,DRV0149,VEH0026,2026-05-01,Coimbatore,Dispatched,Delivered,271.3,7.06,56.63,56.68,0.05,1,38.43
ORD002156,CUST0400,WH006,DRV0173,VEH0160,2026-02-10,Vellore,Dispatched,Delivered,183.11,2.63,28.73,30.96,2.23,1,69.62
ORD002157,CUST0456,WH006,DRV0127,VEH0082,2026-05-05,Erode,Dispatched,Delivered,422.2,2.82,24.61,25.63,1.02,1,149.72
ORD002158,CUST0744,WH004,DRV0156,VEH0008,2026-06-10,Madurai,Dispatched,Delivered,100.0,3.28,35.17,40.92,5.75,1,30.49
ORD002159,CUST0125,WH002,DRV0008,VEH0103,2026-02-12,Salem,Dispatched,Delivered,142.22,15.03,86.49,96.29,9.8,1,9.46
ORD002160,CUST0715,WH009,DRV0042,VEH0117,2026-06-11,Tirunelveli,Dispatched,Delivered,220.1,13.96,75.82,78.24,2.42,1,15.77
ORD002161,CUST0941,WH006,DRV0145,VEH0060,2026-04-30,Vellore,Dispatched,Delivered,410.09,15.57,69.36,72.29,2.93,1,26.34
ORD002162,CUST0783,WH001,DRV0137,VEH0012,2026-08-21,Coimbatore,Dispatched,Delivered,214.43,7.52,42.0,44.99,2.99,1,28.51
ORD002163,CUST0260,WH008,DRV0189,VEH0187,2026-04-15,Trichy,Processing,Delivered,114.45,5.73,57.2,62.24,5.04,1,19.97
ORD002164,CUST0535,WH010,DRV0084,VEH0187,2026-03-23,Erode,Dispatched,Delivered,421.39,38.4,174.69,162.55,0.0,0,10.97
ORD002165,CUST0712,WH007,DRV0069,VEH0162,2026-02-19,Coimbatore,Processing,Delivered,147.97,12.24,71.33,76.02,4.69,1,12.09
ORD002166,CUST0080,WH006,DRV0099,VEH0121,2026-07-18,Trichy,Dispatched,In Transit,203.78,5.28,42.36,39.89,0.0,0,38.59
ORD002167,CUST0272,WH001,DRV0041,VEH0158,2026-01-01,Erode,Processing,Delayed,295.28,26.84,132.81,138.26,5.45,1,11.0
ORD002168,CUST0856,WH010,DRV0157,VEH0044,2026-08-07,Erode,Dispatched,Delivered,500.74,24.44,178.01,163.22,0.0,0,20.49
ORD002169,CUST0565,WH005,DRV0054,VEH0166,2026-07-03,Vellore,Dispatched,Delivered,230.39,16.61,65.08,72.3,7.22,1,13.87
ORD002170,CUST0778,WH004,DRV0160,VEH0153,2026-05-21,Erode,Confirmed,Delivered,974.31,10.01,64.27,71.63,7.36,1,97.33
ORD002171,CUST0418,WH007,DRV0193,VEH0152,2026-05-06,Coimbatore,Dispatched,In Transit,171.02,6.31,34.69,32.92,0.0,0,27.1
ORD002172,CUST0402,WH002,DRV0121,VEH0097,2026-05-21,Erode,Processing,Delivered,219.38,8.3,70.16,62.39,0.0,0,26.43
ORD002173,CUST0053,WH001,DRV0043,VEH0189,2026-04-28,Tirunelveli,Dispatched,Delivered,121.25,22.38,114.75,128.51,13.76,1,5.42
ORD002174,CUST0272,WH007,DRV0069,VEH0137,2026-01-02,Coimbatore,Confirmed,In Transit,223.56,6.85,63.6,72.93,9.33,1,32.64
ORD002175,CUST0896,WH008,DRV0115,VEH0084,2026-02-09,Madurai,Confirmed,Delivered,219.89,4.66,44.61,39.46,0.0,0,47.19
ORD002176,CUST0228,WH005,DRV0100,VEH0048,2026-04-10,Tirunelveli,Processing,In Transit,357.7,16.43,113.48,128.2,14.72,1,21.77
ORD002177,CUST0958,WH008,DRV0016,VEH0052,2026-08-15,Madurai,Dispatched,Delivered,242.0,10.89,77.78,84.08,6.3,1,22.22
ORD002178,CUST0692,WH004,DRV0149,VEH0198,2026-04-17,Tirunelveli,Confirmed,Delivered,128.68,7.04,49.97,44.27,0.0,0,18.28
ORD002179,CUST0371,WH008,DRV0161,VEH0192,2026-04-11,Tirunelveli,Dispatched,In Transit,214.15,7.48,74.43,68.23,0.0,0,28.63
ORD002180,CUST0825,WH003,DRV0154,VEH0036,2026-07-27,Vellore,Processing,Delivered,117.09,2.41,29.24,30.69,1.45,1,48.59
ORD002181,CUST0712,WH007,DRV0131,VEH0105,2026-02-11,Madurai,Processing,Delivered,259.09,7.83,71.3,62.74,0.0,0,33.09
ORD002182,CUST0192,WH006,DRV0023,VEH0148,2026-01-01,Tirunelveli,Confirmed,Delivered,126.03,21.1,100.81,98.79,0.0,0,5.97
ORD002183,CUST0980,WH001,DRV0089,VEH0104,2026-01-17,Coimbatore,Confirmed,Delayed,100.0,5.78,36.04,41.35,5.31,1,17.3
ORD002184,CUST0023,WH005,DRV0182,VEH0178,2026-02-12,Salem,Dispatched,Delivered,100.0,42.27,230.39,217.16,0.0,0,2.37
ORD002185,CUST0552,WH004,DRV0084,VEH0012,2026-07-04,Coimbatore,Dispatched,Delivered,100.0,11.03,70.55,69.77,0.0,0,9.07
ORD002186,CUST0910,WH006,DRV0047,VEH0135,2026-03-18,Madurai,Dispatched,Delivered,128.61,3.9,31.92,31.24,0.0,0,32.98
ORD002187,CUST0336,WH009,DRV0118,VEH0168,2026-05-13,Coimbatore,Confirmed,Delivered,104.51,12.96,98.84,86.08,0.0,0,8.06
ORD002188,CUST0230,WH004,DRV0164,VEH0042,2026-08-07,Salem,Processing,Delivered,178.69,5.77,59.37,66.28,6.91,1,30.97
ORD002189,CUST0530,WH002,DRV0035,VEH0093,2026-01-30,Tirunelveli,Dispatched,Delivered,140.5,16.68,117.21,111.94,0.0,0,8.42
ORD002190,CUST0488,WH008,DRV0171,VEH0086,2026-06-22,Trichy,Dispatched,Delivered,253.54,23.3,122.25,123.78,1.53,1,10.88
ORD002191,CUST0734,WH001,DRV0161,VEH0067,2026-06-10,Chennai,Processing,Delayed,232.47,18.83,139.47,149.72,10.25,1,12.35
ORD002192,CUST0164,WH006,DRV0005,VEH0178,2026-07-04,Madurai,Dispatched,Delivered,146.86,18.55,83.28,78.71,0.0,0,7.92
ORD002193,CUST0996,WH004,DRV0004,VEH0169,2026-07-23,Erode,Processing,Delivered,406.47,8.32,51.85,49.36,0.0,0,48.85
ORD002194,CUST0423,WH006,DRV0058,VEH0152,2026-01-06,Vellore,Processing,Delivered,100.0,5.88,51.67,46.68,0.0,0,17.01
ORD002195,CUST0360,WH003,DRV0180,VEH0197,2026-07-10,Coimbatore,Dispatched,Delivered,348.69,15.46,123.46,110.86,0.0,0,22.55
ORD002196,CUST0169,WH009,DRV0200,VEH0013,2026-07-23,Salem,Confirmed,Delayed,200.64,6.19,37.29,36.61,0.0,1,32.41
ORD002197,CUST0513,WH003,DRV0107,VEH0118,2026-08-16,Madurai,Dispatched,Delivered,140.28,8.51,67.48,71.21,3.73,1,16.48
ORD002198,CUST0849,WH003,DRV0178,VEH0162,2026-02-10,Tirunelveli,Processing,Delivered,377.71,6.36,31.12,30.85,0.0,0,59.39
ORD002199,CUST0348,WH005,DRV0155,VEH0103,2026-01-16,Madurai,Dispatched,Delivered,260.38,6.89,67.23,70.19,2.96,1,37.79
ORD002200,CUST0766,WH007,DRV0138,VEH0131,2026-06-01,Trichy,Confirmed,Delivered,100.0,16.24,65.74,70.45,4.71,1,6.16
ORD002201,CUST0199,WH006,DRV0123,VEH0096,2026-04-16,Tirunelveli,Dispatched,Delivered,229.66,6.61,69.53,68.47,0.0,0,34.74
ORD002202,CUST0212,WH007,DRV0062,VEH0131,2026-05-31,Chennai,Confirmed,Delivered,229.51,16.43,144.57,138.03,0.0,0,13.97
ORD002203,CUST0682,WH009,DRV0122,VEH0152,2026-03-12,Coimbatore,Dispatched,Delivered,348.91,23.22,121.22,118.01,0.0,0,15.03
ORD002204,CUST0152,WH003,DRV0148,VEH0035,2026-08-08,Vellore,Dispatched,Delivered,265.2,7.67,77.99,68.63,0.0,0,34.58
ORD002205,CUST0885,WH005,DRV0032,VEH0020,2026-08-29,Coimbatore,Dispatched,Delivered,277.82,5.14,37.41,39.82,2.41,1,54.05
ORD002206,CUST0577,WH005,DRV0048,VEH0105,2026-01-05,Madurai,Dispatched,Delivered,136.06,20.37,83.11,86.42,3.31,1,6.68
ORD002207,CUST0530,WH003,DRV0177,VEH0172,2026-08-19,Salem,Cancelled,Cancelled,158.17,13.5,,,,0,11.72
ORD002208,CUST0090,WH010,DRV0026,VEH0076,2026-03-12,Madurai,Processing,Delivered,153.87,6.48,53.46,51.9,0.0,0,23.75
ORD002209,CUST0014,WH009,DRV0122,VEH0048,2026-06-20,Trichy,Confirmed,Delivered,100.0,8.81,42.45,49.91,7.46,1,11.35
ORD002210,CUST0019,WH009,DRV0163,VEH0043,2026-06-17,Vellore,Processing,Delivered,418.35,14.23,87.89,93.13,5.24,1,29.4
ORD002211,CUST0082,WH006,DRV0028,VEH0081,2026-04-20,Chennai,Confirmed,Delivered,100.0,3.56,24.93,26.92,1.99,1,28.09
ORD002212,CUST0761,WH005,DRV0065,VEH0068,2026-03-31,Trichy,Dispatched,Delivered,215.87,29.35,200.41,181.86,0.0,0,7.36
ORD002213,CUST0621,WH004,DRV0119,VEH0200,2026-05-23,Salem,Confirmed,Delayed,146.17,19.34,101.19,91.17,0.0,1,7.56
ORD002214,CUST0519,WH004,DRV0154,VEH0199,2026-07-05,Coimbatore,Dispatched,Delivered,155.25,11.18,52.51,56.15,3.64,1,13.89
ORD002215,CUST0832,WH005,DRV0186,VEH0183,2026-05-28,Salem,Dispatched,Delayed,281.58,28.44,129.26,146.78,17.52,1,9.9
ORD002216,CUST0002,WH002,DRV0006,VEH0154,2026-02-23,Trichy,Dispatched,Delivered,109.16,25.59,144.97,159.03,14.06,1,4.27
ORD002217,CUST0263,WH008,DRV0050,VEH0159,2026-05-13,Vellore,Dispatched,Delivered,243.9,9.75,66.54,73.69,7.15,1,25.02
ORD002218,CUST0540,WH007,DRV0049,VEH0182,2026-08-03,Coimbatore,Confirmed,Delayed,245.42,9.25,51.96,56.4,4.44,1,26.53
ORD002219,CUST0860,WH007,DRV0186,VEH0184,2026-06-02,Chennai,Dispatched,Delivered,109.49,9.5,54.82,59.56,4.74,1,11.53
ORD002220,CUST0490,WH001,DRV0046,VEH0056,2026-04-09,Madurai,Processing,Delayed,327.75,15.77,79.67,80.15,0.48,1,20.78
ORD002221,CUST0337,WH008,DRV0090,VEH0127,2026-01-19,Chennai,Dispatched,Delivered,440.9,14.99,104.09,110.04,5.95,1,29.41
ORD002222,CUST0286,WH001,DRV0149,VEH0053,2026-07-30,Madurai,Dispatched,Delayed,675.92,2.81,18.0,17.68,0.0,1,240.54
ORD002223,CUST0254,WH009,DRV0096,VEH0200,2026-01-02,Chennai,Dispatched,Delivered,152.88,14.34,72.89,76.47,3.58,1,10.66
ORD002224,CUST0597,WH006,DRV0025,VEH0189,2026-08-05,Tirunelveli,Confirmed,Delivered,205.25,14.29,119.01,108.74,0.0,0,14.36
ORD002225,CUST0485,WH008,DRV0096,VEH0034,2026-03-03,Coimbatore,Processing,Delivered,213.56,9.57,60.26,53.08,0.0,0,22.32
ORD002226,CUST0201,WH001,DRV0125,VEH0046,2026-06-14,Coimbatore,Confirmed,Delivered,279.43,11.63,91.96,94.69,2.73,1,24.03
ORD002227,CUST0292,WH006,DRV0105,VEH0084,2026-03-16,Vellore,Confirmed,Delivered,564.84,3.2,22.35,25.84,3.49,1,176.51
ORD002228,CUST0884,WH001,DRV0063,VEH0074,2026-03-18,Coimbatore,Processing,Delivered,248.75,4.57,40.41,43.83,3.42,1,54.43
ORD002229,CUST0278,WH003,DRV0083,VEH0050,2026-02-28,Tirunelveli,Dispatched,Delivered,253.19,6.19,22.18,25.19,3.01,1,40.9
ORD002230,CUST0335,WH002,DRV0066,VEH0197,2026-08-09,Tirunelveli,Processing,Delivered,100.0,15.91,114.34,119.92,5.58,1,6.29
ORD002231,CUST0590,WH002,DRV0163,VEH0011,2026-08-17,Madurai,Dispatched,In Transit,686.51,23.93,125.47,120.24,0.0,0,28.69
ORD002232,CUST0411,WH004,DRV0080,VEH0115,2026-03-13,Tirunelveli,Dispatched,Delivered,133.09,15.25,95.48,94.94,0.0,0,8.73
ORD002233,CUST0210,WH007,DRV0033,VEH0086,2026-08-17,Erode,Dispatched,Delivered,100.0,12.05,79.59,86.24,6.65,1,8.3
ORD002234,CUST0638,WH003,DRV0050,VEH0075,2026-05-03,Coimbatore,Processing,Delivered,100.0,17.44,114.6,106.09,0.0,0,5.73
ORD002235,CUST0010,WH007,DRV0152,VEH0146,2026-02-24,Salem,Processing,Delivered,223.92,1.71,31.0,34.85,3.85,1,130.95
ORD002236,CUST0240,WH009,DRV0095,VEH0159,2026-02-21,Madurai,Dispatched,Delivered,100.0,22.72,104.92,114.24,9.32,1,4.4
ORD002237,CUST0790,WH004,DRV0151,VEH0062,2026-06-15,Coimbatore,Confirmed,Delivered,187.72,10.2,52.35,49.72,0.0,0,18.4
ORD002238,CUST0919,WH007,DRV0081,VEH0023,2026-05-10,Coimbatore,Dispatched,Delayed,100.0,20.96,124.75,137.21,12.46,1,4.77
ORD002239,CUST0820,WH001,DRV0097,VEH0104,2026-07-12,Tirunelveli,Processing,In Transit,221.03,16.74,75.81,71.95,0.0,0,13.2
ORD002240,CUST0170,WH002,DRV0037,VEH0181,2026-01-01,Chennai,Dispatched,Delivered,261.59,6.48,59.09,51.69,0.0,0,40.37
ORD002241,CUST0681,WH008,DRV0100,VEH0062,2026-07-31,Salem,Dispatched,Delivered,203.22,13.04,95.11,86.51,0.0,0,15.58
ORD002242,CUST0816,WH003,DRV0063,VEH0074,2026-04-12,Salem,Dispatched,Delivered,115.28,6.88,60.42,67.28,6.86,1,16.76
ORD002243,CUST0837,WH005,DRV0184,VEH0017,2026-08-28,Tirunelveli,Processing,Delivered,320.88,14.89,75.46,75.0,0.0,0,21.55
ORD002244,CUST0947,WH008,DRV0063,VEH0126,2026-03-11,Madurai,Processing,Delivered,139.83,31.55,218.65,223.87,5.22,1,4.43
ORD002245,CUST0473,WH005,DRV0019,VEH0041,2026-04-20,Vellore,Dispatched,Delivered,160.38,14.94,66.39,57.86,0.0,0,10.73
ORD002246,CUST0769,WH001,DRV0149,VEH0109,2026-07-20,Salem,Dispatched,Delivered,130.15,6.28,53.53,46.98,0.0,0,20.72
ORD002247,CUST0472,WH002,DRV0039,VEH0008,2026-02-14,Coimbatore,Processing,Delivered,152.3,19.35,86.58,97.49,10.91,1,7.87
ORD002248,CUST0865,WH010,DRV0104,VEH0159,2026-05-15,Madurai,Confirmed,Delivered,611.74,6.04,70.31,62.63,0.0,0,101.28
ORD002249,CUST0762,WH003,DRV0083,VEH0049,2026-07-26,Tirunelveli,Confirmed,Delayed,180.69,23.33,122.55,134.96,12.41,1,7.74
ORD002250,CUST0696,WH010,DRV0200,VEH0112,2026-02-24,Trichy,Dispatched,Delivered,100.0,5.3,39.73,42.0,2.27,1,18.87
ORD002251,CUST0229,WH002,DRV0154,VEH0185,2026-08-26,Chennai,Processing,In Transit,100.0,21.42,103.91,108.69,4.78,1,4.67
ORD002252,CUST0839,WH009,DRV0105,VEH0176,2026-06-22,Chennai,Cancelled,Cancelled,151.48,7.82,,,,0,19.37
ORD002253,CUST0408,WH005,DRV0179,VEH0181,2026-06-03,Trichy,Dispatched,Delivered,108.15,15.93,99.62,90.07,0.0,0,6.79
ORD002254,CUST0399,WH001,DRV0060,VEH0190,2026-05-17,Tirunelveli,Dispatched,Delivered,336.06,19.48,128.67,135.59,6.92,1,17.25
ORD002255,CUST0203,WH008,DRV0082,VEH0106,2026-01-07,Madurai,Dispatched,Delivered,100.0,12.94,54.78,50.03,0.0,0,7.73
ORD002256,CUST0684,WH003,DRV0092,VEH0178,2026-07-28,Vellore,Cancelled,Cancelled,167.77,8.43,,,,0,19.9
ORD002257,CUST0593,WH009,DRV0122,VEH0055,2026-05-07,Trichy,Cancelled,Cancelled,349.64,13.26,,,,0,26.37
ORD002258,CUST0049,WH009,DRV0124,VEH0137,2026-03-02,Salem,Confirmed,Delivered,120.35,10.2,51.37,53.86,2.49,1,11.8
ORD002259,CUST0727,WH006,DRV0097,VEH0032,2026-07-14,Coimbatore,Processing,Delivered,241.14,11.41,101.77,95.7,0.0,0,21.13
ORD002260,CUST0689,WH004,DRV0134,VEH0087,2026-03-08,Trichy,Dispatched,In Transit,176.58,3.57,29.37,29.07,0.0,0,49.46
ORD002261,CUST0964,WH009,DRV0135,VEH0096,2026-01-21,Trichy,Dispatched,Delivered,177.59,17.14,77.92,71.75,0.0,0,10.36
ORD002262,CUST0095,WH009,DRV0188,VEH0057,2026-05-13,Salem,Dispatched,In Transit,252.83,12.69,62.57,69.84,7.27,1,19.92
ORD002263,CUST0118,WH002,DRV0189,VEH0100,2026-02-22,Madurai,Confirmed,Delayed,100.0,2.96,50.18,48.18,0.0,1,33.78
ORD002264,CUST0610,WH010,DRV0133,VEH0005,2026-07-18,Coimbatore,Dispatched,Delivered,396.31,8.8,66.84,61.77,0.0,0,45.04
ORD002265,CUST0074,WH006,DRV0091,VEH0119,2026-01-27,Coimbatore,Confirmed,Delivered,100.0,2.24,17.19,15.94,0.0,0,44.64
ORD002266,CUST0037,WH004,DRV0136,VEH0112,2026-01-28,Chennai,Dispatched,Delivered,379.31,11.58,54.47,47.82,0.0,0,32.76
ORD002267,CUST0330,WH003,DRV0102,VEH0193,2026-05-26,Coimbatore,Processing,Delivered,240.35,15.63,98.19,113.18,14.99,1,15.38
ORD002268,CUST0426,WH010,DRV0161,VEH0178,2026-04-29,Coimbatore,Dispatched,Delivered,246.54,7.06,60.96,63.92,2.96,1,34.92
ORD002269,CUST0187,WH006,DRV0185,VEH0095,2026-04-13,Coimbatore,Confirmed,Delivered,517.74,6.7,31.92,32.15,0.23,1,77.27
ORD002270,CUST0384,WH008,DRV0140,VEH0063,2026-02-11,Coimbatore,Processing,Delayed,391.21,8.49,53.01,56.22,3.21,1,46.08
ORD002271,CUST0459,WH009,DRV0101,VEH0186,2026-03-06,Salem,Dispatched,Delayed,307.73,6.68,60.51,64.17,3.66,1,46.07
ORD002272,CUST0991,WH009,DRV0125,VEH0185,2026-01-28,Tirunelveli,Processing,Delivered,149.69,5.87,50.8,56.27,5.47,1,25.5
ORD002273,CUST0778,WH002,DRV0037,VEH0115,2026-02-10,Vellore,Dispatched,In Transit,143.39,2.67,62.57,57.2,0.0,0,53.7
ORD002274,CUST0747,WH008,DRV0143,VEH0137,2026-04-20,Chennai,Dispatched,Delivered,313.24,6.53,56.93,50.72,0.0,0,47.97
ORD002275,CUST0870,WH008,DRV0017,VEH0099,2026-02-15,Tirunelveli,Dispatched,Delivered,243.31,3.65,34.66,39.62,4.96,1,66.66
ORD002276,CUST0309,WH005,DRV0037,VEH0026,2026-01-19,Trichy,Processing,Delivered,220.47,22.67,92.69,103.4,10.71,1,9.73
ORD002277,CUST0426,WH004,DRV0179,VEH0191,2026-07-29,Chennai,Dispatched,Delivered,174.69,25.21,108.65,118.29,9.64,1,6.93
ORD002278,CUST0392,WH009,DRV0157,VEH0194,2026-02-02,Madurai,Dispatched,Delayed,139.06,15.05,74.06,73.86,0.0,1,9.24
ORD002279,CUST0331,WH004,DRV0003,VEH0034,2026-02-25,Tirunelveli,Dispatched,Delivered,100.0,21.96,160.3,147.42,0.0,0,4.55
ORD002280,CUST0852,WH010,DRV0154,VEH0081,2026-07-01,Tirunelveli,Dispatched,Delivered,275.42,6.15,41.51,47.63,6.12,1,44.78
ORD002281,CUST0408,WH004,DRV0104,VEH0006,2026-06-05,Trichy,Processing,Delivered,161.08,15.54,113.07,108.61,0.0,0,10.37
ORD002282,CUST0307,WH003,DRV0121,VEH0062,2026-06-12,Erode,Processing,Delivered,154.42,15.28,82.89,92.64,9.75,1,10.11
ORD002283,CUST0071,WH010,DRV0045,VEH0095,2026-03-07,Chennai,Processing,Delivered,100.0,13.39,97.94,85.8,0.0,0,7.47
ORD002284,CUST0444,WH003,DRV0134,VEH0075,2026-06-17,Chennai,Confirmed,Delivered,192.53,8.32,61.89,55.28,0.0,0,23.14
ORD002285,CUST0149,WH003,DRV0099,VEH0169,2026-08-01,Chennai,Processing,Delivered,100.0,11.04,89.76,79.09,0.0,0,9.06
ORD002286,CUST0876,WH007,DRV0182,VEH0054,2026-05-20,Erode,Dispatched,Delivered,136.66,13.05,91.55,103.82,12.27,1,10.47
ORD002287,CUST0437,WH005,DRV0147,VEH0164,2026-07-19,Chennai,Dispatched,In Transit,303.46,12.85,75.25,75.52,0.27,1,23.62
ORD002288,CUST0262,WH009,DRV0013,VEH0091,2026-04-08,Chennai,Processing,Delivered,188.88,5.62,44.12,49.04,4.92,1,33.61
ORD002289,CUST0799,WH002,DRV0057,VEH0084,2026-05-31,Tirunelveli,Dispatched,Delivered,169.27,24.25,116.64,113.23,0.0,0,6.98
ORD002290,CUST0652,WH004,DRV0073,VEH0113,2026-08-26,Chennai,Dispatched,Delivered,113.04,11.62,82.54,89.73,7.19,1,9.73
ORD002291,CUST0357,WH002,DRV0083,VEH0084,2026-02-21,Salem,Dispatched,Delivered,126.99,17.85,96.82,89.55,0.0,0,7.11
ORD002292,CUST0909,WH008,DRV0085,VEH0130,2026-02-16,Erode,Dispatched,Delivered,508.0,7.55,54.56,52.3,0.0,0,67.28
ORD002293,CUST0305,WH004,DRV0185,VEH0101,2026-04-19,Salem,Dispatched,Delivered,300.92,14.91,63.92,62.58,0.0,0,20.18
ORD002294,CUST0543,WH001,DRV0174,VEH0027,2026-02-19,Vellore,Confirmed,Delayed,134.24,12.15,49.4,45.01,0.0,1,11.05
ORD002295,CUST0777,WH010,DRV0012,VEH0018,2026-08-01,Trichy,Processing,Delivered,169.25,6.04,46.41,46.41,0.0,0,28.02
ORD002296,CUST0155,WH003,DRV0157,VEH0124,2026-06-22,Coimbatore,Confirmed,In Transit,212.89,11.15,64.8,69.61,4.81,1,19.09
ORD002297,CUST0116,WH007,DRV0097,VEH0011,2026-07-21,Chennai,Cancelled,Cancelled,240.99,9.02,,,,0,26.72
ORD002298,CUST0949,WH003,DRV0065,VEH0172,2026-07-05,Tirunelveli,Processing,Delivered,178.43,9.66,60.48,53.19,0.0,0,18.47
ORD002299,CUST0721,WH005,DRV0049,VEH0004,2026-01-04,Coimbatore,Dispatched,Delivered,100.0,19.87,79.73,77.38,0.0,0,5.03
ORD002300,CUST0627,WH002,DRV0127,VEH0103,2026-08-17,Salem,Processing,Delivered,177.6,10.32,103.83,99.94,0.0,0,17.21
ORD002301,CUST0051,WH008,DRV0132,VEH0083,2026-03-21,Madurai,Dispatched,Delayed,170.7,19.12,94.7,83.77,0.0,1,8.93
ORD002302,CUST0072,WH004,DRV0028,VEH0043,2026-08-05,Vellore,Confirmed,Delayed,690.38,15.83,72.25,71.92,0.0,1,43.61
ORD002303,CUST0923,WH001,DRV0050,VEH0039,2026-04-14,Tirunelveli,Confirmed,Delivered,1042.77,11.95,70.26,61.15,0.0,0,87.26
ORD002304,CUST0640,WH004,DRV0012,VEH0059,2026-05-07,Chennai,Processing,In Transit,275.17,20.58,125.84,140.15,14.31,1,13.37
ORD002305,CUST0936,WH008,DRV0083,VEH0153,2026-01-30,Tirunelveli,Processing,Delivered,116.73,19.58,140.76,139.21,0.0,0,5.96
ORD002306,CUST0761,WH009,DRV0018,VEH0079,2026-03-17,Trichy,Cancelled,Cancelled,281.85,11.97,,,,0,23.55
ORD002307,CUST0830,WH001,DRV0107,VEH0084,2026-06-04,Coimbatore,Dispatched,Delayed,100.0,12.57,80.73,81.88,1.15,1,7.96
ORD002308,CUST0826,WH006,DRV0111,VEH0081,2026-07-30,Trichy,Confirmed,Delivered,128.22,20.72,110.21,122.3,12.09,1,6.19
ORD002309,CUST0143,WH004,DRV0111,VEH0055,2026-04-17,Chennai,Processing,Delivered,100.0,16.46,109.94,119.92,9.98,1,6.08
ORD002310,CUST0167,WH008,DRV0134,VEH0065,2026-04-14,Vellore,Dispatched,Delivered,259.27,24.09,93.93,102.85,8.92,1,10.76
ORD002311,CUST0070,WH001,DRV0068,VEH0093,2026-05-31,Coimbatore,Confirmed,Delivered,100.0,10.18,86.08,90.99,4.91,1,9.82
ORD002312,CUST0992,WH005,DRV0076,VEH0108,2026-06-27,Tirunelveli,Dispatched,In Transit,150.42,4.96,42.52,47.76,5.24,1,30.33
ORD002313,CUST0496,WH001,DRV0023,VEH0083,2026-04-28,Tirunelveli,Dispatched,Delivered,176.15,6.9,43.21,39.54,0.0,0,25.53
ORD002314,CUST0520,WH004,DRV0156,VEH0094,2026-03-14,Coimbatore,Confirmed,Delivered,177.9,2.82,9.16,10.0,0.84,1,63.09
ORD002315,CUST0163,WH002,DRV0040,VEH0153,2026-03-08,Tirunelveli,Processing,Delivered,133.3,6.6,76.64,78.61,1.97,1,20.2
ORD002316,CUST0575,WH010,DRV0098,VEH0037,2026-01-03,Chennai,Cancelled,Cancelled,225.62,16.35,,,,0,13.8
ORD002317,CUST0287,WH009,DRV0048,VEH0122,2026-05-08,Madurai,Dispatched,Delivered,100.0,10.29,65.56,74.38,8.82,1,9.72
ORD002318,CUST0234,WH002,DRV0162,VEH0075,2026-04-12,Erode,Dispatched,Delivered,561.46,6.01,51.02,45.6,0.0,0,93.42
ORD002319,CUST0730,WH004,DRV0092,VEH0082,2026-06-23,Chennai,Dispatched,Delivered,100.0,7.67,43.69,39.68,0.0,0,13.04
ORD002320,CUST0938,WH003,DRV0190,VEH0054,2026-01-15,Trichy,Cancelled,Cancelled,186.01,13.4,,,,0,13.88
ORD002321,CUST0344,WH001,DRV0186,VEH0073,2026-08-07,Salem,Confirmed,In Transit,272.12,7.94,45.85,47.1,1.25,1,34.27
ORD002322,CUST0883,WH001,DRV0162,VEH0156,2026-04-26,Salem,Dispatched,Delivered,282.52,9.54,57.54,64.47,6.93,1,29.61
ORD002323,CUST0253,WH002,DRV0057,VEH0091,2026-08-09,Erode,Dispatched,Delivered,300.06,3.72,44.11,49.99,5.88,1,80.66
ORD002324,CUST0706,WH008,DRV0029,VEH0110,2026-04-28,Vellore,Dispatched,Delivered,100.0,22.35,126.99,123.09,0.0,0,4.47
ORD002325,CUST0809,WH002,DRV0090,VEH0052,2026-04-21,Salem,Dispatched,Delivered,100.0,24.34,175.19,159.49,0.0,0,4.11
ORD002326,CUST0257,WH001,DRV0124,VEH0192,2026-02-21,Erode,Dispatched,Delivered,198.01,6.23,54.25,48.44,0.0,0,31.78
ORD002327,CUST0842,WH006,DRV0180,VEH0038,2026-06-11,Vellore,Processing,Delayed,247.83,8.8,59.63,63.67,4.04,1,28.16
ORD002328,CUST0506,WH001,DRV0098,VEH0044,2026-04-11,Coimbatore,Processing,Delivered,410.4,2.6,15.03,15.88,0.85,1,157.85
ORD002329,CUST0754,WH010,DRV0008,VEH0087,2026-03-04,Coimbatore,Dispatched,In Transit,129.79,21.22,106.12,120.56,14.44,1,6.12
ORD002330,CUST0471,WH009,DRV0093,VEH0062,2026-06-25,Erode,Confirmed,Delivered,100.66,4.49,29.07,26.86,0.0,0,22.42
ORD002331,CUST0289,WH006,DRV0107,VEH0068,2026-01-28,Chennai,Dispatched,Delivered,127.05,10.82,78.9,84.59,5.69,1,11.74
ORD002332,CUST0620,WH010,DRV0104,VEH0166,2026-06-11,Coimbatore,Confirmed,Delivered,787.32,5.39,25.86,26.01,0.15,1,146.07
ORD002333,CUST0549,WH006,DRV0144,VEH0178,2026-08-20,Tirunelveli,Dispatched,Delivered,480.72,10.98,76.75,68.0,0.0,0,43.78
ORD002334,CUST0892,WH001,DRV0092,VEH0061,2026-05-31,Erode,Dispatched,Delivered,162.36,18.75,134.55,125.09,0.0,0,8.66
ORD002335,CUST0825,WH007,DRV0158,VEH0028,2026-03-19,Trichy,Confirmed,Delivered,417.85,15.76,80.74,93.25,12.51,1,26.51
ORD002336,CUST0505,WH003,DRV0087,VEH0070,2026-04-08,Tirunelveli,Dispatched,Delivered,124.95,16.51,93.48,109.66,16.18,1,7.57
ORD002337,CUST0523,WH001,DRV0093,VEH0097,2026-05-21,Chennai,Dispatched,Delivered,337.12,4.15,60.29,55.5,0.0,0,81.23
ORD002338,CUST0084,WH009,DRV0084,VEH0031,2026-02-12,Erode,Dispatched,Delivered,100.0,10.64,79.49,78.26,0.0,0,9.4
ORD002339,CUST0730,WH008,DRV0081,VEH0185,2026-07-03,Trichy,Cancelled,Cancelled,228.54,33.86,,,,0,6.75
ORD002340,CUST0750,WH004,DRV0154,VEH0127,2026-01-09,Salem,Confirmed,Delivered,351.66,12.89,82.02,91.43,9.41,1,27.28
ORD002341,CUST0559,WH003,DRV0185,VEH0138,2026-04-22,Vellore,Processing,In Transit,146.6,11.25,106.48,95.79,0.0,0,13.03
ORD002342,CUST0962,WH002,DRV0039,VEH0140,2026-04-14,Trichy,Processing,Delivered,270.08,9.3,57.19,52.86,0.0,0,29.04
ORD002343,CUST0345,WH002,DRV0033,VEH0007,2026-01-27,Tirunelveli,Dispatched,In Transit,125.84,12.14,91.69,82.07,0.0,0,10.37
ORD002344,CUST0379,WH003,DRV0078,VEH0088,2026-03-29,Salem,Dispatched,Delivered,220.81,10.96,67.33,70.7,3.37,1,20.15
ORD002345,CUST0132,WH001,DRV0031,VEH0156,2026-05-04,Coimbatore,Dispatched,Delayed,132.55,30.3,114.43,122.68,8.25,1,4.37
ORD002346,CUST0211,WH010,DRV0021,VEH0075,2026-05-09,Chennai,Dispatched,Delivered,308.72,18.04,98.77,110.29,11.52,1,17.11
ORD002347,CUST0717,WH007,DRV0178,VEH0020,2026-07-18,Madurai,Dispatched,Delivered,100.0,10.12,95.28,84.39,0.0,0,9.88
ORD002348,CUST0595,WH002,DRV0128,VEH0120,2026-08-18,Erode,Dispatched,Delivered,100.0,17.48,125.53,139.01,13.48,1,5.72
ORD002349,CUST0077,WH006,DRV0134,VEH0065,2026-03-22,Vellore,Dispatched,Delivered,423.57,6.58,58.71,66.28,7.57,1,64.37
ORD002350,CUST0951,WH006,DRV0188,VEH0155,2026-06-04,Trichy,Dispatched,Delivered,100.0,10.85,43.79,48.24,4.45,1,9.22
ORD002351,CUST0140,WH004,DRV0090,VEH0144,2026-04-17,Chennai,Dispatched,Delivered,119.5,7.94,38.29,35.41,0.0,0,15.05
ORD002352,CUST0128,WH004,DRV0141,VEH0164,2026-03-11,Tirunelveli,Processing,Delivered,165.28,16.76,130.96,117.26,0.0,0,9.86
ORD002353,CUST0066,WH001,DRV0058,VEH0070,2026-01-10,Madurai,Confirmed,In Transit,228.02,10.34,67.96,62.16,0.0,0,22.05
ORD002354,CUST0933,WH006,DRV0172,VEH0138,2026-07-05,Chennai,Dispatched,Delivered,132.88,12.02,57.69,56.62,0.0,0,11.05
ORD002355,CUST0754,WH008,DRV0032,VEH0044,2026-07-16,Madurai,Dispatched,Delivered,100.0,9.83,84.76,73.82,0.0,0,10.17
ORD002356,CUST0663,WH010,DRV0059,VEH0147,2026-03-06,Chennai,Dispatched,Delivered,402.25,13.79,82.33,94.56,12.23,1,29.17
ORD002357,CUST0567,WH004,DRV0103,VEH0090,2026-06-14,Vellore,Dispatched,Delivered,359.47,16.92,136.97,123.38,0.0,0,21.25
ORD002358,CUST0147,WH001,DRV0081,VEH0193,2026-08-12,Salem,Confirmed,Delivered,141.66,24.38,114.0,116.53,2.53,1,5.81
ORD002359,CUST0067,WH004,DRV0173,VEH0074,2026-01-16,Madurai,Dispatched,Delivered,100.0,9.23,44.53,45.14,0.61,1,10.83
ORD002360,CUST0472,WH002,DRV0183,VEH0190,2026-04-09,Vellore,Processing,Delayed,221.19,5.61,49.84,56.11,6.27,1,39.43
ORD002361,CUST0151,WH004,DRV0177,VEH0033,2026-01-12,Chennai,Dispatched,In Transit,204.0,14.26,87.15,101.33,14.18,1,14.31
ORD002362,CUST0004,WH008,DRV0061,VEH0165,2026-01-07,Madurai,Dispatched,In Transit,117.5,4.65,25.7,27.2,1.5,1,25.27
ORD002363,CUST0018,WH003,DRV0040,VEH0113,2026-08-05,Salem,Processing,Delivered,100.0,9.05,93.45,103.55,10.1,1,11.05
ORD002364,CUST0524,WH005,DRV0082,VEH0141,2026-06-18,Madurai,Dispatched,Delivered,151.94,3.83,44.94,45.17,0.23,1,39.67
ORD002365,CUST0256,WH010,DRV0162,VEH0102,2026-07-09,Erode,Dispatched,Delivered,298.35,50.0,243.8,272.65,28.85,1,5.97
ORD002366,CUST0509,WH002,DRV0113,VEH0094,2026-03-15,Erode,Confirmed,Delivered,329.03,22.48,85.31,95.71,10.4,1,14.64
ORD002367,CUST0035,WH009,DRV0089,VEH0088,2026-07-23,Madurai,Dispatched,Delivered,176.14,21.19,161.5,145.09,0.0,0,8.31
ORD002368,CUST0923,WH003,DRV0012,VEH0098,2026-08-09,Chennai,Dispatched,Delivered,120.87,25.13,166.74,148.03,0.0,0,4.81
ORD002369,CUST0555,WH001,DRV0143,VEH0037,2026-02-12,Trichy,Dispatched,Delivered,292.19,19.77,90.55,79.48,0.0,0,14.78
ORD002370,CUST0590,WH007,DRV0107,VEH0019,2026-04-28,Vellore,Processing,Delivered,100.0,12.95,83.88,79.57,0.0,0,7.72
ORD002371,CUST0507,WH005,DRV0009,VEH0066,2026-04-15,Vellore,Confirmed,Delivered,100.0,13.18,55.72,51.53,0.0,0,7.59
ORD002372,CUST0863,WH009,DRV0148,VEH0030,2026-03-05,Salem,Dispatched,Delivered,171.14,23.65,162.61,147.73,0.0,0,7.24
ORD002373,CUST0323,WH003,DRV0089,VEH0160,2026-04-27,Tirunelveli,Confirmed,Delivered,495.31,24.62,87.71,83.72,0.0,0,20.12
ORD002374,CUST0453,WH001,DRV0111,VEH0161,2026-04-17,Chennai,Dispatched,Delivered,507.54,5.95,53.45,56.32,2.87,1,85.3
ORD002375,CUST0832,WH007,DRV0049,VEH0168,2026-06-05,Coimbatore,Confirmed,Delivered,100.0,10.15,74.3,82.84,8.54,1,9.85
ORD002376,CUST0861,WH008,DRV0014,VEH0143,2026-07-10,Madurai,Dispatched,Delivered,136.43,11.76,58.91,63.95,5.04,1,11.6
ORD002377,CUST0359,WH002,DRV0133,VEH0198,2026-08-29,Coimbatore,Dispatched,In Transit,881.86,20.15,133.64,121.26,0.0,0,43.76
ORD002378,CUST0052,WH002,DRV0126,VEH0100,2026-03-08,Tirunelveli,Processing,Delivered,115.88,6.61,43.49,41.07,0.0,0,17.53
ORD002379,CUST0529,WH009,DRV0048,VEH0108,2026-04-11,Chennai,Confirmed,Delivered,519.48,6.13,41.43,41.99,0.56,1,84.74
ORD002380,CUST0723,WH004,DRV0057,VEH0080,2026-01-15,Tirunelveli,Dispatched,Delivered,341.86,4.4,26.55,30.91,4.36,1,77.7
ORD002381,CUST0739,WH001,DRV0093,VEH0085,2026-04-28,Tirunelveli,Dispatched,Delivered,393.1,8.04,51.8,55.71,3.91,1,48.89
ORD002382,CUST0033,WH009,DRV0060,VEH0098,2026-04-15,Vellore,Processing,In Transit,135.67,8.98,67.88,63.52,0.0,0,15.11
ORD002383,CUST0328,WH009,DRV0200,VEH0104,2026-07-25,Trichy,Dispatched,Delivered,138.3,27.94,193.5,192.78,0.0,0,4.95
ORD002384,CUST0436,WH006,DRV0081,VEH0118,2026-08-09,Salem,Processing,Delivered,100.29,18.74,71.97,73.39,1.42,1,5.35
ORD002385,CUST0997,WH006,DRV0043,VEH0038,2026-03-13,Chennai,Processing,In Transit,304.67,20.14,110.02,116.53,6.51,1,15.13
ORD002386,CUST0419,WH009,DRV0082,VEH0136,2026-03-12,Trichy,Dispatched,Delivered,100.0,5.48,36.57,35.43,0.0,0,18.25
ORD002387,CUST0916,WH002,DRV0091,VEH0076,2026-05-17,Erode,Confirmed,Delivered,163.01,9.76,63.66,55.85,0.0,0,16.7
ORD002388,CUST0849,WH009,DRV0064,VEH0039,2026-07-03,Erode,Dispatched,Delivered,524.48,17.31,138.4,123.53,0.0,0,30.3
ORD002389,CUST0813,WH004,DRV0002,VEH0060,2026-01-11,Tirunelveli,Processing,Delivered,266.79,12.31,68.2,79.38,11.18,1,21.67
ORD002390,CUST0077,WH004,DRV0001,VEH0188,2026-03-02,Vellore,Confirmed,Delivered,347.83,15.5,56.89,57.22,0.33,1,22.44
ORD002391,CUST0580,WH009,DRV0118,VEH0109,2026-01-17,Chennai,Processing,Delivered,100.0,4.45,37.93,39.97,2.04,1,22.47
ORD002392,CUST0050,WH007,DRV0064,VEH0056,2026-04-02,Vellore,Cancelled,Cancelled,100.0,11.99,,,,0,8.34
ORD002393,CUST0442,WH010,DRV0072,VEH0018,2026-07-04,Tirunelveli,Dispatched,Delivered,391.39,17.9,130.29,126.27,0.0,0,21.87
ORD002394,CUST0670,WH005,DRV0085,VEH0123,2026-08-15,Trichy,Dispatched,Delivered,196.72,5.61,29.74,32.68,2.94,1,35.07
ORD002395,CUST0198,WH008,DRV0024,VEH0176,2026-01-11,Coimbatore,Confirmed,Delivered,100.0,3.15,38.57,35.57,0.0,0,31.75
ORD002396,CUST0770,WH001,DRV0130,VEH0104,2026-07-11,Trichy,Processing,Delayed,272.37,5.45,21.31,21.47,0.16,1,49.98
ORD002397,CUST0463,WH007,DRV0059,VEH0149,2026-06-21,Salem,Dispatched,In Transit,128.15,23.46,198.91,173.33,0.0,0,5.46
ORD002398,CUST0377,WH004,DRV0102,VEH0184,2026-01-24,Coimbatore,Confirmed,Delivered,943.33,4.9,31.18,36.36,5.18,1,192.52
ORD002399,CUST0546,WH002,DRV0162,VEH0140,2026-06-22,Vellore,Dispatched,Delivered,267.57,11.39,66.01,72.79,6.78,1,23.49
ORD002400,CUST0436,WH002,DRV0056,VEH0006,2026-04-24,Madurai,Confirmed,Delivered,100.0,3.07,28.49,26.96,0.0,0,32.57
ORD002401,CUST0724,WH009,DRV0114,VEH0159,2026-01-25,Coimbatore,Dispatched,Delivered,321.39,6.13,34.27,32.37,0.0,0,52.43
ORD002402,CUST0272,WH006,DRV0005,VEH0098,2026-08-20,Coimbatore,Processing,Delivered,517.81,12.79,73.77,71.99,0.0,0,40.49
ORD002403,CUST0892,WH004,DRV0109,VEH0071,2026-03-18,Madurai,Dispatched,Delivered,180.57,11.22,76.46,66.98,0.0,0,16.09
ORD002404,CUST0939,WH002,DRV0124,VEH0127,2026-05-15,Coimbatore,Confirmed,Delivered,110.04,21.23,139.97,143.62,3.65,1,5.18
ORD002405,CUST0576,WH007,DRV0183,VEH0061,2026-05-17,Coimbatore,Confirmed,Delayed,186.57,14.52,120.23,123.3,3.07,1,12.85
ORD002406,CUST0989,WH009,DRV0119,VEH0118,2026-06-19,Tirunelveli,Processing,Delivered,121.71,5.61,35.1,31.25,0.0,0,21.7
ORD002407,CUST0155,WH002,DRV0036,VEH0068,2026-08-30,Erode,Confirmed,Delayed,153.25,9.67,82.62,81.68,0.0,1,15.85
ORD002408,CUST0321,WH004,DRV0072,VEH0185,2026-01-06,Madurai,Processing,Delivered,100.0,8.42,52.69,55.11,2.42,1,11.88
ORD002409,CUST0269,WH001,DRV0094,VEH0061,2026-05-11,Tirunelveli,Dispatched,Delivered,320.18,2.24,36.38,34.14,0.0,0,142.94
ORD002410,CUST0552,WH001,DRV0183,VEH0116,2026-06-13,Madurai,Dispatched,Delivered,100.0,28.39,107.67,103.94,0.0,0,3.52
ORD002411,CUST0160,WH003,DRV0138,VEH0112,2026-07-30,Salem,Dispatched,Delivered,269.16,11.56,76.74,81.47,4.73,1,23.28
ORD002412,CUST0323,WH001,DRV0085,VEH0017,2026-01-04,Coimbatore,Dispatched,Delivered,148.76,12.91,56.85,60.52,3.67,1,11.52
ORD002413,CUST0014,WH004,DRV0174,VEH0157,2026-07-07,Erode,Dispatched,Delivered,209.53,16.97,126.84,130.94,4.1,1,12.35
ORD002414,CUST0376,WH006,DRV0052,VEH0067,2026-08-19,Erode,Processing,Delivered,133.15,17.11,73.27,84.08,10.81,1,7.78
ORD002415,CUST0120,WH005,DRV0190,VEH0059,2026-06-26,Coimbatore,Dispatched,Delivered,205.93,18.26,144.58,127.63,0.0,0,11.28
ORD002416,CUST0314,WH009,DRV0132,VEH0003,2026-05-05,Coimbatore,Processing,Delivered,240.14,8.74,58.7,64.87,6.17,1,27.48
ORD002417,CUST0348,WH002,DRV0184,VEH0110,2026-07-01,Salem,Dispatched,Delivered,144.31,8.06,39.19,43.15,3.96,1,17.9
ORD002418,CUST0046,WH002,DRV0011,VEH0103,2026-08-24,Tirunelveli,Processing,Delivered,100.0,21.74,130.32,124.81,0.0,0,4.6
ORD002419,CUST0346,WH003,DRV0105,VEH0155,2026-03-24,Vellore,Confirmed,Delivered,225.67,28.83,149.07,139.67,0.0,0,7.83
ORD002420,CUST0469,WH004,DRV0178,VEH0001,2026-02-03,Coimbatore,Dispatched,Delayed,233.7,3.07,25.43,23.74,0.0,1,76.12
ORD002421,CUST0382,WH009,DRV0189,VEH0079,2026-08-14,Madurai,Processing,Delivered,100.0,21.25,91.87,95.45,3.58,1,4.71
ORD002422,CUST0622,WH006,DRV0151,VEH0078,2026-06-27,Madurai,Dispatched,Delivered,100.0,9.67,85.67,77.04,0.0,0,10.34
ORD002423,CUST0371,WH009,DRV0126,VEH0132,2026-01-04,Madurai,Dispatched,Delivered,144.59,10.75,44.69,44.11,0.0,0,13.45
ORD002424,CUST0459,WH005,DRV0113,VEH0004,2026-02-17,Madurai,Confirmed,Delivered,100.0,1.71,20.88,21.27,0.39,1,58.48
ORD002425,CUST0219,WH009,DRV0030,VEH0124,2026-07-24,Vellore,Cancelled,Cancelled,287.19,11.38,,,,0,25.24
ORD002426,CUST0955,WH009,DRV0123,VEH0033,2026-01-10,Tirunelveli,Dispatched,Delivered,131.93,7.63,48.29,52.32,4.03,1,17.29
ORD002427,CUST0121,WH001,DRV0088,VEH0011,2026-05-03,Tirunelveli,Dispatched,Delivered,218.67,2.09,28.39,25.62,0.0,0,104.63
ORD002428,CUST0961,WH009,DRV0025,VEH0185,2026-04-16,Tirunelveli,Processing,Delivered,100.0,23.07,170.77,168.8,0.0,0,4.33
ORD002429,CUST0289,WH007,DRV0030,VEH0154,2026-03-23,Trichy,Dispatched,Delivered,672.75,12.82,80.99,72.31,0.0,0,52.48
ORD002430,CUST0512,WH008,DRV0167,VEH0088,2026-02-13,Madurai,Dispatched,Delayed,100.0,14.08,64.03,70.32,6.29,1,7.1
ORD002431,CUST0558,WH003,DRV0074,VEH0111,2026-08-29,Salem,Processing,Delivered,131.1,22.95,162.49,143.69,0.0,0,5.71
ORD002432,CUST0338,WH001,DRV0124,VEH0154,2026-04-16,Tirunelveli,Confirmed,Delivered,395.2,17.31,124.33,117.7,0.0,0,22.83
ORD002433,CUST0381,WH004,DRV0139,VEH0182,2026-05-04,Tirunelveli,Dispatched,Delivered,100.0,4.32,44.3,42.78,0.0,0,23.15
ORD002434,CUST0506,WH001,DRV0073,VEH0155,2026-02-10,Trichy,Processing,Delivered,192.32,19.82,116.83,119.63,2.8,1,9.7
ORD002435,CUST0566,WH001,DRV0164,VEH0102,2026-01-23,Tirunelveli,Dispatched,Delivered,272.45,3.57,51.73,45.5,0.0,0,76.32
ORD002436,CUST0834,WH004,DRV0112,VEH0182,2026-08-26,Vellore,Processing,Delivered,100.0,16.48,84.42,85.86,1.44,1,6.07
ORD002437,CUST0388,WH008,DRV0180,VEH0002,2026-06-25,Coimbatore,Dispatched,Delivered,117.38,32.58,166.04,166.11,0.07,1,3.6
ORD002438,CUST0566,WH001,DRV0005,VEH0009,2026-06-03,Madurai,Dispatched,Delayed,205.12,16.57,74.55,68.74,0.0,1,12.38
ORD002439,CUST0882,WH010,DRV0076,VEH0072,2026-06-24,Tirunelveli,Dispatched,Delivered,243.39,8.99,43.3,46.29,2.99,1,27.07
ORD002440,CUST0004,WH010,DRV0142,VEH0104,2026-06-05,Coimbatore,Processing,Delivered,106.22,31.89,179.11,191.06,11.95,1,3.33
ORD002441,CUST0913,WH009,DRV0148,VEH0116,2026-01-23,Madurai,Processing,Delivered,599.66,12.78,79.46,73.4,0.0,0,46.92
ORD002442,CUST0752,WH006,DRV0020,VEH0064,2026-02-05,Madurai,Cancelled,Cancelled,247.8,5.73,,,,0,43.25
ORD002443,CUST0592,WH005,DRV0172,VEH0115,2026-05-31,Tirunelveli,Processing,Delivered,300.31,7.24,47.54,43.34,0.0,0,41.48
ORD002444,CUST0201,WH009,DRV0100,VEH0065,2026-08-29,Vellore,Confirmed,Delivered,289.08,7.07,42.51,40.97,0.0,0,40.89
ORD002445,CUST0986,WH009,DRV0025,VEH0021,2026-05-07,Trichy,Dispatched,Delivered,100.0,36.49,167.94,165.99,0.0,0,2.74
ORD002446,CUST0202,WH009,DRV0169,VEH0154,2026-04-14,Madurai,Confirmed,Delivered,168.24,16.39,72.87,79.32,6.45,1,10.26
ORD002447,CUST0256,WH003,DRV0110,VEH0143,2026-07-06,Madurai,Confirmed,Delivered,179.37,16.77,88.38,81.39,0.0,0,10.7
ORD002448,CUST0199,WH008,DRV0127,VEH0171,2026-04-24,Chennai,Confirmed,Delivered,153.65,15.05,94.98,87.02,0.0,0,10.21
ORD002449,CUST0073,WH010,DRV0069,VEH0167,2026-03-20,Vellore,Dispatched,Delivered,207.44,13.4,96.12,96.61,0.49,1,15.48
ORD002450,CUST0951,WH004,DRV0091,VEH0016,2026-06-22,Vellore,Dispatched,Delivered,100.0,8.14,41.98,43.42,1.44,1,12.29
ORD002451,CUST0688,WH004,DRV0002,VEH0035,2026-07-01,Salem,Processing,Delivered,197.01,4.84,38.23,41.38,3.15,1,40.7
ORD002452,CUST0219,WH007,DRV0140,VEH0023,2026-05-14,Vellore,Processing,In Transit,148.84,14.21,119.38,110.92,0.0,0,10.47
ORD002453,CUST0736,WH008,DRV0028,VEH0140,2026-08-04,Salem,Processing,Delayed,100.0,31.3,109.12,104.74,0.0,1,3.19
ORD002454,CUST0433,WH004,DRV0044,VEH0184,2026-04-23,Coimbatore,Dispatched,Delivered,238.55,13.74,78.49,86.07,7.58,1,17.36
ORD002455,CUST0407,WH010,DRV0141,VEH0052,2026-08-23,Coimbatore,Confirmed,Delivered,100.0,24.41,183.31,168.43,0.0,0,4.1
ORD002456,CUST0795,WH006,DRV0085,VEH0019,2026-03-23,Trichy,Dispatched,Delivered,141.55,3.0,19.31,17.32,0.0,0,47.18
ORD002457,CUST0793,WH001,DRV0043,VEH0098,2026-07-17,Coimbatore,Processing,Delivered,153.64,13.79,101.97,117.51,15.54,1,11.14
ORD002458,CUST0093,WH002,DRV0055,VEH0190,2026-06-10,Vellore,Dispatched,In Transit,100.0,7.79,68.8,63.6,0.0,0,12.84
ORD002459,CUST0664,WH005,DRV0136,VEH0136,2026-01-29,Chennai,Confirmed,Delivered,100.0,5.52,48.83,44.16,0.0,0,18.12
ORD002460,CUST0080,WH004,DRV0124,VEH0115,2026-08-12,Coimbatore,Dispatched,Delivered,258.4,27.27,191.69,167.06,0.0,0,9.48
ORD002461,CUST0208,WH003,DRV0064,VEH0087,2026-03-23,Madurai,Processing,In Transit,122.43,8.49,72.15,78.31,6.16,1,14.42
ORD002462,CUST0092,WH006,DRV0117,VEH0139,2026-08-04,Coimbatore,Confirmed,Delivered,140.42,16.37,64.19,66.77,2.58,1,8.58
ORD002463,CUST0532,WH010,DRV0012,VEH0123,2026-08-21,Erode,Dispatched,Delivered,190.06,10.52,81.83,71.79,0.0,0,18.07
ORD002464,CUST0053,WH006,DRV0041,VEH0043,2026-01-20,Tirunelveli,Dispatched,Delivered,100.0,4.31,25.16,28.65,3.49,1,23.2
ORD002465,CUST0083,WH010,DRV0044,VEH0098,2026-07-31,Coimbatore,Processing,Delivered,139.07,17.84,106.37,105.62,0.0,0,7.8
ORD002466,CUST0074,WH008,DRV0011,VEH0069,2026-03-30,Madurai,Dispatched,Delivered,168.7,8.91,48.55,48.45,0.0,0,18.93
ORD002467,CUST0410,WH002,DRV0019,VEH0165,2026-06-15,Chennai,Dispatched,Delivered,570.75,19.55,129.24,125.24,0.0,0,29.19
ORD002468,CUST0444,WH007,DRV0125,VEH0153,2026-08-06,Erode,Dispatched,In Transit,100.0,6.16,40.06,42.2,2.14,1,16.23
ORD002469,CUST0130,WH007,DRV0060,VEH0152,2026-06-26,Salem,Processing,Delivered,302.71,7.89,63.01,55.87,0.0,0,38.37
ORD002470,CUST0771,WH002,DRV0200,VEH0106,2026-08-16,Chennai,Dispatched,Delayed,181.06,15.98,72.82,78.22,5.4,1,11.33
ORD002471,CUST0871,WH006,DRV0155,VEH0034,2026-02-19,Chennai,Dispatched,Delivered,100.0,6.51,53.29,51.0,0.0,0,15.36
ORD002472,CUST0184,WH005,DRV0199,VEH0082,2026-06-28,Trichy,Processing,Delivered,120.13,17.65,88.92,89.03,0.11,1,6.81
ORD002473,CUST0578,WH002,DRV0121,VEH0140,2026-05-29,Trichy,Dispatched,Delivered,318.32,2.6,39.62,42.6,2.98,1,122.43
ORD002474,CUST0665,WH009,DRV0155,VEH0170,2026-02-06,Vellore,Confirmed,Delayed,300.38,4.89,39.61,43.69,4.08,1,61.43
ORD002475,CUST0365,WH008,DRV0014,VEH0103,2026-01-17,Madurai,Confirmed,Delayed,129.26,11.88,93.92,82.61,0.0,1,10.88
ORD002476,CUST0196,WH007,DRV0152,VEH0079,2026-01-26,Vellore,Dispatched,Delivered,226.65,16.79,85.79,84.24,0.0,0,13.5
ORD002477,CUST0015,WH006,DRV0064,VEH0111,2026-03-10,Erode,Dispatched,Delayed,100.0,12.24,71.71,69.54,0.0,1,8.17
ORD002478,CUST0210,WH005,DRV0152,VEH0012,2026-08-25,Trichy,Confirmed,In Transit,161.62,15.56,105.96,97.67,0.0,0,10.39
ORD002479,CUST0135,WH009,DRV0130,VEH0157,2026-03-31,Tirunelveli,Processing,In Transit,137.11,8.55,60.57,69.27,8.7,1,16.04
ORD002480,CUST0384,WH005,DRV0180,VEH0148,2026-02-27,Salem,Dispatched,Delivered,332.17,2.46,27.14,25.5,0.0,0,135.03
ORD002481,CUST0475,WH006,DRV0095,VEH0079,2026-02-28,Madurai,Processing,In Transit,244.9,9.3,49.25,54.75,5.5,1,26.33
ORD002482,CUST0594,WH003,DRV0012,VEH0131,2026-02-04,Tirunelveli,Dispatched,In Transit,116.81,9.44,94.9,88.51,0.0,0,12.37
ORD002483,CUST0583,WH009,DRV0193,VEH0080,2026-05-18,Trichy,Dispatched,Delivered,124.62,23.15,147.15,164.89,17.74,1,5.38
ORD002484,CUST0504,WH008,DRV0188,VEH0061,2026-02-04,Coimbatore,Processing,Delayed,177.88,17.43,106.59,96.92,0.0,1,10.21
ORD002485,CUST0477,WH009,DRV0058,VEH0071,2026-01-18,Tirunelveli,Dispatched,Delivered,163.23,5.19,81.2,77.02,0.0,0,31.45
ORD002486,CUST0297,WH001,DRV0094,VEH0150,2026-06-25,Trichy,Dispatched,Delivered,151.16,2.05,35.03,36.27,1.24,1,73.74
ORD002487,CUST0382,WH001,DRV0042,VEH0073,2026-07-08,Salem,Dispatched,Delivered,144.2,10.47,76.74,80.13,3.39,1,13.77
ORD002488,CUST0444,WH002,DRV0001,VEH0017,2026-05-18,Trichy,Dispatched,Delivered,444.29,7.75,37.21,41.59,4.38,1,57.33
ORD002489,CUST0684,WH004,DRV0150,VEH0097,2026-03-04,Madurai,Dispatched,Delivered,135.13,29.86,192.08,171.31,0.0,0,4.53
ORD002490,CUST0123,WH010,DRV0106,VEH0002,2026-08-26,Tirunelveli,Dispatched,Delivered,220.3,23.6,110.16,124.4,14.24,1,9.33
ORD002491,CUST0289,WH005,DRV0072,VEH0007,2026-02-01,Vellore,Dispatched,Delayed,875.45,4.3,31.76,32.03,0.27,1,203.59
ORD002492,CUST0962,WH007,DRV0141,VEH0014,2026-03-27,Coimbatore,Processing,Delivered,104.56,17.1,116.57,126.57,10.0,1,6.11
ORD002493,CUST0210,WH004,DRV0193,VEH0004,2026-03-31,Tirunelveli,Processing,Delivered,205.46,15.43,115.72,100.72,0.0,0,13.32
ORD002494,CUST0494,WH001,DRV0038,VEH0173,2026-05-07,Madurai,Processing,Delivered,212.49,15.06,98.14,95.68,0.0,0,14.11
ORD002495,CUST0919,WH008,DRV0192,VEH0191,2026-03-06,Coimbatore,Confirmed,Delivered,179.97,47.87,237.88,265.83,27.95,1,3.76
ORD002496,CUST0576,WH003,DRV0076,VEH0010,2026-03-15,Erode,Confirmed,Delayed,186.18,10.7,64.93,61.82,0.0,1,17.4
ORD002497,CUST0390,WH009,DRV0052,VEH0045,2026-04-21,Erode,Dispatched,Delivered,102.38,18.43,103.53,90.22,0.0,0,5.56
ORD002498,CUST0063,WH002,DRV0111,VEH0044,2026-06-04,Tirunelveli,Dispatched,In Transit,228.89,20.07,118.37,114.75,0.0,0,11.4
ORD002499,CUST0894,WH001,DRV0080,VEH0183,2026-07-11,Coimbatore,Dispatched,Delivered,100.0,14.26,83.47,84.55,1.08,1,7.01
ORD002500,CUST0939,WH010,DRV0084,VEH0146,2026-08-09,Erode,Dispatched,Delivered,583.24,29.61,180.81,192.77,11.96,1,19.7
ORD002501,CUST0409,WH008,DRV0108,VEH0011,2026-07-06,Salem,Dispatched,Delivered,551.96,12.95,53.15,60.56,7.41,1,42.62
ORD002502,CUST0979,WH003,DRV0160,VEH0182,2026-08-26,Tirunelveli,Dispatched,Delivered,146.35,19.41,87.24,94.98,7.74,1,7.54
ORD002503,CUST0520,WH001,DRV0155,VEH0129,2026-04-06,Erode,Dispatched,Delivered,359.11,7.05,55.86,54.98,0.0,0,50.94
ORD002504,CUST0245,WH003,DRV0098,VEH0053,2026-07-21,Chennai,Processing,Delivered,149.8,4.86,44.01,40.9,0.0,0,30.82
ORD002505,CUST0165,WH008,DRV0189,VEH0096,2026-04-23,Salem,Dispatched,Delivered,182.43,15.91,81.23,72.96,0.0,0,11.47
ORD002506,CUST0986,WH004,DRV0086,VEH0033,2026-08-19,Vellore,Dispatched,Delivered,116.44,11.06,77.23,70.98,0.0,0,10.53
ORD002507,CUST0093,WH010,DRV0062,VEH0135,2026-02-07,Chennai,Processing,Delivered,308.85,11.48,31.17,35.11,3.94,1,26.9
ORD002508,CUST0955,WH007,DRV0003,VEH0083,2026-05-09,Tirunelveli,Dispatched,Delivered,124.23,9.14,68.16,62.99,0.0,0,13.59
ORD002509,CUST0284,WH008,DRV0081,VEH0025,2026-03-25,Chennai,Dispatched,Delivered,301.98,19.14,97.99,95.65,0.0,0,15.78
ORD002510,CUST0821,WH007,DRV0126,VEH0197,2026-01-11,Vellore,Confirmed,Delivered,176.39,12.79,73.26,73.95,0.69,1,13.79
ORD002511,CUST0888,WH001,DRV0091,VEH0177,2026-04-10,Erode,Dispatched,In Transit,179.25,39.28,247.48,242.19,0.0,0,4.56
ORD002512,CUST0711,WH004,DRV0103,VEH0074,2026-06-27,Vellore,Processing,Delivered,100.0,12.52,68.76,80.66,11.9,1,7.99
ORD002513,CUST0124,WH010,DRV0110,VEH0132,2026-01-28,Erode,Confirmed,Delivered,188.46,14.7,55.86,64.18,8.32,1,12.82
ORD002514,CUST0567,WH009,DRV0095,VEH0152,2026-01-07,Tirunelveli,Dispatched,Delayed,100.0,20.65,134.8,133.76,0.0,1,4.84
ORD002515,CUST0932,WH007,DRV0031,VEH0174,2026-01-20,Erode,Dispatched,Delivered,188.68,15.84,103.9,115.18,11.28,1,11.91
ORD002516,CUST0190,WH001,DRV0192,VEH0198,2026-05-07,Salem,Dispatched,Delivered,639.6,5.01,24.64,24.31,0.0,0,127.66
ORD002517,CUST0655,WH008,DRV0170,VEH0121,2026-07-11,Trichy,Dispatched,Delivered,100.0,10.01,68.28,71.4,3.12,1,9.99
ORD002518,CUST0822,WH004,DRV0058,VEH0140,2026-07-19,Salem,Processing,Delivered,164.76,6.72,54.29,48.38,0.0,0,24.52
ORD002519,CUST0317,WH007,DRV0043,VEH0190,2026-04-12,Madurai,Dispatched,In Transit,119.93,15.32,81.54,71.85,0.0,0,7.83
ORD002520,CUST0609,WH006,DRV0160,VEH0084,2026-07-19,Madurai,Dispatched,In Transit,100.0,13.58,78.77,68.86,0.0,0,7.36
ORD002521,CUST0822,WH007,DRV0158,VEH0062,2026-04-09,Erode,Cancelled,Cancelled,108.39,19.85,,,,0,5.46
ORD002522,CUST0197,WH010,DRV0083,VEH0062,2026-06-28,Madurai,Processing,Delivered,471.55,21.56,159.99,139.64,0.0,0,21.87
ORD002523,CUST0285,WH010,DRV0127,VEH0076,2026-07-16,Vellore,Dispatched,Delivered,560.44,6.72,66.24,62.38,0.0,0,83.4
ORD002524,CUST0593,WH001,DRV0189,VEH0186,2026-04-17,Madurai,Dispatched,Delivered,100.0,21.29,143.28,125.89,0.0,0,4.7
ORD002525,CUST0109,WH006,DRV0156,VEH0166,2026-01-23,Chennai,Dispatched,Delivered,235.24,23.37,182.28,174.84,0.0,0,10.07
ORD002526,CUST0795,WH003,DRV0045,VEH0196,2026-08-25,Erode,Dispatched,Delivered,100.0,5.77,48.97,44.81,0.0,0,17.33
ORD002527,CUST0209,WH010,DRV0138,VEH0145,2026-07-16,Chennai,Processing,Delivered,116.64,14.71,49.0,55.08,6.08,1,7.93
ORD002528,CUST0115,WH004,DRV0144,VEH0010,2026-06-09,Erode,Dispatched,Delivered,100.0,26.08,157.91,149.71,0.0,0,3.83
ORD002529,CUST0964,WH001,DRV0159,VEH0171,2026-01-25,Salem,Dispatched,Delivered,724.65,9.9,62.78,55.59,0.0,0,73.2
ORD002530,CUST0753,WH010,DRV0010,VEH0033,2026-07-21,Coimbatore,Confirmed,In Transit,370.15,11.53,65.7,64.92,0.0,0,32.1
ORD002531,CUST0908,WH008,DRV0074,VEH0037,2026-06-08,Coimbatore,Dispatched,In Transit,118.68,14.65,96.76,106.79,10.03,1,8.1
ORD002532,CUST0894,WH002,DRV0092,VEH0120,2026-03-02,Tirunelveli,Dispatched,Delivered,218.14,12.64,76.58,75.97,0.0,0,17.26
ORD002533,CUST0506,WH003,DRV0012,VEH0156,2026-05-26,Chennai,Dispatched,Delivered,139.77,13.18,89.52,84.29,0.0,0,10.6
ORD002534,CUST0791,WH007,DRV0156,VEH0174,2026-04-19,Trichy,Dispatched,Delivered,335.25,17.21,103.73,95.96,0.0,0,19.48
ORD002535,CUST0818,WH002,DRV0018,VEH0109,2026-04-12,Chennai,Confirmed,In Transit,145.21,17.64,114.37,113.56,0.0,0,8.23
ORD002536,CUST0331,WH004,DRV0180,VEH0130,2026-04-22,Trichy,Dispatched,Delivered,159.72,11.27,66.26,72.4,6.14,1,14.17
ORD002537,CUST0996,WH007,DRV0156,VEH0124,2026-06-25,Coimbatore,Dispatched,Delivered,117.88,31.47,198.09,175.61,0.0,0,3.75
ORD002538,CUST0204,WH003,DRV0028,VEH0174,2026-01-01,Chennai,Confirmed,Delivered,268.41,6.7,49.65,45.88,0.0,0,40.06
ORD002539,CUST0713,WH002,DRV0192,VEH0166,2026-05-13,Erode,Processing,Delivered,762.09,19.48,131.19,140.88,9.69,1,39.12
ORD002540,CUST0856,WH008,DRV0014,VEH0038,2026-01-17,Erode,Confirmed,Delivered,150.69,2.11,33.29,30.44,0.0,0,71.42
ORD002541,CUST0978,WH002,DRV0008,VEH0021,2026-01-18,Vellore,Processing,In Transit,149.57,12.06,42.35,44.38,2.03,1,12.4
ORD002542,CUST0667,WH010,DRV0100,VEH0151,2026-01-24,Erode,Dispatched,Delivered,178.33,1.87,19.28,20.43,1.15,1,95.36
ORD002543,CUST0315,WH007,DRV0003,VEH0161,2026-06-01,Tirunelveli,Dispatched,Delivered,214.68,12.6,85.6,77.19,0.0,0,17.04
ORD002544,CUST0265,WH003,DRV0137,VEH0043,2026-02-16,Salem,Dispatched,Delivered,149.26,15.71,103.61,93.18,0.0,0,9.5
ORD002545,CUST0289,WH004,DRV0047,VEH0118,2026-01-11,Madurai,Dispatched,Delivered,140.48,9.31,57.35,59.15,1.8,1,15.09
ORD002546,CUST0582,WH006,DRV0063,VEH0094,2026-06-12,Coimbatore,Processing,In Transit,191.26,11.82,57.48,67.41,9.93,1,16.18
ORD002547,CUST0691,WH003,DRV0168,VEH0068,2026-06-20,Chennai,Dispatched,Delivered,100.0,18.47,118.87,131.21,12.34,1,5.41
ORD002548,CUST0481,WH001,DRV0077,VEH0198,2026-04-05,Chennai,Dispatched,In Transit,127.0,1.15,35.49,31.61,0.0,0,110.43
ORD002549,CUST0680,WH008,DRV0086,VEH0192,2026-02-02,Madurai,Dispatched,Delivered,100.0,8.26,71.04,63.45,0.0,0,12.11
ORD002550,CUST0006,WH004,DRV0121,VEH0064,2026-01-30,Coimbatore,Dispatched,Delivered,131.6,26.57,140.53,142.52,1.99,1,4.95
ORD002551,CUST0644,WH001,DRV0152,VEH0125,2026-07-22,Salem,Dispatched,Delivered,100.0,4.93,45.8,48.66,2.86,1,20.28
ORD002552,CUST0771,WH002,DRV0199,VEH0037,2026-04-29,Vellore,Dispatched,Delivered,272.47,7.27,51.17,54.39,3.22,1,37.48
ORD002553,CUST0141,WH006,DRV0013,VEH0079,2026-02-02,Salem,Processing,Delivered,112.41,2.55,13.78,12.31,0.0,0,44.08
ORD002554,CUST0282,WH001,DRV0134,VEH0104,2026-06-17,Salem,Dispatched,Delivered,142.94,8.31,49.77,52.53,2.76,1,17.2
ORD002555,CUST0290,WH009,DRV0179,VEH0151,2026-04-04,Coimbatore,Confirmed,Delivered,100.0,10.88,55.6,55.41,0.0,0,9.19
ORD002556,CUST0205,WH007,DRV0060,VEH0073,2026-01-04,Tirunelveli,Processing,Delivered,352.33,46.79,278.21,260.18,0.0,0,7.53
ORD002557,CUST0693,WH008,DRV0075,VEH0034,2026-06-13,Salem,Processing,In Transit,100.0,15.07,93.38,102.3,8.92,1,6.64
ORD002558,CUST0559,WH008,DRV0157,VEH0107,2026-02-05,Trichy,Confirmed,Delayed,132.46,8.59,49.34,53.27,3.93,1,15.42
ORD002559,CUST0904,WH006,DRV0016,VEH0162,2026-08-19,Chennai,Confirmed,Delivered,300.59,3.61,44.41,46.39,1.98,1,83.27
ORD002560,CUST0332,WH008,DRV0192,VEH0155,2026-03-31,Trichy,Confirmed,Delayed,301.33,7.31,49.97,47.76,0.0,1,41.22
ORD002561,CUST0648,WH007,DRV0085,VEH0004,2026-02-12,Coimbatore,Dispatched,Delivered,100.0,6.32,71.72,65.48,0.0,0,15.82
ORD002562,CUST0403,WH001,DRV0055,VEH0081,2026-07-25,Salem,Dispatched,Delivered,255.32,2.25,41.75,41.17,0.0,0,113.48
ORD002563,CUST0233,WH003,DRV0157,VEH0197,2026-05-17,Salem,Dispatched,In Transit,100.0,4.81,33.92,38.12,4.2,1,20.79
ORD002564,CUST0714,WH009,DRV0078,VEH0100,2026-05-30,Salem,Processing,Delivered,210.82,8.79,65.31,66.38,1.07,1,23.98
ORD002565,CUST0032,WH008,DRV0055,VEH0094,2026-06-24,Madurai,Dispatched,Delivered,108.88,9.7,61.81,69.58,7.77,1,11.22
ORD002566,CUST0789,WH005,DRV0188,VEH0063,2026-05-25,Madurai,Dispatched,Delivered,100.0,18.26,90.99,103.81,12.82,1,5.48
ORD002567,CUST0192,WH001,DRV0169,VEH0078,2026-05-27,Tirunelveli,Confirmed,In Transit,185.47,27.33,153.09,149.08,0.0,0,6.79
ORD002568,CUST0407,WH002,DRV0009,VEH0142,2026-01-17,Salem,Dispatched,In Transit,113.26,9.55,122.79,108.01,0.0,0,11.86
ORD002569,CUST0603,WH010,DRV0006,VEH0194,2026-04-23,Chennai,Dispatched,Delivered,673.22,19.89,146.96,133.44,0.0,0,33.85
ORD002570,CUST0857,WH010,DRV0102,VEH0028,2026-05-09,Erode,Confirmed,Delivered,121.32,8.6,68.95,63.7,0.0,0,14.11
ORD002571,CUST0583,WH009,DRV0157,VEH0021,2026-03-11,Madurai,Dispatched,Delivered,100.0,5.93,60.42,56.57,0.0,0,16.86
ORD002572,CUST0298,WH010,DRV0146,VEH0108,2026-01-07,Tirunelveli,Dispatched,Delivered,101.06,17.68,91.47,81.73,0.0,0,5.72
ORD002573,CUST0035,WH008,DRV0024,VEH0087,2026-06-30,Coimbatore,Confirmed,Delivered,179.24,8.5,63.1,58.65,0.0,0,21.09
ORD002574,CUST0898,WH009,DRV0051,VEH0138,2026-06-12,Salem,Confirmed,In Transit,194.96,6.5,54.2,52.21,0.0,0,29.99
ORD002575,CUST0220,WH002,DRV0017,VEH0026,2026-03-23,Chennai,Confirmed,Delivered,221.67,5.73,58.43,60.9,2.47,1,38.69
ORD002576,CUST0711,WH003,DRV0021,VEH0163,2026-01-16,Madurai,Processing,Delivered,327.83,3.29,38.1,43.28,5.18,1,99.64
ORD002577,CUST0618,WH003,DRV0083,VEH0034,2026-03-11,Erode,Dispatched,Delivered,100.0,11.8,88.09,89.13,1.04,1,8.47
ORD002578,CUST1000,WH001,DRV0062,VEH0002,2026-07-08,Vellore,Dispatched,Delivered,337.7,7.56,65.14,57.78,0.0,0,44.67
ORD002579,CUST0332,WH002,DRV0091,VEH0171,2026-07-07,Coimbatore,Processing,Delayed,100.08,20.37,120.14,117.22,0.0,1,4.91
ORD002580,CUST0052,WH010,DRV0117,VEH0172,2026-08-11,Vellore,Dispatched,Delivered,235.35,31.8,169.22,186.91,17.69,1,7.4
ORD002581,CUST0017,WH005,DRV0075,VEH0172,2026-08-18,Madurai,Processing,Delivered,554.86,5.7,43.67,41.8,0.0,0,97.34
ORD002582,CUST0854,WH007,DRV0117,VEH0043,2026-04-17,Tirunelveli,Confirmed,Delivered,107.89,4.1,47.56,48.06,0.5,1,26.31
ORD002583,CUST0009,WH006,DRV0054,VEH0052,2026-01-24,Tirunelveli,Processing,Delivered,105.03,27.84,155.94,138.07,0.0,0,3.77
ORD002584,CUST0180,WH002,DRV0139,VEH0110,2026-05-29,Coimbatore,Dispatched,Delivered,100.0,12.61,49.42,55.02,5.6,1,7.93
ORD002585,CUST0003,WH008,DRV0171,VEH0133,2026-04-14,Salem,Processing,Delivered,145.52,12.3,98.81,92.9,0.0,0,11.83
ORD002586,CUST0278,WH004,DRV0121,VEH0147,2026-08-13,Erode,Processing,Delivered,412.61,14.21,81.56,77.35,0.0,0,29.04
ORD002587,CUST0694,WH002,DRV0136,VEH0123,2026-02-02,Chennai,Confirmed,Delivered,100.0,22.65,161.93,141.42,0.0,0,4.42
ORD002588,CUST0804,WH004,DRV0151,VEH0158,2026-03-26,Vellore,Dispatched,Delivered,131.51,22.55,152.68,149.76,0.0,0,5.83
ORD002589,CUST0167,WH008,DRV0121,VEH0049,2026-05-23,Trichy,Dispatched,Delivered,341.8,17.15,85.59,77.01,0.0,0,19.93
ORD002590,CUST0251,WH001,DRV0053,VEH0125,2026-04-17,Madurai,Processing,Delayed,271.94,4.9,34.22,39.91,5.69,1,55.5
ORD002591,CUST0274,WH009,DRV0040,VEH0191,2026-08-15,Vellore,Processing,Delivered,131.0,2.82,37.62,42.42,4.8,1,46.45
ORD002592,CUST0593,WH008,DRV0009,VEH0116,2026-03-07,Chennai,Dispatched,Delivered,158.05,4.94,39.93,41.87,1.94,1,31.99
ORD002593,CUST0027,WH008,DRV0152,VEH0157,2026-06-03,Trichy,Dispatched,Delivered,328.75,3.47,51.17,49.4,0.0,0,94.74
ORD002594,CUST0118,WH010,DRV0076,VEH0076,2026-07-31,Salem,Processing,Delivered,506.82,18.47,122.16,124.06,1.9,1,27.44
ORD002595,CUST0739,WH009,DRV0076,VEH0200,2026-05-18,Tirunelveli,Dispatched,Delivered,547.66,7.2,46.0,50.5,4.5,1,76.06
ORD002596,CUST0352,WH007,DRV0130,VEH0053,2026-02-21,Coimbatore,Dispatched,Delivered,444.46,16.92,96.25,93.74,0.0,0,26.27
ORD002597,CUST0195,WH009,DRV0070,VEH0098,2026-06-04,Salem,Dispatched,Delivered,117.27,11.4,61.74,60.53,0.0,0,10.29
ORD002598,CUST0653,WH001,DRV0004,VEH0028,2026-06-09,Chennai,Dispatched,Delivered,591.17,7.12,60.41,59.97,0.0,0,83.03
ORD002599,CUST0273,WH001,DRV0061,VEH0181,2026-01-15,Chennai,Dispatched,Delivered,112.14,5.78,62.87,71.67,8.8,1,19.4
ORD002600,CUST0317,WH004,DRV0126,VEH0145,2026-07-29,Madurai,Dispatched,Delivered,100.0,6.77,89.59,79.42,0.0,0,14.77
ORD002601,CUST0402,WH002,DRV0192,VEH0082,2026-04-10,Erode,Confirmed,Delivered,195.01,4.14,56.52,55.0,0.0,0,47.1
ORD002602,CUST0755,WH008,DRV0036,VEH0024,2026-05-06,Erode,Processing,Delivered,473.21,32.35,170.01,182.96,12.95,1,14.63
ORD002603,CUST0529,WH001,DRV0041,VEH0088,2026-05-05,Tirunelveli,Dispatched,Delivered,279.04,10.55,62.96,59.61,0.0,0,26.45
ORD002604,CUST0696,WH004,DRV0103,VEH0076,2026-02-10,Erode,Processing,Delivered,172.79,11.41,89.4,94.57,5.17,1,15.14
ORD002605,CUST0048,WH009,DRV0166,VEH0193,2026-06-01,Trichy,Dispatched,Delivered,219.07,11.21,61.35,61.24,0.0,0,19.54
ORD002606,CUST0016,WH002,DRV0082,VEH0036,2026-03-18,Trichy,Dispatched,In Transit,256.18,18.18,92.57,97.2,4.63,1,14.09
ORD002607,CUST0470,WH006,DRV0143,VEH0160,2026-03-09,Madurai,Dispatched,Delivered,199.52,6.33,42.02,37.72,0.0,0,31.52
ORD002608,CUST0921,WH004,DRV0048,VEH0197,2026-03-10,Tirunelveli,Dispatched,In Transit,149.61,23.39,139.03,121.09,0.0,0,6.4
ORD002609,CUST0705,WH004,DRV0097,VEH0154,2026-04-03,Salem,Processing,Delivered,112.0,9.08,56.49,62.88,6.39,1,12.33
ORD002610,CUST0283,WH006,DRV0158,VEH0184,2026-06-29,Erode,Dispatched,Delivered,195.0,8.83,54.69,63.81,9.12,1,22.08
ORD002611,CUST0014,WH010,DRV0191,VEH0067,2026-01-16,Trichy,Dispatched,Delivered,167.39,25.71,156.2,170.56,14.36,1,6.51
ORD002612,CUST0348,WH004,DRV0025,VEH0033,2026-06-25,Vellore,Processing,Delayed,181.7,6.26,55.2,53.75,0.0,1,29.03
ORD002613,CUST0367,WH009,DRV0004,VEH0167,2026-06-28,Tirunelveli,Dispatched,Delivered,357.77,14.77,88.14,97.7,9.56,1,24.22
ORD002614,CUST0228,WH008,DRV0018,VEH0084,2026-01-16,Erode,Confirmed,Delivered,154.32,11.15,78.89,72.15,0.0,0,13.84
ORD002615,CUST0628,WH008,DRV0173,VEH0186,2026-04-02,Vellore,Dispatched,Delivered,158.34,7.09,50.33,51.75,1.42,1,22.33
ORD002616,CUST0373,WH005,DRV0120,VEH0012,2026-06-06,Salem,Dispatched,Delivered,205.09,16.33,96.11,93.03,0.0,0,12.56
ORD002617,CUST0818,WH006,DRV0097,VEH0084,2026-01-28,Coimbatore,Processing,Delivered,999.05,4.65,46.62,47.25,0.63,1,214.85
ORD002618,CUST0736,WH001,DRV0084,VEH0081,2026-08-22,Erode,Dispatched,Delayed,100.0,7.05,58.34,52.04,0.0,1,14.18
ORD002619,CUST0541,WH001,DRV0193,VEH0043,2026-02-02,Chennai,Cancelled,Cancelled,368.6,12.04,,,,0,30.61
ORD002620,CUST0977,WH009,DRV0073,VEH0200,2026-04-11,Erode,Processing,Delivered,149.25,29.4,129.85,121.49,0.0,0,5.08
ORD002621,CUST0540,WH004,DRV0065,VEH0107,2026-02-02,Coimbatore,Confirmed,Delayed,174.23,27.72,135.05,129.15,0.0,1,6.29
ORD002622,CUST0405,WH003,DRV0111,VEH0013,2026-03-13,Madurai,Processing,Delivered,100.0,14.91,93.27,89.27,0.0,0,6.71
ORD002623,CUST0408,WH005,DRV0027,VEH0083,2026-06-15,Trichy,Dispatched,Delivered,615.42,9.22,79.02,81.11,2.09,1,66.75
ORD002624,CUST0558,WH009,DRV0088,VEH0090,2026-02-24,Coimbatore,Dispatched,Delivered,209.48,2.4,22.97,26.88,3.91,1,87.28
ORD002625,CUST0060,WH009,DRV0188,VEH0116,2026-05-20,Vellore,Dispatched,Delivered,278.17,20.03,169.29,160.2,0.0,0,13.89
ORD002626,CUST0867,WH003,DRV0187,VEH0133,2026-08-11,Chennai,Cancelled,Cancelled,100.0,21.89,,,,0,4.57
ORD002627,CUST0660,WH007,DRV0153,VEH0106,2026-01-22,Trichy,Dispatched,Delivered,119.41,14.78,74.18,84.72,10.54,1,8.08
ORD002628,CUST0052,WH003,DRV0162,VEH0173,2026-01-22,Salem,Processing,Delivered,237.01,9.51,54.95,55.93,0.98,1,24.92
ORD002629,CUST0150,WH003,DRV0050,VEH0089,2026-07-23,Trichy,Dispatched,Delivered,163.26,18.91,94.59,105.24,10.65,1,8.63
ORD002630,CUST0836,WH004,DRV0183,VEH0133,2026-04-07,Tirunelveli,Processing,Delivered,242.34,10.93,65.12,63.02,0.0,0,22.17
ORD002631,CUST0656,WH002,DRV0138,VEH0023,2026-02-08,Chennai,Processing,Delivered,711.13,10.07,61.99,57.1,0.0,0,70.62
ORD002632,CUST0661,WH006,DRV0109,VEH0035,2026-04-03,Trichy,Cancelled,Cancelled,251.64,3.47,,,,0,72.52
ORD002633,CUST0172,WH005,DRV0186,VEH0096,2026-06-18,Coimbatore,Confirmed,In Transit,135.41,18.27,90.37,95.59,5.22,1,7.41
ORD002634,CUST0318,WH010,DRV0089,VEH0054,2026-08-30,Erode,Dispatched,In Transit,118.7,12.34,63.46,71.15,7.69,1,9.62
ORD002635,CUST0661,WH010,DRV0131,VEH0125,2026-07-10,Madurai,Dispatched,Delivered,110.23,27.63,173.99,159.88,0.0,0,3.99
ORD002636,CUST0616,WH002,DRV0086,VEH0177,2026-07-25,Coimbatore,Processing,Delivered,137.28,7.45,79.04,83.45,4.41,1,18.43
ORD002637,CUST0489,WH010,DRV0104,VEH0070,2026-06-04,Tirunelveli,Processing,Delivered,141.1,5.97,53.39,62.32,8.93,1,23.63
ORD002638,CUST0651,WH002,DRV0110,VEH0120,2026-04-29,Trichy,Dispatched,Delivered,195.84,21.75,88.08,86.23,0.0,0,9.0
ORD002639,CUST0632,WH002,DRV0120,VEH0037,2026-06-20,Tirunelveli,Dispatched,Delivered,255.55,24.76,98.78,106.9,8.12,1,10.32
ORD002640,CUST0956,WH004,DRV0088,VEH0119,2026-04-13,Salem,Processing,Delivered,240.58,11.39,65.05,59.01,0.0,0,21.12
ORD002641,CUST0549,WH003,DRV0056,VEH0022,2026-05-16,Trichy,Processing,Delivered,197.53,19.44,104.06,116.53,12.47,1,10.16
ORD002642,CUST0684,WH009,DRV0155,VEH0136,2026-05-20,Vellore,Dispatched,Delivered,206.59,9.06,65.0,66.3,1.3,1,22.8
ORD002643,CUST0124,WH005,DRV0090,VEH0185,2026-01-29,Tirunelveli,Dispatched,Delivered,942.17,9.39,45.29,48.91,3.62,1,100.34
ORD002644,CUST0278,WH001,DRV0144,VEH0071,2026-04-01,Vellore,Confirmed,Delivered,113.34,14.83,86.02,81.39,0.0,0,7.64
ORD002645,CUST0212,WH002,DRV0038,VEH0188,2026-06-16,Chennai,Processing,Delivered,176.98,9.31,57.82,56.99,0.0,0,19.01
ORD002646,CUST0706,WH007,DRV0105,VEH0183,2026-06-19,Coimbatore,Dispatched,Delayed,100.0,13.4,100.41,92.35,0.0,1,7.46
ORD002647,CUST0427,WH008,DRV0181,VEH0162,2026-03-07,Coimbatore,Dispatched,Delivered,141.33,12.13,92.57,93.73,1.16,1,11.65
ORD002648,CUST0459,WH006,DRV0196,VEH0041,2026-08-11,Trichy,Dispatched,In Transit,101.07,5.03,24.32,28.56,4.24,1,20.09
ORD002649,CUST0533,WH007,DRV0023,VEH0028,2026-01-02,Madurai,Dispatched,Delivered,112.8,13.35,58.78,64.27,5.49,1,8.45
ORD002650,CUST0929,WH002,DRV0083,VEH0031,2026-04-17,Trichy,Dispatched,Delivered,100.0,5.14,50.06,43.54,0.0,0,19.46
ORD002651,CUST0753,WH006,DRV0184,VEH0021,2026-07-23,Madurai,Processing,Delivered,100.0,18.47,128.25,132.0,3.75,1,5.41
ORD002652,CUST0657,WH006,DRV0088,VEH0074,2026-02-22,Erode,Dispatched,In Transit,196.27,21.99,176.18,170.05,0.0,0,8.93
ORD002653,CUST0292,WH004,DRV0053,VEH0051,2026-05-05,Vellore,Confirmed,In Transit,287.64,10.14,49.23,43.9,0.0,0,28.37
ORD002654,CUST0142,WH004,DRV0200,VEH0036,2026-04-02,Trichy,Dispatched,Delivered,109.78,29.52,122.17,142.69,20.52,1,3.72
ORD002655,CUST0677,WH002,DRV0195,VEH0154,2026-05-25,Coimbatore,Dispatched,Delivered,100.0,24.48,139.19,132.83,0.0,0,4.08
ORD002656,CUST0927,WH003,DRV0147,VEH0019,2026-04-23,Tirunelveli,Processing,Delivered,194.85,13.5,79.85,85.26,5.41,1,14.43
ORD002657,CUST0388,WH010,DRV0004,VEH0006,2026-01-13,Madurai,Dispatched,Delivered,245.95,9.44,53.45,57.24,3.79,1,26.05
ORD002658,CUST0646,WH006,DRV0157,VEH0176,2026-01-27,Erode,Dispatched,Delayed,280.88,20.8,99.65,108.62,8.97,1,13.5
ORD002659,CUST0178,WH004,DRV0173,VEH0015,2026-07-18,Vellore,Confirmed,Delivered,100.0,29.86,239.16,218.05,0.0,0,3.35
ORD002660,CUST0085,WH003,DRV0105,VEH0110,2026-03-15,Erode,Dispatched,Delivered,122.26,14.2,59.87,62.24,2.37,1,8.61
ORD002661,CUST0205,WH001,DRV0021,VEH0109,2026-07-01,Vellore,Processing,Delivered,100.0,32.93,176.67,203.04,26.37,1,3.04
ORD002662,CUST0550,WH003,DRV0054,VEH0124,2026-01-25,Chennai,Processing,Delivered,112.11,8.08,44.23,50.31,6.08,1,13.88
ORD002663,CUST0335,WH001,DRV0126,VEH0049,2026-01-28,Tirunelveli,Dispatched,Delivered,108.49,17.34,82.66,92.4,9.74,1,6.26
ORD002664,CUST0389,WH004,DRV0109,VEH0018,2026-06-30,Madurai,Processing,Delivered,130.14,11.32,105.15,93.91,0.0,0,11.5
ORD002665,CUST0166,WH004,DRV0052,VEH0084,2026-02-27,Salem,Dispatched,Delivered,153.94,5.77,37.79,38.63,0.84,1,26.68
ORD002666,CUST0536,WH001,DRV0146,VEH0193,2026-04-18,Tirunelveli,Confirmed,Delivered,195.3,8.6,82.25,73.12,0.0,0,22.71
ORD002667,CUST0530,WH007,DRV0145,VEH0150,2026-06-11,Chennai,Dispatched,Delivered,104.63,21.92,175.12,159.89,0.0,0,4.77
ORD002668,CUST0861,WH005,DRV0044,VEH0188,2026-05-28,Erode,Dispatched,In Transit,165.53,10.51,97.58,88.6,0.0,0,15.75
ORD002669,CUST0672,WH001,DRV0107,VEH0164,2026-07-22,Trichy,Processing,Delivered,100.54,7.84,70.74,75.57,4.83,1,12.82
ORD002670,CUST0839,WH005,DRV0152,VEH0112,2026-06-29,Erode,Processing,Delivered,100.0,25.23,147.12,157.96,10.84,1,3.96
ORD002671,CUST0222,WH007,DRV0113,VEH0138,2026-07-09,Vellore,Dispatched,Delivered,257.6,21.51,155.26,152.51,0.0,0,11.98
ORD002672,CUST0614,WH006,DRV0134,VEH0020,2026-01-12,Salem,Dispatched,Delivered,117.82,8.84,60.63,62.16,1.53,1,13.33
ORD002673,CUST0858,WH010,DRV0155,VEH0198,2026-06-03,Chennai,Processing,Delivered,100.0,33.95,180.93,180.44,0.0,0,2.95
ORD002674,CUST0328,WH005,DRV0175,VEH0113,2026-03-03,Trichy,Dispatched,Delivered,260.95,10.85,51.26,59.2,7.94,1,24.05
ORD002675,CUST0601,WH008,DRV0174,VEH0061,2026-06-20,Madurai,Confirmed,Delivered,154.0,14.24,112.77,98.79,0.0,0,10.81
ORD002676,CUST0670,WH009,DRV0091,VEH0101,2026-08-19,Trichy,Cancelled,Cancelled,243.31,12.03,,,,0,20.23
ORD002677,CUST0600,WH001,DRV0091,VEH0059,2026-06-24,Vellore,Dispatched,Delivered,237.92,6.41,36.2,40.06,3.86,1,37.12
ORD002678,CUST0414,WH006,DRV0163,VEH0150,2026-08-04,Coimbatore,Confirmed,Delivered,100.0,10.29,106.58,101.17,0.0,0,9.72
ORD002679,CUST0133,WH002,DRV0185,VEH0068,2026-01-20,Chennai,Dispatched,Delivered,331.89,11.2,59.97,66.88,6.91,1,29.63
ORD002680,CUST0772,WH008,DRV0140,VEH0004,2026-04-07,Madurai,Dispatched,Delivered,100.0,2.91,22.03,24.98,2.95,1,34.36
ORD002681,CUST0179,WH005,DRV0029,VEH0083,2026-06-06,Trichy,Dispatched,Delivered,140.03,13.79,65.11,72.66,7.55,1,10.15
ORD002682,CUST0905,WH001,DRV0057,VEH0157,2026-04-13,Madurai,Dispatched,In Transit,134.13,19.84,80.65,92.85,12.2,1,6.76
ORD002683,CUST0823,WH005,DRV0198,VEH0058,2026-03-13,Madurai,Dispatched,Delivered,109.42,5.19,38.05,41.12,3.07,1,21.08
ORD002684,CUST0289,WH010,DRV0055,VEH0058,2026-02-27,Tirunelveli,Dispatched,Delivered,402.2,17.65,114.41,122.84,8.43,1,22.79
ORD002685,CUST0627,WH005,DRV0165,VEH0054,2026-04-25,Erode,Dispatched,Delivered,220.48,22.63,110.39,110.44,0.05,1,9.74
ORD002686,CUST0349,WH002,DRV0071,VEH0028,2026-01-22,Chennai,Dispatched,Delivered,100.0,1.27,23.64,24.08,0.44,1,78.74
ORD002687,CUST0287,WH004,DRV0198,VEH0105,2026-01-30,Madurai,Dispatched,Delivered,100.0,10.4,67.66,68.2,0.54,1,9.62
ORD002688,CUST0364,WH006,DRV0053,VEH0167,2026-03-10,Erode,Confirmed,Delivered,735.28,33.59,243.4,235.21,0.0,0,21.89
ORD002689,CUST0083,WH001,DRV0014,VEH0057,2026-03-28,Chennai,Dispatched,Delivered,132.96,13.57,91.97,100.04,8.07,1,9.8
ORD002690,CUST0237,WH009,DRV0021,VEH0064,2026-01-01,Madurai,Dispatched,Delivered,108.05,2.82,39.84,44.74,4.9,1,38.32
ORD002691,CUST0438,WH007,DRV0104,VEH0092,2026-04-13,Madurai,Dispatched,Delivered,384.41,4.52,45.67,41.01,0.0,0,85.05
ORD002692,CUST0239,WH006,DRV0014,VEH0030,2026-08-03,Trichy,Cancelled,Cancelled,100.0,13.97,,,,0,7.16
ORD002693,CUST0445,WH001,DRV0053,VEH0086,2026-02-24,Salem,Dispatched,Delivered,446.55,17.06,74.23,85.5,11.27,1,26.18
ORD002694,CUST0066,WH008,DRV0115,VEH0178,2026-05-18,Chennai,Dispatched,In Transit,107.92,11.86,66.45,58.38,0.0,0,9.1
ORD002695,CUST0660,WH008,DRV0096,VEH0182,2026-08-06,Coimbatore,Confirmed,In Transit,253.33,13.44,80.19,75.8,0.0,0,18.85
ORD002696,CUST0716,WH004,DRV0127,VEH0023,2026-01-16,Tirunelveli,Dispatched,Delivered,132.78,12.1,70.35,78.56,8.21,1,10.97
ORD002697,CUST0114,WH004,DRV0195,VEH0018,2026-06-05,Erode,Processing,Delivered,100.0,7.34,56.97,49.94,0.0,0,13.62
ORD002698,CUST0853,WH001,DRV0085,VEH0081,2026-02-23,Chennai,Dispatched,Delivered,203.57,12.12,73.35,76.44,3.09,1,16.8
ORD002699,CUST0189,WH009,DRV0094,VEH0125,2026-01-22,Madurai,Dispatched,Delivered,335.65,3.68,25.69,22.43,0.0,0,91.21
ORD002700,CUST0991,WH008,DRV0176,VEH0182,2026-01-19,Erode,Confirmed,Delivered,100.0,9.13,58.0,65.83,7.83,1,10.95
ORD002701,CUST0804,WH010,DRV0111,VEH0095,2026-08-22,Tirunelveli,Processing,In Transit,100.0,16.32,89.22,99.36,10.14,1,6.13
ORD002702,CUST0596,WH007,DRV0184,VEH0156,2026-08-11,Erode,Dispatched,Delayed,405.3,6.14,40.3,38.48,0.0,1,66.01
ORD002703,CUST0876,WH002,DRV0167,VEH0136,2026-03-19,Salem,Confirmed,Delivered,234.73,9.68,56.47,65.92,9.45,1,24.25
ORD002704,CUST0276,WH007,DRV0101,VEH0160,2026-07-27,Erode,Processing,Delivered,245.08,12.68,57.51,67.21,9.7,1,19.33
ORD002705,CUST0941,WH004,DRV0169,VEH0107,2026-05-29,Tirunelveli,Dispatched,Delivered,331.98,32.37,105.28,96.8,0.0,0,10.26
ORD002706,CUST0612,WH003,DRV0176,VEH0134,2026-04-16,Chennai,Processing,In Transit,245.7,21.42,103.16,114.58,11.42,1,11.47
ORD002707,CUST0302,WH010,DRV0156,VEH0200,2026-05-09,Madurai,Dispatched,Delivered,199.51,3.59,23.57,20.94,0.0,0,55.57
ORD002708,CUST0885,WH004,DRV0002,VEH0118,2026-03-01,Tirunelveli,Dispatched,Delivered,374.46,37.25,148.75,152.13,3.38,1,10.05
ORD002709,CUST0786,WH010,DRV0022,VEH0040,2026-06-15,Coimbatore,Processing,Delivered,140.67,26.33,159.84,143.73,0.0,0,5.34
ORD002710,CUST0710,WH006,DRV0199,VEH0179,2026-02-08,Tirunelveli,Processing,Delivered,179.33,13.22,67.0,68.69,1.69,1,13.57
ORD002711,CUST0865,WH007,DRV0128,VEH0047,2026-05-11,Erode,Dispatched,Delayed,310.07,19.22,81.62,80.89,0.0,1,16.13
ORD002712,CUST0970,WH002,DRV0096,VEH0115,2026-03-31,Tirunelveli,Dispatched,Delivered,110.26,6.76,63.88,67.6,3.72,1,16.31
ORD002713,CUST0914,WH007,DRV0123,VEH0070,2026-08-02,Trichy,Dispatched,Delivered,457.68,11.23,106.74,101.91,0.0,0,40.76
ORD002714,CUST0960,WH010,DRV0189,VEH0196,2026-08-18,Trichy,Dispatched,Delayed,219.07,6.48,51.3,54.26,2.96,1,33.81
ORD002715,CUST0546,WH002,DRV0080,VEH0135,2026-04-17,Chennai,Dispatched,Delivered,100.0,16.95,79.44,86.63,7.19,1,5.9
ORD002716,CUST0591,WH002,DRV0036,VEH0027,2026-05-05,Chennai,Processing,Delivered,159.84,44.37,268.41,307.0,38.59,1,3.6
ORD002717,CUST0643,WH001,DRV0194,VEH0194,2026-04-06,Coimbatore,Confirmed,Delivered,100.0,8.8,53.04,61.16,8.12,1,11.36
ORD002718,CUST0584,WH007,DRV0081,VEH0054,2026-04-21,Trichy,Processing,Delivered,191.68,10.45,74.35,78.95,4.6,1,18.34
ORD002719,CUST0755,WH001,DRV0049,VEH0142,2026-01-14,Madurai,Confirmed,Delivered,141.71,11.49,82.25,76.8,0.0,0,12.33
ORD002720,CUST0651,WH003,DRV0003,VEH0150,2026-04-19,Erode,Dispatched,Delivered,103.33,9.13,55.64,61.03,5.39,1,11.32
ORD002721,CUST0686,WH008,DRV0023,VEH0197,2026-05-09,Chennai,Dispatched,Delivered,100.0,16.34,112.98,120.22,7.24,1,6.12
ORD002722,CUST0480,WH001,DRV0187,VEH0056,2026-04-05,Salem,Confirmed,Delivered,108.35,22.46,149.38,133.19,0.0,0,4.82
ORD002723,CUST0426,WH006,DRV0101,VEH0108,2026-02-13,Erode,Dispatched,Delivered,161.19,7.79,72.13,69.24,0.0,0,20.69
ORD002724,CUST0017,WH002,DRV0156,VEH0060,2026-08-28,Erode,Processing,In Transit,142.34,11.4,77.73,69.04,0.0,0,12.49
ORD002725,CUST0047,WH009,DRV0109,VEH0051,2026-05-26,Trichy,Processing,Delivered,100.0,17.73,141.24,125.73,0.0,0,5.64
ORD002726,CUST0030,WH002,DRV0105,VEH0144,2026-04-20,Madurai,Dispatched,Delivered,183.81,6.08,48.67,56.0,7.33,1,30.23
ORD002727,CUST0939,WH006,DRV0072,VEH0128,2026-06-15,Trichy,Processing,Delivered,100.0,4.76,44.78,39.4,0.0,0,21.01
ORD002728,CUST0392,WH004,DRV0033,VEH0134,2026-03-16,Tirunelveli,Processing,Delivered,330.04,7.69,42.58,49.21,6.63,1,42.92
ORD002729,CUST0040,WH009,DRV0126,VEH0001,2026-08-01,Coimbatore,Confirmed,In Transit,363.19,18.3,89.94,79.76,0.0,0,19.85
ORD002730,CUST0711,WH001,DRV0068,VEH0012,2026-08-05,Salem,Processing,Delivered,153.38,5.87,60.75,59.91,0.0,0,26.13
ORD002731,CUST0916,WH001,DRV0071,VEH0024,2026-06-12,Madurai,Dispatched,Delivered,504.96,8.05,66.74,66.08,0.0,0,62.73
ORD002732,CUST0844,WH010,DRV0011,VEH0126,2026-02-16,Madurai,Dispatched,Delivered,165.4,11.47,77.51,72.85,0.0,0,14.42
ORD002733,CUST0853,WH003,DRV0136,VEH0075,2026-01-30,Chennai,Processing,Delivered,100.0,12.75,99.53,89.36,0.0,0,7.84
ORD002734,CUST0668,WH006,DRV0020,VEH0171,2026-04-01,Coimbatore,Processing,Delivered,391.66,10.46,63.13,60.99,0.0,0,37.44
ORD002735,CUST0284,WH003,DRV0062,VEH0105,2026-02-28,Coimbatore,Dispatched,Delivered,517.59,11.64,63.42,64.87,1.45,1,44.47
ORD002736,CUST0059,WH007,DRV0171,VEH0162,2026-08-07,Madurai,Cancelled,Cancelled,346.02,3.92,,,,0,88.27
ORD002737,CUST0958,WH009,DRV0103,VEH0057,2026-02-13,Erode,Processing,In Transit,110.33,7.48,69.68,64.12,0.0,0,14.75
ORD002738,CUST0848,WH010,DRV0092,VEH0149,2026-03-22,Trichy,Processing,Delivered,100.0,19.18,95.35,107.32,11.97,1,5.21
ORD002739,CUST0330,WH002,DRV0075,VEH0040,2026-02-12,Madurai,Dispatched,Delivered,144.36,7.07,64.73,60.61,0.0,0,20.42
ORD002740,CUST0950,WH004,DRV0114,VEH0033,2026-01-10,Madurai,Dispatched,Delayed,906.57,12.98,58.03,57.55,0.0,1,69.84
ORD002741,CUST0726,WH003,DRV0121,VEH0161,2026-03-18,Vellore,Confirmed,Delivered,100.0,12.17,89.52,92.69,3.17,1,8.22
ORD002742,CUST0263,WH006,DRV0198,VEH0156,2026-08-21,Madurai,Dispatched,Delivered,309.05,17.96,145.57,140.8,0.0,0,17.21
ORD002743,CUST0324,WH005,DRV0007,VEH0108,2026-07-24,Madurai,Confirmed,Delivered,170.69,19.63,118.46,109.51,0.0,0,8.7
ORD002744,CUST0024,WH003,DRV0138,VEH0065,2026-03-26,Madurai,Dispatched,In Transit,334.86,23.11,154.72,136.64,0.0,0,14.49
ORD002745,CUST0354,WH009,DRV0168,VEH0076,2026-07-26,Vellore,Dispatched,Delivered,100.0,27.55,148.05,159.3,11.25,1,3.63
ORD002746,CUST0809,WH008,DRV0004,VEH0046,2026-04-13,Madurai,Dispatched,Delivered,154.13,5.92,64.57,56.93,0.0,0,26.04
ORD002747,CUST0751,WH003,DRV0102,VEH0161,2026-03-28,Trichy,Dispatched,In Transit,101.12,2.48,14.51,12.75,0.0,0,40.77
ORD002748,CUST0054,WH010,DRV0019,VEH0108,2026-06-28,Salem,Processing,Delayed,104.93,8.82,63.33,57.88,0.0,1,11.9
ORD002749,CUST0782,WH005,DRV0110,VEH0197,2026-02-15,Tirunelveli,Processing,Delayed,292.6,5.62,42.24,37.9,0.0,1,52.06
ORD002750,CUST0684,WH005,DRV0166,VEH0194,2026-07-29,Salem,Dispatched,Delivered,100.0,6.5,53.2,50.3,0.0,0,15.38
ORD002751,CUST0305,WH005,DRV0022,VEH0164,2026-04-07,Chennai,Confirmed,Delivered,218.86,15.92,92.76,107.64,14.88,1,13.75
ORD002752,CUST0319,WH008,DRV0103,VEH0182,2026-05-13,Vellore,Processing,Delivered,187.96,22.26,181.13,177.14,0.0,0,8.44
ORD002753,CUST0721,WH003,DRV0129,VEH0178,2026-04-20,Vellore,Confirmed,Delivered,100.0,13.2,96.4,89.74,0.0,0,7.58
ORD002754,CUST0045,WH003,DRV0113,VEH0179,2026-04-17,Vellore,Dispatched,Delivered,112.22,7.28,62.58,55.26,0.0,0,15.41
ORD002755,CUST0840,WH008,DRV0181,VEH0114,2026-05-18,Salem,Dispatched,Delivered,225.22,13.64,107.37,105.15,0.0,0,16.51
ORD002756,CUST0362,WH009,DRV0149,VEH0052,2026-07-12,Trichy,Processing,In Transit,178.33,18.35,120.71,110.92,0.0,0,9.72
ORD002757,CUST0762,WH005,DRV0135,VEH0149,2026-05-30,Madurai,Processing,Delivered,185.84,3.94,33.02,31.11,0.0,0,47.17
ORD002758,CUST0461,WH010,DRV0007,VEH0124,2026-07-04,Vellore,Dispatched,Delivered,155.84,9.25,74.84,80.11,5.27,1,16.85
ORD002759,CUST0007,WH008,DRV0077,VEH0030,2026-08-04,Coimbatore,Dispatched,Delivered,149.42,9.79,46.45,51.82,5.37,1,15.26
ORD002760,CUST0259,WH005,DRV0023,VEH0143,2026-05-03,Erode,Dispatched,Delivered,178.75,10.27,73.28,68.15,0.0,0,17.41
ORD002761,CUST0088,WH004,DRV0188,VEH0137,2026-06-14,Vellore,Dispatched,Delivered,461.96,6.18,44.24,48.08,3.84,1,74.75
ORD002762,CUST0943,WH002,DRV0090,VEH0032,2026-04-28,Trichy,Dispatched,Delivered,255.67,13.85,64.68,70.05,5.37,1,18.46
ORD002763,CUST0984,WH004,DRV0018,VEH0072,2026-04-18,Coimbatore,Processing,Delivered,166.49,14.7,74.31,71.23,0.0,0,11.33
ORD002764,CUST0189,WH002,DRV0117,VEH0151,2026-01-07,Chennai,Dispatched,Delivered,100.0,5.84,56.98,52.43,0.0,0,17.12
ORD002765,CUST0455,WH007,DRV0071,VEH0027,2026-01-25,Tirunelveli,Confirmed,Delivered,138.05,25.67,155.41,151.66,0.0,0,5.38
ORD002766,CUST0542,WH007,DRV0066,VEH0042,2026-05-16,Trichy,Processing,Delivered,100.0,4.87,69.83,62.6,0.0,0,20.53
ORD002767,CUST0517,WH009,DRV0053,VEH0008,2026-06-23,Madurai,Dispatched,In Transit,108.01,7.1,38.48,42.13,3.65,1,15.21
ORD002768,CUST0360,WH004,DRV0147,VEH0011,2026-05-04,Madurai,Processing,Delivered,100.0,4.54,36.86,39.82,2.96,1,22.03
ORD002769,CUST0981,WH005,DRV0192,VEH0149,2026-06-12,Tirunelveli,Processing,Delivered,179.95,4.07,66.44,63.82,0.0,0,44.21
ORD002770,CUST0369,WH004,DRV0142,VEH0044,2026-05-22,Tirunelveli,Processing,In Transit,695.08,12.36,110.16,100.25,0.0,0,56.24
ORD002771,CUST0200,WH004,DRV0025,VEH0167,2026-07-07,Erode,Dispatched,Delivered,205.92,7.08,43.66,43.15,0.0,0,29.08
ORD002772,CUST0007,WH005,DRV0033,VEH0033,2026-01-28,Trichy,Cancelled,Cancelled,290.85,19.71,,,,0,14.76
ORD002773,CUST0679,WH003,DRV0176,VEH0067,2026-02-17,Trichy,Dispatched,In Transit,338.28,6.24,50.08,47.56,0.0,0,54.21
ORD002774,CUST0386,WH009,DRV0039,VEH0055,2026-08-05,Madurai,Dispatched,Delivered,150.45,7.15,52.91,48.36,0.0,0,21.04
ORD002775,CUST0683,WH007,DRV0122,VEH0013,2026-01-23,Coimbatore,Cancelled,Cancelled,157.14,18.08,,,,0,8.69
ORD002776,CUST0396,WH001,DRV0112,VEH0036,2026-08-15,Trichy,Processing,Delivered,100.0,5.23,20.28,23.41,3.13,1,19.12
ORD002777,CUST0540,WH001,DRV0108,VEH0087,2026-08-01,Tirunelveli,Dispatched,Delivered,206.02,8.26,66.47,66.11,0.0,0,24.94
ORD002778,CUST0620,WH001,DRV0133,VEH0026,2026-08-07,Madurai,Processing,Delivered,187.98,25.4,151.55,175.68,24.13,1,7.4
ORD002779,CUST0147,WH003,DRV0113,VEH0038,2026-05-04,Salem,Confirmed,Delivered,103.91,1.73,22.79,23.38,0.59,1,60.06
ORD002780,CUST0284,WH009,DRV0149,VEH0100,2026-02-06,Trichy,Confirmed,Delayed,382.43,3.94,37.21,43.5,6.29,1,97.06
ORD002781,CUST0099,WH008,DRV0059,VEH0151,2026-03-28,Chennai,Dispatched,Delivered,109.42,28.21,173.85,189.48,15.63,1,3.88
ORD002782,CUST0588,WH009,DRV0120,VEH0136,2026-01-18,Vellore,Confirmed,Delivered,1153.77,14.88,83.92,86.82,2.9,1,77.54
ORD002783,CUST0604,WH005,DRV0077,VEH0014,2026-07-21,Tirunelveli,Confirmed,Delivered,235.62,13.8,91.97,104.1,12.13,1,17.07
ORD002784,CUST0507,WH007,DRV0014,VEH0024,2026-08-16,Chennai,Processing,Delivered,178.71,3.95,49.67,56.17,6.5,1,45.24
ORD002785,CUST0474,WH010,DRV0191,VEH0119,2026-06-28,Tirunelveli,Processing,Delivered,639.26,12.04,56.53,51.48,0.0,0,53.09
ORD002786,CUST0742,WH009,DRV0054,VEH0168,2026-02-20,Trichy,Dispatched,Delivered,100.0,5.91,32.04,37.15,5.11,1,16.92
ORD002787,CUST0710,WH005,DRV0173,VEH0101,2026-04-16,Erode,Dispatched,In Transit,150.5,20.04,109.01,103.16,0.0,0,7.51
ORD002788,CUST0147,WH008,DRV0178,VEH0153,2026-02-18,Madurai,Dispatched,Delivered,136.76,20.64,168.56,154.03,0.0,0,6.63
ORD002789,CUST0576,WH008,DRV0169,VEH0118,2026-02-04,Erode,Processing,In Transit,161.14,7.61,58.36,65.63,7.27,1,21.17
ORD002790,CUST0859,WH003,DRV0092,VEH0153,2026-03-10,Coimbatore,Processing,Delivered,209.97,15.61,78.65,86.56,7.91,1,13.45
ORD002791,CUST0885,WH005,DRV0127,VEH0017,2026-02-17,Trichy,Dispatched,Delivered,158.08,14.26,125.51,120.4,0.0,0,11.09
ORD002792,CUST0905,WH008,DRV0129,VEH0132,2026-04-28,Chennai,Confirmed,Delivered,450.63,10.38,32.64,34.55,1.91,1,43.41
ORD002793,CUST0503,WH010,DRV0130,VEH0085,2026-01-20,Coimbatore,Dispatched,Delivered,240.57,6.07,44.15,44.46,0.31,1,39.63
ORD002794,CUST0937,WH003,DRV0072,VEH0109,2026-04-28,Erode,Confirmed,Delivered,248.29,8.29,46.67,42.4,0.0,0,29.95
ORD002795,CUST0050,WH003,DRV0141,VEH0111,2026-02-25,Salem,Dispatched,In Transit,244.82,19.55,109.72,123.09,13.37,1,12.52
ORD002796,CUST0522,WH006,DRV0147,VEH0105,2026-07-31,Coimbatore,Processing,Delivered,100.0,25.64,155.62,150.23,0.0,0,3.9
ORD002797,CUST0970,WH007,DRV0051,VEH0081,2026-02-12,Salem,Processing,Delayed,206.7,8.82,33.25,29.35,0.0,1,23.44
ORD002798,CUST0225,WH007,DRV0126,VEH0099,2026-08-07,Tirunelveli,Dispatched,Delivered,211.39,27.3,175.75,202.65,26.9,1,7.74
ORD002799,CUST0082,WH006,DRV0002,VEH0041,2026-03-18,Chennai,Dispatched,Delivered,100.0,14.89,72.24,83.22,10.98,1,6.72
ORD002800,CUST0182,WH007,DRV0010,VEH0060,2026-06-27,Salem,Processing,Delivered,322.43,10.62,87.92,86.5,0.0,0,30.36
ORD002801,CUST0522,WH007,DRV0197,VEH0087,2026-04-13,Erode,Dispatched,Delayed,100.0,9.81,74.95,65.86,0.0,1,10.19
ORD002802,CUST0903,WH004,DRV0118,VEH0043,2026-06-28,Vellore,Dispatched,Delivered,932.45,6.33,54.2,59.16,4.96,1,147.31
ORD002803,CUST0360,WH008,DRV0030,VEH0182,2026-02-23,Erode,Confirmed,In Transit,176.9,16.33,76.75,80.85,4.1,1,10.83
ORD002804,CUST0928,WH008,DRV0065,VEH0052,2026-01-28,Coimbatore,Confirmed,Delayed,103.95,30.26,92.04,104.64,12.6,1,3.44
ORD002805,CUST0235,WH002,DRV0109,VEH0021,2026-08-04,Chennai,Dispatched,Delivered,270.84,10.33,93.64,97.68,4.04,1,26.22
ORD002806,CUST0822,WH010,DRV0044,VEH0152,2026-03-25,Coimbatore,Confirmed,Delivered,272.33,5.54,43.3,50.16,6.86,1,49.16
ORD002807,CUST0326,WH005,DRV0042,VEH0165,2026-01-17,Trichy,Dispatched,Delivered,685.38,18.08,104.8,108.41,3.61,1,37.91
ORD002808,CUST0467,WH002,DRV0003,VEH0122,2026-03-14,Coimbatore,Processing,Delivered,577.33,8.52,57.26,56.32,0.0,0,67.76
ORD002809,CUST0447,WH003,DRV0111,VEH0172,2026-08-25,Trichy,Processing,In Transit,100.0,6.27,76.84,67.26,0.0,0,15.95
ORD002810,CUST0745,WH003,DRV0158,VEH0133,2026-03-30,Trichy,Confirmed,Delivered,152.09,3.81,39.33,35.9,0.0,0,39.92
ORD002811,CUST0747,WH005,DRV0165,VEH0189,2026-04-01,Vellore,Dispatched,Delivered,100.36,15.99,75.39,68.75,0.0,0,6.28
ORD002812,CUST0546,WH008,DRV0028,VEH0044,2026-01-04,Erode,Confirmed,Delivered,293.65,23.09,91.44,99.56,8.12,1,12.72
ORD002813,CUST0043,WH003,DRV0051,VEH0134,2026-07-15,Salem,Confirmed,Delivered,454.75,4.65,18.51,21.13,2.62,1,97.8
ORD002814,CUST0382,WH007,DRV0115,VEH0078,2026-05-25,Erode,Confirmed,Delivered,100.0,9.15,53.07,51.48,0.0,0,10.93
ORD002815,CUST0133,WH005,DRV0125,VEH0131,2026-02-04,Trichy,Dispatched,Delivered,173.98,9.72,66.93,66.51,0.0,0,17.9
ORD002816,CUST0403,WH010,DRV0013,VEH0065,2026-08-23,Salem,Confirmed,Delivered,120.22,6.59,70.12,69.77,0.0,0,18.24
ORD002817,CUST0625,WH010,DRV0040,VEH0159,2026-01-21,Trichy,Dispatched,Delivered,313.84,26.83,88.13,99.84,11.71,1,11.7
ORD002818,CUST0370,WH010,DRV0154,VEH0183,2026-08-26,Tirunelveli,Confirmed,In Transit,236.55,3.69,53.71,53.81,0.1,1,64.11
ORD002819,CUST0054,WH004,DRV0104,VEH0045,2026-01-06,Vellore,Confirmed,Delivered,389.27,14.99,95.9,107.14,11.24,1,25.97
ORD002820,CUST0654,WH002,DRV0158,VEH0114,2026-03-29,Chennai,Dispatched,Delivered,137.87,16.89,114.65,117.39,2.74,1,8.16
ORD002821,CUST0906,WH006,DRV0152,VEH0074,2026-07-31,Salem,Dispatched,Delivered,168.04,6.55,46.35,53.36,7.01,1,25.65
ORD002822,CUST0561,WH004,DRV0038,VEH0055,2026-08-28,Coimbatore,Dispatched,Delivered,234.2,5.48,45.1,40.74,0.0,0,42.74
ORD002823,CUST0779,WH004,DRV0105,VEH0060,2026-06-04,Salem,Dispatched,Delivered,151.99,7.35,36.21,42.4,6.19,1,20.68
ORD002824,CUST0159,WH005,DRV0110,VEH0159,2026-03-20,Tirunelveli,Dispatched,Delayed,220.16,2.82,64.33,56.84,0.0,1,78.07
ORD002825,CUST0962,WH009,DRV0197,VEH0115,2026-04-25,Chennai,Dispatched,Delivered,413.89,30.79,150.58,135.8,0.0,0,13.44
ORD002826,CUST0138,WH001,DRV0016,VEH0039,2026-06-13,Trichy,Dispatched,Delivered,725.48,7.78,47.35,44.01,0.0,0,93.25
ORD002827,CUST0533,WH005,DRV0110,VEH0124,2026-03-21,Chennai,Processing,Delivered,131.97,8.53,77.34,67.56,0.0,0,15.47
ORD002828,CUST0897,WH005,DRV0055,VEH0104,2026-04-19,Madurai,Dispatched,Delivered,732.08,34.18,159.62,184.29,24.67,1,21.42
ORD002829,CUST0254,WH002,DRV0177,VEH0048,2026-06-16,Chennai,Dispatched,Delivered,130.78,3.16,18.9,18.13,0.0,0,41.39
ORD002830,CUST0302,WH003,DRV0127,VEH0080,2026-03-02,Chennai,Dispatched,Delivered,318.88,10.27,72.25,65.4,0.0,0,31.05
ORD002831,CUST0735,WH004,DRV0080,VEH0027,2026-01-23,Vellore,Processing,Delivered,131.45,18.39,93.47,105.26,11.79,1,7.15
ORD002832,CUST0715,WH001,DRV0052,VEH0016,2026-07-29,Chennai,Confirmed,Delivered,100.0,30.83,215.44,210.1,0.0,0,3.24
ORD002833,CUST0619,WH010,DRV0049,VEH0180,2026-07-14,Coimbatore,Dispatched,Delivered,401.33,3.44,23.4,24.17,0.77,1,116.67
ORD002834,CUST0074,WH003,DRV0192,VEH0109,2026-08-16,Coimbatore,Processing,Delivered,175.57,33.59,183.47,187.07,3.6,1,5.23
ORD002835,CUST0532,WH001,DRV0048,VEH0132,2026-03-25,Vellore,Processing,Delayed,417.63,9.12,75.91,67.55,0.0,1,45.79
ORD002836,CUST0277,WH001,DRV0074,VEH0170,2026-03-29,Erode,Confirmed,Delivered,295.54,9.17,39.9,39.44,0.0,0,32.23
ORD002837,CUST0421,WH009,DRV0082,VEH0117,2026-01-30,Chennai,Dispatched,Delivered,236.8,4.71,33.23,37.85,4.62,1,50.28
ORD002838,CUST0997,WH004,DRV0038,VEH0091,2026-04-11,Madurai,Confirmed,Delivered,259.37,11.81,92.05,81.38,0.0,0,21.96
ORD002839,CUST0910,WH004,DRV0017,VEH0182,2026-03-09,Madurai,Dispatched,Delivered,367.83,33.68,163.77,180.85,17.08,1,10.92
ORD002840,CUST0954,WH004,DRV0041,VEH0137,2026-05-19,Salem,Confirmed,Delivered,331.02,11.66,101.35,90.67,0.0,0,28.39
ORD002841,CUST0057,WH009,DRV0054,VEH0153,2026-07-17,Erode,Dispatched,Delivered,139.36,6.1,49.92,43.74,0.0,0,22.85
ORD002842,CUST0569,WH008,DRV0040,VEH0088,2026-08-01,Chennai,Dispatched,Delivered,238.63,7.02,37.46,33.65,0.0,0,33.99
ORD002843,CUST0069,WH004,DRV0031,VEH0058,2026-05-05,Salem,Confirmed,Delivered,480.78,7.26,49.85,47.33,0.0,0,66.22
ORD002844,CUST0198,WH006,DRV0090,VEH0018,2026-07-17,Vellore,Dispatched,Delivered,186.69,28.15,140.59,131.02,0.0,0,6.63
ORD002845,CUST0152,WH002,DRV0154,VEH0172,2026-04-29,Trichy,Processing,Delivered,131.48,32.12,211.81,199.83,0.0,0,4.09
ORD002846,CUST0720,WH006,DRV0076,VEH0090,2026-05-22,Madurai,Confirmed,Delivered,121.04,3.68,30.79,31.16,0.37,1,32.89
ORD002847,CUST0188,WH001,DRV0146,VEH0074,2026-04-21,Erode,Dispatched,Delivered,314.8,4.98,35.7,38.29,2.59,1,63.21
ORD002848,CUST0663,WH005,DRV0035,VEH0177,2026-03-19,Trichy,Processing,Delivered,155.05,5.42,34.33,36.7,2.37,1,28.61
ORD002849,CUST0047,WH008,DRV0123,VEH0044,2026-04-30,Vellore,Processing,Delivered,229.4,7.57,66.76,62.43,0.0,0,30.3
ORD002850,CUST0934,WH001,DRV0120,VEH0110,2026-08-09,Trichy,Confirmed,Delivered,150.32,36.04,140.76,135.63,0.0,0,4.17
ORD002851,CUST0500,WH002,DRV0056,VEH0166,2026-01-29,Chennai,Processing,Delivered,388.8,33.26,184.62,180.04,0.0,0,11.69
ORD002852,CUST0720,WH003,DRV0117,VEH0193,2026-06-28,Vellore,Dispatched,In Transit,199.86,11.22,59.18,56.59,0.0,0,17.81
ORD002853,CUST0243,WH007,DRV0030,VEH0081,2026-03-09,Madurai,Processing,Delivered,458.66,8.24,61.03,56.38,0.0,0,55.66
ORD002854,CUST0180,WH008,DRV0173,VEH0128,2026-08-29,Salem,Dispatched,Delivered,447.87,2.36,39.14,36.43,0.0,0,189.78
ORD002855,CUST0141,WH004,DRV0075,VEH0010,2026-07-31,Trichy,Dispatched,Delivered,171.18,12.9,58.82,66.72,7.9,1,13.27
ORD002856,CUST0499,WH008,DRV0052,VEH0063,2026-07-13,Erode,Cancelled,Cancelled,431.24,11.95,,,,0,36.09
ORD002857,CUST0749,WH001,DRV0196,VEH0094,2026-03-01,Erode,Confirmed,Delivered,145.54,4.58,44.69,48.1,3.41,1,31.78
ORD002858,CUST0008,WH003,DRV0055,VEH0046,2026-02-06,Chennai,Dispatched,Delivered,215.51,14.68,108.03,106.8,0.0,0,14.68
ORD002859,CUST0102,WH004,DRV0138,VEH0002,2026-07-16,Vellore,Processing,Delivered,109.2,20.27,148.17,170.62,22.45,1,5.39
ORD002860,CUST0160,WH005,DRV0182,VEH0114,2026-04-13,Coimbatore,Confirmed,Delivered,266.62,4.54,47.45,43.99,0.0,0,58.73
ORD002861,CUST0470,WH009,DRV0034,VEH0148,2026-02-26,Madurai,Processing,Delivered,220.49,7.87,54.9,62.25,7.35,1,28.02
ORD002862,CUST0657,WH002,DRV0191,VEH0003,2026-02-21,Coimbatore,Dispatched,Delivered,253.21,19.62,122.68,131.71,9.03,1,12.91
ORD002863,CUST0005,WH007,DRV0159,VEH0036,2026-07-28,Vellore,Dispatched,Delayed,100.0,6.75,74.39,68.57,0.0,1,14.81
ORD002864,CUST0840,WH003,DRV0192,VEH0005,2026-01-07,Tirunelveli,Confirmed,Delayed,100.0,7.63,35.19,40.66,5.47,1,13.11
ORD002865,CUST0379,WH010,DRV0178,VEH0020,2026-03-24,Salem,Confirmed,Delivered,100.0,7.99,37.01,35.31,0.0,0,12.52
ORD002866,CUST0381,WH002,DRV0156,VEH0003,2026-05-18,Erode,Dispatched,Delivered,250.74,15.13,60.16,53.36,0.0,0,16.57
ORD002867,CUST0946,WH009,DRV0107,VEH0003,2026-01-12,Salem,Dispatched,Delayed,280.83,22.1,162.83,157.28,0.0,1,12.71
ORD002868,CUST0606,WH003,DRV0037,VEH0100,2026-01-27,Erode,Dispatched,Delivered,377.69,29.64,157.58,148.13,0.0,0,12.74
ORD002869,CUST0979,WH008,DRV0160,VEH0070,2026-02-07,Vellore,Dispatched,Delivered,139.36,21.08,157.65,144.94,0.0,0,6.61
ORD002870,CUST0908,WH001,DRV0035,VEH0088,2026-05-25,Salem,Processing,Delivered,207.6,11.14,52.11,56.85,4.74,1,18.64
ORD002871,CUST0729,WH005,DRV0185,VEH0128,2026-05-16,Madurai,Dispatched,Delivered,114.93,16.89,71.35,69.66,0.0,0,6.8
ORD002872,CUST0684,WH005,DRV0189,VEH0047,2026-03-25,Trichy,Processing,Delivered,440.9,4.31,41.43,43.95,2.52,1,102.3
ORD002873,CUST0973,WH006,DRV0085,VEH0102,2026-03-10,Vellore,Processing,Delivered,114.31,38.98,173.98,188.12,14.14,1,2.93
ORD002874,CUST0836,WH007,DRV0032,VEH0037,2026-01-09,Chennai,Dispatched,Delivered,389.96,6.29,57.51,63.36,5.85,1,62.0
ORD002875,CUST0955,WH003,DRV0008,VEH0008,2026-01-25,Tirunelveli,Processing,Delivered,153.95,16.07,89.36,87.13,0.0,0,9.58
ORD002876,CUST0650,WH005,DRV0163,VEH0102,2026-08-25,Trichy,Dispatched,Delivered,504.67,12.38,121.01,111.19,0.0,0,40.76
ORD002877,CUST0304,WH008,DRV0023,VEH0113,2026-02-05,Madurai,Processing,Delivered,204.16,4.0,42.37,38.08,0.0,0,51.04
ORD002878,CUST0156,WH006,DRV0093,VEH0107,2026-08-11,Tirunelveli,Dispatched,In Transit,201.28,6.32,36.18,36.97,0.79,1,31.85
ORD002879,CUST0773,WH002,DRV0166,VEH0129,2026-03-13,Coimbatore,Dispatched,Delivered,111.04,23.03,124.74,129.68,4.94,1,4.82
ORD002880,CUST0988,WH007,DRV0019,VEH0045,2026-08-28,Chennai,Processing,Delivered,741.42,10.18,51.63,48.88,0.0,0,72.83
ORD002881,CUST0300,WH003,DRV0182,VEH0010,2026-04-21,Vellore,Dispatched,Delayed,345.17,5.58,43.27,39.91,0.0,1,61.86
ORD002882,CUST0671,WH010,DRV0045,VEH0086,2026-04-06,Salem,Processing,Delayed,252.84,9.15,38.91,42.02,3.11,1,27.63
ORD002883,CUST0272,WH009,DRV0036,VEH0196,2026-02-06,Vellore,Dispatched,Delivered,211.81,5.58,36.37,38.73,2.36,1,37.96
ORD002884,CUST0123,WH004,DRV0177,VEH0171,2026-08-20,Coimbatore,Dispatched,Delivered,117.98,7.58,74.4,73.66,0.0,0,15.56
ORD002885,CUST0511,WH004,DRV0188,VEH0087,2026-01-29,Vellore,Dispatched,Delivered,280.8,3.35,35.35,35.95,0.6,1,83.82
ORD002886,CUST0279,WH004,DRV0056,VEH0169,2026-06-16,Erode,Dispatched,In Transit,173.58,11.14,77.73,73.21,0.0,0,15.58
ORD002887,CUST0861,WH010,DRV0064,VEH0012,2026-05-11,Tirunelveli,Processing,Delayed,188.18,12.3,66.76,66.67,0.0,1,15.3
ORD002888,CUST0367,WH010,DRV0062,VEH0008,2026-03-01,Trichy,Confirmed,Delayed,323.48,7.66,57.02,64.54,7.52,1,42.23
ORD002889,CUST0533,WH008,DRV0059,VEH0124,2026-01-28,Chennai,Processing,Delivered,218.09,22.95,101.73,113.06,11.33,1,9.5
ORD002890,CUST0898,WH001,DRV0001,VEH0045,2026-02-18,Erode,Dispatched,Delivered,183.42,7.98,88.01,78.54,0.0,0,22.98
ORD002891,CUST0791,WH003,DRV0097,VEH0088,2026-08-21,Salem,Dispatched,Delivered,460.9,10.18,62.16,67.7,5.54,1,45.28
ORD002892,CUST0720,WH008,DRV0077,VEH0129,2026-06-05,Chennai,Dispatched,Delivered,106.46,7.34,51.03,58.99,7.96,1,14.5
ORD002893,CUST0907,WH007,DRV0005,VEH0154,2026-02-09,Trichy,Processing,Delivered,100.0,8.52,80.91,75.66,0.0,0,11.74
ORD002894,CUST0630,WH006,DRV0147,VEH0086,2026-03-02,Madurai,Dispatched,Delivered,108.05,17.36,103.85,98.42,0.0,0,6.22
ORD002895,CUST0123,WH007,DRV0058,VEH0107,2026-06-05,Trichy,Confirmed,Delivered,200.1,4.41,10.3,10.0,0.0,0,45.37
ORD002896,CUST0713,WH001,DRV0057,VEH0159,2026-04-16,Madurai,Dispatched,Delivered,284.71,14.58,113.57,113.49,0.0,0,19.53
ORD002897,CUST0386,WH008,DRV0170,VEH0056,2026-06-14,Salem,Dispatched,Delivered,111.76,6.71,71.85,62.98,0.0,0,16.66
ORD002898,CUST0850,WH004,DRV0073,VEH0098,2026-07-27,Trichy,Processing,Delivered,1991.92,4.56,51.03,57.6,6.57,1,436.82
ORD002899,CUST0397,WH001,DRV0134,VEH0037,2026-08-15,Trichy,Confirmed,Delivered,204.06,8.72,64.24,64.04,0.0,0,23.4
ORD002900,CUST0301,WH004,DRV0085,VEH0132,2026-06-27,Vellore,Confirmed,Delivered,200.07,28.1,137.82,135.22,0.0,0,7.12
ORD002901,CUST0840,WH002,DRV0022,VEH0072,2026-04-09,Trichy,Dispatched,Delivered,100.0,15.97,54.27,63.34,9.07,1,6.26
ORD002902,CUST0394,WH005,DRV0053,VEH0121,2026-08-05,Trichy,Dispatched,Delivered,100.0,8.58,65.37,67.14,1.77,1,11.66
ORD002903,CUST0603,WH001,DRV0057,VEH0172,2026-06-02,Madurai,Cancelled,Cancelled,100.0,5.73,,,,0,17.45
ORD002904,CUST0593,WH001,DRV0126,VEH0095,2026-06-02,Madurai,Processing,Delivered,442.05,32.53,176.63,178.17,1.54,1,13.59
ORD002905,CUST0216,WH005,DRV0103,VEH0177,2026-03-15,Coimbatore,Dispatched,Delivered,398.65,13.34,94.39,84.84,0.0,0,29.88
ORD002906,CUST0789,WH002,DRV0112,VEH0087,2026-04-09,Vellore,Dispatched,Delivered,181.1,11.41,77.83,74.59,0.0,0,15.87
ORD002907,CUST0001,WH009,DRV0051,VEH0168,2026-03-22,Salem,Processing,Delivered,100.0,15.66,75.5,69.92,0.0,0,6.39
ORD002908,CUST0144,WH010,DRV0005,VEH0102,2026-01-16,Salem,Dispatched,In Transit,151.35,16.76,89.35,81.87,0.0,0,9.03
ORD002909,CUST0250,WH007,DRV0150,VEH0068,2026-07-26,Madurai,Confirmed,Delivered,456.66,7.91,42.84,40.54,0.0,0,57.73
ORD002910,CUST0171,WH004,DRV0114,VEH0100,2026-07-06,Coimbatore,Dispatched,Delayed,130.62,18.9,118.07,109.85,0.0,1,6.91
ORD002911,CUST0993,WH007,DRV0135,VEH0199,2026-03-22,Coimbatore,Dispatched,Delivered,100.85,3.88,47.02,44.42,0.0,0,25.99
ORD002912,CUST0134,WH008,DRV0064,VEH0127,2026-01-18,Trichy,Processing,In Transit,141.51,16.28,82.45,81.22,0.0,0,8.69
ORD002913,CUST0076,WH008,DRV0185,VEH0138,2026-07-16,Coimbatore,Dispatched,Delivered,149.85,8.26,65.35,64.07,0.0,0,18.14
ORD002914,CUST0480,WH008,DRV0026,VEH0070,2026-02-07,Salem,Dispatched,Delayed,292.88,23.42,103.21,113.8,10.59,1,12.51
ORD002915,CUST0624,WH005,DRV0025,VEH0004,2026-01-25,Chennai,Confirmed,Delivered,100.0,7.87,36.3,33.05,0.0,0,12.71
ORD002916,CUST0762,WH007,DRV0069,VEH0021,2026-05-08,Madurai,Dispatched,Delivered,202.36,20.76,152.55,161.66,9.11,1,9.75
ORD002917,CUST0267,WH007,DRV0160,VEH0042,2026-04-08,Vellore,Dispatched,Delivered,115.25,13.62,64.49,63.81,0.0,0,8.46
ORD002918,CUST0466,WH002,DRV0008,VEH0084,2026-07-15,Trichy,Processing,Delayed,127.98,18.4,115.54,124.93,9.39,1,6.96
ORD002919,CUST0450,WH003,DRV0009,VEH0116,2026-03-12,Vellore,Confirmed,Delivered,296.01,11.58,69.95,66.07,0.0,0,25.56
ORD002920,CUST0096,WH002,DRV0054,VEH0134,2026-01-24,Coimbatore,Processing,Delivered,100.0,3.04,42.64,37.32,0.0,0,32.89
ORD002921,CUST0945,WH003,DRV0020,VEH0011,2026-03-29,Erode,Confirmed,In Transit,203.76,22.34,175.1,160.56,0.0,0,9.12
ORD002922,CUST0753,WH009,DRV0196,VEH0119,2026-08-30,Vellore,Confirmed,Delivered,247.85,23.28,141.52,136.64,0.0,0,10.65
ORD002923,CUST0276,WH007,DRV0195,VEH0073,2026-06-02,Madurai,Processing,Delivered,264.21,8.81,70.32,68.92,0.0,0,29.99
ORD002924,CUST0789,WH004,DRV0172,VEH0140,2026-06-28,Vellore,Processing,Delivered,286.99,6.89,53.89,54.06,0.17,1,41.65
ORD002925,CUST0804,WH008,DRV0169,VEH0031,2026-07-12,Madurai,Dispatched,Delivered,262.89,19.39,82.74,90.77,8.03,1,13.56
ORD002926,CUST0550,WH007,DRV0170,VEH0159,2026-03-10,Madurai,Processing,Delayed,289.32,13.47,55.89,58.56,2.67,1,21.48
ORD002927,CUST0312,WH010,DRV0139,VEH0171,2026-07-30,Salem,Dispatched,Delivered,102.26,9.95,47.24,48.61,1.37,1,10.28
ORD002928,CUST0347,WH006,DRV0112,VEH0186,2026-03-05,Trichy,Dispatched,Delivered,440.4,15.17,97.71,86.21,0.0,0,29.03
ORD002929,CUST0267,WH004,DRV0127,VEH0050,2026-06-28,Chennai,Cancelled,Cancelled,100.0,8.79,,,,0,11.38
ORD002930,CUST0274,WH005,DRV0171,VEH0098,2026-04-21,Trichy,Processing,Delivered,230.61,23.06,115.78,112.86,0.0,0,10.0
ORD002931,CUST0593,WH010,DRV0136,VEH0041,2026-06-02,Tirunelveli,Dispatched,Delivered,116.45,9.28,91.95,81.61,0.0,0,12.55
ORD002932,CUST0098,WH008,DRV0174,VEH0112,2026-07-26,Coimbatore,Dispatched,Delivered,100.0,19.39,80.32,79.88,0.0,0,5.16
ORD002933,CUST0557,WH003,DRV0034,VEH0113,2026-05-30,Tirunelveli,Dispatched,Delivered,125.14,11.56,49.46,53.45,3.99,1,10.83
ORD002934,CUST0666,WH003,DRV0068,VEH0164,2026-03-06,Trichy,Processing,Delivered,167.84,14.06,74.77,77.54,2.77,1,11.94
ORD002935,CUST0894,WH005,DRV0143,VEH0172,2026-08-04,Salem,Confirmed,Delayed,446.52,31.89,173.79,180.53,6.74,1,14.0
ORD002936,CUST0315,WH009,DRV0146,VEH0127,2026-05-11,Chennai,Dispatched,Delivered,591.57,8.04,75.56,70.99,0.0,0,73.58
ORD002937,CUST0134,WH005,DRV0139,VEH0066,2026-01-05,Vellore,Confirmed,Delivered,166.62,18.58,76.36,81.33,4.97,1,8.97
ORD002938,CUST0555,WH001,DRV0147,VEH0113,2026-05-14,Trichy,Dispatched,Delivered,100.0,27.38,170.51,159.49,0.0,0,3.65
ORD002939,CUST0094,WH005,DRV0073,VEH0015,2026-07-08,Coimbatore,Confirmed,Delivered,100.0,18.15,113.98,102.06,0.0,0,5.51
ORD002940,CUST0180,WH009,DRV0025,VEH0034,2026-07-17,Trichy,Dispatched,Delayed,299.38,23.9,165.54,174.1,8.56,1,12.53
ORD002941,CUST0871,WH007,DRV0150,VEH0198,2026-06-06,Vellore,Dispatched,Delayed,287.24,12.37,64.59,72.52,7.93,1,23.22
ORD002942,CUST0256,WH009,DRV0190,VEH0044,2026-05-12,Salem,Dispatched,Delivered,122.15,17.51,58.36,56.03,0.0,0,6.98
ORD002943,CUST0958,WH010,DRV0165,VEH0161,2026-07-15,Vellore,Dispatched,Delivered,100.0,20.7,121.02,126.29,5.27,1,4.83
ORD002944,CUST0754,WH010,DRV0138,VEH0079,2026-01-15,Vellore,Dispatched,Delivered,345.5,11.4,98.13,97.14,0.0,0,30.31
ORD002945,CUST0736,WH005,DRV0081,VEH0099,2026-08-14,Vellore,Dispatched,Delivered,100.0,6.28,52.51,50.48,0.0,0,15.92
ORD002946,CUST0017,WH003,DRV0052,VEH0092,2026-07-14,Madurai,Dispatched,Delivered,135.8,5.55,41.57,42.75,1.18,1,24.47
ORD002947,CUST0845,WH002,DRV0077,VEH0106,2026-01-26,Salem,Dispatched,Delivered,246.6,29.68,127.81,113.37,0.0,0,8.31
ORD002948,CUST0629,WH009,DRV0068,VEH0134,2026-03-13,Salem,Dispatched,Delivered,100.0,26.7,138.58,142.88,4.3,1,3.75
ORD002949,CUST0558,WH005,DRV0028,VEH0118,2026-04-06,Salem,Processing,Delivered,336.86,7.0,40.05,42.51,2.46,1,48.12
ORD002950,CUST0681,WH001,DRV0158,VEH0040,2026-03-19,Chennai,Dispatched,Delivered,851.66,23.89,151.8,136.06,0.0,0,35.65
ORD002951,CUST0141,WH002,DRV0174,VEH0006,2026-04-19,Tirunelveli,Processing,Delivered,195.2,15.26,90.89,102.02,11.13,1,12.79
ORD002952,CUST0390,WH002,DRV0168,VEH0075,2026-07-30,Trichy,Processing,Delivered,177.23,11.66,56.95,64.19,7.24,1,15.2
ORD002953,CUST0726,WH004,DRV0149,VEH0014,2026-03-28,Coimbatore,Dispatched,Delivered,186.57,6.84,38.72,34.24,0.0,0,27.28
ORD002954,CUST0737,WH006,DRV0143,VEH0123,2026-04-07,Madurai,Dispatched,Delivered,209.8,10.57,73.58,80.62,7.04,1,19.85
ORD002955,CUST0929,WH008,DRV0131,VEH0005,2026-07-12,Vellore,Dispatched,Delayed,112.79,5.95,45.15,50.47,5.32,1,18.96
ORD002956,CUST0900,WH003,DRV0081,VEH0045,2026-02-19,Vellore,Processing,Delivered,100.0,9.42,81.94,81.08,0.0,0,10.62
ORD002957,CUST0974,WH010,DRV0097,VEH0187,2026-02-15,Madurai,Confirmed,Delivered,144.1,5.84,36.75,42.53,5.78,1,24.67
ORD002958,CUST0690,WH010,DRV0197,VEH0043,2026-07-27,Tirunelveli,Dispatched,Delivered,200.31,4.21,50.16,48.42,0.0,0,47.58
ORD002959,CUST0048,WH006,DRV0008,VEH0181,2026-08-29,Chennai,Confirmed,In Transit,100.0,24.27,98.75,100.16,1.41,1,4.12
ORD002960,CUST0611,WH004,DRV0137,VEH0155,2026-04-27,Vellore,Cancelled,Cancelled,100.0,10.14,,,,0,9.86
ORD002961,CUST0795,WH008,DRV0122,VEH0120,2026-03-14,Coimbatore,Confirmed,Delivered,136.15,14.39,92.59,99.01,6.42,1,9.46
ORD002962,CUST0262,WH009,DRV0090,VEH0197,2026-04-22,Tirunelveli,Processing,Delivered,100.0,7.76,78.03,69.57,0.0,0,12.89
ORD002963,CUST0570,WH009,DRV0130,VEH0069,2026-02-02,Madurai,Dispatched,Delayed,280.53,9.82,67.61,72.61,5.0,1,28.57
ORD002964,CUST0253,WH006,DRV0165,VEH0048,2026-05-08,Vellore,Confirmed,Delivered,100.0,5.71,66.19,63.57,0.0,0,17.51
ORD002965,CUST0703,WH002,DRV0140,VEH0111,2026-03-29,Coimbatore,Processing,Delivered,100.0,29.85,203.94,179.92,0.0,0,3.35
ORD002966,CUST0513,WH002,DRV0019,VEH0073,2026-06-11,Erode,Processing,Delivered,454.32,2.34,15.3,15.77,0.47,1,194.15
ORD002967,CUST0747,WH010,DRV0027,VEH0111,2026-07-27,Coimbatore,Dispatched,Delivered,156.94,19.89,132.54,147.52,14.98,1,7.89
ORD002968,CUST0796,WH009,DRV0152,VEH0025,2026-07-09,Trichy,Dispatched,Delivered,204.29,7.66,53.89,61.91,8.02,1,26.67
ORD002969,CUST0797,WH005,DRV0194,VEH0136,2026-03-30,Vellore,Processing,Delivered,166.7,5.69,59.39,52.15,0.0,0,29.3
ORD002970,CUST0864,WH007,DRV0016,VEH0078,2026-08-12,Chennai,Confirmed,Delivered,120.57,3.97,50.21,46.53,0.0,0,30.37
ORD002971,CUST0156,WH006,DRV0002,VEH0160,2026-06-15,Salem,Dispatched,Delayed,369.4,12.35,82.1,72.93,0.0,1,29.91
ORD002972,CUST0603,WH009,DRV0149,VEH0061,2026-03-24,Erode,Processing,Delivered,125.0,18.34,120.27,113.5,0.0,0,6.82
ORD002973,CUST0970,WH005,DRV0010,VEH0087,2026-02-14,Vellore,Dispatched,In Transit,105.79,17.16,76.64,80.44,3.8,1,6.16
ORD002974,CUST0210,WH008,DRV0186,VEH0001,2026-03-07,Vellore,Confirmed,Delivered,277.8,8.42,15.41,17.37,1.96,1,32.99
ORD002975,CUST0324,WH004,DRV0106,VEH0111,2026-02-12,Erode,Confirmed,Delivered,100.0,9.77,94.63,83.83,0.0,0,10.24
ORD002976,CUST0742,WH007,DRV0017,VEH0159,2026-04-05,Salem,Dispatched,Delivered,150.58,5.58,52.03,52.19,0.16,1,26.99
ORD002977,CUST0765,WH009,DRV0007,VEH0199,2026-07-22,Tirunelveli,Processing,Delayed,129.37,6.27,53.74,55.46,1.72,1,20.63
ORD002978,CUST0755,WH002,DRV0046,VEH0143,2026-03-17,Erode,Dispatched,Delivered,148.75,24.22,118.63,115.92,0.0,0,6.14
ORD002979,CUST0041,WH009,DRV0178,VEH0070,2026-04-12,Madurai,Confirmed,Delivered,131.97,3.06,27.8,31.52,3.72,1,43.13
ORD002980,CUST0362,WH008,DRV0010,VEH0144,2026-08-09,Madurai,Processing,In Transit,231.32,2.79,19.69,20.89,1.2,1,82.91
ORD002981,CUST0372,WH010,DRV0016,VEH0108,2026-08-20,Chennai,Dispatched,Delivered,370.48,7.0,45.3,43.5,0.0,0,52.93
ORD002982,CUST0951,WH001,DRV0001,VEH0081,2026-07-03,Erode,Processing,Delayed,244.34,29.62,120.49,136.91,16.42,1,8.25
ORD002983,CUST0416,WH010,DRV0137,VEH0093,2026-07-23,Erode,Dispatched,Delivered,145.62,11.5,68.62,77.05,8.43,1,12.66
ORD002984,CUST0635,WH007,DRV0013,VEH0106,2026-04-17,Trichy,Confirmed,Delayed,273.26,43.39,152.05,151.57,0.0,1,6.3
ORD002985,CUST0709,WH005,DRV0189,VEH0072,2026-06-02,Madurai,Dispatched,Delivered,294.88,9.03,72.48,69.89,0.0,0,32.66
ORD002986,CUST0662,WH005,DRV0176,VEH0057,2026-01-01,Tirunelveli,Dispatched,Delivered,229.2,17.55,88.92,98.14,9.22,1,13.06
ORD002987,CUST0377,WH007,DRV0144,VEH0011,2026-04-17,Erode,Processing,Delivered,358.39,22.18,103.52,120.38,16.86,1,16.16
ORD002988,CUST0752,WH010,DRV0169,VEH0146,2026-01-20,Tirunelveli,Dispatched,Delivered,100.0,38.64,171.79,151.02,0.0,0,2.59
ORD002989,CUST0313,WH004,DRV0030,VEH0173,2026-08-14,Vellore,Dispatched,Delivered,184.45,7.44,29.44,34.3,4.86,1,24.79
ORD002990,CUST0278,WH001,DRV0072,VEH0148,2026-04-03,Tirunelveli,Processing,Delivered,221.43,11.41,54.54,64.12,9.58,1,19.41
ORD002991,CUST0322,WH006,DRV0183,VEH0091,2026-01-21,Tirunelveli,Dispatched,Delivered,100.0,10.0,63.21,66.75,3.54,1,10.0
ORD002992,CUST0937,WH001,DRV0011,VEH0087,2026-07-28,Tirunelveli,Dispatched,Delivered,209.24,18.5,95.83,104.53,8.7,1,11.31
ORD002993,CUST0555,WH001,DRV0113,VEH0142,2026-07-13,Vellore,Confirmed,Delivered,328.56,27.64,101.58,99.39,0.0,0,11.89
ORD002994,CUST0034,WH008,DRV0180,VEH0109,2026-04-06,Madurai,Processing,Delivered,156.72,27.59,192.6,172.23,0.0,0,5.68
ORD002995,CUST0114,WH004,DRV0075,VEH0027,2026-08-06,Vellore,Processing,Delayed,277.76,7.32,64.37,64.74,0.37,1,37.95
ORD002996,CUST0002,WH005,DRV0048,VEH0097,2026-08-11,Coimbatore,Processing,Delivered,352.41,6.29,49.7,45.93,0.0,0,56.03
ORD002997,CUST0750,WH010,DRV0007,VEH0009,2026-07-10,Chennai,Dispatched,Delivered,433.81,17.24,107.49,95.74,0.0,0,25.16
ORD002998,CUST0759,WH010,DRV0182,VEH0013,2026-05-27,Salem,Dispatched,Delivered,385.83,5.1,42.45,46.81,4.36,1,75.65
ORD002999,CUST0571,WH001,DRV0001,VEH0173,2026-05-20,Chennai,Dispatched,Delivered,440.38,18.78,140.24,140.73,0.49,1,23.45
ORD003000,CUST0036,WH010,DRV0087,VEH0008,2026-04-28,Tirunelveli,Processing,Delivered,131.01,11.4,103.08,98.87,0.0,0,11.49
ORD003001,CUST0744,WH007,DRV0032,VEH0114,2026-07-25,Salem,Processing,Delivered,140.67,24.9,114.33,120.4,6.07,1,5.65
ORD003002,CUST0008,WH002,DRV0062,VEH0056,2026-05-02,Vellore,Dispatched,Delivered,100.0,22.45,164.7,153.65,0.0,0,4.45
ORD003003,CUST0161,WH006,DRV0143,VEH0097,2026-01-11,Coimbatore,Dispatched,Delayed,100.0,12.38,68.84,64.85,0.0,1,8.08
ORD003004,CUST0801,WH009,DRV0092,VEH0007,2026-01-12,Trichy,Dispatched,Delivered,400.21,4.79,35.17,36.02,0.85,1,83.55
ORD003005,CUST0452,WH002,DRV0189,VEH0077,2026-08-28,Salem,Confirmed,Delivered,122.34,5.09,21.26,24.26,3.0,1,24.04
ORD003006,CUST0530,WH006,DRV0078,VEH0128,2026-03-21,Coimbatore,Processing,Delivered,234.73,11.79,65.31,76.52,11.21,1,19.91
ORD003007,CUST0576,WH005,DRV0077,VEH0143,2026-06-22,Trichy,Processing,Delivered,211.98,15.43,92.45,96.22,3.77,1,13.74
ORD003008,CUST0573,WH002,DRV0184,VEH0184,2026-05-05,Coimbatore,Dispatched,In Transit,406.04,9.15,52.21,59.7,7.49,1,44.38
ORD003009,CUST0083,WH009,DRV0034,VEH0104,2026-04-05,Trichy,Processing,Delivered,100.0,5.89,60.67,55.94,0.0,0,16.98
ORD003010,CUST0010,WH002,DRV0148,VEH0084,2026-05-14,Madurai,Dispatched,Delivered,227.97,9.36,69.0,72.61,3.61,1,24.36
ORD003011,CUST0434,WH001,DRV0118,VEH0184,2026-08-01,Tirunelveli,Dispatched,Delivered,225.57,25.02,209.37,199.43,0.0,0,9.02
ORD003012,CUST0618,WH009,DRV0024,VEH0037,2026-01-26,Vellore,Processing,Delivered,103.8,9.37,58.21,61.02,2.81,1,11.08
ORD003013,CUST0233,WH009,DRV0028,VEH0064,2026-01-29,Vellore,Dispatched,Delivered,338.38,7.5,60.46,55.53,0.0,0,45.12
ORD003014,CUST0222,WH009,DRV0011,VEH0017,2026-06-03,Trichy,Dispatched,In Transit,100.0,4.98,51.76,46.36,0.0,0,20.08
ORD003015,CUST0790,WH008,DRV0158,VEH0093,2026-01-26,Salem,Dispatched,Delivered,362.11,10.88,80.45,73.05,0.0,0,33.28
ORD003016,CUST0551,WH004,DRV0038,VEH0021,2026-04-07,Trichy,Confirmed,Delayed,100.0,22.6,148.62,149.32,0.7,1,4.42
ORD003017,CUST0870,WH009,DRV0129,VEH0078,2026-05-06,Chennai,Processing,In Transit,100.67,23.29,81.14,92.71,11.57,1,4.32
ORD003018,CUST0321,WH002,DRV0121,VEH0105,2026-03-16,Trichy,Processing,Delivered,165.52,6.48,52.53,54.63,2.1,1,25.54
ORD003019,CUST0798,WH001,DRV0197,VEH0111,2026-04-18,Coimbatore,Confirmed,Delivered,208.82,12.45,63.46,64.93,1.47,1,16.77
ORD003020,CUST0645,WH010,DRV0161,VEH0086,2026-04-23,Salem,Dispatched,In Transit,100.0,6.93,60.61,53.26,0.0,0,14.43
ORD003021,CUST0755,WH007,DRV0109,VEH0052,2026-08-24,Tirunelveli,Dispatched,In Transit,357.06,8.84,36.89,36.18,0.0,0,40.39
ORD003022,CUST0879,WH006,DRV0065,VEH0161,2026-06-14,Erode,Processing,In Transit,295.84,10.75,66.11,63.43,0.0,0,27.52
ORD003023,CUST0282,WH003,DRV0172,VEH0077,2026-08-07,Madurai,Dispatched,Delivered,624.63,8.07,64.31,59.29,0.0,0,77.4
ORD003024,CUST0120,WH002,DRV0064,VEH0095,2026-01-24,Erode,Dispatched,Delivered,286.11,1.34,36.69,35.95,0.0,0,213.51
ORD003025,CUST0063,WH008,DRV0009,VEH0012,2026-03-21,Tirunelveli,Processing,In Transit,112.32,29.9,123.75,120.2,0.0,0,3.76
ORD003026,CUST0686,WH004,DRV0032,VEH0096,2026-08-01,Erode,Confirmed,Delivered,100.0,7.47,51.56,55.82,4.26,1,13.39
ORD003027,CUST0543,WH006,DRV0054,VEH0046,2026-05-31,Vellore,Cancelled,Cancelled,137.91,7.06,,,,0,19.53
ORD003028,CUST0743,WH004,DRV0125,VEH0070,2026-01-28,Madurai,Dispatched,Delivered,748.09,6.45,59.24,55.55,0.0,0,115.98
ORD003029,CUST0169,WH009,DRV0026,VEH0126,2026-07-01,Erode,Dispatched,Delivered,186.97,3.75,39.54,35.8,0.0,0,49.86
ORD003030,CUST0652,WH005,DRV0062,VEH0071,2026-02-23,Erode,Confirmed,Delivered,192.22,30.46,157.76,162.04,4.28,1,6.31
ORD003031,CUST0273,WH006,DRV0109,VEH0185,2026-02-08,Coimbatore,Processing,In Transit,444.37,11.24,58.87,58.02,0.0,0,39.53
ORD003032,CUST0658,WH009,DRV0170,VEH0020,2026-02-16,Madurai,Confirmed,Delivered,100.0,15.56,66.82,70.92,4.1,1,6.43
ORD003033,CUST0706,WH006,DRV0176,VEH0068,2026-03-05,Salem,Dispatched,Delivered,257.32,14.27,73.73,74.85,1.12,1,18.03
ORD003034,CUST0369,WH002,DRV0134,VEH0085,2026-03-08,Coimbatore,Cancelled,Cancelled,253.57,7.91,,,,0,32.06
ORD003035,CUST0472,WH001,DRV0118,VEH0044,2026-01-11,Salem,Confirmed,Delivered,337.74,11.22,95.38,88.48,0.0,0,30.1
ORD003036,CUST0860,WH009,DRV0030,VEH0030,2026-06-04,Vellore,Dispatched,In Transit,315.45,17.85,125.11,125.41,0.3,1,17.67
ORD003037,CUST0756,WH002,DRV0151,VEH0153,2026-03-07,Madurai,Dispatched,Delivered,174.49,4.07,50.36,49.66,0.0,0,42.87
ORD003038,CUST0295,WH002,DRV0103,VEH0031,2026-04-11,Tirunelveli,Dispatched,In Transit,100.0,8.73,30.52,35.44,4.92,1,11.45
ORD003039,CUST0074,WH004,DRV0025,VEH0127,2026-04-04,Madurai,Dispatched,Delivered,125.57,9.78,47.95,46.25,0.0,0,12.84
ORD003040,CUST0879,WH010,DRV0141,VEH0130,2026-06-11,Chennai,Confirmed,Delayed,313.36,7.74,70.64,77.56,6.92,1,40.49
ORD003041,CUST0929,WH010,DRV0153,VEH0182,2026-03-22,Erode,Dispatched,Delayed,605.07,7.64,69.17,71.68,2.51,1,79.2
ORD003042,CUST0984,WH003,DRV0017,VEH0014,2026-07-29,Coimbatore,Confirmed,Delivered,100.0,12.67,75.04,77.06,2.02,1,7.89
ORD003043,CUST0459,WH007,DRV0108,VEH0102,2026-05-08,Trichy,Processing,Delivered,100.0,25.8,165.48,168.06,2.58,1,3.88
ORD003044,CUST0648,WH007,DRV0027,VEH0151,2026-01-10,Erode,Dispatched,Delivered,100.0,15.09,65.46,71.29,5.83,1,6.63
ORD003045,CUST0603,WH003,DRV0139,VEH0069,2026-05-28,Coimbatore,Dispatched,Delivered,110.1,6.33,39.05,35.34,0.0,0,17.39
ORD003046,CUST0538,WH003,DRV0134,VEH0180,2026-01-12,Salem,Dispatched,Delayed,335.6,48.96,175.19,179.07,3.88,1,6.85
ORD003047,CUST0588,WH009,DRV0079,VEH0123,2026-02-28,Madurai,Dispatched,Delivered,426.46,25.95,161.88,156.61,0.0,0,16.43
ORD003048,CUST0547,WH007,DRV0037,VEH0178,2026-05-29,Vellore,Dispatched,Delivered,100.0,8.13,49.02,47.4,0.0,0,12.3
ORD003049,CUST0825,WH003,DRV0112,VEH0199,2026-08-20,Tirunelveli,Dispatched,Delivered,100.0,26.2,101.35,98.2,0.0,0,3.82
ORD003050,CUST0207,WH003,DRV0106,VEH0033,2026-01-27,Chennai,Confirmed,In Transit,100.0,12.85,54.51,53.56,0.0,0,7.78
ORD003051,CUST0789,WH003,DRV0200,VEH0009,2026-08-18,Tirunelveli,Dispatched,Delayed,103.13,4.89,61.22,55.82,0.0,1,21.09
ORD003052,CUST0165,WH009,DRV0120,VEH0095,2026-08-21,Coimbatore,Dispatched,Delivered,156.88,24.15,185.16,169.28,0.0,0,6.5
ORD003053,CUST0124,WH008,DRV0165,VEH0008,2026-05-05,Vellore,Dispatched,Delivered,140.01,6.34,53.33,54.69,1.36,1,22.08
ORD003054,CUST0734,WH007,DRV0059,VEH0007,2026-08-17,Tirunelveli,Processing,Delivered,253.15,15.54,126.38,121.43,0.0,0,16.29
ORD003055,CUST0901,WH008,DRV0010,VEH0149,2026-03-21,Salem,Dispatched,Delivered,100.0,12.41,66.65,75.66,9.01,1,8.06
ORD003056,CUST0273,WH001,DRV0001,VEH0092,2026-04-15,Chennai,Dispatched,Delivered,129.24,16.38,80.21,91.44,11.23,1,7.89
ORD003057,CUST0382,WH009,DRV0052,VEH0053,2026-04-26,Chennai,Dispatched,Delivered,440.61,31.92,121.75,122.49,0.74,1,13.8
ORD003058,CUST0474,WH005,DRV0146,VEH0015,2026-08-11,Chennai,Dispatched,Delivered,451.66,11.11,65.46,58.44,0.0,0,40.65
ORD003059,CUST0354,WH005,DRV0087,VEH0200,2026-07-31,Vellore,Confirmed,Delivered,534.9,4.85,45.99,44.01,0.0,0,110.29
ORD003060,CUST0097,WH005,DRV0005,VEH0052,2026-02-18,Madurai,Dispatched,Delivered,234.07,6.96,41.6,39.59,0.0,0,33.63
ORD003061,CUST0082,WH009,DRV0128,VEH0197,2026-01-25,Vellore,Dispatched,Delivered,118.41,4.6,44.14,49.19,5.05,1,25.74
ORD003062,CUST0537,WH005,DRV0102,VEH0200,2026-07-10,Vellore,Dispatched,Delivered,203.09,3.65,50.59,51.31,0.72,1,55.64
ORD003063,CUST0361,WH002,DRV0118,VEH0037,2026-03-17,Salem,Dispatched,Delivered,937.31,22.3,161.97,166.94,4.97,1,42.03
ORD003064,CUST0061,WH006,DRV0117,VEH0132,2026-02-11,Chennai,Dispatched,Delivered,128.4,12.12,76.14,70.18,0.0,0,10.59
ORD003065,CUST0094,WH007,DRV0103,VEH0091,2026-06-19,Tirunelveli,Dispatched,Delivered,596.66,10.26,62.38,69.98,7.6,1,58.15
ORD003066,CUST0805,WH007,DRV0093,VEH0079,2026-05-20,Tirunelveli,Dispatched,Delivered,100.0,8.26,60.09,59.39,0.0,0,12.11
ORD003067,CUST0980,WH007,DRV0048,VEH0061,2026-06-09,Vellore,Confirmed,Delivered,262.9,19.09,138.22,123.04,0.0,0,13.77
ORD003068,CUST0365,WH002,DRV0033,VEH0150,2026-02-21,Tirunelveli,Dispatched,Delayed,276.09,28.07,242.06,216.56,0.0,1,9.84
ORD003069,CUST0962,WH006,DRV0185,VEH0177,2026-01-08,Madurai,Processing,Delivered,231.1,6.21,44.71,40.44,0.0,0,37.21
ORD003070,CUST0758,WH009,DRV0103,VEH0036,2026-08-19,Madurai,Processing,Delivered,241.14,15.15,65.45,68.0,2.55,1,15.92
ORD003071,CUST0653,WH001,DRV0025,VEH0094,2026-02-10,Madurai,Dispatched,Delivered,254.7,21.31,116.45,102.84,0.0,0,11.95
ORD003072,CUST0889,WH003,DRV0044,VEH0097,2026-03-12,Erode,Processing,Delivered,262.56,13.24,74.09,67.87,0.0,0,19.83
ORD003073,CUST0765,WH006,DRV0091,VEH0191,2026-03-13,Coimbatore,Dispatched,Delivered,146.21,18.12,81.25,73.51,0.0,0,8.07
ORD003074,CUST0296,WH007,DRV0121,VEH0166,2026-04-19,Tirunelveli,Processing,Delivered,151.99,4.8,67.69,59.92,0.0,0,31.66
ORD003075,CUST0682,WH002,DRV0111,VEH0040,2026-06-22,Madurai,Confirmed,Delivered,100.0,28.56,161.14,142.46,0.0,0,3.5
ORD003076,CUST0852,WH010,DRV0066,VEH0064,2026-07-29,Salem,Dispatched,Delivered,291.81,19.15,81.0,87.85,6.85,1,15.24
ORD003077,CUST0838,WH008,DRV0128,VEH0196,2026-07-04,Trichy,Confirmed,Delivered,422.62,16.14,57.19,64.38,7.19,1,26.18
ORD003078,CUST0971,WH006,DRV0196,VEH0184,2026-08-15,Coimbatore,Dispatched,Delivered,563.32,20.38,104.29,98.64,0.0,0,27.64
ORD003079,CUST0750,WH009,DRV0153,VEH0014,2026-02-15,Chennai,Processing,Delivered,106.3,9.19,79.48,78.0,0.0,0,11.57
ORD003080,CUST0921,WH009,DRV0173,VEH0130,2026-04-07,Madurai,Processing,Delivered,100.0,5.45,34.52,36.41,1.89,1,18.35
ORD003081,CUST0170,WH009,DRV0023,VEH0126,2026-05-16,Vellore,Confirmed,Delivered,231.51,4.63,32.41,30.71,0.0,0,50.0
ORD003082,CUST0906,WH009,DRV0100,VEH0191,2026-02-07,Tirunelveli,Processing,Delayed,100.0,4.14,29.77,34.27,4.5,1,24.15
ORD003083,CUST0863,WH002,DRV0169,VEH0019,2026-03-11,Coimbatore,Dispatched,Delivered,262.87,15.01,89.32,103.36,14.04,1,17.51
ORD003084,CUST0299,WH010,DRV0087,VEH0078,2026-05-02,Erode,Confirmed,Delivered,100.0,8.51,44.76,46.81,2.05,1,11.75
ORD003085,CUST0708,WH010,DRV0120,VEH0071,2026-02-08,Coimbatore,Dispatched,Delayed,367.49,27.46,163.41,179.94,16.53,1,13.38
ORD003086,CUST0896,WH007,DRV0161,VEH0125,2026-07-02,Erode,Dispatched,Delivered,200.26,23.97,137.95,129.46,0.0,0,8.35
ORD003087,CUST0857,WH005,DRV0121,VEH0009,2026-01-31,Vellore,Dispatched,Delivered,100.0,19.07,133.09,117.32,0.0,0,5.24
ORD003088,CUST0668,WH009,DRV0028,VEH0033,2026-05-03,Salem,Dispatched,Delivered,220.89,16.49,86.61,82.6,0.0,0,13.4
ORD003089,CUST0920,WH001,DRV0008,VEH0127,2026-02-15,Chennai,Confirmed,Delayed,192.81,6.94,63.25,60.44,0.0,1,27.78
ORD003090,CUST0611,WH010,DRV0157,VEH0116,2026-07-10,Trichy,Processing,Delayed,254.65,7.85,49.21,57.76,8.55,1,32.44
ORD003091,CUST0809,WH007,DRV0112,VEH0061,2026-02-08,Trichy,Dispatched,Delivered,305.3,6.92,59.57,59.35,0.0,0,44.12
ORD003092,CUST0317,WH010,DRV0184,VEH0106,2026-04-06,Tirunelveli,Dispatched,Delivered,100.0,5.33,51.9,47.39,0.0,0,18.76
ORD003093,CUST0892,WH005,DRV0143,VEH0044,2026-01-07,Coimbatore,Dispatched,Delivered,133.45,10.47,88.67,84.75,0.0,0,12.75
ORD003094,CUST0645,WH009,DRV0015,VEH0065,2026-02-14,Coimbatore,Dispatched,Delivered,171.08,21.13,98.1,106.82,8.72,1,8.1
ORD003095,CUST0865,WH007,DRV0037,VEH0085,2026-03-23,Chennai,Processing,Delivered,149.61,10.03,89.79,81.29,0.0,0,14.92
ORD003096,CUST0651,WH004,DRV0147,VEH0057,2026-04-15,Tirunelveli,Confirmed,Delivered,144.29,6.68,42.37,37.19,0.0,0,21.6
ORD003097,CUST0264,WH008,DRV0107,VEH0024,2026-08-29,Coimbatore,Dispatched,Delivered,359.74,10.03,50.36,53.94,3.58,1,35.87
ORD003098,CUST0661,WH009,DRV0187,VEH0102,2026-06-25,Madurai,Dispatched,In Transit,100.0,12.6,81.19,89.01,7.82,1,7.94
ORD003099,CUST0480,WH009,DRV0179,VEH0172,2026-07-30,Trichy,Dispatched,Delivered,149.99,8.03,73.18,76.91,3.73,1,18.68
ORD003100,CUST0960,WH010,DRV0120,VEH0105,2026-06-09,Tirunelveli,Dispatched,Delivered,157.91,10.53,77.06,88.68,11.62,1,15.0
ORD003101,CUST0261,WH004,DRV0085,VEH0196,2026-02-05,Madurai,Processing,Delivered,168.83,48.45,186.33,167.56,0.0,0,3.48
ORD003102,CUST0546,WH006,DRV0163,VEH0006,2026-01-27,Salem,Processing,In Transit,100.0,4.05,18.75,16.61,0.0,0,24.69
ORD003103,CUST0521,WH004,DRV0118,VEH0195,2026-04-04,Coimbatore,Dispatched,Delivered,729.34,2.38,30.7,29.52,0.0,0,306.45
ORD003104,CUST0806,WH001,DRV0092,VEH0034,2026-03-08,Chennai,Dispatched,Delivered,342.44,12.02,105.29,97.55,0.0,0,28.49
ORD003105,CUST0043,WH006,DRV0036,VEH0153,2026-01-19,Salem,Dispatched,Delivered,763.18,14.57,106.14,101.03,0.0,0,52.38
ORD003106,CUST0096,WH008,DRV0181,VEH0117,2026-07-12,Salem,Confirmed,Delivered,274.84,10.18,69.74,72.4,2.66,1,27.0
ORD003107,CUST0394,WH006,DRV0080,VEH0027,2026-02-25,Chennai,Processing,Delayed,297.52,5.66,59.92,57.64,0.0,1,52.57
ORD003108,CUST0524,WH003,DRV0012,VEH0018,2026-06-04,Erode,Dispatched,Delivered,180.76,27.15,124.28,112.89,0.0,0,6.66
ORD003109,CUST0355,WH008,DRV0028,VEH0005,2026-02-09,Salem,Processing,Delivered,500.7,11.55,95.71,87.57,0.0,0,43.35
ORD003110,CUST0999,WH010,DRV0199,VEH0118,2026-05-21,Madurai,Dispatched,Delivered,261.8,12.39,60.08,68.72,8.64,1,21.13
ORD003111,CUST0402,WH009,DRV0033,VEH0096,2026-01-20,Vellore,Dispatched,Delivered,160.14,18.87,125.53,126.95,1.42,1,8.49
ORD003112,CUST0471,WH001,DRV0075,VEH0044,2026-07-13,Salem,Dispatched,In Transit,602.01,9.9,46.96,48.45,1.49,1,60.81
ORD003113,CUST0652,WH006,DRV0079,VEH0098,2026-01-17,Chennai,Processing,Delivered,100.0,9.3,87.82,81.65,0.0,0,10.75
ORD003114,CUST0287,WH010,DRV0183,VEH0093,2026-06-14,Trichy,Dispatched,Delivered,112.63,27.15,125.85,125.8,0.0,0,4.15
ORD003115,CUST0779,WH008,DRV0079,VEH0005,2026-03-16,Coimbatore,Processing,Delivered,1126.53,3.25,36.1,37.8,1.7,1,346.62
ORD003116,CUST0866,WH002,DRV0050,VEH0061,2026-07-25,Chennai,Confirmed,Delivered,280.33,14.07,104.1,98.03,0.0,0,19.92
ORD003117,CUST0283,WH004,DRV0029,VEH0092,2026-04-05,Madurai,Confirmed,Delayed,100.0,13.28,81.56,82.21,0.65,1,7.53
ORD003118,CUST0533,WH001,DRV0058,VEH0134,2026-02-17,Madurai,Processing,Delivered,351.53,8.44,73.18,78.94,5.76,1,41.65
ORD003119,CUST0896,WH004,DRV0026,VEH0075,2026-06-08,Trichy,Dispatched,In Transit,100.0,10.19,71.28,63.81,0.0,0,9.81
ORD003120,CUST0970,WH002,DRV0023,VEH0039,2026-07-17,Madurai,Processing,Delivered,124.8,25.68,88.26,99.85,11.59,1,4.86
ORD003121,CUST0269,WH003,DRV0017,VEH0136,2026-04-13,Vellore,Processing,Delivered,951.57,6.32,53.97,63.09,9.12,1,150.56
ORD003122,CUST0762,WH004,DRV0133,VEH0084,2026-03-03,Chennai,Dispatched,Delivered,531.7,18.09,109.1,122.15,13.05,1,29.39
ORD003123,CUST0557,WH003,DRV0059,VEH0124,2026-06-03,Erode,Confirmed,Delivered,664.33,11.32,58.46,65.02,6.56,1,58.69
ORD003124,CUST0687,WH006,DRV0144,VEH0171,2026-02-27,Madurai,Dispatched,Delivered,122.15,16.88,106.67,105.47,0.0,0,7.24
ORD003125,CUST0281,WH007,DRV0103,VEH0086,2026-04-19,Vellore,Processing,Delivered,150.02,14.73,68.49,66.02,0.0,0,10.18
ORD003126,CUST0077,WH007,DRV0094,VEH0169,2026-01-06,Trichy,Confirmed,Delivered,208.96,2.29,16.73,16.99,0.26,1,91.25
ORD003127,CUST0745,WH001,DRV0149,VEH0112,2026-04-21,Trichy,Dispatched,Delivered,318.77,6.22,42.21,46.32,4.11,1,51.25
ORD003128,CUST0832,WH005,DRV0005,VEH0069,2026-07-11,Vellore,Confirmed,Delivered,145.14,6.9,58.68,65.96,7.28,1,21.03
ORD003129,CUST0710,WH003,DRV0186,VEH0106,2026-02-04,Tirunelveli,Dispatched,Delivered,614.58,5.62,60.07,60.21,0.14,1,109.36
ORD003130,CUST0355,WH001,DRV0026,VEH0030,2026-05-31,Salem,Processing,Delivered,249.45,7.52,73.54,72.12,0.0,0,33.17
ORD003131,CUST0255,WH001,DRV0171,VEH0187,2026-08-29,Vellore,Confirmed,Delivered,477.76,12.37,56.77,60.32,3.55,1,38.62
ORD003132,CUST0668,WH002,DRV0112,VEH0151,2026-08-24,Vellore,Confirmed,Delivered,109.18,20.01,86.42,94.33,7.91,1,5.46
ORD003133,CUST0916,WH010,DRV0126,VEH0185,2026-06-13,Salem,Confirmed,In Transit,138.07,4.44,43.64,49.92,6.28,1,31.1
ORD003134,CUST0980,WH008,DRV0187,VEH0153,2026-08-23,Vellore,Confirmed,Delivered,212.66,11.43,58.68,68.4,9.72,1,18.61
ORD003135,CUST0425,WH004,DRV0086,VEH0176,2026-01-25,Madurai,Dispatched,In Transit,134.5,13.6,56.99,64.64,7.65,1,9.89
ORD003136,CUST0004,WH010,DRV0186,VEH0198,2026-03-21,Erode,Dispatched,Delivered,358.17,22.46,152.6,142.27,0.0,0,15.95
ORD003137,CUST0084,WH003,DRV0109,VEH0042,2026-01-12,Madurai,Processing,Delivered,362.84,29.1,183.06,192.05,8.99,1,12.47
ORD003138,CUST0709,WH008,DRV0002,VEH0029,2026-01-18,Tirunelveli,Processing,Delivered,155.18,9.86,64.09,74.68,10.59,1,15.74
ORD003139,CUST0214,WH002,DRV0044,VEH0085,2026-07-01,Erode,Dispatched,Delivered,278.02,5.71,69.19,69.02,0.0,0,48.69
ORD003140,CUST0792,WH009,DRV0106,VEH0071,2026-06-27,Madurai,Dispatched,Delivered,683.49,14.19,80.26,79.4,0.0,0,48.17
ORD003141,CUST0657,WH004,DRV0154,VEH0173,2026-03-14,Madurai,Dispatched,Delivered,357.45,5.9,57.11,58.36,1.25,1,60.58
ORD003142,CUST0901,WH009,DRV0109,VEH0041,2026-07-18,Salem,Dispatched,Delivered,276.94,13.44,89.18,100.97,11.79,1,20.61
ORD003143,CUST0057,WH001,DRV0044,VEH0063,2026-03-23,Chennai,Processing,Delivered,420.72,6.67,56.72,52.69,0.0,0,63.08
ORD003144,CUST0154,WH005,DRV0147,VEH0119,2026-06-20,Tirunelveli,Processing,Delivered,540.52,15.67,68.37,64.7,0.0,0,34.49
ORD003145,CUST0612,WH010,DRV0049,VEH0175,2026-06-24,Chennai,Dispatched,Delayed,486.21,6.99,58.29,60.19,1.9,1,69.56
ORD003146,CUST0712,WH007,DRV0091,VEH0100,2026-05-03,Chennai,Dispatched,Delivered,172.99,27.43,155.8,161.58,5.78,1,6.31
ORD003147,CUST0969,WH004,DRV0081,VEH0129,2026-03-02,Tirunelveli,Dispatched,Delivered,325.87,11.35,48.54,54.13,5.59,1,28.71
ORD003148,CUST0401,WH005,DRV0185,VEH0095,2026-08-13,Vellore,Processing,Delivered,149.35,3.49,30.5,28.34,0.0,0,42.79
ORD003149,CUST0952,WH009,DRV0134,VEH0148,2026-04-08,Salem,Dispatched,Delivered,174.97,20.39,90.34,87.72,0.0,0,8.58
ORD003150,CUST0520,WH006,DRV0151,VEH0147,2026-07-31,Chennai,Dispatched,In Transit,247.52,9.96,47.89,54.69,6.8,1,24.85
ORD003151,CUST0960,WH006,DRV0082,VEH0065,2026-04-03,Tirunelveli,Processing,Delivered,100.0,16.44,120.01,124.57,4.56,1,6.08
ORD003152,CUST0965,WH002,DRV0043,VEH0093,2026-06-07,Chennai,Dispatched,Delayed,230.35,20.63,116.43,103.86,0.0,1,11.17
ORD003153,CUST0522,WH001,DRV0044,VEH0036,2026-04-28,Erode,Processing,Delivered,115.65,11.75,58.21,59.05,0.84,1,9.84
ORD003154,CUST0946,WH004,DRV0066,VEH0151,2026-08-28,Salem,Confirmed,Delivered,100.0,4.24,20.86,22.02,1.16,1,23.58
ORD003155,CUST0636,WH010,DRV0045,VEH0157,2026-08-17,Vellore,Processing,Delayed,303.9,12.48,91.88,88.08,0.0,1,24.35
ORD003156,CUST0951,WH003,DRV0019,VEH0044,2026-07-17,Coimbatore,Processing,Delayed,153.01,25.17,124.21,136.36,12.15,1,6.08
ORD003157,CUST0270,WH007,DRV0004,VEH0127,2026-03-05,Madurai,Confirmed,Delivered,209.14,10.57,68.9,68.41,0.0,0,19.79
ORD003158,CUST0859,WH007,DRV0097,VEH0007,2026-07-23,Vellore,Dispatched,In Transit,155.46,14.75,86.18,82.01,0.0,0,10.54
ORD003159,CUST0539,WH006,DRV0098,VEH0159,2026-05-05,Madurai,Processing,Delivered,121.41,6.36,70.12,63.37,0.0,0,19.09
ORD003160,CUST0512,WH005,DRV0096,VEH0038,2026-07-07,Coimbatore,Dispatched,In Transit,195.67,3.75,40.43,38.22,0.0,0,52.18
ORD003161,CUST0517,WH003,DRV0185,VEH0105,2026-02-17,Trichy,Confirmed,Delivered,100.0,10.1,52.67,54.56,1.89,1,9.9
ORD003162,CUST0847,WH004,DRV0137,VEH0194,2026-02-08,Chennai,Confirmed,Delivered,170.28,11.53,68.73,63.62,0.0,0,14.77
ORD003163,CUST0412,WH005,DRV0101,VEH0022,2026-03-02,Vellore,Dispatched,Delivered,656.86,22.17,133.17,118.95,0.0,0,29.63
ORD003164,CUST0645,WH004,DRV0048,VEH0054,2026-04-24,Coimbatore,Dispatched,Delivered,100.0,12.02,58.43,58.82,0.39,1,8.32
ORD003165,CUST0342,WH003,DRV0164,VEH0182,2026-04-15,Chennai,Dispatched,Delivered,458.06,21.1,75.32,88.47,13.15,1,21.71
ORD003166,CUST0140,WH002,DRV0195,VEH0006,2026-01-12,Coimbatore,Dispatched,Delivered,703.75,8.35,89.6,80.41,0.0,0,84.28
ORD003167,CUST0264,WH005,DRV0018,VEH0190,2026-01-12,Vellore,Processing,Delivered,108.79,4.16,46.57,51.77,5.2,1,26.15
ORD003168,CUST0827,WH002,DRV0040,VEH0108,2026-04-09,Tirunelveli,Processing,Delivered,224.29,15.29,74.99,84.46,9.47,1,14.67
ORD003169,CUST0449,WH002,DRV0194,VEH0029,2026-05-24,Vellore,Dispatched,Delivered,100.0,26.84,170.81,181.27,10.46,1,3.73
ORD003170,CUST0227,WH002,DRV0065,VEH0043,2026-08-29,Tirunelveli,Dispatched,Delivered,100.0,7.58,46.69,48.43,1.74,1,13.19
ORD003171,CUST0060,WH002,DRV0152,VEH0195,2026-08-10,Madurai,Dispatched,Delivered,202.08,16.76,91.69,84.13,0.0,0,12.06
ORD003172,CUST0080,WH008,DRV0181,VEH0109,2026-07-24,Chennai,Dispatched,Delivered,236.5,17.15,94.69,97.95,3.26,1,13.79
ORD003173,CUST0055,WH007,DRV0114,VEH0062,2026-03-15,Tirunelveli,Dispatched,Delayed,125.4,3.78,33.06,38.24,5.18,1,33.17
ORD003174,CUST0606,WH009,DRV0170,VEH0013,2026-05-08,Tirunelveli,Processing,Delivered,100.0,9.81,78.2,75.14,0.0,0,10.19
ORD003175,CUST0427,WH003,DRV0053,VEH0115,2026-04-10,Salem,Dispatched,Delivered,108.9,17.64,121.22,115.3,0.0,0,6.17
ORD003176,CUST0553,WH001,DRV0062,VEH0192,2026-04-05,Madurai,Dispatched,Delivered,323.5,14.16,129.92,118.73,0.0,0,22.85
ORD003177,CUST0522,WH006,DRV0190,VEH0047,2026-01-02,Erode,Dispatched,Delivered,324.94,17.65,125.25,129.17,3.92,1,18.41
ORD003178,CUST0226,WH009,DRV0196,VEH0188,2026-01-03,Madurai,Confirmed,Delivered,275.24,15.83,111.26,127.04,15.78,1,17.39
ORD003179,CUST0116,WH001,DRV0126,VEH0015,2026-02-11,Madurai,Processing,Delivered,141.08,10.66,70.61,69.5,0.0,0,13.23
ORD003180,CUST0971,WH001,DRV0114,VEH0005,2026-08-27,Chennai,Confirmed,In Transit,100.0,11.51,78.11,88.13,10.02,1,8.69
ORD003181,CUST0340,WH004,DRV0163,VEH0069,2026-06-17,Trichy,Processing,Delivered,425.51,21.8,94.35,110.34,15.99,1,19.52
ORD003182,CUST0107,WH010,DRV0185,VEH0002,2026-08-28,Coimbatore,Dispatched,Delivered,526.77,12.47,74.03,68.32,0.0,0,42.24
ORD003183,CUST0519,WH001,DRV0061,VEH0114,2026-05-14,Erode,Confirmed,Delivered,128.87,6.9,61.68,63.52,1.84,1,18.68
ORD003184,CUST0533,WH009,DRV0140,VEH0038,2026-08-12,Coimbatore,Processing,In Transit,163.48,9.91,75.5,74.94,0.0,0,16.5
ORD003185,CUST0764,WH006,DRV0049,VEH0094,2026-07-19,Tirunelveli,Processing,Delivered,100.0,14.72,89.11,84.96,0.0,0,6.79
ORD003186,CUST0331,WH005,DRV0150,VEH0182,2026-04-16,Salem,Dispatched,Delivered,256.48,20.95,145.27,149.72,4.45,1,12.24
ORD003187,CUST0101,WH005,DRV0090,VEH0039,2026-02-15,Vellore,Dispatched,Delivered,698.73,3.72,24.75,28.6,3.85,1,187.83
ORD003188,CUST0215,WH002,DRV0068,VEH0020,2026-04-14,Vellore,Processing,Delivered,334.74,9.57,77.16,83.34,6.18,1,34.98
ORD003189,CUST0556,WH003,DRV0071,VEH0148,2026-03-12,Trichy,Confirmed,Delivered,763.41,19.97,100.62,110.78,10.16,1,38.23
ORD003190,CUST0223,WH007,DRV0151,VEH0029,2026-04-07,Madurai,Processing,Delivered,140.65,6.3,82.61,72.26,0.0,0,22.33
ORD003191,CUST0210,WH004,DRV0095,VEH0163,2026-08-03,Coimbatore,Dispatched,In Transit,100.0,6.33,33.21,30.98,0.0,0,15.8
ORD003192,CUST0344,WH006,DRV0135,VEH0160,2026-02-02,Chennai,Processing,Delivered,481.93,11.42,49.56,50.29,0.73,1,42.2
ORD003193,CUST0726,WH008,DRV0126,VEH0017,2026-07-11,Madurai,Dispatched,Delivered,202.69,3.52,33.63,38.7,5.07,1,57.58
ORD003194,CUST0805,WH001,DRV0022,VEH0116,2026-03-08,Madurai,Dispatched,Delivered,101.44,31.36,172.34,194.79,22.45,1,3.23
ORD003195,CUST0751,WH006,DRV0103,VEH0051,2026-03-04,Tirunelveli,Confirmed,Delivered,612.17,14.6,87.5,79.99,0.0,0,41.93
ORD003196,CUST0428,WH001,DRV0040,VEH0136,2026-01-28,Trichy,Dispatched,Delivered,122.25,16.72,129.38,114.13,0.0,0,7.31
ORD003197,CUST0065,WH008,DRV0147,VEH0149,2026-02-26,Vellore,Processing,Delivered,100.0,22.74,103.04,119.9,16.86,1,4.4
ORD003198,CUST0254,WH004,DRV0053,VEH0151,2026-08-14,Tirunelveli,Dispatched,Delivered,268.02,42.4,287.25,255.76,0.0,0,6.32
ORD003199,CUST0882,WH005,DRV0030,VEH0115,2026-02-24,Trichy,Processing,In Transit,100.0,10.68,89.03,92.34,3.31,1,9.36
ORD003200,CUST0518,WH010,DRV0154,VEH0179,2026-06-14,Vellore,Dispatched,Delivered,352.32,3.68,27.86,30.48,2.62,1,95.74
ORD003201,CUST0294,WH002,DRV0123,VEH0091,2026-03-24,Tirunelveli,Dispatched,Delivered,100.0,13.78,56.61,64.28,7.67,1,7.26
ORD003202,CUST0221,WH003,DRV0169,VEH0006,2026-03-27,Coimbatore,Dispatched,In Transit,213.46,6.58,62.96,58.21,0.0,0,32.44
ORD003203,CUST0427,WH007,DRV0120,VEH0180,2026-05-27,Vellore,Processing,Delivered,222.7,4.95,54.63,55.14,0.51,1,44.99
ORD003204,CUST0313,WH007,DRV0150,VEH0136,2026-08-15,Coimbatore,Processing,Delivered,215.34,8.09,65.4,59.47,0.0,0,26.62
ORD003205,CUST0715,WH008,DRV0061,VEH0099,2026-02-14,Vellore,Dispatched,Delivered,100.0,10.55,67.2,73.22,6.02,1,9.48
ORD003206,CUST0464,WH003,DRV0073,VEH0069,2026-02-10,Madurai,Dispatched,Delivered,159.74,22.99,96.63,91.72,0.0,0,6.95
ORD003207,CUST0582,WH002,DRV0046,VEH0033,2026-07-10,Erode,Dispatched,In Transit,442.67,31.87,198.8,224.52,25.72,1,13.89
ORD003208,CUST0577,WH002,DRV0058,VEH0190,2026-01-31,Salem,Confirmed,Delivered,158.97,5.42,53.31,60.79,7.48,1,29.33
ORD003209,CUST0252,WH006,DRV0029,VEH0193,2026-04-16,Vellore,Confirmed,Delivered,100.0,8.49,55.5,62.36,6.86,1,11.78
ORD003210,CUST0695,WH002,DRV0053,VEH0191,2026-05-11,Madurai,Dispatched,Delivered,135.73,16.24,74.66,68.33,0.0,0,8.36
ORD003211,CUST0112,WH004,DRV0146,VEH0160,2026-08-02,Erode,Confirmed,Delivered,100.0,17.69,117.86,112.6,0.0,0,5.65
ORD003212,CUST0764,WH009,DRV0159,VEH0055,2026-01-15,Chennai,Processing,Delivered,100.0,5.86,45.26,50.3,5.04,1,17.06
ORD003213,CUST0291,WH010,DRV0032,VEH0033,2026-03-02,Salem,Confirmed,Delivered,161.63,19.99,101.93,105.58,3.65,1,8.09
ORD003214,CUST0280,WH003,DRV0009,VEH0166,2026-04-10,Coimbatore,Dispatched,In Transit,193.45,6.88,84.11,77.94,0.0,0,28.12
ORD003215,CUST0294,WH001,DRV0037,VEH0002,2026-06-02,Salem,Dispatched,Delayed,285.51,5.7,30.42,32.51,2.09,1,50.09
ORD003216,CUST0515,WH002,DRV0008,VEH0138,2026-01-22,Salem,Dispatched,Delivered,245.62,15.81,110.0,97.66,0.0,0,15.54
ORD003217,CUST0179,WH010,DRV0152,VEH0066,2026-03-21,Coimbatore,Processing,Delivered,270.3,23.38,185.12,164.64,0.0,0,11.56
ORD003218,CUST0189,WH010,DRV0068,VEH0015,2026-07-18,Chennai,Dispatched,Delayed,176.5,13.78,104.08,102.45,0.0,1,12.81
ORD003219,CUST0168,WH007,DRV0052,VEH0116,2026-03-28,Erode,Dispatched,Delivered,722.61,12.33,83.49,80.31,0.0,0,58.61
ORD003220,CUST0054,WH009,DRV0046,VEH0061,2026-07-24,Vellore,Confirmed,Delivered,104.9,10.69,53.26,50.92,0.0,0,9.81
ORD003221,CUST0578,WH009,DRV0017,VEH0159,2026-01-17,Erode,Dispatched,Delivered,147.51,11.88,38.3,41.29,2.99,1,12.42
ORD003222,CUST0627,WH004,DRV0021,VEH0166,2026-03-07,Chennai,Processing,In Transit,532.78,9.73,43.31,45.13,1.82,1,54.76
ORD003223,CUST0316,WH008,DRV0048,VEH0157,2026-07-11,Tirunelveli,Processing,In Transit,140.69,16.1,125.43,140.81,15.38,1,8.74
ORD003224,CUST0271,WH001,DRV0009,VEH0121,2026-06-05,Erode,Processing,Delivered,168.74,11.89,128.74,114.19,0.0,0,14.19
ORD003225,CUST0726,WH006,DRV0197,VEH0171,2026-06-28,Trichy,Confirmed,Delivered,235.74,40.81,210.18,196.95,0.0,0,5.78
ORD003226,CUST0430,WH008,DRV0005,VEH0122,2026-06-26,Vellore,Dispatched,Delivered,387.16,14.15,70.21,81.27,11.06,1,27.36
ORD003227,CUST0622,WH002,DRV0006,VEH0023,2026-03-18,Tirunelveli,Processing,Delivered,198.8,9.74,48.61,47.9,0.0,0,20.41
ORD003228,CUST0183,WH008,DRV0200,VEH0025,2026-03-03,Trichy,Processing,Delivered,102.06,5.47,42.6,44.7,2.1,1,18.66
ORD003229,CUST0260,WH004,DRV0176,VEH0156,2026-04-10,Chennai,Confirmed,Delivered,138.86,5.97,51.77,47.3,0.0,0,23.26
ORD003230,CUST0024,WH002,DRV0046,VEH0099,2026-02-02,Vellore,Dispatched,Delivered,257.5,14.53,97.05,101.82,4.77,1,17.72
ORD003231,CUST0851,WH004,DRV0097,VEH0094,2026-08-19,Erode,Dispatched,In Transit,149.63,7.8,78.37,75.12,0.0,0,19.18
ORD003232,CUST0094,WH008,DRV0112,VEH0200,2026-01-25,Chennai,Dispatched,Delivered,133.79,12.74,73.85,82.08,8.23,1,10.5
ORD003233,CUST0256,WH004,DRV0101,VEH0112,2026-05-01,Trichy,Dispatched,Delivered,100.0,24.23,176.18,173.13,0.0,0,4.13
ORD003234,CUST0214,WH008,DRV0191,VEH0083,2026-08-22,Erode,Processing,Delivered,393.77,4.72,59.16,63.06,3.9,1,83.43
ORD003235,CUST0871,WH007,DRV0131,VEH0129,2026-01-09,Tirunelveli,Confirmed,Delivered,167.5,10.18,61.82,68.73,6.91,1,16.45
ORD003236,CUST0496,WH005,DRV0159,VEH0109,2026-03-25,Trichy,Dispatched,Delivered,168.19,1.96,31.3,30.22,0.0,0,85.81
ORD003237,CUST0040,WH008,DRV0123,VEH0108,2026-02-19,Tirunelveli,Confirmed,Delayed,282.01,3.79,31.08,29.84,0.0,1,74.41
ORD003238,CUST0795,WH002,DRV0103,VEH0020,2026-04-10,Chennai,Confirmed,In Transit,100.0,13.06,89.85,78.47,0.0,0,7.66
ORD003239,CUST0463,WH003,DRV0135,VEH0029,2026-05-05,Coimbatore,Dispatched,Delivered,186.29,4.09,43.19,41.1,0.0,0,45.55
ORD003240,CUST0436,WH004,DRV0016,VEH0136,2026-08-17,Chennai,Processing,Delivered,482.25,4.64,30.82,30.68,0.0,0,103.93
ORD003241,CUST0549,WH010,DRV0092,VEH0062,2026-03-16,Tirunelveli,Processing,Delayed,173.9,29.67,179.96,160.14,0.0,1,5.86
ORD003242,CUST0769,WH005,DRV0122,VEH0142,2026-02-16,Coimbatore,Dispatched,Delivered,209.07,7.27,86.0,78.29,0.0,0,28.76
ORD003243,CUST0716,WH005,DRV0143,VEH0166,2026-06-16,Coimbatore,Processing,Delivered,206.06,5.69,35.67,35.16,0.0,0,36.21
ORD003244,CUST0905,WH001,DRV0007,VEH0131,2026-04-05,Coimbatore,Dispatched,Delivered,361.36,24.12,157.69,157.15,0.0,0,14.98
ORD003245,CUST0211,WH001,DRV0099,VEH0003,2026-06-05,Vellore,Dispatched,Delayed,206.6,5.65,68.54,60.52,0.0,1,36.57
ORD003246,CUST0914,WH001,DRV0112,VEH0055,2026-06-08,Trichy,Dispatched,Delivered,901.97,14.0,105.92,102.32,0.0,0,64.43
ORD003247,CUST0123,WH005,DRV0166,VEH0149,2026-03-22,Madurai,Dispatched,Delivered,210.68,14.26,115.47,108.51,0.0,0,14.77
ORD003248,CUST0807,WH002,DRV0136,VEH0163,2026-07-23,Chennai,Processing,Delayed,136.56,19.18,83.64,95.48,11.84,1,7.12
ORD003249,CUST0459,WH003,DRV0184,VEH0044,2026-07-01,Salem,Processing,Delivered,484.33,5.03,33.34,31.29,0.0,0,96.29
ORD003250,CUST0971,WH008,DRV0098,VEH0172,2026-01-31,Erode,Processing,Delivered,158.07,6.28,20.58,22.14,1.56,1,25.17
ORD003251,CUST0286,WH010,DRV0129,VEH0113,2026-07-02,Salem,Processing,Delivered,122.76,7.33,37.38,42.25,4.87,1,16.75
ORD003252,CUST0276,WH008,DRV0147,VEH0171,2026-08-21,Chennai,Dispatched,In Transit,100.0,6.49,67.21,60.83,0.0,0,15.41
ORD003253,CUST0244,WH010,DRV0019,VEH0169,2026-05-24,Coimbatore,Dispatched,Delivered,247.45,18.38,84.86,80.26,0.0,0,13.46
ORD003254,CUST0762,WH002,DRV0087,VEH0155,2026-07-05,Trichy,Cancelled,Cancelled,134.65,14.27,,,,0,9.44
ORD003255,CUST0143,WH008,DRV0004,VEH0092,2026-07-09,Tirunelveli,Confirmed,Delivered,109.37,15.7,106.83,109.07,2.24,1,6.97
ORD003256,CUST0761,WH009,DRV0192,VEH0156,2026-03-31,Trichy,Confirmed,Delivered,125.49,3.65,21.49,23.64,2.15,1,34.38
ORD003257,CUST0320,WH010,DRV0130,VEH0005,2026-03-10,Coimbatore,Cancelled,Cancelled,143.14,12.84,,,,0,11.15
ORD003258,CUST0375,WH010,DRV0023,VEH0171,2026-04-27,Erode,Confirmed,Delivered,311.46,26.55,144.35,151.18,6.83,1,11.73
ORD003259,CUST0921,WH006,DRV0184,VEH0191,2026-07-26,Chennai,Dispatched,Delivered,248.22,37.62,159.31,178.09,18.78,1,6.6
ORD003260,CUST0433,WH001,DRV0107,VEH0039,2026-08-19,Vellore,Dispatched,Delivered,165.02,8.19,48.42,49.58,1.16,1,20.15
ORD003261,CUST0579,WH003,DRV0082,VEH0010,2026-01-06,Salem,Dispatched,Delivered,261.01,19.43,97.61,88.72,0.0,0,13.43
ORD003262,CUST0122,WH005,DRV0179,VEH0063,2026-08-14,Trichy,Processing,Delivered,169.17,6.4,26.72,30.21,3.49,1,26.43
ORD003263,CUST0235,WH003,DRV0081,VEH0009,2026-03-02,Vellore,Processing,Delivered,207.32,3.75,27.53,31.37,3.84,1,55.29
ORD003264,CUST0794,WH003,DRV0159,VEH0084,2026-08-31,Vellore,Dispatched,Delivered,117.51,3.92,41.15,36.72,0.0,0,29.98
ORD003265,CUST0429,WH009,DRV0058,VEH0111,2026-07-19,Coimbatore,Dispatched,In Transit,118.21,24.35,149.98,139.71,0.0,0,4.85
ORD003266,CUST0732,WH005,DRV0164,VEH0029,2026-08-01,Trichy,Dispatched,Delivered,200.01,8.6,50.63,58.47,7.84,1,23.26
ORD003267,CUST0126,WH008,DRV0012,VEH0156,2026-03-29,Coimbatore,Cancelled,Cancelled,200.3,7.5,,,,0,26.71
ORD003268,CUST0774,WH007,DRV0121,VEH0139,2026-02-25,Trichy,Dispatched,Delivered,349.77,17.98,149.98,142.1,0.0,0,19.45
ORD003269,CUST0750,WH004,DRV0163,VEH0099,2026-07-27,Salem,Dispatched,Delivered,250.78,4.52,31.26,32.52,1.26,1,55.48
ORD003270,CUST0544,WH003,DRV0004,VEH0015,2026-02-20,Trichy,Confirmed,Delivered,131.66,15.25,94.16,88.23,0.0,0,8.63
ORD003271,CUST0203,WH003,DRV0028,VEH0152,2026-02-18,Chennai,Dispatched,Delivered,100.0,9.72,63.54,65.41,1.87,1,10.29
ORD003272,CUST0973,WH002,DRV0033,VEH0035,2026-07-13,Vellore,Processing,Delivered,321.72,35.42,229.52,201.27,0.0,0,9.08
ORD003273,CUST0273,WH005,DRV0074,VEH0061,2026-07-07,Madurai,Processing,In Transit,224.88,8.44,53.36,50.42,0.0,0,26.64
ORD003274,CUST0174,WH002,DRV0159,VEH0020,2026-07-27,Coimbatore,Dispatched,Delayed,340.36,10.23,47.26,54.7,7.44,1,33.27
ORD003275,CUST0821,WH002,DRV0005,VEH0058,2026-07-15,Vellore,Cancelled,Cancelled,244.25,3.88,,,,0,62.95
ORD003276,CUST0238,WH004,DRV0010,VEH0191,2026-01-15,Madurai,Confirmed,Delivered,585.94,38.82,155.22,152.31,0.0,0,15.09
ORD003277,CUST0868,WH006,DRV0153,VEH0100,2026-06-09,Salem,Confirmed,Delayed,157.49,8.84,44.82,50.22,5.4,1,17.82
ORD003278,CUST0990,WH006,DRV0169,VEH0188,2026-03-24,Erode,Confirmed,Delivered,186.22,30.53,134.45,158.04,23.59,1,6.1
ORD003279,CUST0900,WH008,DRV0017,VEH0167,2026-01-30,Salem,Confirmed,Delivered,303.02,3.11,27.58,31.56,3.98,1,97.43
ORD003280,CUST0462,WH006,DRV0189,VEH0148,2026-07-03,Vellore,Confirmed,In Transit,317.65,13.48,69.42,68.92,0.0,0,23.56
ORD003281,CUST0110,WH006,DRV0060,VEH0086,2026-08-17,Erode,Processing,Delivered,224.22,36.29,203.81,196.03,0.0,0,6.18
ORD003282,CUST0412,WH004,DRV0033,VEH0088,2026-04-12,Vellore,Processing,Delivered,100.0,7.29,58.83,67.02,8.19,1,13.72
ORD003283,CUST0071,WH005,DRV0137,VEH0186,2026-03-17,Madurai,Dispatched,Delivered,100.0,12.9,50.55,48.16,0.0,0,7.75
ORD003284,CUST0656,WH007,DRV0178,VEH0192,2026-08-16,Salem,Processing,Delivered,141.05,24.87,155.56,150.28,0.0,0,5.67
ORD003285,CUST0718,WH010,DRV0159,VEH0142,2026-08-25,Erode,Confirmed,Delivered,183.86,8.92,65.13,57.54,0.0,0,20.61
ORD003286,CUST0357,WH009,DRV0133,VEH0164,2026-07-24,Salem,Dispatched,Delivered,100.0,3.79,55.0,49.9,0.0,0,26.39
ORD003287,CUST0423,WH004,DRV0174,VEH0141,2026-07-13,Tirunelveli,Cancelled,Cancelled,177.79,8.05,,,,0,22.09
ORD003288,CUST0241,WH010,DRV0111,VEH0001,2026-02-05,Coimbatore,Dispatched,Delivered,276.79,13.6,99.52,87.31,0.0,0,20.35
ORD003289,CUST0603,WH001,DRV0132,VEH0114,2026-03-17,Coimbatore,Processing,Delivered,174.43,13.5,72.18,73.48,1.3,1,12.92
ORD003290,CUST0670,WH006,DRV0031,VEH0091,2026-04-30,Coimbatore,Dispatched,Delivered,219.61,17.36,103.4,103.78,0.38,1,12.65
ORD003291,CUST0719,WH002,DRV0004,VEH0013,2026-06-01,Chennai,Dispatched,Delivered,265.62,6.2,50.46,54.0,3.54,1,42.84
ORD003292,CUST0569,WH007,DRV0123,VEH0163,2026-01-08,Tirunelveli,Dispatched,Delivered,100.0,34.54,162.17,161.76,0.0,0,2.9
ORD003293,CUST0568,WH006,DRV0018,VEH0136,2026-05-10,Chennai,Dispatched,Delivered,277.04,6.35,54.78,61.19,6.41,1,43.63
ORD003294,CUST0679,WH009,DRV0082,VEH0018,2026-08-25,Erode,Dispatched,In Transit,112.53,11.88,74.36,70.72,0.0,0,9.47
ORD003295,CUST0127,WH006,DRV0034,VEH0162,2026-07-07,Erode,Dispatched,Delayed,155.28,13.92,108.27,126.27,18.0,1,11.16
ORD003296,CUST0426,WH006,DRV0048,VEH0052,2026-03-05,Chennai,Dispatched,In Transit,117.95,13.07,76.9,83.52,6.62,1,9.02
ORD003297,CUST0530,WH004,DRV0063,VEH0070,2026-07-28,Erode,Processing,In Transit,364.32,5.06,26.92,29.5,2.58,1,72.0
ORD003298,CUST0075,WH009,DRV0014,VEH0058,2026-02-26,Tirunelveli,Dispatched,Delivered,100.0,25.24,135.95,120.16,0.0,0,3.96
ORD003299,CUST0278,WH003,DRV0090,VEH0027,2026-04-01,Chennai,Dispatched,In Transit,444.91,7.79,50.73,56.78,6.05,1,57.11
ORD003300,CUST0494,WH001,DRV0087,VEH0146,2026-06-01,Madurai,Confirmed,Delivered,858.07,14.73,95.01,85.04,0.0,0,58.25
ORD003301,CUST0388,WH010,DRV0033,VEH0057,2026-06-01,Erode,Dispatched,Delivered,100.0,12.82,59.41,66.96,7.55,1,7.8
ORD003302,CUST0771,WH008,DRV0081,VEH0124,2026-06-20,Tirunelveli,Confirmed,Delivered,123.85,12.79,69.4,66.4,0.0,0,9.68
ORD003303,CUST0957,WH008,DRV0170,VEH0114,2026-05-15,Tirunelveli,Dispatched,Delivered,269.91,3.56,30.87,32.63,1.76,1,75.82
ORD003304,CUST0536,WH001,DRV0128,VEH0009,2026-06-03,Vellore,Dispatched,Delivered,100.0,7.34,64.8,68.59,3.79,1,13.62
ORD003305,CUST0462,WH009,DRV0160,VEH0192,2026-01-01,Coimbatore,Processing,Delayed,151.91,14.63,123.7,107.61,0.0,1,10.38
ORD003306,CUST0308,WH002,DRV0112,VEH0079,2026-05-22,Salem,Dispatched,Delivered,203.23,3.7,51.78,56.42,4.64,1,54.93
ORD003307,CUST0579,WH006,DRV0099,VEH0151,2026-07-14,Trichy,Confirmed,Delivered,114.05,9.7,54.27,59.59,5.32,1,11.76
ORD003308,CUST0123,WH009,DRV0115,VEH0059,2026-07-09,Chennai,Processing,Delivered,191.19,12.09,90.91,88.54,0.0,0,15.81
ORD003309,CUST0287,WH006,DRV0171,VEH0195,2026-05-06,Salem,Confirmed,Delivered,335.85,16.82,105.37,98.27,0.0,0,19.97
ORD003310,CUST0053,WH007,DRV0185,VEH0022,2026-02-17,Erode,Processing,Delivered,172.28,11.92,54.3,47.43,0.0,0,14.45
ORD003311,CUST0445,WH009,DRV0143,VEH0178,2026-05-20,Coimbatore,Processing,Delivered,100.0,9.91,75.61,71.3,0.0,0,10.09
ORD003312,CUST0121,WH005,DRV0050,VEH0151,2026-05-18,Madurai,Dispatched,Delivered,386.52,13.22,108.68,106.7,0.0,0,29.24
ORD003313,CUST0698,WH001,DRV0116,VEH0084,2026-05-21,Vellore,Dispatched,Delivered,447.14,9.51,71.54,73.55,2.01,1,47.02
ORD003314,CUST0419,WH009,DRV0071,VEH0180,2026-02-11,Tirunelveli,Confirmed,In Transit,230.34,6.05,57.02,55.44,0.0,0,38.07
ORD003315,CUST0799,WH010,DRV0063,VEH0007,2026-05-19,Salem,Dispatched,Delivered,100.0,7.99,63.39,61.53,0.0,0,12.52
ORD003316,CUST0953,WH007,DRV0070,VEH0117,2026-07-12,Trichy,Confirmed,Delivered,102.46,14.52,96.19,105.09,8.9,1,7.06
ORD003317,CUST0756,WH008,DRV0137,VEH0145,2026-07-26,Erode,Confirmed,Delivered,100.0,9.97,50.68,48.2,0.0,0,10.03
ORD003318,CUST0076,WH002,DRV0141,VEH0131,2026-01-08,Salem,Confirmed,Delivered,123.36,45.77,270.66,296.99,26.33,1,2.7
ORD003319,CUST0906,WH005,DRV0104,VEH0135,2026-08-16,Tirunelveli,Dispatched,Delivered,362.36,4.9,43.04,43.17,0.13,1,73.95
ORD003320,CUST0084,WH008,DRV0146,VEH0169,2026-06-05,Coimbatore,Dispatched,Delivered,116.21,14.22,87.92,94.74,6.82,1,8.17
ORD003321,CUST0914,WH007,DRV0163,VEH0151,2026-05-08,Salem,Confirmed,Delivered,100.0,15.7,64.16,67.98,3.82,1,6.37
ORD003322,CUST0876,WH007,DRV0001,VEH0037,2026-01-31,Tirunelveli,Confirmed,In Transit,352.44,11.73,50.95,49.27,0.0,0,30.05
ORD003323,CUST0824,WH004,DRV0125,VEH0068,2026-06-06,Madurai,Processing,Delivered,383.11,9.1,84.77,97.51,12.74,1,42.1
ORD003324,CUST0804,WH002,DRV0114,VEH0198,2026-08-30,Vellore,Dispatched,Delivered,127.93,11.1,52.86,61.92,9.06,1,11.53
ORD003325,CUST0307,WH010,DRV0036,VEH0106,2026-03-20,Erode,Dispatched,Delivered,252.43,11.15,35.32,39.72,4.4,1,22.64
ORD003326,CUST0445,WH003,DRV0195,VEH0192,2026-08-29,Coimbatore,Processing,Delayed,103.13,28.36,132.05,146.62,14.57,1,3.64
ORD003327,CUST0659,WH009,DRV0046,VEH0018,2026-06-18,Chennai,Dispatched,In Transit,145.08,2.92,22.54,24.79,2.25,1,49.68
ORD003328,CUST0337,WH004,DRV0165,VEH0163,2026-08-15,Vellore,Processing,Delivered,100.0,5.95,50.18,46.37,0.0,0,16.81
ORD003329,CUST0872,WH001,DRV0200,VEH0023,2026-02-11,Erode,Dispatched,Delivered,229.08,13.28,80.65,81.96,1.31,1,17.25
ORD003330,CUST0381,WH010,DRV0122,VEH0095,2026-06-06,Coimbatore,Dispatched,Delivered,169.54,21.36,129.65,130.83,1.18,1,7.94
ORD003331,CUST0907,WH004,DRV0082,VEH0135,2026-04-22,Salem,Cancelled,Cancelled,117.13,6.21,,,,0,18.86
ORD003332,CUST0517,WH008,DRV0157,VEH0189,2026-01-18,Tirunelveli,Dispatched,Delayed,170.75,5.14,49.4,46.22,0.0,1,33.22
ORD003333,CUST0101,WH008,DRV0044,VEH0076,2026-01-25,Trichy,Dispatched,Delivered,157.62,10.23,39.66,46.6,6.94,1,15.41
ORD003334,CUST0941,WH010,DRV0093,VEH0177,2026-03-15,Coimbatore,Processing,In Transit,105.88,5.98,45.91,41.47,0.0,0,17.71
ORD003335,CUST0100,WH010,DRV0068,VEH0185,2026-04-13,Coimbatore,Processing,Delivered,234.88,10.28,52.71,45.97,0.0,0,22.85
ORD003336,CUST0173,WH002,DRV0076,VEH0196,2026-02-08,Erode,Dispatched,Delivered,149.36,6.06,40.62,45.82,5.2,1,24.65
ORD003337,CUST0432,WH010,DRV0077,VEH0140,2026-08-05,Coimbatore,Confirmed,Delivered,166.12,16.99,77.49,74.13,0.0,0,9.78
ORD003338,CUST0108,WH004,DRV0142,VEH0015,2026-08-07,Coimbatore,Confirmed,Delivered,100.0,6.18,37.92,44.57,6.65,1,16.18
ORD003339,CUST0782,WH007,DRV0078,VEH0130,2026-06-08,Salem,Dispatched,Delayed,167.06,3.3,48.53,56.12,7.59,1,50.62
ORD003340,CUST0885,WH008,DRV0179,VEH0122,2026-01-14,Vellore,Dispatched,Delivered,161.33,17.03,96.43,103.08,6.65,1,9.47
ORD003341,CUST0028,WH001,DRV0086,VEH0175,2026-05-24,Chennai,Dispatched,Delivered,105.99,11.25,83.58,75.71,0.0,0,9.42
ORD003342,CUST0757,WH008,DRV0009,VEH0056,2026-04-23,Trichy,Dispatched,Delayed,256.08,8.44,50.67,48.45,0.0,1,30.34
ORD003343,CUST0265,WH001,DRV0114,VEH0097,2026-06-16,Vellore,Dispatched,Delayed,100.0,8.61,43.83,44.55,0.72,1,11.61
ORD003344,CUST0315,WH006,DRV0081,VEH0014,2026-07-30,Coimbatore,Confirmed,Delivered,132.5,12.11,79.34,80.83,1.49,1,10.94
ORD003345,CUST0038,WH005,DRV0088,VEH0155,2026-06-11,Tirunelveli,Dispatched,Delivered,221.73,5.15,36.77,37.15,0.38,1,43.05
ORD003346,CUST0605,WH010,DRV0069,VEH0132,2026-06-25,Trichy,Dispatched,Delivered,709.12,4.09,50.16,53.17,3.01,1,173.38
ORD003347,CUST0153,WH007,DRV0162,VEH0166,2026-01-09,Salem,Confirmed,Delivered,100.0,6.17,49.45,44.42,0.0,0,16.21
ORD003348,CUST0328,WH006,DRV0106,VEH0104,2026-04-15,Chennai,Confirmed,Delayed,192.02,9.12,55.69,54.58,0.0,1,21.05
ORD003349,CUST0048,WH010,DRV0065,VEH0130,2026-03-18,Vellore,Confirmed,Delayed,258.82,5.83,36.6,36.78,0.18,1,44.39
ORD003350,CUST0915,WH001,DRV0027,VEH0004,2026-03-19,Coimbatore,Dispatched,Delivered,188.89,28.26,133.88,135.3,1.42,1,6.68
ORD003351,CUST0642,WH006,DRV0168,VEH0152,2026-03-25,Chennai,Dispatched,Delivered,100.0,6.17,57.32,50.69,0.0,0,16.21
ORD003352,CUST0006,WH003,DRV0136,VEH0137,2026-08-13,Coimbatore,Dispatched,Delivered,132.37,11.54,44.21,41.43,0.0,0,11.47
ORD003353,CUST0414,WH006,DRV0006,VEH0147,2026-02-07,Coimbatore,Dispatched,Delayed,100.0,15.1,53.84,60.26,6.42,1,6.62
ORD003354,CUST0061,WH007,DRV0053,VEH0190,2026-06-29,Tirunelveli,Confirmed,Delivered,181.73,23.07,128.02,130.49,2.47,1,7.88
ORD003355,CUST0770,WH006,DRV0133,VEH0200,2026-07-14,Madurai,Dispatched,Delivered,100.0,31.01,132.39,141.37,8.98,1,3.22
ORD003356,CUST0435,WH009,DRV0182,VEH0169,2026-05-13,Erode,Dispatched,Delivered,243.76,38.46,265.15,231.36,0.0,0,6.34
ORD003357,CUST0339,WH009,DRV0117,VEH0128,2026-08-24,Tirunelveli,Processing,Delivered,118.54,22.37,109.25,112.09,2.84,1,5.3
ORD003358,CUST0269,WH008,DRV0146,VEH0092,2026-02-02,Erode,Dispatched,Delivered,111.51,20.26,74.54,85.64,11.1,1,5.5
ORD003359,CUST0817,WH005,DRV0199,VEH0077,2026-05-12,Trichy,Processing,Delivered,202.0,5.39,44.42,45.64,1.22,1,37.48
ORD003360,CUST0757,WH010,DRV0164,VEH0200,2026-04-15,Vellore,Dispatched,Delayed,214.68,15.67,82.52,87.19,4.67,1,13.7
ORD003361,CUST0008,WH003,DRV0097,VEH0078,2026-04-24,Chennai,Dispatched,Delayed,319.37,9.46,51.31,49.82,0.0,1,33.76
ORD003362,CUST0777,WH004,DRV0128,VEH0178,2026-07-16,Trichy,Dispatched,In Transit,152.95,9.52,72.33,78.81,6.48,1,16.07
ORD003363,CUST0663,WH010,DRV0054,VEH0114,2026-05-30,Trichy,Dispatched,Delivered,169.23,8.48,72.61,84.35,11.74,1,19.96
ORD003364,CUST0485,WH008,DRV0162,VEH0074,2026-03-09,Trichy,Confirmed,Delivered,100.0,5.31,34.33,39.07,4.74,1,18.83
ORD003365,CUST0712,WH009,DRV0032,VEH0125,2026-08-30,Chennai,Dispatched,Delivered,464.73,7.58,51.23,54.8,3.57,1,61.31
ORD003366,CUST0329,WH008,DRV0051,VEH0193,2026-01-17,Coimbatore,Processing,Delivered,100.0,5.94,55.14,57.77,2.63,1,16.84
ORD003367,CUST0400,WH010,DRV0131,VEH0076,2026-05-23,Coimbatore,Dispatched,Delayed,290.37,2.92,40.47,36.78,0.0,1,99.44
ORD003368,CUST0400,WH003,DRV0065,VEH0084,2026-08-05,Vellore,Dispatched,Delivered,291.76,25.27,111.7,119.98,8.28,1,11.55
ORD003369,CUST0780,WH007,DRV0085,VEH0076,2026-06-17,Coimbatore,Dispatched,Delivered,235.08,11.39,48.99,57.0,8.01,1,20.64
ORD003370,CUST0729,WH008,DRV0013,VEH0140,2026-06-20,Coimbatore,Confirmed,Delayed,155.35,11.69,90.94,83.88,0.0,1,13.29
ORD003371,CUST0889,WH003,DRV0008,VEH0167,2026-07-01,Coimbatore,Dispatched,Delayed,143.2,10.71,92.39,83.18,0.0,1,13.37
ORD003372,CUST0395,WH001,DRV0172,VEH0157,2026-04-13,Vellore,Dispatched,Delivered,173.88,21.29,76.13,76.31,0.18,1,8.17
ORD003373,CUST0338,WH007,DRV0158,VEH0186,2026-04-06,Vellore,Dispatched,Delivered,100.0,12.4,56.3,60.18,3.88,1,8.06
ORD003374,CUST0909,WH003,DRV0008,VEH0067,2026-03-19,Tirunelveli,Confirmed,Delivered,178.22,25.78,174.49,161.32,0.0,0,6.91
ORD003375,CUST0419,WH001,DRV0058,VEH0071,2026-03-25,Coimbatore,Confirmed,Delivered,476.15,16.67,106.92,125.4,18.48,1,28.56
ORD003376,CUST0210,WH007,DRV0124,VEH0077,2026-08-17,Erode,Confirmed,Delivered,156.52,6.71,32.86,29.15,0.0,0,23.33
ORD003377,CUST0363,WH007,DRV0091,VEH0075,2026-02-21,Salem,Dispatched,Delivered,177.46,23.4,162.92,146.82,0.0,0,7.58
ORD003378,CUST0990,WH004,DRV0103,VEH0153,2026-07-14,Vellore,Dispatched,Delayed,100.0,13.86,80.86,79.79,0.0,1,7.22
ORD003379,CUST0171,WH002,DRV0087,VEH0116,2026-06-22,Salem,Dispatched,Delivered,204.53,10.55,66.11,70.84,4.73,1,19.39
ORD003380,CUST0101,WH010,DRV0136,VEH0084,2026-02-17,Tirunelveli,Processing,Delivered,109.32,19.77,102.76,119.51,16.75,1,5.53
ORD003381,CUST0414,WH005,DRV0061,VEH0049,2026-06-29,Tirunelveli,Processing,Delivered,314.95,11.47,68.89,59.91,0.0,0,27.46
ORD003382,CUST0572,WH009,DRV0181,VEH0063,2026-03-01,Coimbatore,Dispatched,Delivered,380.64,17.59,130.79,121.26,0.0,0,21.64
ORD003383,CUST0323,WH006,DRV0199,VEH0027,2026-08-23,Tirunelveli,Dispatched,In Transit,438.67,4.74,51.52,54.14,2.62,1,92.55
ORD003384,CUST0029,WH010,DRV0076,VEH0198,2026-03-17,Vellore,Dispatched,Delivered,100.0,11.64,77.39,90.43,13.04,1,8.59
ORD003385,CUST0665,WH009,DRV0114,VEH0198,2026-04-07,Tirunelveli,Dispatched,Delivered,289.97,7.03,60.68,58.25,0.0,0,41.25
ORD003386,CUST0578,WH001,DRV0164,VEH0105,2026-08-20,Chennai,Processing,Delivered,276.04,37.64,150.54,131.35,0.0,0,7.33
ORD003387,CUST0751,WH002,DRV0102,VEH0058,2026-02-17,Trichy,Dispatched,Delivered,138.41,24.69,136.5,128.52,0.0,0,5.61
ORD003388,CUST0005,WH006,DRV0107,VEH0122,2026-08-29,Trichy,Dispatched,Delivered,393.56,12.89,65.35,74.68,9.33,1,30.53
ORD003389,CUST0636,WH003,DRV0094,VEH0122,2026-04-21,Chennai,Dispatched,Delivered,237.32,23.3,135.55,139.64,4.09,1,10.19
ORD003390,CUST0607,WH002,DRV0074,VEH0009,2026-05-26,Salem,Processing,Delivered,442.54,7.12,40.78,46.2,5.42,1,62.15
ORD003391,CUST0517,WH006,DRV0190,VEH0129,2026-01-16,Trichy,Confirmed,Delivered,100.0,8.23,56.67,50.43,0.0,0,12.15
ORD003392,CUST0085,WH007,DRV0147,VEH0076,2026-03-30,Vellore,Confirmed,Delivered,113.96,2.54,37.8,39.83,2.03,1,44.87
ORD003393,CUST0240,WH004,DRV0018,VEH0193,2026-06-17,Salem,Dispatched,Delayed,192.66,17.03,69.76,65.2,0.0,1,11.31
ORD003394,CUST0049,WH010,DRV0172,VEH0092,2026-03-26,Madurai,Confirmed,Delayed,388.46,2.36,24.42,27.89,3.47,1,164.6
ORD003395,CUST0026,WH009,DRV0113,VEH0152,2026-06-04,Trichy,Processing,Delivered,243.62,7.67,51.58,58.05,6.47,1,31.76
ORD003396,CUST0839,WH003,DRV0148,VEH0019,2026-08-03,Madurai,Processing,Delivered,100.0,4.64,49.7,47.16,0.0,0,21.55
ORD003397,CUST0414,WH002,DRV0002,VEH0122,2026-05-16,Erode,Dispatched,Delivered,575.15,20.96,146.84,133.12,0.0,0,27.44
ORD003398,CUST0098,WH005,DRV0030,VEH0142,2026-05-24,Tirunelveli,Processing,Delivered,149.67,35.4,126.18,138.59,12.41,1,4.23
ORD003399,CUST0412,WH009,DRV0179,VEH0142,2026-03-20,Madurai,Dispatched,Delivered,100.0,18.76,107.32,110.02,2.7,1,5.33
ORD003400,CUST0894,WH001,DRV0172,VEH0080,2026-03-17,Madurai,Confirmed,Delayed,109.53,16.74,104.98,101.35,0.0,1,6.54
ORD003401,CUST0270,WH006,DRV0047,VEH0088,2026-03-03,Madurai,Confirmed,Delayed,100.0,12.98,63.26,58.1,0.0,1,7.7
ORD003402,CUST0274,WH008,DRV0043,VEH0160,2026-04-04,Coimbatore,Dispatched,Delivered,100.0,12.26,91.6,88.21,0.0,0,8.16
ORD003403,CUST0313,WH007,DRV0011,VEH0006,2026-08-08,Coimbatore,Processing,Delivered,168.04,6.27,42.39,48.24,5.85,1,26.8
ORD003404,CUST0236,WH006,DRV0170,VEH0113,2026-05-16,Tirunelveli,Processing,Delayed,100.0,3.61,47.22,46.62,0.0,1,27.7
ORD003405,CUST0209,WH003,DRV0019,VEH0094,2026-08-04,Chennai,Confirmed,In Transit,222.27,12.09,105.68,94.75,0.0,0,18.38
ORD003406,CUST0025,WH009,DRV0131,VEH0023,2026-05-11,Trichy,Dispatched,Delivered,343.7,13.98,107.98,97.24,0.0,0,24.59
ORD003407,CUST0838,WH005,DRV0004,VEH0019,2026-03-28,Chennai,Dispatched,Delivered,231.55,13.92,85.45,83.32,0.0,0,16.63
ORD003408,CUST0645,WH001,DRV0111,VEH0130,2026-01-15,Madurai,Confirmed,Delivered,186.53,15.23,75.07,65.35,0.0,0,12.25
ORD003409,CUST0181,WH009,DRV0166,VEH0169,2026-03-27,Erode,Confirmed,Delivered,100.0,17.84,79.07,89.69,10.62,1,5.61
ORD003410,CUST0597,WH010,DRV0200,VEH0181,2026-02-17,Chennai,Dispatched,Delivered,314.17,11.76,64.21,64.62,0.41,1,26.72
ORD003411,CUST0246,WH009,DRV0162,VEH0155,2026-03-10,Coimbatore,Dispatched,Delivered,642.44,5.85,56.38,52.08,0.0,0,109.82
ORD003412,CUST0551,WH001,DRV0051,VEH0108,2026-08-18,Salem,Processing,Delivered,452.77,14.9,68.55,76.82,8.27,1,30.39
ORD003413,CUST0763,WH007,DRV0159,VEH0136,2026-06-16,Tirunelveli,Dispatched,Delivered,100.0,17.14,156.65,137.19,0.0,0,5.83
ORD003414,CUST0441,WH009,DRV0104,VEH0105,2026-03-22,Salem,Dispatched,Delivered,172.31,9.22,49.54,51.81,2.27,1,18.69
ORD003415,CUST0626,WH002,DRV0083,VEH0043,2026-07-18,Tirunelveli,Dispatched,Delivered,150.84,17.18,96.2,100.73,4.53,1,8.78
ORD003416,CUST0468,WH010,DRV0037,VEH0033,2026-05-21,Salem,Dispatched,In Transit,139.95,12.18,59.54,65.14,5.6,1,11.49
ORD003417,CUST0779,WH006,DRV0172,VEH0171,2026-05-05,Vellore,Processing,In Transit,184.49,5.27,46.08,49.21,3.13,1,35.01
ORD003418,CUST0965,WH010,DRV0059,VEH0119,2026-01-01,Erode,Confirmed,Delivered,740.48,42.85,221.03,216.0,0.0,0,17.28
ORD003419,CUST0614,WH001,DRV0108,VEH0158,2026-05-17,Salem,Dispatched,Delivered,194.37,8.91,50.77,51.87,1.1,1,21.81
ORD003420,CUST0999,WH003,DRV0105,VEH0034,2026-03-08,Salem,Cancelled,Cancelled,135.8,5.55,,,,0,24.47
ORD003421,CUST0739,WH005,DRV0018,VEH0078,2026-07-25,Trichy,Processing,Delivered,220.0,6.98,38.52,35.25,0.0,0,31.52
ORD003422,CUST0766,WH007,DRV0025,VEH0100,2026-05-17,Vellore,Dispatched,Delivered,100.0,1.97,19.65,22.62,2.97,1,50.76
ORD003423,CUST0227,WH005,DRV0138,VEH0020,2026-04-19,Madurai,Dispatched,Delivered,113.81,9.41,74.82,67.99,0.0,0,12.09
ORD003424,CUST0761,WH008,DRV0197,VEH0062,2026-05-15,Coimbatore,Dispatched,Delivered,344.14,25.47,109.18,117.09,7.91,1,13.51
ORD003425,CUST0281,WH005,DRV0025,VEH0002,2026-05-17,Vellore,Dispatched,Delivered,204.88,12.85,95.4,95.52,0.12,1,15.94
ORD003426,CUST0670,WH006,DRV0084,VEH0088,2026-02-08,Erode,Dispatched,Delayed,710.61,6.52,53.25,55.22,1.97,1,108.99
ORD003427,CUST0514,WH002,DRV0051,VEH0118,2026-03-25,Salem,Processing,Delivered,215.72,10.94,80.26,78.6,0.0,0,19.72
ORD003428,CUST0212,WH005,DRV0181,VEH0068,2026-03-02,Trichy,Dispatched,Delivered,100.0,11.01,127.26,116.88,0.0,0,9.08
ORD003429,CUST0036,WH007,DRV0010,VEH0079,2026-08-20,Coimbatore,Dispatched,Delayed,100.0,9.07,96.27,83.95,0.0,1,11.03
ORD003430,CUST0549,WH001,DRV0177,VEH0083,2026-05-08,Salem,Processing,Delivered,347.61,20.15,82.67,87.78,5.11,1,17.25
ORD003431,CUST0770,WH010,DRV0125,VEH0147,2026-08-22,Tirunelveli,Confirmed,Delivered,100.0,14.08,106.14,104.45,0.0,0,7.1
ORD003432,CUST0240,WH009,DRV0166,VEH0112,2026-05-28,Tirunelveli,Dispatched,Delivered,100.0,5.74,52.78,53.32,0.54,1,17.42
ORD003433,CUST0364,WH009,DRV0092,VEH0035,2026-06-25,Madurai,Processing,Delivered,129.7,19.8,127.21,110.65,0.0,0,6.55
ORD003434,CUST0431,WH008,DRV0126,VEH0148,2026-07-24,Chennai,Dispatched,Delivered,346.39,24.0,111.1,101.68,0.0,0,14.43
ORD003435,CUST0091,WH009,DRV0113,VEH0103,2026-05-03,Tirunelveli,Confirmed,Delivered,142.73,14.37,56.93,58.74,1.81,1,9.93
ORD003436,CUST0608,WH005,DRV0114,VEH0041,2026-03-18,Tirunelveli,Confirmed,Delivered,104.89,9.71,43.54,43.84,0.3,1,10.8
ORD003437,CUST0187,WH007,DRV0046,VEH0122,2026-01-24,Tirunelveli,Dispatched,Delivered,398.69,7.84,60.64,65.64,5.0,1,50.85
ORD003438,CUST0260,WH001,DRV0070,VEH0157,2026-08-18,Erode,Processing,Delivered,356.83,29.06,111.65,103.71,0.0,0,12.28
ORD003439,CUST0731,WH007,DRV0011,VEH0143,2026-02-08,Tirunelveli,Dispatched,Delivered,535.71,13.66,93.34,84.58,0.0,0,39.22
ORD003440,CUST0350,WH009,DRV0083,VEH0032,2026-06-06,Madurai,Dispatched,Delivered,436.32,12.0,68.69,60.28,0.0,0,36.36
ORD003441,CUST0707,WH003,DRV0144,VEH0141,2026-06-04,Madurai,Confirmed,Delivered,360.79,4.89,37.11,36.39,0.0,0,73.78
ORD003442,CUST0046,WH009,DRV0160,VEH0135,2026-03-02,Salem,Confirmed,Delivered,111.24,6.14,35.68,33.94,0.0,0,18.12
ORD003443,CUST0877,WH005,DRV0130,VEH0122,2026-05-17,Tirunelveli,Processing,Delayed,278.21,3.99,28.57,29.04,0.47,1,69.73
ORD003444,CUST0987,WH009,DRV0058,VEH0054,2026-07-25,Chennai,Confirmed,Delivered,399.22,9.62,52.38,50.72,0.0,0,41.5
ORD003445,CUST0870,WH008,DRV0085,VEH0016,2026-02-13,Chennai,Dispatched,Delivered,605.63,7.72,50.81,53.23,2.42,1,78.45
ORD003446,CUST0932,WH007,DRV0166,VEH0010,2026-08-28,Vellore,Processing,Delivered,202.6,12.37,40.15,37.48,0.0,0,16.38
ORD003447,CUST0577,WH010,DRV0079,VEH0184,2026-03-21,Coimbatore,Confirmed,Delivered,131.66,22.12,140.81,164.34,23.53,1,5.95
ORD003448,CUST0227,WH006,DRV0185,VEH0194,2026-03-02,Vellore,Dispatched,Delivered,102.03,17.24,84.69,98.65,13.96,1,5.92
ORD003449,CUST0568,WH002,DRV0077,VEH0166,2026-02-28,Trichy,Confirmed,In Transit,342.62,19.41,129.81,121.91,0.0,0,17.65
ORD003450,CUST0716,WH007,DRV0071,VEH0053,2026-05-23,Tirunelveli,Confirmed,In Transit,117.52,21.78,119.3,105.65,0.0,0,5.4
ORD003451,CUST0547,WH002,DRV0116,VEH0082,2026-01-19,Coimbatore,Processing,Delivered,194.36,6.49,59.15,56.89,0.0,0,29.95
ORD003452,CUST0119,WH006,DRV0187,VEH0034,2026-06-02,Salem,Dispatched,Delivered,102.29,8.6,86.49,80.99,0.0,0,11.89
ORD003453,CUST0978,WH006,DRV0185,VEH0085,2026-07-13,Chennai,Dispatched,Delivered,163.48,7.81,85.35,77.79,0.0,0,20.93
ORD003454,CUST0238,WH009,DRV0067,VEH0085,2026-02-19,Madurai,Dispatched,Delivered,241.13,17.8,82.46,86.03,3.57,1,13.55
ORD003455,CUST0101,WH010,DRV0015,VEH0129,2026-07-05,Erode,Processing,Delivered,215.94,4.78,41.83,47.4,5.57,1,45.18
ORD003456,CUST0791,WH004,DRV0084,VEH0059,2026-02-22,Madurai,Processing,Delivered,292.85,26.22,192.34,170.22,0.0,0,11.17
ORD003457,CUST0737,WH009,DRV0186,VEH0099,2026-06-01,Trichy,Dispatched,Delayed,100.0,8.38,66.05,58.37,0.0,1,11.93
ORD003458,CUST0334,WH002,DRV0003,VEH0025,2026-03-18,Tirunelveli,Dispatched,Delivered,168.05,5.02,41.3,42.03,0.73,1,33.48
ORD003459,CUST0507,WH005,DRV0058,VEH0160,2026-04-07,Salem,Dispatched,Delivered,133.54,8.62,57.73,63.08,5.35,1,15.49
ORD003460,CUST0556,WH003,DRV0027,VEH0031,2026-02-07,Salem,Confirmed,Delivered,100.0,9.01,67.67,60.54,0.0,0,11.1
ORD003461,CUST0001,WH006,DRV0143,VEH0074,2026-06-30,Coimbatore,Confirmed,Delivered,111.37,9.89,34.64,32.6,0.0,0,11.26
ORD003462,CUST0731,WH002,DRV0188,VEH0125,2026-07-13,Erode,Dispatched,Delivered,101.38,10.19,59.35,69.62,10.27,1,9.95
ORD003463,CUST0728,WH010,DRV0003,VEH0003,2026-06-17,Vellore,Dispatched,In Transit,227.57,21.66,103.2,116.97,13.77,1,10.51
ORD003464,CUST0962,WH009,DRV0156,VEH0086,2026-04-01,Tirunelveli,Dispatched,Delivered,235.12,13.81,105.95,92.54,0.0,0,17.03
ORD003465,CUST0140,WH004,DRV0175,VEH0102,2026-04-01,Chennai,Dispatched,Delivered,320.27,4.98,39.49,45.84,6.35,1,64.31
ORD003466,CUST0909,WH007,DRV0065,VEH0194,2026-08-25,Erode,Dispatched,Delivered,224.36,8.89,65.94,70.54,4.6,1,25.24
ORD003467,CUST0923,WH005,DRV0181,VEH0121,2026-01-06,Vellore,Dispatched,Delivered,200.98,7.65,49.32,48.61,0.0,0,26.27
ORD003468,CUST0276,WH008,DRV0148,VEH0169,2026-05-12,Tirunelveli,Dispatched,Delayed,190.81,11.67,58.44,64.55,6.11,1,16.35
ORD003469,CUST0367,WH004,DRV0011,VEH0104,2026-02-02,Chennai,Dispatched,Delivered,281.23,10.62,58.85,63.99,5.14,1,26.48
ORD003470,CUST0624,WH007,DRV0025,VEH0062,2026-04-11,Trichy,Dispatched,Delivered,100.0,31.26,197.3,206.4,9.1,1,3.2
ORD003471,CUST0755,WH005,DRV0191,VEH0181,2026-02-03,Madurai,Processing,Delayed,174.44,19.36,96.9,104.1,7.2,1,9.01
ORD003472,CUST0997,WH003,DRV0004,VEH0088,2026-06-23,Tirunelveli,Confirmed,Delivered,222.78,16.21,109.97,100.8,0.0,0,13.74
ORD003473,CUST0866,WH008,DRV0083,VEH0121,2026-06-23,Vellore,Dispatched,Delivered,580.13,2.41,43.66,43.66,0.0,0,240.72
ORD003474,CUST0518,WH006,DRV0054,VEH0033,2026-08-23,Coimbatore,Dispatched,Delivered,100.0,18.88,92.05,98.6,6.55,1,5.3
ORD003475,CUST0904,WH004,DRV0060,VEH0091,2026-03-22,Trichy,Dispatched,In Transit,100.0,3.02,23.15,24.52,1.37,1,33.11
ORD003476,CUST0277,WH009,DRV0156,VEH0141,2026-03-31,Chennai,Confirmed,Delivered,100.0,8.14,86.24,100.05,13.81,1,12.29
ORD003477,CUST0615,WH009,DRV0138,VEH0039,2026-06-08,Tirunelveli,Processing,Delivered,100.0,8.86,70.66,81.71,11.05,1,11.29
ORD003478,CUST0917,WH002,DRV0164,VEH0029,2026-02-24,Coimbatore,Dispatched,Delivered,164.29,21.14,121.36,113.91,0.0,0,7.77
ORD003479,CUST0301,WH010,DRV0080,VEH0105,2026-06-23,Erode,Confirmed,Delivered,113.23,5.59,35.93,40.65,4.72,1,20.26
ORD003480,CUST0070,WH009,DRV0161,VEH0025,2026-05-11,Erode,Processing,Delivered,111.66,9.91,87.35,87.99,0.64,1,11.27
ORD003481,CUST0873,WH004,DRV0059,VEH0019,2026-05-15,Salem,Processing,Delivered,183.99,4.23,35.26,31.98,0.0,0,43.5
ORD003482,CUST0428,WH009,DRV0173,VEH0193,2026-04-09,Erode,Dispatched,Delivered,264.67,15.42,76.96,80.12,3.16,1,17.16
ORD003483,CUST0187,WH010,DRV0179,VEH0099,2026-03-22,Madurai,Confirmed,Delivered,182.75,8.2,49.64,52.05,2.41,1,22.29
ORD003484,CUST0158,WH008,DRV0046,VEH0016,2026-04-24,Vellore,Dispatched,Delivered,184.45,12.48,82.67,74.35,0.0,0,14.78
ORD003485,CUST0650,WH010,DRV0141,VEH0072,2026-01-16,Chennai,Processing,Delivered,235.65,1.58,50.56,45.57,0.0,0,149.15
ORD003486,CUST0331,WH003,DRV0093,VEH0199,2026-07-24,Chennai,Dispatched,In Transit,100.0,5.15,36.67,32.92,0.0,0,19.42
ORD003487,CUST0257,WH010,DRV0132,VEH0085,2026-08-18,Trichy,Dispatched,Delivered,197.13,12.73,64.48,63.12,0.0,0,15.49
ORD003488,CUST0906,WH007,DRV0170,VEH0188,2026-04-10,Madurai,Processing,Delivered,172.65,16.83,130.67,115.06,0.0,0,10.26
ORD003489,CUST0409,WH002,DRV0155,VEH0185,2026-02-09,Erode,Confirmed,Delivered,180.44,26.43,148.17,135.23,0.0,0,6.83
ORD003490,CUST0464,WH002,DRV0136,VEH0173,2026-08-25,Chennai,Confirmed,Delivered,124.01,24.1,161.75,165.95,4.2,1,5.15
ORD003491,CUST0083,WH004,DRV0105,VEH0180,2026-02-27,Vellore,Dispatched,Delayed,158.61,7.41,45.94,44.22,0.0,1,21.4
ORD003492,CUST0586,WH010,DRV0046,VEH0006,2026-03-01,Chennai,Confirmed,In Transit,235.5,12.35,60.25,67.96,7.71,1,19.07
ORD003493,CUST0879,WH007,DRV0136,VEH0188,2026-05-13,Chennai,Processing,In Transit,515.88,18.01,92.7,91.29,0.0,0,28.64
ORD003494,CUST0014,WH004,DRV0026,VEH0037,2026-07-22,Trichy,Dispatched,Delivered,100.0,13.65,67.94,73.14,5.2,1,7.33
ORD003495,CUST0131,WH002,DRV0001,VEH0054,2026-01-15,Chennai,Processing,Delivered,262.87,8.92,50.28,53.77,3.49,1,29.47
ORD003496,CUST0196,WH002,DRV0112,VEH0004,2026-05-05,Trichy,Confirmed,Delivered,400.06,12.7,50.29,56.65,6.36,1,31.5
ORD003497,CUST0680,WH005,DRV0189,VEH0175,2026-01-16,Salem,Dispatched,Delivered,100.0,25.25,186.73,195.03,8.3,1,3.96
ORD003498,CUST0929,WH003,DRV0090,VEH0085,2026-08-01,Salem,Dispatched,Delivered,161.32,10.93,79.99,80.44,0.45,1,14.76
ORD003499,CUST0212,WH003,DRV0039,VEH0165,2026-03-06,Salem,Confirmed,Delayed,216.86,15.62,99.54,96.63,0.0,1,13.88
ORD003500,CUST0207,WH001,DRV0137,VEH0170,2026-01-13,Vellore,Confirmed,Delivered,669.02,13.24,86.58,91.96,5.38,1,50.53
ORD003501,CUST0135,WH003,DRV0027,VEH0176,2026-01-06,Salem,Dispatched,Delivered,744.46,7.14,70.16,64.5,0.0,0,104.27
ORD003502,CUST0108,WH004,DRV0198,VEH0189,2026-01-15,Coimbatore,Confirmed,Delivered,100.0,21.07,132.38,131.55,0.0,0,4.75
ORD003503,CUST0771,WH006,DRV0148,VEH0190,2026-07-25,Vellore,Dispatched,Delayed,148.94,11.14,92.12,88.46,0.0,1,13.37
ORD003504,CUST0631,WH006,DRV0193,VEH0183,2026-03-05,Coimbatore,Confirmed,Delivered,206.37,8.85,68.67,73.57,4.9,1,23.32
ORD003505,CUST0731,WH005,DRV0016,VEH0165,2026-05-25,Salem,Dispatched,Delivered,260.26,13.14,108.32,98.99,0.0,0,19.81
ORD003506,CUST0165,WH004,DRV0196,VEH0015,2026-03-09,Vellore,Processing,Delayed,206.55,22.58,117.36,113.14,0.0,1,9.15
ORD003507,CUST0861,WH006,DRV0067,VEH0059,2026-02-24,Tirunelveli,Dispatched,Delivered,100.0,12.62,78.2,70.53,0.0,0,7.92
ORD003508,CUST0154,WH005,DRV0022,VEH0191,2026-07-28,Salem,Processing,Delivered,100.0,12.47,67.46,75.12,7.66,1,8.02
ORD003509,CUST0347,WH010,DRV0073,VEH0194,2026-02-17,Madurai,Dispatched,Delivered,100.0,15.31,106.36,110.31,3.95,1,6.53
ORD003510,CUST0025,WH001,DRV0184,VEH0042,2026-04-02,Chennai,Confirmed,Delivered,100.0,17.64,89.57,101.34,11.77,1,5.67
ORD003511,CUST0936,WH002,DRV0120,VEH0116,2026-08-01,Erode,Processing,In Transit,100.0,9.5,92.55,101.19,8.64,1,10.53
ORD003512,CUST0555,WH009,DRV0185,VEH0159,2026-05-13,Erode,Dispatched,Delivered,385.67,10.3,70.24,72.53,2.29,1,37.44
ORD003513,CUST0627,WH010,DRV0182,VEH0006,2026-06-09,Tirunelveli,Dispatched,Delivered,287.63,9.03,53.54,47.87,0.0,0,31.85
ORD003514,CUST0350,WH004,DRV0136,VEH0019,2026-03-31,Madurai,Dispatched,Delivered,259.73,15.23,94.99,93.39,0.0,0,17.05
ORD003515,CUST0556,WH006,DRV0135,VEH0166,2026-02-21,Madurai,Processing,Delivered,156.84,11.14,51.99,54.78,2.79,1,14.08
ORD003516,CUST0724,WH005,DRV0076,VEH0122,2026-06-05,Vellore,Dispatched,Delivered,176.45,11.5,72.92,67.89,0.0,0,15.34
ORD003517,CUST0455,WH002,DRV0001,VEH0161,2026-04-29,Madurai,Processing,Delivered,152.22,11.75,86.3,100.83,14.53,1,12.95
ORD003518,CUST0797,WH001,DRV0182,VEH0104,2026-06-27,Madurai,Dispatched,Delivered,100.0,4.65,59.62,62.04,2.42,1,21.51
ORD003519,CUST0750,WH001,DRV0140,VEH0090,2026-02-11,Tirunelveli,Dispatched,Delivered,276.16,16.71,100.54,97.59,0.0,0,16.53
ORD003520,CUST0738,WH001,DRV0014,VEH0181,2026-04-17,Madurai,Processing,In Transit,315.53,9.29,73.83,72.03,0.0,0,33.96
ORD003521,CUST0218,WH006,DRV0147,VEH0158,2026-02-24,Erode,Dispatched,Delivered,100.0,11.22,103.1,99.88,0.0,0,8.91
ORD003522,CUST0859,WH010,DRV0019,VEH0126,2026-01-28,Erode,Dispatched,Delivered,100.0,8.25,40.55,44.39,3.84,1,12.12
ORD003523,CUST0246,WH007,DRV0077,VEH0075,2026-04-21,Madurai,Processing,Delivered,227.84,5.57,36.36,38.23,1.87,1,40.9
ORD003524,CUST0313,WH007,DRV0108,VEH0110,2026-04-03,Salem,Dispatched,In Transit,226.54,12.55,92.51,81.91,0.0,0,18.05
ORD003525,CUST0876,WH009,DRV0074,VEH0193,2026-03-21,Madurai,Confirmed,Delivered,291.85,14.67,98.46,86.2,0.0,0,19.89
ORD003526,CUST0649,WH003,DRV0111,VEH0142,2026-06-05,Tirunelveli,Dispatched,Delivered,454.33,42.42,172.08,182.36,10.28,1,10.71
ORD003527,CUST0790,WH009,DRV0125,VEH0122,2026-03-27,Erode,Confirmed,Delivered,100.0,7.79,60.65,58.13,0.0,0,12.84
ORD003528,CUST0460,WH001,DRV0093,VEH0010,2026-05-12,Erode,Confirmed,Delivered,171.86,18.42,102.12,110.71,8.59,1,9.33
ORD003529,CUST0582,WH002,DRV0156,VEH0017,2026-02-17,Coimbatore,Processing,Delivered,100.0,9.17,65.66,68.36,2.7,1,10.91
ORD003530,CUST0518,WH007,DRV0143,VEH0015,2026-01-12,Tirunelveli,Dispatched,In Transit,100.0,19.42,126.48,116.28,0.0,0,5.15
ORD003531,CUST0667,WH002,DRV0063,VEH0003,2026-03-18,Chennai,Dispatched,Delayed,137.09,16.14,78.1,78.07,0.0,1,8.49
ORD003532,CUST0256,WH010,DRV0023,VEH0150,2026-03-13,Erode,Dispatched,In Transit,462.31,7.87,66.01,59.74,0.0,0,58.74
ORD003533,CUST0634,WH004,DRV0171,VEH0056,2026-06-01,Vellore,Processing,Delivered,371.72,5.26,48.2,46.41,0.0,0,70.67
ORD003534,CUST0630,WH002,DRV0010,VEH0187,2026-05-14,Tirunelveli,Confirmed,Delivered,172.67,4.19,43.26,41.65,0.0,0,41.21
ORD003535,CUST0467,WH002,DRV0164,VEH0026,2026-04-06,Vellore,Dispatched,Delivered,100.0,20.61,97.1,112.88,15.78,1,4.85
ORD003536,CUST0820,WH001,DRV0191,VEH0103,2026-06-05,Tirunelveli,Cancelled,Cancelled,234.0,6.24,,,,0,37.5
ORD003537,CUST0838,WH009,DRV0177,VEH0178,2026-06-09,Coimbatore,Processing,Delivered,230.51,20.33,92.33,80.75,0.0,0,11.34
ORD003538,CUST0506,WH010,DRV0142,VEH0087,2026-03-04,Trichy,Processing,Delivered,100.0,11.59,51.82,52.24,0.42,1,8.63
ORD003539,CUST0945,WH003,DRV0096,VEH0061,2026-01-20,Coimbatore,Dispatched,Delivered,311.05,9.59,43.13,48.05,4.92,1,32.43
ORD003540,CUST0209,WH001,DRV0034,VEH0055,2026-02-10,Trichy,Processing,Delivered,100.0,17.61,90.92,79.54,0.0,0,5.68
ORD003541,CUST0861,WH010,DRV0095,VEH0192,2026-02-20,Salem,Dispatched,Delivered,310.45,9.2,56.35,60.14,3.79,1,33.74
ORD003542,CUST0407,WH006,DRV0039,VEH0003,2026-08-03,Trichy,Dispatched,Delivered,212.02,16.61,89.45,91.96,2.51,1,12.76
ORD003543,CUST0081,WH008,DRV0160,VEH0158,2026-03-23,Madurai,Dispatched,Delivered,100.0,7.87,48.3,55.31,7.01,1,12.71
ORD003544,CUST0917,WH007,DRV0080,VEH0186,2026-01-24,Vellore,Dispatched,In Transit,143.31,25.02,148.98,168.67,19.69,1,5.73
ORD003545,CUST0330,WH007,DRV0150,VEH0141,2026-08-02,Madurai,Processing,Delivered,199.14,7.09,62.19,67.97,5.78,1,28.09
ORD003546,CUST0107,WH002,DRV0100,VEH0200,2026-08-26,Madurai,Dispatched,Delivered,220.32,16.76,132.47,130.57,0.0,0,13.15
ORD003547,CUST0648,WH004,DRV0163,VEH0152,2026-02-06,Erode,Dispatched,Delivered,354.8,22.3,119.32,117.29,0.0,0,15.91
ORD003548,CUST0438,WH006,DRV0023,VEH0069,2026-04-02,Trichy,Processing,Delivered,384.73,1.36,13.39,12.98,0.0,0,282.89
ORD003549,CUST0014,WH002,DRV0025,VEH0135,2026-07-18,Tirunelveli,Dispatched,In Transit,155.23,15.76,72.15,70.38,0.0,0,9.85
ORD003550,CUST0543,WH005,DRV0197,VEH0051,2026-04-22,Trichy,Processing,Delivered,260.75,7.18,58.6,58.68,0.08,1,36.32
ORD003551,CUST0691,WH005,DRV0134,VEH0054,2026-07-26,Vellore,Dispatched,Delivered,515.51,17.55,100.84,92.46,0.0,0,29.37
ORD003552,CUST0958,WH003,DRV0090,VEH0179,2026-07-14,Trichy,Dispatched,Delivered,100.0,13.26,101.34,89.67,0.0,0,7.54
ORD003553,CUST0402,WH002,DRV0188,VEH0155,2026-07-19,Chennai,Dispatched,Delayed,122.1,15.44,122.32,131.4,9.08,1,7.91
ORD003554,CUST0510,WH007,DRV0006,VEH0012,2026-08-11,Chennai,Confirmed,Delivered,100.0,11.05,72.4,81.43,9.03,1,9.05
ORD003555,CUST0431,WH008,DRV0019,VEH0169,2026-03-09,Chennai,Processing,Delivered,120.25,23.19,134.98,138.08,3.1,1,5.19
ORD003556,CUST0094,WH004,DRV0019,VEH0119,2026-05-26,Madurai,Dispatched,Delivered,207.22,4.32,35.64,41.54,5.9,1,47.97
ORD003557,CUST0082,WH004,DRV0110,VEH0113,2026-08-11,Salem,Dispatched,Delivered,100.0,21.69,143.02,128.27,0.0,0,4.61
ORD003558,CUST0692,WH009,DRV0111,VEH0120,2026-04-13,Coimbatore,Confirmed,Delivered,240.83,7.95,70.71,76.7,5.99,1,30.29
ORD003559,CUST0249,WH004,DRV0095,VEH0089,2026-07-07,Chennai,Processing,In Transit,133.35,2.91,46.98,46.3,0.0,0,45.82
ORD003560,CUST0985,WH010,DRV0087,VEH0106,2026-03-23,Vellore,Processing,Delivered,174.04,11.88,46.05,52.06,6.01,1,14.65
ORD003561,CUST0241,WH003,DRV0140,VEH0114,2026-07-20,Coimbatore,Dispatched,Delayed,100.0,7.36,45.33,44.62,0.0,1,13.59
ORD003562,CUST0165,WH001,DRV0013,VEH0161,2026-07-19,Chennai,Dispatched,Delivered,169.61,15.08,90.28,104.77,14.49,1,11.25
ORD003563,CUST0473,WH003,DRV0086,VEH0031,2026-04-28,Trichy,Dispatched,Delivered,539.95,15.99,79.23,73.32,0.0,0,33.77
ORD003564,CUST0286,WH005,DRV0178,VEH0011,2026-06-09,Trichy,Dispatched,Delivered,139.79,10.4,81.97,72.12,0.0,0,13.44
ORD003565,CUST0030,WH002,DRV0195,VEH0164,2026-05-28,Madurai,Dispatched,In Transit,100.0,15.51,91.72,97.36,5.64,1,6.45
ORD003566,CUST0868,WH005,DRV0076,VEH0121,2026-06-08,Vellore,Processing,Delivered,399.0,13.77,84.51,91.12,6.61,1,28.98
ORD003567,CUST0459,WH009,DRV0159,VEH0134,2026-06-24,Madurai,Confirmed,Delayed,257.9,11.74,55.08,55.95,0.87,1,21.97
ORD003568,CUST0304,WH010,DRV0077,VEH0123,2026-07-15,Coimbatore,Dispatched,Delayed,192.7,10.19,69.73,67.31,0.0,1,18.91
ORD003569,CUST0679,WH006,DRV0023,VEH0045,2026-03-24,Madurai,Dispatched,Delayed,262.23,8.3,40.01,44.13,4.12,1,31.59
ORD003570,CUST0795,WH003,DRV0070,VEH0188,2026-08-30,Salem,Dispatched,Delivered,191.26,31.44,191.84,175.84,0.0,0,6.08
ORD003571,CUST0912,WH005,DRV0125,VEH0090,2026-06-09,Salem,Dispatched,Delivered,527.49,11.39,51.15,56.24,5.09,1,46.31
ORD003572,CUST0998,WH001,DRV0058,VEH0072,2026-04-28,Erode,Dispatched,Delivered,295.54,14.17,98.76,115.97,17.21,1,20.86
ORD003573,CUST0928,WH008,DRV0195,VEH0103,2026-02-07,Erode,Dispatched,Delivered,134.74,17.06,121.59,120.71,0.0,0,7.9
ORD003574,CUST0925,WH009,DRV0199,VEH0037,2026-01-16,Salem,Processing,Delivered,478.08,9.64,62.18,70.3,8.12,1,49.59
ORD003575,CUST0948,WH005,DRV0138,VEH0101,2026-06-27,Erode,Processing,Delivered,591.69,14.8,126.21,119.13,0.0,0,39.98
ORD003576,CUST0714,WH009,DRV0068,VEH0112,2026-05-10,Vellore,Dispatched,Delivered,327.58,29.72,185.99,206.6,20.61,1,11.02
ORD003577,CUST0606,WH008,DRV0172,VEH0030,2026-04-17,Madurai,Dispatched,Delivered,236.16,7.08,46.51,42.47,0.0,0,33.36
ORD003578,CUST0459,WH008,DRV0070,VEH0038,2026-03-19,Chennai,Processing,Delivered,104.05,29.72,200.91,202.71,1.8,1,3.5
ORD003579,CUST0015,WH002,DRV0082,VEH0144,2026-01-05,Coimbatore,Dispatched,Delivered,283.07,17.81,89.95,88.2,0.0,0,15.89
ORD003580,CUST0300,WH005,DRV0199,VEH0166,2026-04-10,Tirunelveli,Processing,Delivered,233.27,7.89,52.6,58.06,5.46,1,29.57
ORD003581,CUST0407,WH008,DRV0008,VEH0181,2026-07-27,Coimbatore,Confirmed,Delivered,178.14,6.8,36.93,41.31,4.38,1,26.2
ORD003582,CUST0048,WH003,DRV0114,VEH0136,2026-06-13,Erode,Dispatched,Delivered,285.58,29.61,168.22,161.85,0.0,0,9.64
ORD003583,CUST0663,WH001,DRV0028,VEH0009,2026-07-25,Coimbatore,Processing,Delivered,191.83,20.78,108.67,117.27,8.6,1,9.23
ORD003584,CUST0114,WH004,DRV0183,VEH0021,2026-08-15,Vellore,Dispatched,Delivered,258.97,10.61,75.6,78.28,2.68,1,24.41
ORD003585,CUST0455,WH004,DRV0067,VEH0169,2026-04-14,Tirunelveli,Confirmed,Delivered,355.42,8.53,87.37,87.91,0.54,1,41.67
ORD003586,CUST0893,WH010,DRV0167,VEH0069,2026-08-02,Chennai,Dispatched,Delivered,100.0,7.91,55.22,60.09,4.87,1,12.64
ORD003587,CUST0526,WH004,DRV0161,VEH0019,2026-02-09,Erode,Confirmed,Delivered,100.0,10.28,62.84,57.72,0.0,0,9.73
ORD003588,CUST0969,WH004,DRV0114,VEH0112,2026-03-13,Madurai,Dispatched,Delivered,100.19,10.91,99.05,87.51,0.0,0,9.18
ORD003589,CUST0822,WH009,DRV0080,VEH0080,2026-04-08,Vellore,Dispatched,Delivered,639.7,12.84,95.8,97.8,2.0,1,49.82
ORD003590,CUST0348,WH001,DRV0157,VEH0018,2026-04-26,Chennai,Dispatched,Delivered,273.63,6.13,58.99,52.42,0.0,0,44.64
ORD003591,CUST0966,WH009,DRV0145,VEH0080,2026-02-17,Trichy,Confirmed,Delivered,290.7,7.69,75.64,67.85,0.0,0,37.8
ORD003592,CUST0171,WH007,DRV0165,VEH0125,2026-04-16,Chennai,Processing,Delivered,377.71,9.95,46.67,51.87,5.2,1,37.96
ORD003593,CUST0429,WH005,DRV0134,VEH0133,2026-06-21,Tirunelveli,Confirmed,Delivered,100.0,36.46,169.98,188.44,18.46,1,2.74
ORD003594,CUST0406,WH002,DRV0174,VEH0195,2026-05-23,Erode,Processing,Delivered,100.0,13.71,100.99,101.68,0.69,1,7.29
ORD003595,CUST0380,WH010,DRV0014,VEH0199,2026-07-19,Erode,Dispatched,Delivered,174.01,4.71,33.58,33.32,0.0,0,36.94
ORD003596,CUST0061,WH010,DRV0165,VEH0116,2026-06-12,Madurai,Dispatched,Delivered,324.87,6.34,63.76,66.95,3.19,1,51.24
ORD003597,CUST0530,WH010,DRV0114,VEH0032,2026-06-01,Tirunelveli,Dispatched,Delivered,159.42,29.39,180.73,191.48,10.75,1,5.42
ORD003598,CUST0940,WH004,DRV0107,VEH0088,2026-05-04,Tirunelveli,Dispatched,Delivered,100.0,23.31,111.78,114.13,2.35,1,4.29
ORD003599,CUST0742,WH004,DRV0076,VEH0176,2026-04-09,Vellore,Processing,Delivered,100.65,9.13,60.9,57.61,0.0,0,11.02
ORD003600,CUST0598,WH004,DRV0083,VEH0161,2026-06-25,Chennai,Processing,Delayed,100.0,15.7,81.87,93.53,11.66,1,6.37
ORD003601,CUST0201,WH002,DRV0085,VEH0197,2026-01-12,Madurai,Confirmed,Delivered,121.75,14.61,112.47,105.79,0.0,0,8.33
ORD003602,CUST0658,WH008,DRV0029,VEH0072,2026-03-25,Chennai,Dispatched,Delivered,100.0,11.62,108.77,96.44,0.0,0,8.61
ORD003603,CUST0057,WH004,DRV0049,VEH0130,2026-02-21,Chennai,Dispatched,Delivered,199.42,6.86,55.5,51.43,0.0,0,29.07
ORD003604,CUST0085,WH009,DRV0002,VEH0054,2026-06-06,Erode,Confirmed,Delivered,126.99,3.49,25.34,27.92,2.58,1,36.39
ORD003605,CUST0783,WH002,DRV0198,VEH0103,2026-06-05,Coimbatore,Confirmed,In Transit,273.62,19.46,105.08,119.92,14.84,1,14.06
ORD003606,CUST0713,WH007,DRV0089,VEH0042,2026-01-29,Coimbatore,Dispatched,Delivered,100.0,14.82,108.88,109.2,0.32,1,6.75
ORD003607,CUST0106,WH005,DRV0070,VEH0163,2026-02-24,Coimbatore,Dispatched,Delivered,214.0,6.93,58.77,51.69,0.0,0,30.88
ORD003608,CUST0826,WH005,DRV0193,VEH0102,2026-06-23,Vellore,Dispatched,Delayed,176.9,22.7,179.73,164.03,0.0,1,7.79
ORD003609,CUST0642,WH007,DRV0046,VEH0119,2026-05-15,Madurai,Processing,Delivered,234.49,28.71,188.76,185.27,0.0,0,8.17
ORD003610,CUST0014,WH004,DRV0063,VEH0189,2026-06-21,Salem,Processing,Delivered,256.95,13.43,80.35,89.99,9.64,1,19.13
ORD003611,CUST0533,WH003,DRV0119,VEH0115,2026-04-07,Salem,Dispatched,Delayed,275.44,11.35,96.45,90.64,0.0,1,24.27
ORD003612,CUST0939,WH009,DRV0085,VEH0060,2026-04-29,Vellore,Dispatched,Delivered,311.06,4.15,25.07,22.92,0.0,0,74.95
ORD003613,CUST0045,WH003,DRV0149,VEH0124,2026-06-25,Erode,Processing,Delivered,257.88,10.36,85.12,75.29,0.0,0,24.89
ORD003614,CUST0546,WH005,DRV0027,VEH0049,2026-05-29,Vellore,Dispatched,Delivered,220.0,5.77,53.61,51.87,0.0,0,38.13
ORD003615,CUST0373,WH002,DRV0191,VEH0023,2026-05-22,Salem,Dispatched,Delivered,117.52,10.73,72.41,72.1,0.0,0,10.95
ORD003616,CUST0071,WH007,DRV0023,VEH0068,2026-01-23,Erode,Processing,Delivered,315.13,21.25,145.38,140.36,0.0,0,14.83
ORD003617,CUST0764,WH007,DRV0100,VEH0035,2026-04-23,Salem,Processing,Delayed,115.24,17.0,99.31,87.65,0.0,1,6.78
ORD003618,CUST0847,WH005,DRV0039,VEH0142,2026-07-14,Madurai,Confirmed,Delivered,149.94,23.09,127.85,123.12,0.0,0,6.49
ORD003619,CUST0231,WH008,DRV0058,VEH0022,2026-02-15,Coimbatore,Confirmed,Delivered,103.54,9.82,51.35,55.38,4.03,1,10.54
ORD003620,CUST0524,WH009,DRV0045,VEH0158,2026-05-21,Erode,Dispatched,Delayed,102.14,4.91,59.84,57.49,0.0,1,20.8
ORD003621,CUST0123,WH004,DRV0142,VEH0003,2026-01-02,Vellore,Processing,Delivered,147.52,9.56,63.5,57.01,0.0,0,15.43
ORD003622,CUST0775,WH002,DRV0150,VEH0075,2026-03-07,Erode,Dispatched,Delivered,155.79,13.47,73.65,72.2,0.0,0,11.57
ORD003623,CUST0069,WH002,DRV0017,VEH0010,2026-05-04,Coimbatore,Dispatched,Delivered,106.82,23.7,117.62,117.52,0.0,0,4.51
ORD003624,CUST0111,WH004,DRV0157,VEH0067,2026-08-25,Coimbatore,Confirmed,Delayed,183.88,19.03,115.82,108.24,0.0,1,9.66
ORD003625,CUST0871,WH006,DRV0038,VEH0169,2026-06-26,Madurai,Dispatched,In Transit,200.72,3.73,37.0,35.3,0.0,0,53.81
ORD003626,CUST0246,WH006,DRV0090,VEH0176,2026-03-15,Chennai,Dispatched,Delivered,127.21,13.21,82.94,95.66,12.72,1,9.63
ORD003627,CUST0983,WH002,DRV0031,VEH0050,2026-07-17,Erode,Dispatched,Delivered,802.93,21.13,113.07,105.91,0.0,0,38.0
ORD003628,CUST0373,WH001,DRV0098,VEH0127,2026-04-04,Trichy,Dispatched,Delivered,225.03,24.7,113.33,116.56,3.23,1,9.11
ORD003629,CUST0924,WH002,DRV0058,VEH0197,2026-01-09,Tirunelveli,Processing,Delayed,195.76,22.12,118.9,105.01,0.0,1,8.85
ORD003630,CUST0098,WH008,DRV0091,VEH0186,2026-05-14,Madurai,Dispatched,Delivered,116.82,7.43,47.95,42.02,0.0,0,15.72
ORD003631,CUST0793,WH005,DRV0017,VEH0015,2026-01-11,Tirunelveli,Dispatched,Delivered,198.26,7.68,61.12,62.07,0.95,1,25.82
ORD003632,CUST0322,WH003,DRV0120,VEH0122,2026-06-06,Tirunelveli,Dispatched,In Transit,211.99,31.44,148.73,130.39,0.0,0,6.74
ORD003633,CUST0819,WH009,DRV0023,VEH0048,2026-07-13,Chennai,Processing,Delivered,180.86,8.73,68.7,72.83,4.13,1,20.72
ORD003634,CUST0713,WH007,DRV0148,VEH0114,2026-04-04,Tirunelveli,Dispatched,Delivered,455.83,28.46,163.35,154.86,0.0,0,16.02
ORD003635,CUST0674,WH008,DRV0096,VEH0006,2026-05-13,Vellore,Processing,Delivered,100.0,6.38,52.3,59.94,7.64,1,15.67
ORD003636,CUST0509,WH006,DRV0004,VEH0004,2026-05-31,Coimbatore,Dispatched,Delivered,141.56,10.72,94.25,105.48,11.23,1,13.21
ORD003637,CUST0942,WH007,DRV0073,VEH0023,2026-05-20,Vellore,Dispatched,Delivered,288.3,2.79,42.55,38.36,0.0,0,103.33
ORD003638,CUST0943,WH003,DRV0075,VEH0173,2026-07-24,Coimbatore,Dispatched,Delayed,101.21,10.25,87.66,78.4,0.0,1,9.87
ORD003639,CUST0376,WH001,DRV0049,VEH0065,2026-07-29,Salem,Dispatched,Delivered,100.0,6.76,58.22,57.66,0.0,0,14.79
ORD003640,CUST0672,WH001,DRV0109,VEH0056,2026-01-18,Salem,Processing,Delivered,129.38,17.07,104.79,110.08,5.29,1,7.58
ORD003641,CUST0893,WH001,DRV0026,VEH0191,2026-03-25,Tirunelveli,Processing,Delivered,357.29,16.99,125.79,127.67,1.88,1,21.03
ORD003642,CUST0140,WH007,DRV0032,VEH0015,2026-02-27,Chennai,Confirmed,Delivered,102.78,15.15,126.64,114.0,0.0,0,6.78
ORD003643,CUST0765,WH002,DRV0028,VEH0132,2026-02-15,Erode,Confirmed,Delivered,143.79,6.98,48.62,53.24,4.62,1,20.6
ORD003644,CUST0381,WH006,DRV0051,VEH0091,2026-05-23,Trichy,Processing,Delivered,238.4,23.15,120.77,128.69,7.92,1,10.3
ORD003645,CUST0403,WH001,DRV0168,VEH0104,2026-06-02,Tirunelveli,Dispatched,In Transit,124.39,11.93,86.24,79.44,0.0,0,10.43
ORD003646,CUST0303,WH010,DRV0037,VEH0160,2026-02-07,Tirunelveli,Dispatched,Delivered,136.19,17.92,131.27,116.11,0.0,0,7.6
ORD003647,CUST0166,WH008,DRV0179,VEH0009,2026-01-08,Chennai,Confirmed,Delivered,118.65,22.19,136.76,155.78,19.02,1,5.35
ORD003648,CUST0761,WH005,DRV0057,VEH0185,2026-06-18,Chennai,Dispatched,Delivered,125.33,12.78,117.19,107.4,0.0,0,9.81
ORD003649,CUST0906,WH009,DRV0080,VEH0195,2026-06-06,Tirunelveli,Dispatched,Delayed,100.0,4.6,51.12,48.99,0.0,1,21.74
ORD003650,CUST0266,WH003,DRV0072,VEH0039,2026-03-25,Vellore,Dispatched,Delivered,153.36,13.71,81.92,89.12,7.2,1,11.19
ORD003651,CUST0355,WH002,DRV0195,VEH0040,2026-08-14,Vellore,Dispatched,Delivered,362.04,10.33,107.78,100.1,0.0,0,35.05
ORD003652,CUST0553,WH008,DRV0003,VEH0016,2026-03-29,Trichy,Confirmed,Delivered,507.16,6.54,35.11,32.86,0.0,0,77.55
ORD003653,CUST0055,WH005,DRV0191,VEH0081,2026-06-01,Chennai,Dispatched,Delayed,408.45,26.59,132.12,148.01,15.89,1,15.36
ORD003654,CUST0229,WH001,DRV0140,VEH0091,2026-03-30,Chennai,Dispatched,Delivered,198.24,9.62,74.56,74.51,0.0,0,20.61
ORD003655,CUST0224,WH006,DRV0111,VEH0138,2026-08-07,Erode,Confirmed,Delivered,532.86,16.38,82.98,77.01,0.0,0,32.53
ORD003656,CUST0760,WH003,DRV0091,VEH0181,2026-01-15,Madurai,Confirmed,Delivered,809.86,18.79,94.67,104.32,9.65,1,43.1
ORD003657,CUST0886,WH008,DRV0051,VEH0065,2026-08-24,Vellore,Confirmed,Delivered,203.94,13.72,59.76,60.44,0.68,1,14.86
ORD003658,CUST0199,WH006,DRV0139,VEH0115,2026-08-05,Trichy,Processing,Delivered,100.0,8.96,48.31,54.51,6.2,1,11.16
ORD003659,CUST0627,WH002,DRV0134,VEH0050,2026-08-29,Coimbatore,Processing,Delivered,425.28,4.27,31.6,33.54,1.94,1,99.6
ORD003660,CUST0253,WH006,DRV0140,VEH0029,2026-04-11,Salem,Dispatched,Delivered,100.0,15.05,78.31,85.55,7.24,1,6.64
ORD003661,CUST0714,WH003,DRV0025,VEH0146,2026-06-27,Coimbatore,Confirmed,Delayed,101.88,9.68,66.25,66.15,0.0,1,10.52
ORD003662,CUST0555,WH007,DRV0026,VEH0180,2026-07-09,Tirunelveli,Dispatched,Delayed,100.0,30.95,114.35,128.14,13.79,1,3.23
ORD003663,CUST0678,WH001,DRV0186,VEH0160,2026-03-04,Vellore,Dispatched,Delivered,290.85,7.55,43.33,44.9,1.57,1,38.52
ORD003664,CUST0155,WH001,DRV0080,VEH0107,2026-08-02,Coimbatore,Processing,In Transit,100.0,2.84,32.07,34.39,2.32,1,35.21
ORD003665,CUST0800,WH010,DRV0036,VEH0161,2026-03-31,Salem,Confirmed,Delivered,345.62,5.4,45.82,42.67,0.0,0,64.0
ORD003666,CUST0627,WH004,DRV0164,VEH0123,2026-04-17,Salem,Confirmed,Delivered,587.65,22.1,114.18,107.73,0.0,0,26.59
ORD003667,CUST0839,WH007,DRV0021,VEH0107,2026-08-14,Chennai,Processing,Delivered,557.27,19.15,89.91,102.35,12.44,1,29.1
ORD003668,CUST0688,WH004,DRV0049,VEH0011,2026-04-08,Trichy,Confirmed,Delivered,100.0,26.46,154.21,135.74,0.0,0,3.78
ORD003669,CUST0794,WH009,DRV0084,VEH0101,2026-05-03,Tirunelveli,Processing,Delivered,100.0,10.44,73.55,68.52,0.0,0,9.58
ORD003670,CUST0982,WH008,DRV0118,VEH0157,2026-02-21,Tirunelveli,Dispatched,Delivered,119.39,17.7,139.11,134.43,0.0,0,6.75
ORD003671,CUST0570,WH005,DRV0060,VEH0148,2026-02-10,Salem,Dispatched,Delivered,321.01,13.32,108.14,108.87,0.73,1,24.1
ORD003672,CUST0332,WH001,DRV0106,VEH0150,2026-07-16,Trichy,Processing,Delivered,396.42,7.92,47.47,52.55,5.08,1,50.05
ORD003673,CUST0408,WH003,DRV0190,VEH0200,2026-06-15,Erode,Processing,Delivered,279.2,11.88,74.2,65.17,0.0,0,23.5
ORD003674,CUST0504,WH008,DRV0123,VEH0143,2026-08-25,Vellore,Dispatched,Delivered,255.5,9.25,63.17,74.11,10.94,1,27.62
ORD003675,CUST0694,WH007,DRV0019,VEH0035,2026-02-13,Vellore,Dispatched,In Transit,841.05,25.56,116.26,109.91,0.0,0,32.9
ORD003676,CUST0626,WH008,DRV0139,VEH0080,2026-06-04,Chennai,Dispatched,Delivered,132.86,7.88,81.71,81.53,0.0,0,16.86
ORD003677,CUST0686,WH001,DRV0078,VEH0116,2026-04-26,Tirunelveli,Dispatched,Delivered,109.32,27.82,138.81,123.85,0.0,0,3.93
ORD003678,CUST0442,WH002,DRV0100,VEH0108,2026-03-08,Tirunelveli,Processing,Delivered,100.0,7.56,81.33,84.35,3.02,1,13.23
ORD003679,CUST0989,WH010,DRV0131,VEH0162,2026-06-11,Coimbatore,Processing,Delivered,240.19,9.26,72.19,71.79,0.0,0,25.94
ORD003680,CUST0256,WH007,DRV0185,VEH0148,2026-04-09,Erode,Dispatched,Delayed,161.3,12.24,82.6,77.0,0.0,1,13.18
ORD003681,CUST0416,WH005,DRV0128,VEH0056,2026-08-30,Tirunelveli,Confirmed,Delivered,309.9,7.34,46.92,54.29,7.37,1,42.22
ORD003682,CUST0400,WH005,DRV0107,VEH0051,2026-01-19,Erode,Dispatched,Delivered,135.25,12.17,59.15,68.27,9.12,1,11.11
ORD003683,CUST0090,WH010,DRV0197,VEH0095,2026-04-28,Salem,Dispatched,Delivered,272.79,13.21,67.63,74.03,6.4,1,20.65
ORD003684,CUST0966,WH009,DRV0181,VEH0085,2026-03-06,Tirunelveli,Dispatched,Delivered,141.24,24.75,163.79,183.22,19.43,1,5.71
ORD003685,CUST0961,WH001,DRV0194,VEH0050,2026-08-04,Erode,Cancelled,Cancelled,163.08,2.81,,,,0,58.04
ORD003686,CUST0141,WH005,DRV0140,VEH0158,2026-06-10,Salem,Dispatched,Delivered,173.44,7.6,33.67,32.47,0.0,0,22.82
ORD003687,CUST0870,WH007,DRV0062,VEH0121,2026-02-24,Chennai,Dispatched,Delivered,100.0,29.98,193.33,177.57,0.0,0,3.34
ORD003688,CUST0006,WH005,DRV0045,VEH0153,2026-04-10,Trichy,Confirmed,Delivered,165.51,9.13,53.92,47.42,0.0,0,18.13
ORD003689,CUST0742,WH010,DRV0057,VEH0094,2026-01-08,Trichy,Processing,Delivered,261.23,9.13,63.55,64.7,1.15,1,28.61
ORD003690,CUST0908,WH007,DRV0130,VEH0199,2026-08-20,Tirunelveli,Dispatched,Delivered,100.0,7.29,53.41,57.19,3.78,1,13.72
ORD003691,CUST0905,WH001,DRV0101,VEH0004,2026-08-21,Madurai,Dispatched,In Transit,627.4,17.46,103.61,93.41,0.0,0,35.93
ORD003692,CUST0340,WH005,DRV0183,VEH0063,2026-03-08,Coimbatore,Processing,Delivered,181.85,4.06,67.21,60.92,0.0,0,44.79
ORD003693,CUST0827,WH006,DRV0019,VEH0022,2026-03-08,Madurai,Confirmed,Delivered,120.61,14.6,116.56,112.35,0.0,0,8.26
ORD003694,CUST0999,WH006,DRV0061,VEH0057,2026-01-28,Trichy,Dispatched,Delayed,118.25,32.66,112.13,120.32,8.19,1,3.62
ORD003695,CUST0219,WH004,DRV0152,VEH0182,2026-01-07,Madurai,Dispatched,Delivered,441.79,3.43,35.82,31.91,0.0,0,128.8
ORD003696,CUST0579,WH005,DRV0005,VEH0004,2026-06-14,Trichy,Dispatched,Delivered,106.05,17.58,82.98,91.84,8.86,1,6.03
ORD003697,CUST0664,WH008,DRV0154,VEH0193,2026-02-12,Salem,Dispatched,Delivered,220.03,5.2,50.53,58.55,8.02,1,42.31
ORD003698,CUST0271,WH006,DRV0163,VEH0048,2026-01-03,Vellore,Processing,Delivered,321.81,15.15,76.31,70.07,0.0,0,21.24
ORD003699,CUST0738,WH001,DRV0019,VEH0151,2026-08-03,Vellore,Dispatched,Delivered,259.89,14.37,72.66,71.3,0.0,0,18.09
ORD003700,CUST0063,WH005,DRV0031,VEH0151,2026-08-03,Chennai,Processing,Delivered,125.75,18.33,137.23,148.53,11.3,1,6.86
ORD003701,CUST0818,WH007,DRV0172,VEH0006,2026-04-07,Tirunelveli,Dispatched,Delivered,312.78,8.39,96.18,91.49,0.0,0,37.28
ORD003702,CUST0864,WH008,DRV0147,VEH0115,2026-02-21,Madurai,Dispatched,Delivered,200.59,8.67,76.2,70.55,0.0,0,23.14
ORD003703,CUST0533,WH004,DRV0106,VEH0197,2026-08-21,Erode,Processing,In Transit,100.0,18.63,82.87,75.11,0.0,0,5.37
ORD003704,CUST0513,WH002,DRV0081,VEH0192,2026-08-21,Tirunelveli,Processing,Delivered,401.47,8.34,72.3,77.36,5.06,1,48.14
ORD003705,CUST0255,WH004,DRV0140,VEH0071,2026-02-13,Salem,Dispatched,Delivered,121.65,19.97,73.7,85.93,12.23,1,6.09
ORD003706,CUST0737,WH006,DRV0163,VEH0133,2026-06-04,Vellore,Confirmed,Delivered,161.72,2.35,24.81,24.74,0.0,0,68.82
ORD003707,CUST0126,WH006,DRV0090,VEH0161,2026-06-18,Salem,Processing,Delayed,221.66,13.82,81.82,73.92,0.0,1,16.04
ORD003708,CUST0779,WH006,DRV0186,VEH0154,2026-07-26,Chennai,Dispatched,Delayed,128.29,19.2,95.58,104.76,9.18,1,6.68
ORD003709,CUST0451,WH001,DRV0117,VEH0187,2026-07-05,Erode,Processing,Delivered,296.48,10.45,64.49,66.05,1.56,1,28.37
ORD003710,CUST0406,WH007,DRV0125,VEH0085,2026-08-05,Chennai,Dispatched,Delivered,100.0,25.37,123.2,132.91,9.71,1,3.94
ORD003711,CUST0714,WH007,DRV0072,VEH0162,2026-08-20,Vellore,Confirmed,Delivered,124.79,8.58,35.95,42.1,6.15,1,14.54
ORD003712,CUST0620,WH005,DRV0104,VEH0154,2026-07-31,Salem,Dispatched,Delivered,402.11,13.5,123.41,110.23,0.0,0,29.79
ORD003713,CUST0358,WH004,DRV0025,VEH0194,2026-02-22,Tirunelveli,Confirmed,Delayed,184.28,21.2,121.77,136.74,14.97,1,8.69
ORD003714,CUST0088,WH003,DRV0153,VEH0020,2026-03-20,Salem,Confirmed,Delivered,100.0,5.59,43.76,40.52,0.0,0,17.89
ORD003715,CUST0391,WH008,DRV0141,VEH0014,2026-03-17,Madurai,Dispatched,Delivered,190.79,22.32,156.8,164.36,7.56,1,8.55
ORD003716,CUST0369,WH008,DRV0042,VEH0117,2026-05-12,Madurai,Dispatched,Delivered,235.35,14.5,62.15,66.59,4.44,1,16.23
ORD003717,CUST0689,WH003,DRV0143,VEH0071,2026-06-08,Vellore,Processing,Delivered,100.0,7.09,41.74,36.86,0.0,0,14.1
ORD003718,CUST0868,WH005,DRV0023,VEH0095,2026-04-08,Coimbatore,Processing,In Transit,531.28,11.55,79.15,75.59,0.0,0,46.0
ORD003719,CUST0641,WH008,DRV0028,VEH0136,2026-05-23,Vellore,Dispatched,Delivered,580.05,6.7,43.3,41.0,0.0,0,86.57
ORD003720,CUST0833,WH010,DRV0112,VEH0058,2026-08-05,Coimbatore,Dispatched,Delivered,195.98,16.75,73.35,68.05,0.0,0,11.7
ORD003721,CUST0447,WH010,DRV0013,VEH0001,2026-02-04,Salem,Dispatched,Delivered,159.17,9.92,55.07,57.83,2.76,1,16.05
ORD003722,CUST0320,WH006,DRV0096,VEH0159,2026-04-12,Coimbatore,Dispatched,Delivered,184.0,9.16,75.02,73.61,0.0,0,20.09
ORD003723,CUST0922,WH002,DRV0075,VEH0136,2026-02-07,Salem,Dispatched,Delivered,323.92,17.07,101.69,109.22,7.53,1,18.98
ORD003724,CUST0273,WH001,DRV0172,VEH0083,2026-08-08,Chennai,Processing,Delivered,243.28,10.3,55.89,50.79,0.0,0,23.62
ORD003725,CUST0651,WH007,DRV0180,VEH0188,2026-01-28,Chennai,Dispatched,Delivered,211.77,11.92,73.14,71.02,0.0,0,17.77
ORD003726,CUST0963,WH002,DRV0035,VEH0190,2026-07-17,Madurai,Dispatched,Delivered,445.2,11.39,43.41,47.03,3.62,1,39.09
ORD003727,CUST0637,WH010,DRV0047,VEH0138,2026-04-20,Tirunelveli,Confirmed,Delayed,378.08,2.75,35.51,31.71,0.0,1,137.48
ORD003728,CUST0522,WH010,DRV0163,VEH0018,2026-08-28,Trichy,Processing,Delayed,100.0,4.55,18.74,18.3,0.0,1,21.98
ORD003729,CUST0578,WH004,DRV0050,VEH0194,2026-06-26,Vellore,Confirmed,Delayed,322.73,7.67,60.21,60.3,0.09,1,42.08
ORD003730,CUST0800,WH006,DRV0087,VEH0093,2026-08-30,Vellore,Confirmed,Delivered,383.2,8.03,51.9,60.33,8.43,1,47.72
ORD003731,CUST0016,WH007,DRV0040,VEH0066,2026-07-08,Tirunelveli,Confirmed,Delivered,217.21,2.58,49.6,44.17,0.0,0,84.19
ORD003732,CUST0368,WH007,DRV0077,VEH0180,2026-08-21,Erode,Dispatched,Delivered,267.57,11.91,101.1,89.02,0.0,0,22.47
ORD003733,CUST0251,WH007,DRV0198,VEH0067,2026-02-04,Salem,Dispatched,Delayed,148.44,10.82,70.37,69.07,0.0,1,13.72
ORD003734,CUST0794,WH004,DRV0042,VEH0127,2026-04-02,Erode,Cancelled,Cancelled,100.0,12.76,,,,0,7.84
ORD003735,CUST0360,WH010,DRV0143,VEH0088,2026-02-16,Tirunelveli,Processing,In Transit,618.15,9.54,70.62,73.73,3.11,1,64.8
ORD003736,CUST0231,WH010,DRV0060,VEH0009,2026-04-03,Madurai,Confirmed,Delivered,100.0,27.28,97.44,104.73,7.29,1,3.67
ORD003737,CUST0842,WH006,DRV0058,VEH0107,2026-01-09,Erode,Dispatched,Delayed,540.67,15.85,124.12,121.41,0.0,1,34.11
ORD003738,CUST0253,WH003,DRV0197,VEH0048,2026-04-22,Coimbatore,Processing,Delivered,173.74,29.4,158.17,178.03,19.86,1,5.91
ORD003739,CUST0952,WH008,DRV0033,VEH0126,2026-05-26,Salem,Dispatched,Delivered,407.82,5.57,20.38,18.1,0.0,0,73.22
ORD003740,CUST0612,WH001,DRV0168,VEH0060,2026-04-13,Madurai,Dispatched,Delivered,183.99,9.37,70.03,77.57,7.54,1,19.64
ORD003741,CUST0606,WH008,DRV0002,VEH0078,2026-01-20,Coimbatore,Confirmed,Delivered,333.39,8.12,58.51,54.5,0.0,0,41.06
ORD003742,CUST0393,WH005,DRV0161,VEH0126,2026-03-23,Salem,Processing,Delivered,242.68,3.89,26.74,28.38,1.64,1,62.39
ORD003743,CUST0517,WH008,DRV0153,VEH0118,2026-07-29,Madurai,Dispatched,Delivered,117.32,10.47,77.32,84.24,6.92,1,11.21
ORD003744,CUST0519,WH004,DRV0059,VEH0180,2026-06-12,Trichy,Dispatched,Delivered,197.78,2.48,25.06,24.63,0.0,0,79.75
ORD003745,CUST0484,WH002,DRV0155,VEH0043,2026-03-25,Madurai,Dispatched,Delivered,165.19,16.64,113.57,105.2,0.0,0,9.93
ORD003746,CUST0065,WH004,DRV0184,VEH0126,2026-06-08,Salem,Dispatched,In Transit,275.32,23.46,131.11,122.76,0.0,0,11.74
ORD003747,CUST0219,WH008,DRV0112,VEH0050,2026-07-28,Coimbatore,Processing,Delivered,198.74,10.09,54.32,59.04,4.72,1,19.7
ORD003748,CUST0780,WH010,DRV0025,VEH0107,2026-06-21,Salem,Dispatched,Delivered,218.33,12.69,58.28,61.4,3.12,1,17.2
ORD003749,CUST0208,WH001,DRV0133,VEH0088,2026-06-08,Vellore,Confirmed,In Transit,100.0,23.6,109.52,98.61,0.0,0,4.24
ORD003750,CUST0176,WH005,DRV0062,VEH0014,2026-06-16,Salem,Confirmed,Delayed,100.0,6.28,54.15,50.75,0.0,1,15.92
ORD003751,CUST0712,WH006,DRV0171,VEH0018,2026-01-10,Madurai,Dispatched,Delivered,189.79,3.86,46.35,43.57,0.0,0,49.17
ORD003752,CUST0793,WH004,DRV0104,VEH0077,2026-08-06,Salem,Dispatched,Delivered,203.98,2.44,34.9,37.5,2.6,1,83.6
ORD003753,CUST0909,WH004,DRV0196,VEH0034,2026-02-08,Tirunelveli,Confirmed,Delivered,100.0,6.74,63.16,58.07,0.0,0,14.84
ORD003754,CUST0425,WH004,DRV0078,VEH0083,2026-05-31,Chennai,Confirmed,Delivered,262.83,7.5,52.61,54.94,2.33,1,35.04
ORD003755,CUST0010,WH003,DRV0105,VEH0041,2026-01-22,Vellore,Confirmed,Delivered,270.37,17.41,132.97,137.02,4.05,1,15.53
ORD003756,CUST0766,WH010,DRV0091,VEH0119,2026-05-27,Trichy,Confirmed,In Transit,200.63,4.71,33.91,36.22,2.31,1,42.6
ORD003757,CUST0680,WH005,DRV0164,VEH0075,2026-07-08,Coimbatore,Processing,Delivered,183.14,3.75,42.37,47.8,5.43,1,48.84
ORD003758,CUST0289,WH006,DRV0124,VEH0127,2026-07-23,Trichy,Dispatched,In Transit,100.0,19.29,151.84,155.56,3.72,1,5.18
ORD003759,CUST0931,WH003,DRV0098,VEH0177,2026-03-09,Vellore,Dispatched,In Transit,100.0,7.83,64.36,75.27,10.91,1,12.77
ORD003760,CUST0933,WH003,DRV0138,VEH0069,2026-07-12,Tirunelveli,Dispatched,Delayed,234.29,12.75,86.86,88.02,1.16,1,18.38
ORD003761,CUST0615,WH009,DRV0115,VEH0137,2026-08-29,Vellore,Dispatched,Delivered,105.82,18.06,112.18,105.09,0.0,0,5.86
ORD003762,CUST0988,WH002,DRV0150,VEH0048,2026-02-24,Erode,Dispatched,Delayed,110.77,45.56,287.75,252.81,0.0,1,2.43
ORD003763,CUST0016,WH006,DRV0086,VEH0012,2026-04-30,Erode,Dispatched,Delivered,217.29,14.69,55.06,63.03,7.97,1,14.79
ORD003764,CUST0328,WH008,DRV0028,VEH0193,2026-07-28,Madurai,Dispatched,Delivered,681.62,7.3,49.52,53.0,3.48,1,93.37
ORD003765,CUST0545,WH008,DRV0048,VEH0113,2026-02-16,Madurai,Processing,Delivered,140.0,19.06,93.67,93.84,0.17,1,7.35
ORD003766,CUST0949,WH001,DRV0188,VEH0014,2026-08-23,Tirunelveli,Dispatched,Delivered,687.42,6.03,49.17,54.57,5.4,1,114.0
ORD003767,CUST0547,WH001,DRV0084,VEH0064,2026-08-14,Vellore,Dispatched,Delivered,172.51,23.43,145.68,164.6,18.92,1,7.36
ORD003768,CUST0183,WH008,DRV0063,VEH0026,2026-04-18,Erode,Dispatched,Delivered,261.52,6.98,56.44,57.26,0.82,1,37.47
ORD003769,CUST0102,WH001,DRV0002,VEH0135,2026-02-12,Chennai,Dispatched,Delivered,338.26,5.32,25.17,24.57,0.0,0,63.58
ORD003770,CUST0332,WH003,DRV0023,VEH0055,2026-08-25,Erode,Processing,Delivered,354.65,11.79,49.49,45.15,0.0,0,30.08
ORD003771,CUST0079,WH009,DRV0051,VEH0059,2026-02-27,Madurai,Dispatched,Delivered,225.97,14.41,82.68,71.94,0.0,0,15.68
ORD003772,CUST0017,WH003,DRV0112,VEH0079,2026-05-21,Erode,Confirmed,Delivered,156.13,5.48,54.85,50.68,0.0,0,28.49
ORD003773,CUST0795,WH002,DRV0080,VEH0184,2026-03-05,Vellore,Dispatched,In Transit,310.52,7.69,39.61,43.22,3.61,1,40.38
ORD003774,CUST0370,WH001,DRV0156,VEH0068,2026-08-29,Tirunelveli,Processing,Delivered,238.79,15.44,90.6,84.33,0.0,0,15.47
ORD003775,CUST0021,WH001,DRV0116,VEH0158,2026-01-10,Madurai,Confirmed,Delivered,136.55,12.97,69.87,69.1,0.0,0,10.53
ORD003776,CUST0405,WH010,DRV0001,VEH0151,2026-08-12,Vellore,Processing,Delivered,453.01,14.9,109.68,111.32,1.64,1,30.4
ORD003777,CUST0017,WH003,DRV0143,VEH0145,2026-07-27,Vellore,Dispatched,Delivered,244.03,23.7,160.27,141.74,0.0,0,10.3
ORD003778,CUST0923,WH006,DRV0015,VEH0130,2026-02-07,Vellore,Confirmed,Delivered,111.39,13.86,106.68,100.58,0.0,0,8.04
ORD003779,CUST0588,WH007,DRV0043,VEH0072,2026-08-21,Madurai,Dispatched,Delivered,103.23,27.71,188.9,179.14,0.0,0,3.73
ORD003780,CUST0432,WH006,DRV0133,VEH0198,2026-06-19,Trichy,Confirmed,Delayed,647.61,19.75,118.55,138.9,20.35,1,32.79
ORD003781,CUST0556,WH006,DRV0200,VEH0167,2026-08-02,Erode,Dispatched,Delivered,131.6,7.81,31.4,28.3,0.0,0,16.85
ORD003782,CUST0420,WH009,DRV0103,VEH0048,2026-04-05,Chennai,Dispatched,Delivered,295.72,24.37,117.66,108.14,0.0,0,12.13
ORD003783,CUST0028,WH004,DRV0125,VEH0005,2026-04-27,Salem,Processing,Delivered,231.59,13.5,62.96,67.0,4.04,1,17.15
ORD003784,CUST0025,WH005,DRV0038,VEH0021,2026-01-17,Coimbatore,Processing,In Transit,289.26,22.1,134.84,143.81,8.97,1,13.09
ORD003785,CUST0201,WH001,DRV0063,VEH0178,2026-08-06,Tirunelveli,Dispatched,Delivered,628.09,15.08,83.05,95.9,12.85,1,41.65
ORD003786,CUST0303,WH004,DRV0171,VEH0148,2026-03-28,Chennai,Dispatched,Delivered,346.63,31.95,111.32,128.65,17.33,1,10.85
ORD003787,CUST0613,WH010,DRV0051,VEH0107,2026-07-17,Trichy,Dispatched,Delivered,312.08,5.33,44.7,42.55,0.0,0,58.55
ORD003788,CUST0279,WH006,DRV0078,VEH0071,2026-07-04,Tirunelveli,Processing,Delivered,159.5,9.97,63.61,70.22,6.61,1,16.0
ORD003789,CUST0075,WH007,DRV0083,VEH0094,2026-05-15,Salem,Dispatched,Delivered,117.69,16.84,80.56,71.48,0.0,0,6.99
ORD003790,CUST0818,WH002,DRV0154,VEH0094,2026-08-21,Erode,Dispatched,Delivered,873.63,12.59,67.86,61.54,0.0,0,69.39
ORD003791,CUST0065,WH010,DRV0097,VEH0073,2026-06-12,Salem,Processing,Delivered,176.41,6.07,19.74,20.68,0.94,1,29.06
ORD003792,CUST0255,WH006,DRV0174,VEH0155,2026-07-30,Tirunelveli,Processing,Delivered,169.13,30.0,183.13,189.96,6.83,1,5.64
ORD003793,CUST0272,WH003,DRV0140,VEH0002,2026-03-25,Coimbatore,Processing,Delivered,218.7,10.93,59.92,63.19,3.27,1,20.01
ORD003794,CUST0636,WH007,DRV0093,VEH0091,2026-03-26,Vellore,Dispatched,Delivered,205.29,20.79,134.45,153.18,18.73,1,9.87
ORD003795,CUST0562,WH009,DRV0140,VEH0175,2026-05-13,Salem,Dispatched,Delivered,510.46,16.02,67.22,78.22,11.0,1,31.86
ORD003796,CUST0525,WH004,DRV0029,VEH0040,2026-04-22,Chennai,Processing,Delivered,257.43,18.63,100.31,101.77,1.46,1,13.82
ORD003797,CUST0980,WH008,DRV0105,VEH0036,2026-03-20,Salem,Confirmed,Delayed,100.0,5.08,42.9,37.87,0.0,1,19.69
ORD003798,CUST0336,WH010,DRV0061,VEH0199,2026-02-19,Tirunelveli,Confirmed,In Transit,118.06,11.23,94.32,83.83,0.0,0,10.51
ORD003799,CUST0758,WH006,DRV0041,VEH0141,2026-03-15,Trichy,Processing,Delivered,182.54,18.92,141.3,129.28,0.0,0,9.65
ORD003800,CUST0208,WH003,DRV0148,VEH0101,2026-01-07,Salem,Processing,Delivered,353.07,20.71,128.95,124.16,0.0,0,17.05
ORD003801,CUST0035,WH003,DRV0046,VEH0150,2026-06-15,Trichy,Dispatched,Delivered,100.0,19.59,82.31,74.36,0.0,0,5.1
ORD003802,CUST0114,WH003,DRV0158,VEH0018,2026-03-14,Salem,Dispatched,Delivered,249.89,7.01,58.57,58.31,0.0,0,35.65
ORD003803,CUST0032,WH004,DRV0039,VEH0115,2026-02-02,Coimbatore,Processing,Delivered,291.59,3.5,34.15,37.77,3.62,1,83.31
ORD003804,CUST0765,WH002,DRV0040,VEH0006,2026-08-03,Erode,Cancelled,Cancelled,321.67,4.65,,,,0,69.18
ORD003805,CUST0855,WH005,DRV0179,VEH0196,2026-02-09,Chennai,Dispatched,Delivered,172.08,11.6,122.33,108.62,0.0,0,14.83
ORD003806,CUST0760,WH008,DRV0002,VEH0067,2026-05-15,Trichy,Dispatched,Delivered,358.53,12.35,55.23,64.53,9.3,1,29.03
ORD003807,CUST0921,WH007,DRV0193,VEH0125,2026-01-23,Salem,Confirmed,Delivered,106.72,11.57,88.21,95.32,7.11,1,9.22
ORD003808,CUST0939,WH009,DRV0156,VEH0052,2026-07-24,Madurai,Processing,Delivered,335.15,5.19,59.32,63.81,4.49,1,64.58
ORD003809,CUST0156,WH003,DRV0051,VEH0198,2026-03-02,Madurai,Dispatched,Delivered,174.15,7.99,61.27,69.65,8.38,1,21.8
ORD003810,CUST0877,WH004,DRV0120,VEH0003,2026-08-05,Vellore,Dispatched,Delivered,186.4,29.83,90.39,98.5,8.11,1,6.25
ORD003811,CUST0504,WH008,DRV0008,VEH0145,2026-01-15,Chennai,Processing,Delivered,185.05,14.51,103.57,107.3,3.73,1,12.75
ORD003812,CUST0834,WH010,DRV0031,VEH0127,2026-05-31,Erode,Dispatched,Delayed,276.6,11.09,54.9,48.5,0.0,1,24.94
ORD003813,CUST0963,WH003,DRV0039,VEH0066,2026-05-19,Vellore,Dispatched,Delivered,100.0,29.42,217.94,196.68,0.0,0,3.4
ORD003814,CUST0863,WH001,DRV0188,VEH0185,2026-01-10,Tirunelveli,Processing,Delayed,322.29,33.59,132.18,116.58,0.0,1,9.59
ORD003815,CUST0353,WH002,DRV0083,VEH0022,2026-03-06,Trichy,Dispatched,In Transit,319.28,8.55,78.36,88.43,10.07,1,37.34
ORD003816,CUST0929,WH010,DRV0144,VEH0113,2026-03-29,Vellore,Dispatched,Delivered,149.01,14.58,64.93,75.64,10.71,1,10.22
ORD003817,CUST0303,WH010,DRV0023,VEH0139,2026-06-25,Coimbatore,Confirmed,In Transit,181.56,3.99,36.5,41.34,4.84,1,45.5
ORD003818,CUST0118,WH008,DRV0139,VEH0164,2026-03-29,Tirunelveli,Dispatched,Delivered,103.69,3.29,30.76,27.36,0.0,0,31.52
ORD003819,CUST0035,WH007,DRV0121,VEH0053,2026-03-11,Coimbatore,Dispatched,Delayed,100.0,9.93,65.66,73.18,7.52,1,10.07
ORD003820,CUST0868,WH004,DRV0182,VEH0076,2026-08-04,Chennai,Dispatched,Delivered,206.09,4.97,52.56,51.44,0.0,0,41.47
ORD003821,CUST0320,WH008,DRV0069,VEH0168,2026-03-29,Coimbatore,Processing,Delivered,206.96,8.0,50.9,55.43,4.53,1,25.87
ORD003822,CUST0218,WH003,DRV0012,VEH0035,2026-06-02,Erode,Processing,Delivered,145.61,13.69,74.42,86.92,12.5,1,10.64
ORD003823,CUST0268,WH001,DRV0036,VEH0043,2026-07-13,Erode,Dispatched,Delivered,100.0,25.82,145.24,165.91,20.67,1,3.87
ORD003824,CUST0888,WH004,DRV0057,VEH0045,2026-05-30,Salem,Cancelled,Cancelled,243.98,14.83,,,,0,16.45
ORD003825,CUST0693,WH006,DRV0154,VEH0121,2026-06-06,Tirunelveli,Processing,Delivered,143.33,8.61,58.75,64.94,6.19,1,16.65
ORD003826,CUST0044,WH006,DRV0092,VEH0169,2026-05-13,Erode,Confirmed,Delivered,111.38,34.76,127.59,138.88,11.29,1,3.2
ORD003827,CUST0174,WH004,DRV0194,VEH0064,2026-03-17,Chennai,Confirmed,Delivered,415.45,12.16,85.68,88.96,3.28,1,34.17
ORD003828,CUST0779,WH008,DRV0090,VEH0015,2026-06-10,Tirunelveli,Dispatched,Delayed,100.0,20.87,142.32,135.91,0.0,1,4.79
ORD003829,CUST0198,WH009,DRV0004,VEH0044,2026-03-25,Trichy,Processing,Delivered,261.19,21.99,130.26,131.47,1.21,1,11.88
ORD003830,CUST0857,WH002,DRV0144,VEH0042,2026-07-07,Coimbatore,Dispatched,Delivered,100.0,11.03,94.04,82.97,0.0,0,9.07
ORD003831,CUST0302,WH003,DRV0022,VEH0187,2026-01-29,Salem,Confirmed,Delivered,100.0,1.91,35.53,36.25,0.72,1,52.36
ORD003832,CUST0955,WH008,DRV0192,VEH0085,2026-01-17,Vellore,Dispatched,Delivered,248.08,7.36,60.78,66.81,6.03,1,33.71
ORD003833,CUST0827,WH001,DRV0107,VEH0004,2026-03-31,Erode,Processing,Delivered,145.69,7.6,66.89,66.17,0.0,0,19.17
ORD003834,CUST0930,WH001,DRV0070,VEH0071,2026-04-21,Tirunelveli,Dispatched,Delivered,100.0,11.28,91.06,92.42,1.36,1,8.87
ORD003835,CUST0099,WH007,DRV0139,VEH0029,2026-03-28,Tirunelveli,Dispatched,Delivered,336.12,9.74,82.63,76.08,0.0,0,34.51
ORD003836,CUST0405,WH010,DRV0170,VEH0169,2026-06-10,Vellore,Confirmed,Delivered,230.75,10.09,100.9,89.25,0.0,0,22.87
ORD003837,CUST0722,WH007,DRV0085,VEH0006,2026-05-16,Coimbatore,Dispatched,Delivered,100.0,11.75,88.81,80.67,0.0,0,8.51
ORD003838,CUST0712,WH007,DRV0039,VEH0167,2026-07-27,Chennai,Confirmed,Delivered,338.19,13.19,63.62,65.81,2.19,1,25.64
ORD003839,CUST0994,WH005,DRV0175,VEH0194,2026-07-13,Chennai,Dispatched,Delivered,100.0,3.43,41.84,45.73,3.89,1,29.15
ORD003840,CUST0820,WH007,DRV0150,VEH0081,2026-06-27,Coimbatore,Dispatched,In Transit,100.0,13.05,87.19,77.55,0.0,0,7.66
ORD003841,CUST0304,WH009,DRV0030,VEH0093,2026-01-31,Tirunelveli,Dispatched,Delayed,106.34,17.66,112.6,116.59,3.99,1,6.02
ORD003842,CUST0846,WH006,DRV0158,VEH0155,2026-02-28,Erode,Dispatched,Delivered,176.41,35.06,130.49,120.71,0.0,0,5.03
ORD003843,CUST0147,WH006,DRV0161,VEH0135,2026-05-16,Chennai,Processing,Delivered,190.62,12.75,78.53,68.47,0.0,0,14.95
ORD003844,CUST0724,WH003,DRV0104,VEH0139,2026-04-05,Erode,Confirmed,Delivered,100.0,20.06,93.99,91.86,0.0,0,4.99
ORD003845,CUST0388,WH007,DRV0158,VEH0114,2026-06-12,Madurai,Confirmed,Delivered,100.0,16.68,92.24,92.8,0.56,1,6.0
ORD003846,CUST0870,WH006,DRV0165,VEH0103,2026-06-13,Erode,Dispatched,Delivered,110.54,6.77,46.79,44.14,0.0,0,16.33
ORD003847,CUST0544,WH005,DRV0053,VEH0032,2026-06-25,Tirunelveli,Dispatched,Delivered,115.23,13.28,76.12,83.82,7.7,1,8.68
ORD003848,CUST0346,WH003,DRV0158,VEH0114,2026-05-15,Erode,Confirmed,Delivered,297.43,27.86,172.64,173.25,0.61,1,10.68
ORD003849,CUST0156,WH003,DRV0154,VEH0087,2026-04-28,Erode,Dispatched,Delayed,138.57,26.97,157.63,167.03,9.4,1,5.14
ORD003850,CUST0588,WH006,DRV0134,VEH0051,2026-06-06,Erode,Processing,Delivered,293.74,26.95,116.68,129.75,13.07,1,10.9
ORD003851,CUST0442,WH006,DRV0054,VEH0040,2026-04-15,Chennai,Processing,Delivered,369.55,50.0,329.84,319.29,0.0,0,7.39
ORD003852,CUST0202,WH005,DRV0184,VEH0135,2026-03-31,Erode,Dispatched,Delivered,260.13,17.52,115.37,112.81,0.0,0,14.85
ORD003853,CUST0937,WH003,DRV0132,VEH0001,2026-06-03,Vellore,Dispatched,Delivered,100.0,8.74,58.65,54.39,0.0,0,11.44
ORD003854,CUST0739,WH002,DRV0079,VEH0153,2026-04-25,Erode,Dispatched,Delivered,148.77,17.77,118.22,106.32,0.0,0,8.37
ORD003855,CUST0801,WH004,DRV0036,VEH0006,2026-06-11,Erode,Confirmed,Delivered,162.7,6.12,52.69,57.51,4.82,1,26.58
ORD003856,CUST0142,WH004,DRV0063,VEH0095,2026-06-06,Trichy,Dispatched,Delivered,174.97,15.92,103.6,95.58,0.0,0,10.99
ORD003857,CUST0104,WH010,DRV0131,VEH0125,2026-08-30,Coimbatore,Confirmed,Delivered,100.0,5.88,65.86,68.59,2.73,1,17.01
ORD003858,CUST0215,WH002,DRV0057,VEH0016,2026-04-03,Tirunelveli,Confirmed,Delayed,110.32,7.31,60.78,58.52,0.0,1,15.09
ORD003859,CUST0978,WH009,DRV0080,VEH0143,2026-04-27,Madurai,Dispatched,Delivered,100.0,3.18,43.08,38.98,0.0,0,31.45
ORD003860,CUST0309,WH003,DRV0016,VEH0150,2026-03-12,Coimbatore,Dispatched,Delivered,100.0,15.18,77.33,83.43,6.1,1,6.59
ORD003861,CUST0108,WH001,DRV0168,VEH0146,2026-08-19,Tirunelveli,Processing,Delivered,153.22,26.09,176.82,171.62,0.0,0,5.87
ORD003862,CUST0460,WH005,DRV0181,VEH0178,2026-05-25,Chennai,Processing,Delivered,111.94,12.79,79.18,79.65,0.47,1,8.75
ORD003863,CUST0810,WH010,DRV0120,VEH0072,2026-06-19,Madurai,Dispatched,Delivered,104.12,11.75,84.0,77.26,0.0,0,8.86
ORD003864,CUST0804,WH003,DRV0134,VEH0138,2026-03-05,Coimbatore,Processing,Delivered,159.38,7.7,62.42,58.93,0.0,0,20.7
ORD003865,CUST0537,WH006,DRV0149,VEH0049,2026-07-18,Chennai,Cancelled,Cancelled,131.64,21.33,,,,0,6.17
ORD003866,CUST0948,WH001,DRV0009,VEH0198,2026-01-02,Tirunelveli,Dispatched,Delayed,206.4,23.57,109.92,117.39,7.47,1,8.76
ORD003867,CUST0229,WH010,DRV0191,VEH0107,2026-06-17,Chennai,Confirmed,Delivered,137.98,4.14,47.91,45.14,0.0,0,33.33
ORD003868,CUST0936,WH004,DRV0171,VEH0138,2026-04-17,Tirunelveli,Dispatched,In Transit,100.0,13.55,95.11,92.18,0.0,0,7.38
ORD003869,CUST0627,WH001,DRV0200,VEH0039,2026-04-27,Coimbatore,Dispatched,Delivered,100.0,20.84,114.38,115.89,1.51,1,4.8
ORD003870,CUST0854,WH001,DRV0028,VEH0058,2026-06-12,Tirunelveli,Processing,Delivered,146.46,8.69,68.18,70.76,2.58,1,16.85
ORD003871,CUST0966,WH010,DRV0045,VEH0199,2026-06-04,Coimbatore,Dispatched,Delivered,135.48,3.69,37.9,39.92,2.02,1,36.72
ORD003872,CUST0208,WH008,DRV0058,VEH0170,2026-08-24,Erode,Confirmed,In Transit,100.0,5.67,36.02,42.23,6.21,1,17.64
ORD003873,CUST0702,WH010,DRV0029,VEH0045,2026-01-30,Coimbatore,Dispatched,Delivered,281.4,28.74,187.79,208.46,20.67,1,9.79
ORD003874,CUST0727,WH004,DRV0095,VEH0028,2026-07-10,Madurai,Confirmed,Delivered,222.06,23.05,95.54,110.11,14.57,1,9.63
ORD003875,CUST0521,WH010,DRV0121,VEH0089,2026-02-10,Erode,Dispatched,Delivered,122.67,24.9,158.64,143.63,0.0,0,4.93
ORD003876,CUST0619,WH003,DRV0182,VEH0092,2026-06-04,Madurai,Processing,Delivered,162.98,4.66,62.03,55.98,0.0,0,34.97
ORD003877,CUST0739,WH006,DRV0057,VEH0073,2026-07-03,Trichy,Processing,Delivered,100.0,20.71,94.26,85.39,0.0,0,4.83
ORD003878,CUST0733,WH010,DRV0033,VEH0005,2026-07-09,Erode,Dispatched,Delayed,315.61,29.9,184.84,168.75,0.0,1,10.56
ORD003879,CUST0718,WH009,DRV0198,VEH0057,2026-04-02,Madurai,Confirmed,Delivered,695.62,7.35,51.44,56.13,4.69,1,94.64
ORD003880,CUST0837,WH006,DRV0192,VEH0080,2026-07-04,Chennai,Processing,Delivered,119.23,10.35,76.78,76.97,0.19,1,11.52
ORD003881,CUST0405,WH001,DRV0108,VEH0029,2026-06-30,Madurai,Processing,Delivered,401.64,13.92,86.32,76.91,0.0,0,28.85
ORD003882,CUST0181,WH008,DRV0132,VEH0055,2026-05-07,Coimbatore,Processing,Delivered,103.59,15.43,94.07,87.27,0.0,0,6.71
ORD003883,CUST0838,WH001,DRV0016,VEH0151,2026-05-29,Coimbatore,Dispatched,Delivered,128.28,9.01,53.85,63.31,9.46,1,14.24
ORD003884,CUST0641,WH003,DRV0131,VEH0057,2026-08-21,Madurai,Dispatched,Delivered,460.31,22.23,95.07,96.24,1.17,1,20.71
ORD003885,CUST0799,WH009,DRV0089,VEH0146,2026-05-10,Chennai,Confirmed,Delivered,167.69,17.08,71.17,83.41,12.24,1,9.82
ORD003886,CUST0685,WH004,DRV0191,VEH0154,2026-05-17,Trichy,Dispatched,Delivered,283.31,6.38,42.24,45.21,2.97,1,44.41
ORD003887,CUST0156,WH008,DRV0081,VEH0133,2026-08-04,Erode,Dispatched,Delivered,152.15,21.32,166.51,169.78,3.27,1,7.14
ORD003888,CUST0896,WH009,DRV0150,VEH0136,2026-01-27,Coimbatore,Dispatched,Delivered,100.0,10.85,99.4,88.92,0.0,0,9.22
ORD003889,CUST0387,WH008,DRV0082,VEH0147,2026-07-16,Salem,Processing,Delivered,828.25,17.55,108.26,103.47,0.0,0,47.19
ORD003890,CUST0102,WH006,DRV0096,VEH0156,2026-01-09,Erode,Dispatched,Delivered,157.45,6.76,64.59,67.37,2.78,1,23.29
ORD003891,CUST0116,WH009,DRV0146,VEH0196,2026-06-16,Trichy,Cancelled,Cancelled,200.63,7.04,,,,0,28.5
ORD003892,CUST0471,WH006,DRV0057,VEH0084,2026-01-21,Tirunelveli,Dispatched,Delivered,112.6,3.49,45.5,41.54,0.0,0,32.26
ORD003893,CUST0680,WH005,DRV0153,VEH0050,2026-04-02,Salem,Dispatched,Delivered,300.99,24.05,129.34,137.61,8.27,1,12.52
ORD003894,CUST0004,WH008,DRV0028,VEH0086,2026-04-21,Erode,Processing,Delivered,286.94,20.04,155.17,149.99,0.0,0,14.32
ORD003895,CUST0198,WH004,DRV0168,VEH0076,2026-08-11,Salem,Dispatched,Delivered,100.0,13.97,85.22,91.76,6.54,1,7.16
ORD003896,CUST0204,WH003,DRV0151,VEH0193,2026-05-17,Salem,Cancelled,Cancelled,202.6,4.52,,,,0,44.82
ORD003897,CUST0396,WH004,DRV0136,VEH0008,2026-02-15,Coimbatore,Dispatched,Delivered,320.57,26.57,119.74,139.66,19.92,1,12.07
ORD003898,CUST0378,WH009,DRV0141,VEH0188,2026-08-07,Erode,Processing,Delivered,395.55,17.34,141.48,127.96,0.0,0,22.81
ORD003899,CUST0574,WH004,DRV0172,VEH0186,2026-02-21,Coimbatore,Dispatched,Delivered,275.94,9.0,53.85,62.29,8.44,1,30.66
ORD003900,CUST0583,WH007,DRV0121,VEH0155,2026-01-22,Vellore,Dispatched,Delivered,292.17,14.84,91.47,99.72,8.25,1,19.69
ORD003901,CUST0604,WH001,DRV0047,VEH0109,2026-08-27,Erode,Dispatched,In Transit,127.6,10.66,73.93,77.82,3.89,1,11.97
ORD003902,CUST0474,WH006,DRV0010,VEH0033,2026-08-06,Salem,Dispatched,Delivered,100.0,17.34,111.93,107.88,0.0,0,5.77
ORD003903,CUST0688,WH008,DRV0041,VEH0102,2026-01-17,Salem,Dispatched,Delivered,148.11,5.98,41.98,39.38,0.0,0,24.77
ORD003904,CUST0391,WH007,DRV0195,VEH0174,2026-01-27,Trichy,Processing,Delivered,100.0,2.55,19.4,22.19,2.79,1,39.22
ORD003905,CUST0697,WH005,DRV0074,VEH0165,2026-06-04,Coimbatore,Dispatched,Delivered,112.13,16.33,100.96,116.98,16.02,1,6.87
ORD003906,CUST0568,WH004,DRV0177,VEH0121,2026-03-18,Salem,Confirmed,Delayed,111.04,18.01,71.64,65.74,0.0,1,6.17
ORD003907,CUST0579,WH002,DRV0192,VEH0197,2026-04-21,Erode,Dispatched,Delivered,100.0,3.48,29.74,27.96,0.0,0,28.74
ORD003908,CUST0909,WH001,DRV0015,VEH0127,2026-02-10,Chennai,Processing,Delivered,256.21,1.93,41.43,37.68,0.0,0,132.75
ORD003909,CUST0436,WH001,DRV0189,VEH0143,2026-07-08,Tirunelveli,Dispatched,Delivered,100.0,14.08,77.32,73.43,0.0,0,7.1
ORD003910,CUST0063,WH005,DRV0074,VEH0195,2026-05-22,Erode,Dispatched,Delivered,597.72,16.7,86.54,80.48,0.0,0,35.79
ORD003911,CUST0553,WH009,DRV0052,VEH0156,2026-06-11,Coimbatore,Processing,Delivered,344.79,10.37,83.35,86.49,3.14,1,33.25
ORD003912,CUST0971,WH007,DRV0174,VEH0191,2026-01-12,Coimbatore,Processing,Delivered,392.75,6.26,45.98,44.77,0.0,0,62.74
ORD003913,CUST0743,WH002,DRV0059,VEH0094,2026-01-10,Erode,Dispatched,Delivered,115.82,35.19,168.13,154.02,0.0,0,3.29
ORD003914,CUST0663,WH006,DRV0176,VEH0003,2026-03-06,Tirunelveli,Confirmed,Delivered,206.48,15.75,94.92,105.27,10.35,1,13.11
ORD003915,CUST0175,WH010,DRV0118,VEH0052,2026-08-26,Tirunelveli,Confirmed,Delivered,100.0,23.85,153.39,157.03,3.64,1,4.19
ORD003916,CUST0833,WH007,DRV0039,VEH0044,2026-08-06,Tirunelveli,Cancelled,Cancelled,208.78,5.28,,,,0,39.54
ORD003917,CUST0738,WH008,DRV0126,VEH0060,2026-05-17,Chennai,Dispatched,Delivered,100.0,26.1,125.96,124.74,0.0,0,3.83
ORD003918,CUST0927,WH009,DRV0042,VEH0058,2026-04-11,Tirunelveli,Dispatched,Delivered,361.58,15.38,70.52,66.88,0.0,0,23.51
ORD003919,CUST0609,WH003,DRV0051,VEH0095,2026-05-27,Vellore,Dispatched,Delivered,119.2,33.04,205.21,218.81,13.6,1,3.61
ORD003920,CUST0740,WH002,DRV0050,VEH0142,2026-01-02,Salem,Dispatched,Delivered,220.71,17.55,88.89,103.4,14.51,1,12.58
ORD003921,CUST0036,WH007,DRV0092,VEH0134,2026-08-18,Madurai,Processing,Delivered,249.01,12.66,71.97,83.81,11.84,1,19.67
ORD003922,CUST0014,WH008,DRV0105,VEH0019,2026-01-20,Coimbatore,Dispatched,In Transit,126.46,11.26,99.03,87.42,0.0,0,11.23
ORD003923,CUST0165,WH009,DRV0066,VEH0190,2026-06-06,Tirunelveli,Confirmed,Delivered,107.89,7.53,48.15,42.48,0.0,0,14.33
ORD003924,CUST0928,WH010,DRV0169,VEH0005,2026-05-23,Salem,Confirmed,Delivered,167.65,11.34,47.37,51.86,4.49,1,14.78
ORD003925,CUST0181,WH005,DRV0058,VEH0177,2026-08-05,Tirunelveli,Confirmed,Delivered,305.49,17.74,60.93,68.14,7.21,1,17.22
ORD003926,CUST0412,WH009,DRV0127,VEH0179,2026-08-01,Chennai,Dispatched,Delivered,164.75,19.72,57.55,67.28,9.73,1,8.35
ORD003927,CUST0193,WH001,DRV0004,VEH0123,2026-05-26,Erode,Dispatched,Delivered,268.25,6.74,43.88,47.73,3.85,1,39.8
ORD003928,CUST0303,WH009,DRV0177,VEH0026,2026-03-25,Chennai,Processing,Delivered,303.74,4.16,36.58,38.49,1.91,1,73.01
ORD003929,CUST0711,WH010,DRV0131,VEH0114,2026-01-21,Coimbatore,Dispatched,Delivered,159.96,14.56,82.16,89.07,6.91,1,10.99
ORD003930,CUST0848,WH005,DRV0032,VEH0184,2026-02-14,Chennai,Processing,Delivered,168.47,3.34,23.49,21.57,0.0,0,50.44
ORD003931,CUST0246,WH002,DRV0175,VEH0108,2026-05-13,Chennai,Confirmed,Delivered,198.39,11.5,53.14,49.44,0.0,0,17.25
ORD003932,CUST0928,WH006,DRV0062,VEH0018,2026-01-09,Salem,Dispatched,Delivered,380.91,4.58,26.95,30.82,3.87,1,83.17
ORD003933,CUST0408,WH001,DRV0144,VEH0173,2026-03-13,Tirunelveli,Dispatched,Delivered,145.02,19.22,136.98,129.32,0.0,0,7.55
ORD003934,CUST0014,WH007,DRV0196,VEH0009,2026-03-08,Chennai,Dispatched,Delivered,379.76,8.97,63.54,63.15,0.0,0,42.34
ORD003935,CUST0431,WH007,DRV0018,VEH0090,2026-04-19,Madurai,Dispatched,Delivered,213.97,9.75,42.09,47.31,5.22,1,21.95
ORD003936,CUST0079,WH010,DRV0134,VEH0130,2026-01-07,Erode,Dispatched,Delivered,112.3,3.97,40.34,37.64,0.0,0,28.29
ORD003937,CUST0884,WH008,DRV0106,VEH0122,2026-07-19,Erode,Processing,Delivered,176.39,22.42,77.46,88.44,10.98,1,7.87
ORD003938,CUST0001,WH001,DRV0065,VEH0042,2026-05-19,Erode,Dispatched,Delivered,100.0,13.56,109.28,121.0,11.72,1,7.37
ORD003939,CUST0988,WH002,DRV0080,VEH0109,2026-04-29,Salem,Dispatched,Delivered,100.0,13.88,81.98,91.62,9.64,1,7.2
ORD003940,CUST0787,WH001,DRV0037,VEH0070,2026-03-16,Salem,Confirmed,Delivered,268.93,4.73,69.55,61.46,0.0,0,56.86
ORD003941,CUST0889,WH008,DRV0073,VEH0084,2026-03-27,Erode,Dispatched,Delivered,304.46,3.12,39.73,37.5,0.0,0,97.58
ORD003942,CUST0826,WH008,DRV0191,VEH0072,2026-04-06,Erode,Dispatched,Delivered,177.42,6.71,46.74,48.02,1.28,1,26.44
ORD003943,CUST0647,WH003,DRV0081,VEH0109,2026-08-25,Coimbatore,Processing,Delivered,186.98,8.82,56.85,51.84,0.0,0,21.2
ORD003944,CUST0466,WH010,DRV0100,VEH0068,2026-03-12,Salem,Dispatched,Delayed,124.6,6.57,43.77,47.85,4.08,1,18.96
ORD003945,CUST0511,WH002,DRV0059,VEH0089,2026-05-05,Coimbatore,Dispatched,Delivered,202.44,33.13,203.76,180.43,0.0,0,6.11
ORD003946,CUST0495,WH009,DRV0095,VEH0031,2026-04-13,Chennai,Processing,Delivered,657.18,22.79,89.72,84.71,0.0,0,28.84
ORD003947,CUST0845,WH005,DRV0162,VEH0122,2026-03-23,Trichy,Confirmed,Delivered,349.43,11.69,65.58,64.43,0.0,0,29.89
ORD003948,CUST0115,WH009,DRV0037,VEH0019,2026-06-08,Madurai,Processing,Delivered,172.53,7.07,70.75,65.0,0.0,0,24.4
ORD003949,CUST0576,WH002,DRV0162,VEH0071,2026-04-26,Tirunelveli,Dispatched,Delivered,163.03,5.36,66.37,63.61,0.0,0,30.42
ORD003950,CUST0274,WH006,DRV0173,VEH0175,2026-06-01,Madurai,Dispatched,Delivered,141.93,11.35,99.08,88.77,0.0,0,12.5
ORD003951,CUST0447,WH001,DRV0101,VEH0037,2026-08-07,Chennai,Dispatched,Delivered,100.0,14.17,81.27,73.97,0.0,0,7.06
ORD003952,CUST0708,WH007,DRV0129,VEH0094,2026-08-25,Vellore,Processing,Delivered,132.44,8.51,47.18,51.88,4.7,1,15.56
ORD003953,CUST0306,WH004,DRV0053,VEH0019,2026-04-15,Trichy,Confirmed,Delivered,280.97,15.5,87.76,95.2,7.44,1,18.13
ORD003954,CUST0324,WH007,DRV0062,VEH0093,2026-06-01,Salem,Confirmed,Delivered,100.0,8.07,54.41,62.57,8.16,1,12.39
ORD003955,CUST0603,WH009,DRV0143,VEH0153,2026-04-21,Trichy,Dispatched,Delivered,151.1,5.32,57.66,62.94,5.28,1,28.4
ORD003956,CUST0784,WH001,DRV0051,VEH0053,2026-04-08,Salem,Dispatched,Delivered,100.0,15.52,91.95,96.48,4.53,1,6.44
ORD003957,CUST0398,WH001,DRV0014,VEH0075,2026-03-22,Salem,Dispatched,Delivered,302.03,3.04,43.12,50.22,7.1,1,99.35
ORD003958,CUST0958,WH007,DRV0108,VEH0132,2026-05-18,Salem,Processing,Delivered,100.0,4.14,34.56,36.59,2.03,1,24.15
ORD003959,CUST0590,WH010,DRV0098,VEH0046,2026-03-15,Trichy,Dispatched,Delivered,266.46,5.99,36.25,33.52,0.0,0,44.48
ORD003960,CUST0391,WH002,DRV0059,VEH0159,2026-07-31,Chennai,Dispatched,Delivered,353.76,7.64,40.82,37.04,0.0,0,46.3
ORD003961,CUST0749,WH008,DRV0180,VEH0036,2026-08-23,Salem,Confirmed,Delivered,146.91,17.78,91.23,107.0,15.77,1,8.26
ORD003962,CUST0312,WH004,DRV0001,VEH0132,2026-02-16,Tirunelveli,Dispatched,Delivered,115.99,3.98,33.66,39.5,5.84,1,29.14
ORD003963,CUST0014,WH007,DRV0145,VEH0130,2026-04-17,Erode,Processing,In Transit,246.86,9.78,69.51,77.76,8.25,1,25.24
ORD003964,CUST0170,WH010,DRV0056,VEH0167,2026-05-26,Chennai,Cancelled,Cancelled,513.67,14.28,,,,0,35.97
ORD003965,CUST0109,WH002,DRV0133,VEH0044,2026-01-21,Salem,Processing,Delivered,433.59,13.52,58.38,58.92,0.54,1,32.07
ORD003966,CUST0838,WH008,DRV0145,VEH0091,2026-05-18,Chennai,Dispatched,Delivered,172.79,17.79,152.22,132.96,0.0,0,9.71
ORD003967,CUST0830,WH006,DRV0018,VEH0090,2026-01-26,Vellore,Processing,Delivered,102.1,9.98,106.72,95.61,0.0,0,10.23
ORD003968,CUST0043,WH001,DRV0089,VEH0147,2026-05-15,Vellore,Processing,Delivered,155.89,7.47,104.32,93.39,0.0,0,20.87
ORD003969,CUST0825,WH009,DRV0055,VEH0121,2026-06-09,Tirunelveli,Confirmed,Delivered,100.0,24.96,163.63,184.16,20.53,1,4.01
ORD003970,CUST0358,WH002,DRV0047,VEH0108,2026-04-10,Vellore,Dispatched,Delivered,126.32,7.27,38.79,39.08,0.29,1,17.38
ORD003971,CUST0475,WH004,DRV0177,VEH0041,2026-03-06,Tirunelveli,Dispatched,Delayed,242.95,6.6,64.44,56.13,0.0,1,36.81
ORD003972,CUST0075,WH009,DRV0151,VEH0122,2026-07-26,Chennai,Dispatched,Delivered,142.74,6.27,30.71,34.32,3.61,1,22.77
ORD003973,CUST0927,WH008,DRV0104,VEH0103,2026-08-30,Erode,Processing,Delivered,122.7,6.12,53.84,52.67,0.0,0,20.05
ORD003974,CUST0307,WH008,DRV0021,VEH0097,2026-05-29,Chennai,Processing,Delivered,174.85,28.61,162.03,169.97,7.94,1,6.11
ORD003975,CUST0753,WH004,DRV0157,VEH0038,2026-03-08,Erode,Processing,In Transit,152.16,31.56,207.61,214.84,7.23,1,4.82
ORD003976,CUST0505,WH001,DRV0188,VEH0193,2026-06-06,Coimbatore,Confirmed,Delivered,296.21,19.17,99.04,88.65,0.0,0,15.45
ORD003977,CUST0835,WH010,DRV0174,VEH0114,2026-07-14,Erode,Dispatched,Delivered,100.0,15.91,103.66,101.0,0.0,0,6.29
ORD003978,CUST0897,WH004,DRV0100,VEH0163,2026-03-20,Tirunelveli,Dispatched,Delivered,255.24,6.61,58.77,54.54,0.0,0,38.61
ORD003979,CUST0080,WH003,DRV0010,VEH0011,2026-02-23,Tirunelveli,Dispatched,In Transit,175.92,8.42,65.49,62.25,0.0,0,20.89
ORD003980,CUST0684,WH003,DRV0084,VEH0187,2026-04-25,Trichy,Dispatched,Delivered,240.39,3.61,39.44,39.1,0.0,0,66.59
ORD003981,CUST0987,WH001,DRV0053,VEH0078,2026-04-14,Salem,Processing,In Transit,100.0,9.84,83.25,76.55,0.0,0,10.16
ORD003982,CUST0494,WH009,DRV0127,VEH0070,2026-08-16,Vellore,Processing,Delivered,321.82,4.45,44.61,39.09,0.0,0,72.32
ORD003983,CUST0946,WH003,DRV0135,VEH0043,2026-08-08,Salem,Dispatched,Delivered,258.0,12.9,81.9,71.84,0.0,0,20.0
ORD003984,CUST0828,WH004,DRV0030,VEH0104,2026-01-15,Coimbatore,Processing,Delivered,537.85,6.96,34.55,31.79,0.0,0,77.28
ORD003985,CUST0259,WH001,DRV0093,VEH0089,2026-08-27,Chennai,Processing,Delivered,105.5,13.61,73.75,74.03,0.28,1,7.75
ORD003986,CUST0504,WH003,DRV0055,VEH0118,2026-02-06,Chennai,Processing,Delivered,123.94,6.19,43.66,48.57,4.91,1,20.02
ORD003987,CUST0328,WH001,DRV0065,VEH0005,2026-02-06,Salem,Processing,In Transit,100.0,3.19,46.27,53.59,7.32,1,31.35
ORD003988,CUST0626,WH004,DRV0021,VEH0154,2026-03-25,Vellore,Confirmed,Delivered,106.13,5.51,44.22,48.1,3.88,1,19.26
ORD003989,CUST0848,WH010,DRV0007,VEH0032,2026-08-18,Erode,Dispatched,Delivered,460.49,14.37,67.92,71.34,3.42,1,32.05
ORD003990,CUST0111,WH007,DRV0044,VEH0047,2026-02-23,Madurai,Dispatched,Delivered,219.6,14.97,67.26,75.66,8.4,1,14.67
ORD003991,CUST0822,WH010,DRV0068,VEH0184,2026-01-26,Salem,Processing,Delivered,113.05,14.03,54.86,59.8,4.94,1,8.06
ORD003992,CUST0514,WH008,DRV0103,VEH0090,2026-02-06,Erode,Confirmed,Delivered,197.65,12.79,67.81,77.49,9.68,1,15.45
ORD003993,CUST0541,WH008,DRV0143,VEH0050,2026-02-03,Salem,Dispatched,Delivered,174.16,11.69,81.37,80.8,0.0,0,14.9
ORD003994,CUST0784,WH001,DRV0098,VEH0099,2026-06-01,Coimbatore,Processing,Delivered,100.0,17.12,102.71,115.68,12.97,1,5.84
ORD003995,CUST0247,WH006,DRV0002,VEH0186,2026-05-23,Chennai,Processing,Delivered,100.0,1.96,29.42,27.42,0.0,0,51.02
ORD003996,CUST0221,WH008,DRV0101,VEH0156,2026-02-24,Trichy,Confirmed,Delayed,372.19,27.79,117.34,123.54,6.2,1,13.39
ORD003997,CUST0607,WH010,DRV0131,VEH0095,2026-07-16,Vellore,Processing,Delivered,292.6,9.66,75.98,72.25,0.0,0,30.29
ORD003998,CUST0746,WH010,DRV0176,VEH0079,2026-01-11,Vellore,Dispatched,In Transit,100.0,17.2,89.66,80.43,0.0,0,5.81
ORD003999,CUST0315,WH008,DRV0196,VEH0183,2026-05-01,Salem,Dispatched,Delivered,166.92,11.06,85.81,97.98,12.17,1,15.09
ORD004000,CUST0395,WH009,DRV0047,VEH0058,2026-02-08,Vellore,Processing,Delivered,113.84,6.87,60.52,52.78,0.0,0,16.57
ORD004001,CUST0755,WH008,DRV0171,VEH0168,2026-08-12,Erode,Processing,Delivered,367.88,9.17,97.94,93.85,0.0,0,40.12
ORD004002,CUST0480,WH005,DRV0100,VEH0186,2026-01-22,Vellore,Confirmed,Delivered,242.48,5.3,28.77,33.22,4.45,1,45.75
ORD004003,CUST0024,WH001,DRV0027,VEH0072,2026-05-14,Vellore,Confirmed,In Transit,100.0,5.93,39.28,41.6,2.32,1,16.86
ORD004004,CUST0851,WH009,DRV0132,VEH0174,2026-04-11,Salem,Dispatched,Delivered,196.01,15.42,106.61,95.54,0.0,0,12.71
ORD004005,CUST0672,WH010,DRV0036,VEH0074,2026-01-01,Trichy,Dispatched,Delivered,176.49,12.96,84.14,81.78,0.0,0,13.62
ORD004006,CUST0842,WH010,DRV0083,VEH0173,2026-04-16,Erode,Dispatched,In Transit,176.81,2.95,40.33,43.08,2.75,1,59.94
ORD004007,CUST0694,WH010,DRV0098,VEH0138,2026-05-23,Coimbatore,Dispatched,Delivered,130.12,6.09,58.57,51.73,0.0,0,21.37
ORD004008,CUST0241,WH010,DRV0080,VEH0102,2026-03-26,Madurai,Dispatched,Delivered,184.22,9.62,79.64,73.32,0.0,0,19.15
ORD004009,CUST0696,WH005,DRV0180,VEH0048,2026-07-11,Erode,Dispatched,Delivered,104.27,11.1,75.98,70.97,0.0,0,9.39
ORD004010,CUST0352,WH007,DRV0173,VEH0190,2026-08-27,Coimbatore,Confirmed,In Transit,100.0,34.49,182.46,163.42,0.0,0,2.9
ORD004011,CUST0855,WH007,DRV0051,VEH0028,2026-08-03,Salem,Confirmed,Delivered,100.0,12.73,84.71,78.37,0.0,0,7.86
ORD004012,CUST0353,WH004,DRV0086,VEH0114,2026-06-28,Coimbatore,Dispatched,Delivered,100.0,2.66,26.91,28.75,1.84,1,37.59
ORD004013,CUST0350,WH008,DRV0160,VEH0020,2026-06-02,Tirunelveli,Processing,Delivered,238.53,11.48,106.32,103.71,0.0,0,20.78
ORD004014,CUST0094,WH010,DRV0002,VEH0088,2026-06-02,Trichy,Dispatched,Delayed,242.78,4.53,28.46,25.81,0.0,1,53.59
ORD004015,CUST0327,WH009,DRV0017,VEH0070,2026-04-27,Coimbatore,Dispatched,Delivered,468.41,9.93,47.75,52.81,5.06,1,47.17
ORD004016,CUST0720,WH004,DRV0023,VEH0041,2026-01-04,Salem,Dispatched,Delivered,156.26,36.45,144.29,160.52,16.23,1,4.29
ORD004017,CUST0939,WH002,DRV0172,VEH0112,2026-05-10,Trichy,Processing,Delivered,285.98,8.07,57.17,63.68,6.51,1,35.44
ORD004018,CUST0053,WH010,DRV0046,VEH0096,2026-06-26,Erode,Dispatched,Delayed,186.9,19.71,111.83,123.12,11.29,1,9.48
ORD004019,CUST0370,WH004,DRV0140,VEH0006,2026-04-13,Erode,Processing,In Transit,220.24,11.4,76.16,86.45,10.29,1,19.32
ORD004020,CUST0897,WH002,DRV0054,VEH0139,2026-05-31,Trichy,Cancelled,Cancelled,306.57,26.99,,,,0,11.36
ORD004021,CUST0094,WH001,DRV0013,VEH0030,2026-03-10,Salem,Confirmed,Delivered,264.63,16.09,83.7,76.4,0.0,0,16.45
ORD004022,CUST0610,WH001,DRV0196,VEH0131,2026-05-30,Salem,Dispatched,Delivered,194.51,21.32,101.78,113.67,11.89,1,9.12
ORD004023,CUST0445,WH004,DRV0071,VEH0200,2026-06-17,Salem,Dispatched,Delivered,121.65,14.26,74.96,70.61,0.0,0,8.53
ORD004024,CUST0630,WH009,DRV0194,VEH0161,2026-05-19,Madurai,Processing,In Transit,216.86,8.0,75.43,72.66,0.0,0,27.11
ORD004025,CUST0290,WH009,DRV0015,VEH0054,2026-04-03,Salem,Dispatched,Delivered,440.01,25.07,148.98,159.7,10.72,1,17.55
ORD004026,CUST0829,WH007,DRV0062,VEH0175,2026-04-03,Coimbatore,Dispatched,Delivered,203.15,13.26,94.44,102.85,8.41,1,15.32
ORD004027,CUST0358,WH005,DRV0152,VEH0010,2026-07-26,Erode,Processing,In Transit,140.19,8.36,36.04,38.96,2.92,1,16.77
ORD004028,CUST0061,WH006,DRV0070,VEH0019,2026-04-09,Tirunelveli,Dispatched,Delivered,309.18,6.87,43.49,40.68,0.0,0,45.0
ORD004029,CUST0479,WH001,DRV0189,VEH0009,2026-06-01,Chennai,Confirmed,Delivered,100.0,13.56,121.48,128.44,6.96,1,7.37
ORD004030,CUST0252,WH003,DRV0071,VEH0135,2026-04-15,Madurai,Dispatched,Delivered,143.46,22.45,158.03,169.31,11.28,1,6.39
ORD004031,CUST0760,WH001,DRV0200,VEH0061,2026-02-09,Madurai,Dispatched,Delivered,100.0,15.05,60.37,70.46,10.09,1,6.64
ORD004032,CUST0776,WH010,DRV0131,VEH0014,2026-08-27,Erode,Processing,Delivered,167.51,8.79,60.67,54.05,0.0,0,19.06
ORD004033,CUST0566,WH005,DRV0157,VEH0002,2026-04-29,Chennai,Confirmed,Delivered,407.57,14.69,109.81,102.07,0.0,0,27.74
ORD004034,CUST0181,WH004,DRV0021,VEH0150,2026-04-21,Vellore,Dispatched,Delivered,274.95,18.5,107.13,108.01,0.88,1,14.86
ORD004035,CUST0148,WH003,DRV0054,VEH0188,2026-05-03,Coimbatore,Confirmed,Delivered,100.0,3.5,68.1,60.11,0.0,0,28.57
ORD004036,CUST0046,WH006,DRV0134,VEH0045,2026-07-05,Madurai,Confirmed,Delivered,121.25,4.57,32.5,34.65,2.15,1,26.53
ORD004037,CUST0118,WH006,DRV0121,VEH0020,2026-06-14,Erode,Dispatched,Delivered,100.0,17.43,85.03,80.8,0.0,0,5.74
ORD004038,CUST0093,WH009,DRV0011,VEH0026,2026-03-11,Madurai,Confirmed,Delivered,360.64,4.44,34.93,37.1,2.17,1,81.23
ORD004039,CUST0543,WH004,DRV0198,VEH0187,2026-02-19,Salem,Confirmed,Delivered,124.14,9.92,64.26,68.04,3.78,1,12.51
ORD004040,CUST0213,WH009,DRV0155,VEH0196,2026-06-21,Tirunelveli,Dispatched,Delivered,190.44,12.16,74.59,67.6,0.0,0,15.66
ORD004041,CUST0154,WH004,DRV0125,VEH0039,2026-04-27,Erode,Confirmed,Delivered,196.49,5.58,43.69,40.23,0.0,0,35.21
ORD004042,CUST0479,WH008,DRV0188,VEH0151,2026-03-02,Erode,Processing,Delivered,207.23,10.19,76.27,81.29,5.02,1,20.34
ORD004043,CUST0447,WH008,DRV0072,VEH0153,2026-05-19,Vellore,Confirmed,In Transit,100.0,12.28,78.97,90.31,11.34,1,8.14
ORD004044,CUST0916,WH002,DRV0109,VEH0116,2026-01-28,Trichy,Dispatched,Delivered,229.23,23.07,125.14,130.73,5.59,1,9.94
ORD004045,CUST0278,WH010,DRV0027,VEH0181,2026-08-23,Madurai,Dispatched,In Transit,126.91,21.6,134.34,124.62,0.0,0,5.88
ORD004046,CUST0313,WH008,DRV0160,VEH0125,2026-04-01,Tirunelveli,Dispatched,Delivered,314.12,13.52,59.58,67.69,8.11,1,23.23
ORD004047,CUST0441,WH002,DRV0093,VEH0139,2026-06-05,Vellore,Processing,Delivered,206.81,7.48,73.62,70.01,0.0,0,27.65
ORD004048,CUST0616,WH008,DRV0033,VEH0025,2026-01-26,Erode,Confirmed,Delivered,273.31,21.88,141.3,126.51,0.0,0,12.49
ORD004049,CUST0154,WH006,DRV0005,VEH0159,2026-04-21,Coimbatore,Confirmed,Delivered,112.92,22.35,109.99,121.7,11.71,1,5.05
ORD004050,CUST0785,WH003,DRV0009,VEH0174,2026-07-04,Vellore,Processing,Delivered,100.0,6.77,61.86,55.8,0.0,0,14.77
ORD004051,CUST0857,WH007,DRV0141,VEH0155,2026-06-09,Erode,Dispatched,Delivered,323.35,12.77,70.16,81.07,10.91,1,25.32
ORD004052,CUST0869,WH006,DRV0094,VEH0100,2026-06-12,Trichy,Cancelled,Cancelled,261.44,8.36,,,,0,31.27
ORD004053,CUST0155,WH003,DRV0118,VEH0063,2026-02-10,Chennai,Processing,Delivered,209.44,13.82,122.28,112.46,0.0,0,15.15
ORD004054,CUST0835,WH005,DRV0089,VEH0115,2026-04-13,Vellore,Confirmed,Delivered,209.24,6.43,35.39,35.99,0.6,1,32.54
ORD004055,CUST0568,WH004,DRV0134,VEH0047,2026-01-27,Vellore,Dispatched,Delivered,238.27,18.37,63.38,69.56,6.18,1,12.97
ORD004056,CUST0792,WH006,DRV0103,VEH0142,2026-03-09,Madurai,Dispatched,Delivered,100.0,13.88,138.74,123.06,0.0,0,7.2
ORD004057,CUST0537,WH001,DRV0074,VEH0023,2026-06-04,Coimbatore,Dispatched,In Transit,364.72,6.44,42.68,49.86,7.18,1,56.63
ORD004058,CUST0882,WH001,DRV0164,VEH0016,2026-05-23,Tirunelveli,Dispatched,Delivered,164.0,17.39,54.14,53.26,0.0,0,9.43
ORD004059,CUST0778,WH008,DRV0125,VEH0148,2026-06-03,Chennai,Dispatched,Delayed,167.07,7.44,53.08,55.19,2.11,1,22.46
ORD004060,CUST0804,WH008,DRV0178,VEH0131,2026-06-13,Salem,Confirmed,Delivered,138.13,3.0,41.13,41.62,0.49,1,46.04
ORD004061,CUST0746,WH009,DRV0189,VEH0006,2026-04-26,Salem,Processing,Delivered,100.0,5.51,58.51,57.88,0.0,0,18.15
ORD004062,CUST0722,WH008,DRV0048,VEH0029,2026-07-02,Erode,Dispatched,Delivered,263.45,19.64,137.42,136.0,0.0,0,13.41
ORD004063,CUST0637,WH002,DRV0083,VEH0004,2026-07-19,Trichy,Dispatched,Delivered,100.0,28.94,176.02,193.2,17.18,1,3.46
ORD004064,CUST0685,WH005,DRV0011,VEH0193,2026-01-05,Chennai,Dispatched,Delivered,194.46,29.38,217.58,206.45,0.0,0,6.62
ORD004065,CUST0630,WH008,DRV0145,VEH0114,2026-07-26,Trichy,Dispatched,Delivered,106.36,7.75,46.65,54.51,7.86,1,13.72
ORD004066,CUST0401,WH009,DRV0130,VEH0008,2026-03-25,Chennai,Dispatched,Delivered,145.0,9.91,52.47,61.27,8.8,1,14.63
ORD004067,CUST0974,WH006,DRV0007,VEH0048,2026-01-29,Tirunelveli,Dispatched,Delivered,139.85,8.48,39.3,39.56,0.26,1,16.49
ORD004068,CUST0314,WH004,DRV0105,VEH0084,2026-05-12,Erode,Dispatched,In Transit,104.78,11.16,75.45,74.51,0.0,0,9.39
ORD004069,CUST0595,WH009,DRV0057,VEH0016,2026-02-16,Erode,Dispatched,Delivered,156.52,4.32,53.37,57.24,3.87,1,36.23
ORD004070,CUST0594,WH004,DRV0031,VEH0047,2026-05-06,Chennai,Processing,Delivered,132.61,7.9,46.52,45.81,0.0,0,16.79
ORD004071,CUST0023,WH006,DRV0121,VEH0031,2026-04-01,Vellore,Dispatched,Delivered,100.0,12.8,96.05,95.59,0.0,0,7.81
ORD004072,CUST0648,WH005,DRV0187,VEH0096,2026-01-07,Salem,Dispatched,Delivered,388.53,19.7,98.45,103.11,4.66,1,19.72
ORD004073,CUST0306,WH001,DRV0174,VEH0122,2026-08-19,Erode,Processing,Delivered,107.67,13.52,112.21,107.32,0.0,0,7.96
ORD004074,CUST0400,WH004,DRV0081,VEH0029,2026-06-04,Trichy,Dispatched,Delayed,261.22,9.62,60.25,52.97,0.0,1,27.15
ORD004075,CUST0601,WH010,DRV0079,VEH0076,2026-08-13,Salem,Dispatched,Delayed,279.88,5.61,51.58,51.72,0.14,1,49.89
ORD004076,CUST0811,WH003,DRV0135,VEH0068,2026-07-03,Chennai,Confirmed,Delivered,330.48,20.43,120.09,110.6,0.0,0,16.18
ORD004077,CUST0352,WH008,DRV0094,VEH0119,2026-06-07,Salem,Dispatched,In Transit,127.16,3.92,35.83,38.77,2.94,1,32.44
ORD004078,CUST0881,WH007,DRV0142,VEH0171,2026-02-14,Trichy,Confirmed,Delivered,159.3,4.51,41.1,38.11,0.0,0,35.32
ORD004079,CUST0882,WH010,DRV0095,VEH0034,2026-06-25,Erode,Dispatched,Delivered,162.54,16.26,135.13,129.35,0.0,0,10.0
ORD004080,CUST0211,WH001,DRV0009,VEH0006,2026-03-21,Trichy,Dispatched,Delivered,255.36,17.69,125.85,120.79,0.0,0,14.44
ORD004081,CUST0594,WH008,DRV0009,VEH0049,2026-02-20,Coimbatore,Confirmed,Delivered,154.85,1.89,33.34,29.82,0.0,0,81.93
ORD004082,CUST0096,WH007,DRV0113,VEH0188,2026-08-19,Salem,Confirmed,Delivered,244.21,9.68,55.15,59.94,4.79,1,25.23
ORD004083,CUST0558,WH002,DRV0122,VEH0051,2026-04-11,Coimbatore,Dispatched,Delivered,153.51,2.67,41.59,43.3,1.71,1,57.49
ORD004084,CUST0433,WH010,DRV0130,VEH0009,2026-03-15,Chennai,Processing,Delivered,374.72,10.07,61.94,70.79,8.85,1,37.21
ORD004085,CUST0360,WH004,DRV0108,VEH0133,2026-03-23,Tirunelveli,Confirmed,Delivered,179.89,8.73,71.35,66.82,0.0,0,20.61
ORD004086,CUST0783,WH002,DRV0086,VEH0110,2026-04-26,Salem,Dispatched,Delivered,166.36,25.25,136.27,123.53,0.0,0,6.59
ORD004087,CUST0049,WH009,DRV0016,VEH0192,2026-08-26,Madurai,Processing,Delayed,226.03,14.8,113.0,116.28,3.28,1,15.27
ORD004088,CUST0661,WH008,DRV0002,VEH0016,2026-07-20,Coimbatore,Confirmed,Delivered,524.83,15.1,58.63,61.26,2.63,1,34.76
ORD004089,CUST0587,WH001,DRV0198,VEH0187,2026-07-17,Trichy,Dispatched,Delivered,122.32,22.75,143.55,137.03,0.0,0,5.38
ORD004090,CUST0221,WH001,DRV0151,VEH0184,2026-04-30,Erode,Dispatched,Delivered,356.25,23.27,106.22,121.72,15.5,1,15.31
ORD004091,CUST0736,WH008,DRV0126,VEH0193,2026-07-30,Coimbatore,Dispatched,Delivered,106.55,12.32,59.15,63.05,3.9,1,8.65
ORD004092,CUST0006,WH005,DRV0118,VEH0084,2026-01-28,Salem,Dispatched,Delivered,186.51,7.29,78.52,81.8,3.28,1,25.58
ORD004093,CUST0055,WH001,DRV0156,VEH0128,2026-04-20,Coimbatore,Processing,Delivered,108.14,19.03,110.79,110.18,0.0,0,5.68
ORD004094,CUST0851,WH004,DRV0128,VEH0163,2026-04-08,Erode,Processing,Delivered,142.4,18.45,100.02,100.73,0.71,1,7.72
ORD004095,CUST0976,WH002,DRV0043,VEH0138,2026-06-14,Erode,Processing,Delivered,116.62,16.16,79.56,87.18,7.62,1,7.22
ORD004096,CUST0844,WH009,DRV0063,VEH0175,2026-04-13,Trichy,Dispatched,Delivered,285.39,12.29,104.38,103.12,0.0,0,23.22
ORD004097,CUST0015,WH010,DRV0125,VEH0092,2026-02-17,Coimbatore,Dispatched,Delivered,131.21,10.0,82.29,72.97,0.0,0,13.12
ORD004098,CUST0523,WH006,DRV0145,VEH0035,2026-01-30,Coimbatore,Dispatched,Delivered,255.86,23.31,95.27,111.02,15.75,1,10.98
ORD004099,CUST0383,WH009,DRV0164,VEH0062,2026-03-26,Madurai,Dispatched,Delivered,128.71,8.71,69.02,65.48,0.0,0,14.78
ORD004100,CUST0167,WH001,DRV0019,VEH0033,2026-07-13,Chennai,Dispatched,In Transit,180.62,7.07,49.01,47.24,0.0,0,25.55
ORD004101,CUST0376,WH001,DRV0133,VEH0143,2026-07-07,Vellore,Processing,Delivered,467.52,9.59,48.19,42.75,0.0,0,48.75
ORD004102,CUST0074,WH004,DRV0023,VEH0085,2026-07-09,Trichy,Processing,Delayed,111.66,6.33,61.33,58.77,0.0,1,17.64
ORD004103,CUST0819,WH002,DRV0108,VEH0106,2026-04-01,Vellore,Confirmed,Delivered,113.04,18.5,127.77,123.16,0.0,0,6.11
ORD004104,CUST0677,WH001,DRV0019,VEH0163,2026-04-29,Erode,Cancelled,Cancelled,154.46,12.29,,,,0,12.57
ORD004105,CUST0945,WH006,DRV0128,VEH0123,2026-02-06,Chennai,Dispatched,Delivered,179.21,2.79,12.19,13.1,0.91,1,64.23
ORD004106,CUST0185,WH008,DRV0129,VEH0115,2026-01-04,Madurai,Processing,Delivered,271.38,14.84,93.93,91.31,0.0,0,18.29
ORD004107,CUST0088,WH001,DRV0155,VEH0117,2026-03-01,Erode,Cancelled,Cancelled,186.41,9.81,,,,0,19.0
ORD004108,CUST0755,WH010,DRV0043,VEH0101,2026-04-22,Vellore,Dispatched,Delivered,212.59,11.37,69.75,71.06,1.31,1,18.7
ORD004109,CUST0356,WH010,DRV0025,VEH0138,2026-05-13,Tirunelveli,Processing,Delivered,100.0,13.28,72.99,83.53,10.54,1,7.53
ORD004110,CUST0065,WH006,DRV0182,VEH0080,2026-06-29,Tirunelveli,Dispatched,Delivered,220.53,8.03,69.72,74.34,4.62,1,27.46
ORD004111,CUST0273,WH001,DRV0006,VEH0148,2026-06-15,Salem,Dispatched,Delivered,224.39,7.02,62.45,66.86,4.41,1,31.96
ORD004112,CUST0191,WH008,DRV0081,VEH0136,2026-02-27,Salem,Processing,Delayed,280.49,16.2,124.35,116.51,0.0,1,17.31
ORD004113,CUST0654,WH006,DRV0076,VEH0109,2026-05-15,Madurai,Dispatched,Delivered,146.43,4.9,59.26,52.62,0.0,0,29.88
ORD004114,CUST0038,WH001,DRV0025,VEH0095,2026-06-25,Salem,Dispatched,Delivered,180.48,5.85,52.32,56.92,4.6,1,30.85
ORD004115,CUST0374,WH009,DRV0119,VEH0008,2026-01-26,Salem,Dispatched,Delivered,286.9,6.72,44.36,50.85,6.49,1,42.69
ORD004116,CUST0665,WH001,DRV0122,VEH0141,2026-08-25,Coimbatore,Dispatched,Delivered,100.0,20.24,162.91,141.66,0.0,0,4.94
ORD004117,CUST0380,WH009,DRV0174,VEH0088,2026-05-04,Vellore,Dispatched,Delivered,100.0,23.88,159.26,150.62,0.0,0,4.19
ORD004118,CUST0037,WH003,DRV0103,VEH0059,2026-05-29,Coimbatore,Dispatched,Delivered,100.0,6.68,41.71,37.38,0.0,0,14.97
ORD004119,CUST0739,WH008,DRV0059,VEH0081,2026-05-30,Coimbatore,Processing,Delivered,119.63,5.93,40.49,45.33,4.84,1,20.17
ORD004120,CUST0854,WH008,DRV0119,VEH0175,2026-07-10,Tirunelveli,Confirmed,Delivered,363.97,12.2,89.67,82.25,0.0,0,29.83
ORD004121,CUST0952,WH007,DRV0055,VEH0060,2026-01-12,Vellore,Processing,Delayed,677.91,9.8,68.83,62.92,0.0,1,69.17
ORD004122,CUST0252,WH002,DRV0152,VEH0169,2026-06-19,Vellore,Processing,Delivered,100.37,18.72,77.42,86.46,9.04,1,5.36
ORD004123,CUST0879,WH003,DRV0075,VEH0052,2026-04-13,Madurai,Dispatched,Delivered,171.62,15.4,86.88,96.7,9.82,1,11.14
ORD004124,CUST0135,WH005,DRV0152,VEH0076,2026-02-27,Tirunelveli,Dispatched,Delivered,128.71,30.41,168.61,179.63,11.02,1,4.23
ORD004125,CUST0011,WH005,DRV0131,VEH0120,2026-05-20,Salem,Confirmed,Delivered,247.84,6.11,38.9,42.51,3.61,1,40.56
ORD004126,CUST0202,WH002,DRV0168,VEH0182,2026-06-22,Vellore,Confirmed,Delivered,217.44,18.54,111.54,97.62,0.0,0,11.73
ORD004127,CUST0334,WH001,DRV0148,VEH0036,2026-08-01,Chennai,Cancelled,Cancelled,102.54,8.72,,,,0,11.76
ORD004128,CUST0419,WH005,DRV0087,VEH0077,2026-05-31,Tirunelveli,Dispatched,Delivered,121.06,5.68,43.91,40.72,0.0,0,21.31
ORD004129,CUST0238,WH005,DRV0197,VEH0099,2026-04-18,Trichy,Dispatched,In Transit,165.18,8.62,54.73,50.14,0.0,0,19.16
ORD004130,CUST0881,WH003,DRV0124,VEH0069,2026-06-19,Vellore,Dispatched,Delivered,403.29,9.24,49.29,51.04,1.75,1,43.65
ORD004131,CUST0420,WH008,DRV0077,VEH0141,2026-05-09,Salem,Dispatched,Delivered,118.51,22.56,107.95,102.34,0.0,0,5.25
ORD004132,CUST0454,WH006,DRV0198,VEH0200,2026-06-12,Vellore,Processing,Delivered,100.0,3.74,31.91,36.17,4.26,1,26.74
ORD004133,CUST0308,WH002,DRV0194,VEH0011,2026-01-13,Tirunelveli,Processing,Delivered,422.83,6.82,34.05,35.14,1.09,1,62.0
ORD004134,CUST0581,WH002,DRV0093,VEH0008,2026-04-14,Madurai,Processing,Delivered,250.45,11.84,127.68,111.98,0.0,0,21.15
ORD004135,CUST0170,WH004,DRV0197,VEH0159,2026-05-16,Coimbatore,Processing,Delayed,100.0,5.43,34.44,38.24,3.8,1,18.42
ORD004136,CUST0583,WH006,DRV0079,VEH0062,2026-01-12,Trichy,Dispatched,Delivered,221.21,28.6,171.48,177.57,6.09,1,7.73
ORD004137,CUST0783,WH009,DRV0008,VEH0140,2026-05-02,Tirunelveli,Dispatched,Delayed,307.23,31.35,184.98,170.15,0.0,1,9.8
ORD004138,CUST0149,WH008,DRV0098,VEH0139,2026-01-25,Trichy,Dispatched,Delivered,192.66,11.23,76.77,73.14,0.0,0,17.16
ORD004139,CUST0501,WH008,DRV0117,VEH0145,2026-07-26,Trichy,Dispatched,Delivered,439.52,16.23,97.72,94.01,0.0,0,27.08
ORD004140,CUST0594,WH002,DRV0055,VEH0155,2026-01-11,Erode,Confirmed,Delivered,260.07,25.79,176.65,159.72,0.0,0,10.08
ORD004141,CUST0513,WH004,DRV0037,VEH0077,2026-06-28,Chennai,Confirmed,Delivered,221.09,10.24,54.08,62.98,8.9,1,21.59
ORD004142,CUST0452,WH006,DRV0090,VEH0141,2026-07-19,Tirunelveli,Cancelled,Cancelled,206.96,15.63,,,,0,13.24
ORD004143,CUST0907,WH006,DRV0200,VEH0105,2026-02-04,Erode,Dispatched,Delivered,198.01,4.98,57.45,51.54,0.0,0,39.76
ORD004144,CUST0522,WH010,DRV0014,VEH0086,2026-06-09,Tirunelveli,Processing,Delivered,320.78,2.86,8.74,10.22,1.48,1,112.16
ORD004145,CUST0941,WH006,DRV0176,VEH0110,2026-01-30,Vellore,Dispatched,Delivered,164.48,19.91,94.08,92.44,0.0,0,8.26
ORD004146,CUST0440,WH008,DRV0089,VEH0172,2026-08-15,Coimbatore,Dispatched,Delivered,336.03,10.66,99.09,103.81,4.72,1,31.52
ORD004147,CUST0147,WH008,DRV0067,VEH0058,2026-02-27,Coimbatore,Processing,Delivered,222.02,30.78,115.91,133.97,18.06,1,7.21
ORD004148,CUST0886,WH007,DRV0160,VEH0088,2026-06-12,Coimbatore,Dispatched,Delivered,194.15,7.56,49.92,51.18,1.26,1,25.68
ORD004149,CUST0298,WH005,DRV0164,VEH0158,2026-03-11,Coimbatore,Processing,Delivered,148.38,4.7,62.16,59.59,0.0,0,31.57
ORD004150,CUST0606,WH006,DRV0133,VEH0141,2026-04-24,Salem,Dispatched,Delivered,149.28,18.71,139.65,124.06,0.0,0,7.98
ORD004151,CUST0370,WH006,DRV0079,VEH0008,2026-08-27,Trichy,Dispatched,Delivered,223.04,29.27,112.95,109.01,0.0,0,7.62
ORD004152,CUST0809,WH003,DRV0122,VEH0197,2026-05-12,Trichy,Dispatched,Delivered,350.2,5.02,40.86,36.91,0.0,0,69.76
ORD004153,CUST0894,WH003,DRV0018,VEH0107,2026-05-22,Trichy,Processing,Delivered,251.6,6.06,27.98,31.56,3.58,1,41.52
ORD004154,CUST0233,WH007,DRV0011,VEH0120,2026-06-29,Vellore,Processing,Delivered,113.93,25.18,125.29,137.2,11.91,1,4.52
ORD004155,CUST0660,WH006,DRV0074,VEH0064,2026-08-23,Madurai,Confirmed,Delivered,100.0,36.71,271.52,237.95,0.0,0,2.72
ORD004156,CUST0124,WH005,DRV0132,VEH0052,2026-01-16,Coimbatore,Processing,Delivered,293.2,15.72,101.38,90.82,0.0,0,18.65
ORD004157,CUST0411,WH006,DRV0126,VEH0134,2026-01-15,Salem,Dispatched,Delivered,1036.84,7.11,74.44,80.86,6.42,1,145.83
ORD004158,CUST0780,WH006,DRV0148,VEH0071,2026-03-24,Salem,Dispatched,Delivered,151.52,23.81,113.75,109.77,0.0,0,6.36
ORD004159,CUST0248,WH004,DRV0133,VEH0182,2026-06-19,Tirunelveli,Processing,Delivered,134.11,9.36,51.26,53.46,2.2,1,14.33
ORD004160,CUST0462,WH005,DRV0191,VEH0022,2026-07-25,Tirunelveli,Confirmed,Delivered,309.0,7.27,55.83,56.36,0.53,1,42.5
ORD004161,CUST0382,WH007,DRV0182,VEH0191,2026-05-10,Erode,Processing,Delivered,103.59,8.0,68.44,61.75,0.0,0,12.95
ORD004162,CUST0098,WH001,DRV0193,VEH0079,2026-06-20,Madurai,Dispatched,In Transit,479.4,17.22,140.75,131.45,0.0,0,27.84
ORD004163,CUST0960,WH010,DRV0110,VEH0037,2026-08-23,Vellore,Processing,Delivered,236.99,11.64,84.41,91.6,7.19,1,20.36
ORD004164,CUST0106,WH006,DRV0141,VEH0184,2026-07-08,Vellore,Processing,Delivered,178.16,15.16,70.94,75.09,4.15,1,11.75
ORD004165,CUST0882,WH005,DRV0073,VEH0169,2026-04-27,Madurai,Dispatched,Delivered,109.6,19.04,113.57,121.22,7.65,1,5.76
ORD004166,CUST0678,WH006,DRV0003,VEH0188,2026-05-16,Tirunelveli,Confirmed,Delivered,321.61,9.68,55.72,51.39,0.0,0,33.22
ORD004167,CUST0450,WH001,DRV0002,VEH0148,2026-03-24,Tirunelveli,Dispatched,Delivered,135.81,20.57,136.27,136.68,0.41,1,6.6
ORD004168,CUST0113,WH004,DRV0140,VEH0095,2026-05-23,Vellore,Dispatched,Delivered,287.43,11.36,70.51,62.11,0.0,0,25.3
ORD004169,CUST0570,WH008,DRV0088,VEH0115,2026-03-19,Trichy,Processing,Delivered,234.96,8.08,66.27,60.52,0.0,0,29.08
ORD004170,CUST0480,WH004,DRV0056,VEH0197,2026-01-13,Trichy,Dispatched,Delivered,419.65,4.01,26.52,29.04,2.52,1,104.65
ORD004171,CUST0978,WH010,DRV0058,VEH0173,2026-05-31,Trichy,Dispatched,Delivered,201.01,9.42,87.54,80.62,0.0,0,21.34
ORD004172,CUST0882,WH008,DRV0180,VEH0122,2026-04-25,Vellore,Dispatched,Delivered,1374.2,26.8,120.24,120.02,0.0,0,51.28
ORD004173,CUST0469,WH008,DRV0143,VEH0058,2026-07-26,Trichy,Processing,Delivered,260.01,18.43,95.83,103.48,7.65,1,14.11
ORD004174,CUST0366,WH002,DRV0001,VEH0165,2026-02-17,Tirunelveli,Processing,Delivered,199.35,15.1,129.58,135.12,5.54,1,13.2
ORD004175,CUST0758,WH006,DRV0200,VEH0167,2026-08-19,Vellore,Dispatched,Delivered,140.77,5.32,48.37,42.37,0.0,0,26.46
ORD004176,CUST0779,WH007,DRV0113,VEH0003,2026-01-09,Trichy,Dispatched,Delivered,320.49,7.9,33.86,34.02,0.16,1,40.57
ORD004177,CUST0926,WH007,DRV0071,VEH0077,2026-07-11,Tirunelveli,Processing,In Transit,142.84,16.86,126.57,118.75,0.0,0,8.47
ORD004178,CUST0960,WH001,DRV0102,VEH0075,2026-05-24,Vellore,Confirmed,Delivered,109.59,19.54,122.83,123.68,0.85,1,5.61
ORD004179,CUST0895,WH004,DRV0045,VEH0093,2026-06-08,Coimbatore,Confirmed,Delivered,133.67,18.7,67.83,70.55,2.72,1,7.15
ORD004180,CUST0339,WH007,DRV0144,VEH0038,2026-05-31,Erode,Confirmed,Delivered,159.99,13.29,66.24,60.83,0.0,0,12.04
ORD004181,CUST0176,WH006,DRV0123,VEH0174,2026-05-30,Salem,Dispatched,Delayed,782.39,6.59,41.66,37.72,0.0,1,118.72
ORD004182,CUST0296,WH003,DRV0017,VEH0121,2026-04-17,Erode,Confirmed,Delivered,219.23,19.57,76.22,87.45,11.23,1,11.2
ORD004183,CUST0626,WH010,DRV0030,VEH0049,2026-08-03,Coimbatore,Processing,Delivered,117.96,7.87,60.74,65.05,4.31,1,14.99
ORD004184,CUST0094,WH010,DRV0037,VEH0034,2026-06-29,Salem,Dispatched,Delivered,367.86,19.74,110.03,109.77,0.0,0,18.64
ORD004185,CUST0762,WH001,DRV0018,VEH0154,2026-01-13,Chennai,Processing,Delivered,204.9,9.43,63.51,67.21,3.7,1,21.73
ORD004186,CUST0355,WH005,DRV0011,VEH0130,2026-04-23,Vellore,Dispatched,Delayed,420.56,29.83,161.34,148.69,0.0,1,14.1
ORD004187,CUST0068,WH008,DRV0060,VEH0123,2026-03-24,Chennai,Dispatched,Delivered,628.06,8.78,66.76,75.48,8.72,1,71.53
ORD004188,CUST0149,WH003,DRV0187,VEH0056,2026-01-12,Vellore,Processing,Delivered,100.0,8.67,47.93,44.0,0.0,0,11.53
ORD004189,CUST0005,WH005,DRV0198,VEH0100,2026-06-01,Chennai,Dispatched,Delayed,100.0,10.73,87.33,84.35,0.0,1,9.32
ORD004190,CUST0246,WH009,DRV0154,VEH0135,2026-06-20,Salem,Dispatched,Delivered,661.46,6.66,42.01,44.84,2.83,1,99.32
ORD004191,CUST0676,WH008,DRV0080,VEH0116,2026-03-17,Madurai,Processing,Delivered,115.96,5.87,56.54,59.31,2.77,1,19.75
ORD004192,CUST0762,WH009,DRV0038,VEH0036,2026-05-17,Coimbatore,Processing,Delivered,100.0,6.51,36.85,40.72,3.87,1,15.36
ORD004193,CUST0987,WH005,DRV0137,VEH0168,2026-07-09,Madurai,Dispatched,Delivered,128.87,24.61,113.7,122.82,9.12,1,5.24
ORD004194,CUST0647,WH003,DRV0046,VEH0026,2026-07-01,Salem,Dispatched,Delivered,100.0,6.13,64.52,60.57,0.0,0,16.31
ORD004195,CUST0893,WH009,DRV0172,VEH0084,2026-01-22,Trichy,Dispatched,Delivered,109.71,8.72,51.93,53.94,2.01,1,12.58
ORD004196,CUST0444,WH004,DRV0042,VEH0075,2026-02-10,Madurai,Confirmed,Delivered,316.16,38.76,213.84,202.45,0.0,0,8.16
ORD004197,CUST0184,WH001,DRV0197,VEH0090,2026-06-05,Vellore,Dispatched,Delivered,143.51,20.12,137.98,137.4,0.0,0,7.13
ORD004198,CUST0287,WH002,DRV0023,VEH0121,2026-05-28,Salem,Processing,In Transit,100.0,19.9,139.87,156.53,16.66,1,5.03
ORD004199,CUST0212,WH008,DRV0106,VEH0099,2026-06-21,Chennai,Dispatched,Delivered,185.15,35.22,193.81,193.86,0.05,1,5.26
ORD004200,CUST0537,WH002,DRV0034,VEH0069,2026-04-26,Trichy,Dispatched,Delayed,104.25,10.54,60.16,55.86,0.0,1,9.89
ORD004201,CUST0870,WH006,DRV0150,VEH0016,2026-04-17,Chennai,Dispatched,Delivered,154.15,2.99,30.29,32.25,1.96,1,51.56
ORD004202,CUST0696,WH005,DRV0197,VEH0075,2026-04-29,Vellore,Dispatched,Delivered,159.99,18.76,127.61,122.18,0.0,0,8.53
ORD004203,CUST0217,WH009,DRV0193,VEH0097,2026-06-12,Madurai,Dispatched,Delayed,314.05,9.8,54.13,59.5,5.37,1,32.05
ORD004204,CUST0849,WH008,DRV0154,VEH0137,2026-08-25,Madurai,Dispatched,Delivered,130.52,38.97,214.52,240.84,26.32,1,3.35
ORD004205,CUST0485,WH001,DRV0055,VEH0150,2026-08-06,Coimbatore,Confirmed,Delivered,285.31,2.74,33.96,35.45,1.49,1,104.13
ORD004206,CUST0335,WH003,DRV0015,VEH0005,2026-01-07,Vellore,Dispatched,Delivered,100.0,5.87,24.0,24.82,0.82,1,17.04
ORD004207,CUST0887,WH005,DRV0194,VEH0120,2026-08-28,Coimbatore,Dispatched,Delivered,325.12,7.67,39.36,36.5,0.0,0,42.39
ORD004208,CUST0970,WH008,DRV0181,VEH0043,2026-05-04,Salem,Confirmed,Delivered,421.7,10.67,79.94,80.91,0.97,1,39.52
ORD004209,CUST0674,WH007,DRV0079,VEH0098,2026-05-02,Tirunelveli,Cancelled,Cancelled,156.08,4.41,,,,0,35.39
ORD004210,CUST0172,WH002,DRV0011,VEH0030,2026-04-27,Madurai,Processing,Delivered,106.48,14.19,44.88,43.15,0.0,0,7.5
ORD004211,CUST0875,WH007,DRV0058,VEH0074,2026-08-10,Chennai,Dispatched,Delivered,100.0,7.38,61.27,61.84,0.57,1,13.55
ORD004212,CUST0519,WH005,DRV0042,VEH0128,2026-03-15,Coimbatore,Dispatched,Delivered,178.29,20.95,105.02,110.61,5.59,1,8.51
ORD004213,CUST0615,WH006,DRV0081,VEH0032,2026-04-19,Chennai,Confirmed,Delivered,399.59,25.66,115.7,106.08,0.0,0,15.57
ORD004214,CUST0307,WH008,DRV0197,VEH0017,2026-06-11,Salem,Dispatched,Delivered,137.45,9.07,48.97,54.63,5.66,1,15.15
ORD004215,CUST0153,WH005,DRV0161,VEH0108,2026-02-16,Tirunelveli,Confirmed,Delivered,373.32,15.7,100.76,89.65,0.0,0,23.78
ORD004216,CUST0487,WH009,DRV0172,VEH0067,2026-04-16,Chennai,Dispatched,Delivered,100.0,11.3,73.39,77.24,3.85,1,8.85
ORD004217,CUST0750,WH001,DRV0089,VEH0127,2026-07-27,Chennai,Dispatched,Delivered,144.24,10.76,58.39,59.08,0.69,1,13.41
ORD004218,CUST0924,WH005,DRV0135,VEH0154,2026-08-05,Vellore,Processing,In Transit,176.21,4.18,48.67,43.12,0.0,0,42.16
ORD004219,CUST0682,WH001,DRV0117,VEH0012,2026-06-24,Erode,Confirmed,Delivered,208.65,10.37,71.41,66.22,0.0,0,20.12
ORD004220,CUST0411,WH001,DRV0052,VEH0037,2026-06-10,Trichy,Confirmed,Delivered,146.01,19.65,135.06,154.83,19.77,1,7.43
ORD004221,CUST0421,WH001,DRV0013,VEH0170,2026-05-26,Salem,Dispatched,Delivered,407.61,14.43,85.02,83.07,0.0,0,28.25
ORD004222,CUST0311,WH005,DRV0032,VEH0057,2026-03-21,Tirunelveli,Dispatched,Delivered,411.79,5.98,40.3,42.73,2.43,1,68.86
ORD004223,CUST0487,WH009,DRV0039,VEH0012,2026-05-09,Erode,Confirmed,Delivered,161.8,4.2,32.61,32.53,0.0,0,38.52
ORD004224,CUST0806,WH002,DRV0078,VEH0174,2026-02-11,Coimbatore,Confirmed,Delayed,129.24,10.13,77.26,72.01,0.0,1,12.76
ORD004225,CUST0500,WH006,DRV0063,VEH0155,2026-01-17,Trichy,Confirmed,Delivered,122.7,6.76,53.19,53.25,0.06,1,18.15
ORD004226,CUST0568,WH005,DRV0020,VEH0078,2026-08-18,Madurai,Dispatched,Delayed,355.08,7.3,39.92,45.82,5.9,1,48.64
ORD004227,CUST0092,WH007,DRV0016,VEH0007,2026-01-07,Madurai,Dispatched,Delivered,117.65,6.84,60.12,59.58,0.0,0,17.2
ORD004228,CUST0674,WH007,DRV0158,VEH0038,2026-01-22,Coimbatore,Cancelled,Cancelled,100.0,11.4,,,,0,8.77
ORD004229,CUST0669,WH003,DRV0105,VEH0176,2026-03-11,Tirunelveli,Dispatched,Delivered,100.0,16.4,51.5,53.95,2.45,1,6.1
ORD004230,CUST0493,WH006,DRV0147,VEH0042,2026-06-02,Vellore,Confirmed,Delayed,279.65,6.59,52.48,52.83,0.35,1,42.44
ORD004231,CUST0688,WH003,DRV0101,VEH0123,2026-05-26,Tirunelveli,Dispatched,Delivered,100.0,6.39,59.27,56.8,0.0,0,15.65
ORD004232,CUST0072,WH002,DRV0074,VEH0155,2026-07-22,Salem,Dispatched,Delivered,139.87,4.7,39.62,39.55,0.0,0,29.76
ORD004233,CUST0077,WH005,DRV0072,VEH0138,2026-01-29,Madurai,Dispatched,Delayed,193.72,12.64,44.39,49.56,5.17,1,15.33
ORD004234,CUST0046,WH004,DRV0078,VEH0042,2026-04-16,Madurai,Dispatched,Delivered,100.0,19.35,140.89,124.72,0.0,0,5.17
ORD004235,CUST0805,WH004,DRV0158,VEH0186,2026-03-30,Vellore,Dispatched,Delivered,204.07,10.47,108.25,103.58,0.0,0,19.49
ORD004236,CUST0759,WH004,DRV0106,VEH0107,2026-08-08,Madurai,Dispatched,Delivered,146.79,16.45,62.71,66.35,3.64,1,8.92
ORD004237,CUST0515,WH008,DRV0162,VEH0041,2026-07-14,Salem,Dispatched,Delayed,100.0,22.74,191.45,167.97,0.0,1,4.4
ORD004238,CUST0334,WH001,DRV0167,VEH0009,2026-07-01,Madurai,Processing,Delivered,205.8,13.18,75.96,68.14,0.0,0,15.61
ORD004239,CUST0736,WH003,DRV0049,VEH0108,2026-02-26,Vellore,Processing,Delivered,234.46,6.08,35.15,39.36,4.21,1,38.56
ORD004240,CUST0983,WH009,DRV0101,VEH0174,2026-02-25,Coimbatore,Processing,Delivered,204.39,5.63,50.91,48.64,0.0,0,36.3
ORD004241,CUST0761,WH003,DRV0120,VEH0105,2026-04-06,Vellore,Dispatched,Delivered,251.59,6.34,66.07,64.9,0.0,0,39.68
ORD004242,CUST0215,WH001,DRV0133,VEH0093,2026-03-06,Erode,Confirmed,In Transit,214.39,32.08,182.6,201.14,18.54,1,6.68
ORD004243,CUST0077,WH005,DRV0105,VEH0082,2026-05-23,Coimbatore,Processing,Delivered,291.37,37.76,107.66,117.02,9.36,1,7.72
ORD004244,CUST0489,WH004,DRV0043,VEH0182,2026-01-24,Coimbatore,Dispatched,Delivered,100.0,8.83,26.68,26.18,0.0,0,11.33
ORD004245,CUST0231,WH010,DRV0047,VEH0093,2026-02-15,Trichy,Processing,Delayed,100.0,22.04,130.8,138.21,7.41,1,4.54
ORD004246,CUST0050,WH008,DRV0187,VEH0119,2026-03-21,Coimbatore,Dispatched,Delivered,100.0,24.54,115.12,104.61,0.0,0,4.07
ORD004247,CUST0661,WH009,DRV0197,VEH0121,2026-01-08,Chennai,Dispatched,Delivered,106.92,4.24,40.12,45.63,5.51,1,25.22
ORD004248,CUST0107,WH010,DRV0145,VEH0187,2026-03-31,Madurai,Dispatched,Delivered,674.7,30.96,245.8,218.64,0.0,0,21.79
ORD004249,CUST0432,WH005,DRV0019,VEH0013,2026-04-03,Vellore,Dispatched,Delivered,107.54,9.56,51.85,47.04,0.0,0,11.25
ORD004250,CUST0698,WH001,DRV0174,VEH0086,2026-06-28,Coimbatore,Dispatched,Delivered,129.13,9.24,65.33,60.97,0.0,0,13.98
ORD004251,CUST0799,WH004,DRV0117,VEH0016,2026-06-23,Vellore,Dispatched,Delivered,155.66,4.83,22.31,24.02,1.71,1,32.23
ORD004252,CUST0498,WH003,DRV0056,VEH0173,2026-06-13,Tirunelveli,Confirmed,Delivered,143.76,32.21,209.8,197.09,0.0,0,4.46
ORD004253,CUST0007,WH006,DRV0154,VEH0032,2026-03-04,Vellore,Dispatched,Delivered,589.86,11.82,65.45,66.67,1.22,1,49.9
ORD004254,CUST0825,WH002,DRV0194,VEH0168,2026-06-10,Tirunelveli,Processing,Delivered,100.0,30.23,151.44,145.6,0.0,0,3.31
ORD004255,CUST0292,WH005,DRV0142,VEH0090,2026-05-13,Tirunelveli,Confirmed,Delivered,750.31,23.6,164.82,174.64,9.82,1,31.79
ORD004256,CUST0979,WH008,DRV0180,VEH0095,2026-03-07,Tirunelveli,Dispatched,Delivered,199.15,8.94,75.56,68.64,0.0,0,22.28
ORD004257,CUST0342,WH005,DRV0092,VEH0172,2026-02-17,Salem,Confirmed,Delivered,338.65,12.08,70.86,82.19,11.33,1,28.03
ORD004258,CUST0280,WH005,DRV0132,VEH0106,2026-01-16,Tirunelveli,Processing,Delivered,183.69,7.21,63.48,60.03,0.0,0,25.48
ORD004259,CUST0536,WH008,DRV0131,VEH0118,2026-07-26,Salem,Confirmed,Delivered,307.95,7.81,75.43,68.66,0.0,0,39.43
ORD004260,CUST0312,WH005,DRV0079,VEH0175,2026-01-02,Salem,Confirmed,Delivered,100.0,14.96,91.22,87.38,0.0,0,6.68
ORD004261,CUST0725,WH004,DRV0150,VEH0113,2026-03-21,Trichy,Confirmed,Delivered,100.0,18.08,89.81,98.95,9.14,1,5.53
ORD004262,CUST0701,WH010,DRV0112,VEH0070,2026-05-26,Tirunelveli,Confirmed,Delivered,978.02,2.92,35.4,37.84,2.44,1,334.94
ORD004263,CUST0491,WH009,DRV0050,VEH0188,2026-04-16,Salem,Dispatched,Delivered,628.76,2.98,36.28,36.12,0.0,0,210.99
ORD004264,CUST0077,WH002,DRV0192,VEH0035,2026-06-23,Trichy,Dispatched,Delivered,100.0,7.96,56.01,59.03,3.02,1,12.56
ORD004265,CUST0124,WH001,DRV0010,VEH0075,2026-04-30,Madurai,Processing,Delivered,288.81,13.58,54.47,63.97,9.5,1,21.27
ORD004266,CUST0966,WH004,DRV0184,VEH0188,2026-03-18,Chennai,Dispatched,Delayed,384.76,24.79,112.99,131.05,18.06,1,15.52
ORD004267,CUST0284,WH010,DRV0098,VEH0037,2026-02-23,Salem,Processing,Delayed,278.42,11.71,79.34,73.44,0.0,1,23.78
ORD004268,CUST0672,WH003,DRV0016,VEH0022,2026-07-18,Salem,Processing,Delivered,158.32,9.52,34.71,39.66,4.95,1,16.63
ORD004269,CUST0845,WH009,DRV0037,VEH0141,2026-07-19,Trichy,Confirmed,Delivered,675.82,16.27,119.3,105.72,0.0,0,41.54
ORD004270,CUST0482,WH003,DRV0100,VEH0144,2026-07-22,Trichy,Dispatched,Delivered,283.43,6.01,39.72,40.41,0.69,1,47.16
ORD004271,CUST0224,WH003,DRV0183,VEH0086,2026-05-22,Chennai,Processing,Delivered,100.0,11.9,99.51,92.36,0.0,0,8.4
ORD004272,CUST0758,WH010,DRV0022,VEH0060,2026-05-04,Coimbatore,Dispatched,Delivered,140.97,10.32,34.66,39.05,4.39,1,13.66
ORD004273,CUST0078,WH007,DRV0122,VEH0042,2026-06-13,Trichy,Dispatched,Delivered,100.0,12.5,97.41,86.36,0.0,0,8.0
ORD004274,CUST0608,WH002,DRV0032,VEH0141,2026-07-28,Erode,Dispatched,Delivered,169.05,22.87,117.56,136.68,19.12,1,7.39
ORD004275,CUST0557,WH008,DRV0172,VEH0191,2026-02-11,Vellore,Dispatched,Delivered,165.53,3.31,52.47,60.82,8.35,1,50.01
ORD004276,CUST0069,WH006,DRV0081,VEH0160,2026-08-09,Vellore,Dispatched,Delivered,296.19,10.71,58.74,67.8,9.06,1,27.66
ORD004277,CUST0099,WH009,DRV0073,VEH0023,2026-04-10,Chennai,Processing,Delivered,293.37,18.04,84.31,95.69,11.38,1,16.26
ORD004278,CUST0888,WH008,DRV0180,VEH0171,2026-04-04,Madurai,Processing,Delivered,233.32,15.58,73.57,73.86,0.29,1,14.98
ORD004279,CUST0068,WH004,DRV0033,VEH0160,2026-03-03,Tirunelveli,Dispatched,Delivered,229.27,3.53,50.35,46.34,0.0,0,64.95
ORD004280,CUST0078,WH008,DRV0120,VEH0102,2026-05-22,Salem,Dispatched,Delivered,357.14,2.97,36.47,38.98,2.51,1,120.25
ORD004281,CUST0146,WH004,DRV0097,VEH0156,2026-01-17,Salem,Confirmed,Delivered,156.52,17.22,147.4,137.28,0.0,0,9.09
ORD004282,CUST0075,WH005,DRV0130,VEH0161,2026-02-11,Erode,Processing,Delivered,100.0,3.42,47.84,44.21,0.0,0,29.24
ORD004283,CUST0851,WH010,DRV0014,VEH0154,2026-07-12,Chennai,Dispatched,Delivered,714.89,12.04,66.14,58.92,0.0,0,59.38
ORD004284,CUST0514,WH007,DRV0101,VEH0081,2026-03-19,Vellore,Processing,Delivered,100.29,21.94,102.02,114.01,11.99,1,4.57
ORD004285,CUST0994,WH006,DRV0061,VEH0170,2026-08-22,Chennai,Confirmed,Delivered,284.88,4.04,37.13,41.69,4.56,1,70.51
ORD004286,CUST0899,WH005,DRV0065,VEH0029,2026-01-28,Salem,Dispatched,In Transit,145.27,30.34,194.06,218.87,24.81,1,4.79
ORD004287,CUST0669,WH002,DRV0086,VEH0130,2026-04-26,Vellore,Dispatched,Delayed,449.76,16.86,120.77,126.09,5.32,1,26.68
ORD004288,CUST0087,WH005,DRV0030,VEH0102,2026-06-02,Trichy,Dispatched,Delivered,100.0,50.0,209.88,210.55,0.67,1,2.0
ORD004289,CUST0762,WH010,DRV0027,VEH0162,2026-07-27,Coimbatore,Dispatched,Delivered,114.2,8.14,50.57,51.16,0.59,1,14.03
ORD004290,CUST0048,WH007,DRV0064,VEH0114,2026-03-03,Madurai,Dispatched,Delivered,131.16,25.5,165.42,178.42,13.0,1,5.14
ORD004291,CUST0766,WH006,DRV0033,VEH0110,2026-06-05,Coimbatore,Confirmed,In Transit,259.9,8.75,48.73,47.01,0.0,0,29.7
ORD004292,CUST0577,WH006,DRV0053,VEH0166,2026-01-19,Coimbatore,Processing,Delivered,209.55,11.57,86.11,90.5,4.39,1,18.11
ORD004293,CUST0042,WH005,DRV0080,VEH0012,2026-04-14,Coimbatore,Dispatched,Delayed,261.75,7.1,55.31,57.63,2.32,1,36.87
ORD004294,CUST0134,WH009,DRV0138,VEH0180,2026-05-15,Salem,Dispatched,Delivered,196.84,11.21,66.07,74.94,8.87,1,17.56
ORD004295,CUST0827,WH001,DRV0155,VEH0149,2026-03-06,Coimbatore,Confirmed,Delivered,332.23,20.11,82.05,79.84,0.0,0,16.52
ORD004296,CUST0593,WH004,DRV0165,VEH0091,2026-05-09,Trichy,Dispatched,Delayed,335.87,30.99,150.24,143.55,0.0,1,10.84
ORD004297,CUST0019,WH007,DRV0130,VEH0040,2026-02-06,Trichy,Dispatched,Delivered,485.13,6.16,82.39,76.47,0.0,0,78.75
ORD004298,CUST0876,WH001,DRV0094,VEH0195,2026-07-03,Trichy,Processing,Delivered,226.66,12.74,73.1,65.2,0.0,0,17.79
ORD004299,CUST0692,WH004,DRV0110,VEH0101,2026-06-19,Chennai,Processing,Delivered,225.96,7.73,64.17,59.43,0.0,0,29.23
ORD004300,CUST0829,WH006,DRV0043,VEH0177,2026-07-25,Madurai,Confirmed,Delivered,571.67,13.18,78.97,85.77,6.8,1,43.37
ORD004301,CUST0120,WH010,DRV0147,VEH0154,2026-04-17,Trichy,Dispatched,Delivered,394.77,21.99,124.33,135.04,10.71,1,17.95
ORD004302,CUST0898,WH008,DRV0115,VEH0052,2026-05-17,Coimbatore,Dispatched,Delivered,253.96,8.18,68.34,60.77,0.0,0,31.05
ORD004303,CUST0335,WH007,DRV0099,VEH0062,2026-01-16,Chennai,Processing,Delivered,100.0,15.13,82.44,75.84,0.0,0,6.61
ORD004304,CUST0919,WH009,DRV0011,VEH0069,2026-07-09,Salem,Dispatched,Delivered,100.0,5.9,59.32,54.69,0.0,0,16.95
ORD004305,CUST0531,WH007,DRV0052,VEH0110,2026-06-04,Trichy,Dispatched,Delayed,269.96,23.13,111.51,104.61,0.0,1,11.67
ORD004306,CUST0865,WH003,DRV0126,VEH0061,2026-05-08,Coimbatore,Dispatched,Delivered,277.29,18.46,98.5,105.9,7.4,1,15.02
ORD004307,CUST0070,WH010,DRV0122,VEH0084,2026-07-15,Coimbatore,Dispatched,Delivered,113.32,6.62,51.47,46.61,0.0,0,17.12
ORD004308,CUST0434,WH004,DRV0032,VEH0046,2026-05-16,Erode,Processing,Delivered,228.16,6.51,36.68,41.08,4.4,1,35.05
ORD004309,CUST0189,WH003,DRV0080,VEH0072,2026-08-11,Tirunelveli,Dispatched,Delivered,100.13,26.41,91.52,95.83,4.31,1,3.79
ORD004310,CUST0403,WH009,DRV0029,VEH0107,2026-07-11,Salem,Confirmed,Delivered,262.94,36.5,175.05,183.5,8.45,1,7.2
ORD004311,CUST0606,WH008,DRV0036,VEH0157,2026-07-09,Chennai,Cancelled,Cancelled,267.43,6.82,,,,0,39.21
ORD004312,CUST0662,WH010,DRV0175,VEH0050,2026-01-05,Erode,Confirmed,Delivered,266.3,20.2,123.3,124.67,1.37,1,13.18
ORD004313,CUST0387,WH009,DRV0088,VEH0105,2026-08-02,Coimbatore,Dispatched,Delivered,225.45,9.0,71.54,72.41,0.87,1,25.05
ORD004314,CUST0636,WH010,DRV0171,VEH0002,2026-05-14,Madurai,Dispatched,Delivered,149.73,26.44,155.29,152.83,0.0,0,5.66
ORD004315,CUST0133,WH010,DRV0112,VEH0192,2026-04-10,Trichy,Processing,Delivered,157.97,9.31,66.39,68.12,1.73,1,16.97
ORD004316,CUST0222,WH002,DRV0052,VEH0066,2026-03-22,Chennai,Processing,In Transit,385.07,17.53,103.73,112.14,8.41,1,21.97
ORD004317,CUST0067,WH005,DRV0053,VEH0102,2026-01-06,Trichy,Dispatched,Delivered,237.39,12.48,103.02,98.19,0.0,0,19.02
ORD004318,CUST0956,WH005,DRV0068,VEH0171,2026-03-01,Trichy,Dispatched,Delivered,248.95,2.38,27.94,25.7,0.0,0,104.6
ORD004319,CUST0807,WH007,DRV0133,VEH0138,2026-05-03,Salem,Processing,Delivered,191.75,6.2,50.76,51.08,0.32,1,30.93
ORD004320,CUST0231,WH004,DRV0083,VEH0109,2026-05-13,Madurai,Dispatched,Delivered,276.84,17.33,81.65,78.15,0.0,0,15.97
ORD004321,CUST0668,WH004,DRV0176,VEH0181,2026-01-22,Erode,Processing,Delivered,338.09,16.02,88.28,87.35,0.0,0,21.1
ORD004322,CUST0897,WH008,DRV0115,VEH0092,2026-04-20,Madurai,Confirmed,Delivered,120.52,13.57,78.47,90.44,11.97,1,8.88
ORD004323,CUST0150,WH001,DRV0152,VEH0028,2026-02-06,Vellore,Confirmed,Delivered,266.48,31.67,188.89,193.35,4.46,1,8.41
ORD004324,CUST0109,WH006,DRV0124,VEH0128,2026-05-10,Salem,Confirmed,Delivered,156.5,19.34,87.8,102.94,15.14,1,8.09
ORD004325,CUST0429,WH009,DRV0126,VEH0002,2026-08-15,Erode,Dispatched,Delivered,222.29,17.84,128.71,122.75,0.0,0,12.46
ORD004326,CUST0495,WH002,DRV0112,VEH0157,2026-01-03,Trichy,Dispatched,Delayed,311.97,2.36,29.42,29.35,0.0,1,132.19
ORD004327,CUST0819,WH005,DRV0001,VEH0052,2026-06-14,Madurai,Processing,Delayed,100.0,19.95,129.9,146.28,16.38,1,5.01
ORD004328,CUST0615,WH010,DRV0099,VEH0142,2026-05-29,Trichy,Dispatched,Delivered,100.0,3.67,47.59,47.0,0.0,0,27.25
ORD004329,CUST0081,WH010,DRV0002,VEH0028,2026-01-01,Vellore,Confirmed,Delivered,118.08,11.22,101.4,90.57,0.0,0,10.52
ORD004330,CUST0618,WH009,DRV0138,VEH0001,2026-07-20,Chennai,Dispatched,Delivered,112.76,3.7,37.98,39.89,1.91,1,30.48
ORD004331,CUST0819,WH004,DRV0191,VEH0187,2026-03-03,Salem,Confirmed,Delivered,163.12,15.37,98.41,85.97,0.0,0,10.61
ORD004332,CUST0540,WH009,DRV0059,VEH0044,2026-06-19,Salem,Dispatched,Delivered,544.6,22.57,189.37,166.43,0.0,0,24.13
ORD004333,CUST0762,WH008,DRV0006,VEH0080,2026-04-19,Madurai,Dispatched,Delivered,389.94,10.63,60.67,55.89,0.0,0,36.68
ORD004334,CUST0798,WH009,DRV0104,VEH0085,2026-01-19,Erode,Confirmed,In Transit,124.29,10.86,60.12,54.95,0.0,0,11.44
ORD004335,CUST0488,WH002,DRV0083,VEH0171,2026-08-08,Erode,Dispatched,Delayed,318.87,5.8,48.77,50.12,1.35,1,54.98
ORD004336,CUST0008,WH010,DRV0176,VEH0017,2026-08-05,Tirunelveli,Confirmed,Delivered,176.25,22.33,101.72,104.78,3.06,1,7.89
ORD004337,CUST0475,WH005,DRV0164,VEH0182,2026-06-06,Tirunelveli,Processing,Delivered,226.66,3.96,41.24,36.29,0.0,0,57.24
ORD004338,CUST0254,WH010,DRV0048,VEH0015,2026-04-12,Chennai,Confirmed,Delivered,100.0,12.48,66.04,68.8,2.76,1,8.01
ORD004339,CUST0553,WH009,DRV0157,VEH0048,2026-06-29,Trichy,Processing,Delivered,100.0,10.53,40.34,45.89,5.55,1,9.5
ORD004340,CUST0493,WH005,DRV0120,VEH0046,2026-03-06,Madurai,Confirmed,Delivered,291.79,14.41,113.79,127.03,13.24,1,20.25
ORD004341,CUST0665,WH004,DRV0169,VEH0177,2026-05-25,Vellore,Processing,Delivered,185.18,18.72,124.63,117.23,0.0,0,9.89
ORD004342,CUST0571,WH008,DRV0088,VEH0164,2026-01-06,Vellore,Processing,In Transit,254.6,10.13,37.43,38.79,1.36,1,25.13
ORD004343,CUST0205,WH006,DRV0128,VEH0014,2026-07-22,Trichy,Processing,Delivered,510.78,20.04,111.27,122.3,11.03,1,25.49
ORD004344,CUST0802,WH002,DRV0073,VEH0131,2026-04-26,Erode,Dispatched,Delivered,155.21,11.0,95.46,87.25,0.0,0,14.11
ORD004345,CUST0167,WH008,DRV0032,VEH0100,2026-07-05,Chennai,Dispatched,Delivered,156.14,14.09,96.42,96.75,0.33,1,11.08
ORD004346,CUST0327,WH005,DRV0104,VEH0134,2026-07-14,Coimbatore,Processing,Delivered,572.28,5.12,30.18,29.58,0.0,0,111.77
ORD004347,CUST0884,WH007,DRV0005,VEH0126,2026-02-28,Erode,Confirmed,Delivered,183.29,8.47,56.74,63.31,6.57,1,21.64
ORD004348,CUST0726,WH004,DRV0085,VEH0022,2026-08-26,Madurai,Processing,In Transit,107.54,3.4,38.29,42.18,3.89,1,31.63
ORD004349,CUST0225,WH009,DRV0017,VEH0022,2026-08-30,Erode,Dispatched,Delivered,292.42,11.75,60.56,68.22,7.66,1,24.89
ORD004350,CUST0430,WH002,DRV0024,VEH0164,2026-01-09,Tirunelveli,Dispatched,Delivered,155.32,18.07,67.63,67.34,0.0,0,8.6
ORD004351,CUST0806,WH010,DRV0128,VEH0091,2026-04-09,Tirunelveli,Dispatched,Delivered,106.2,9.8,53.36,49.28,0.0,0,10.84
ORD004352,CUST0479,WH009,DRV0091,VEH0199,2026-01-22,Madurai,Confirmed,Delivered,192.15,10.58,83.61,78.16,0.0,0,18.16
ORD004353,CUST0109,WH004,DRV0112,VEH0178,2026-08-15,Salem,Processing,In Transit,310.24,14.57,81.14,87.4,6.26,1,21.29
ORD004354,CUST0417,WH006,DRV0082,VEH0076,2026-08-19,Coimbatore,Processing,Delivered,100.0,15.6,101.38,91.71,0.0,0,6.41
ORD004355,CUST0373,WH005,DRV0086,VEH0080,2026-02-25,Tirunelveli,Dispatched,In Transit,100.0,3.3,29.08,32.98,3.9,1,30.3
ORD004356,CUST0756,WH003,DRV0006,VEH0197,2026-07-19,Tirunelveli,Dispatched,Delivered,172.08,7.44,46.06,52.09,6.03,1,23.13
ORD004357,CUST0278,WH007,DRV0028,VEH0113,2026-03-24,Tirunelveli,Confirmed,Delivered,100.0,3.68,44.01,39.84,0.0,0,27.17
ORD004358,CUST0411,WH004,DRV0106,VEH0035,2026-05-28,Tirunelveli,Dispatched,Delivered,100.0,8.62,77.27,83.69,6.42,1,11.6
ORD004359,CUST0191,WH001,DRV0148,VEH0009,2026-08-21,Erode,Processing,Delivered,181.99,28.15,109.34,102.91,0.0,0,6.47
ORD004360,CUST0667,WH008,DRV0121,VEH0157,2026-07-08,Madurai,Processing,Delivered,372.02,18.22,90.08,105.64,15.56,1,20.42
ORD004361,CUST0021,WH003,DRV0147,VEH0027,2026-06-08,Trichy,Dispatched,In Transit,302.54,11.2,58.26,66.35,8.09,1,27.01
ORD004362,CUST0949,WH006,DRV0008,VEH0185,2026-08-31,Chennai,Dispatched,Delivered,169.1,33.05,182.66,176.86,0.0,0,5.12
ORD004363,CUST0675,WH002,DRV0018,VEH0089,2026-05-17,Coimbatore,Processing,Delivered,417.24,13.7,78.73,87.02,8.29,1,30.46
ORD004364,CUST0250,WH009,DRV0037,VEH0059,2026-06-02,Salem,Processing,Delivered,559.88,44.23,214.11,249.41,35.3,1,12.66
ORD004365,CUST0559,WH004,DRV0189,VEH0170,2026-04-12,Salem,Dispatched,Delivered,249.46,12.31,76.46,77.23,0.77,1,20.26
ORD004366,CUST0562,WH007,DRV0173,VEH0181,2026-07-23,Vellore,Dispatched,Delivered,142.88,7.42,70.44,74.21,3.77,1,19.26
ORD004367,CUST0375,WH009,DRV0038,VEH0038,2026-01-09,Trichy,Dispatched,Delivered,500.55,4.84,50.44,46.25,0.0,0,103.42
ORD004368,CUST0650,WH003,DRV0002,VEH0089,2026-08-23,Chennai,Processing,Delivered,486.41,17.01,137.34,125.35,0.0,0,28.6
ORD004369,CUST0623,WH003,DRV0183,VEH0132,2026-08-28,Salem,Processing,Delivered,213.73,8.56,81.77,79.06,0.0,0,24.97
ORD004370,CUST0284,WH003,DRV0143,VEH0107,2026-04-20,Salem,Dispatched,Delivered,401.36,12.3,83.56,89.09,5.53,1,32.63
ORD004371,CUST0744,WH005,DRV0059,VEH0180,2026-06-21,Chennai,Dispatched,Delivered,109.09,15.33,121.24,122.65,1.41,1,7.12
ORD004372,CUST0805,WH010,DRV0075,VEH0044,2026-01-07,Coimbatore,Processing,Delivered,100.0,6.17,63.2,59.58,0.0,0,16.21
ORD004373,CUST0681,WH006,DRV0133,VEH0023,2026-05-21,Madurai,Dispatched,Delivered,100.0,13.55,66.48,76.34,9.86,1,7.38
ORD004374,CUST0993,WH003,DRV0106,VEH0070,2026-06-29,Madurai,Cancelled,Cancelled,207.32,9.91,,,,0,20.92
ORD004375,CUST0701,WH010,DRV0148,VEH0077,2026-07-18,Vellore,Processing,Delivered,172.74,3.84,53.42,48.71,0.0,0,44.98
ORD004376,CUST0563,WH009,DRV0082,VEH0069,2026-03-05,Chennai,Confirmed,Delivered,338.73,15.86,82.09,84.47,2.38,1,21.36
ORD004377,CUST0520,WH001,DRV0140,VEH0188,2026-04-19,Chennai,Dispatched,Delivered,100.0,17.2,112.24,108.19,0.0,0,5.81
ORD004378,CUST0741,WH007,DRV0185,VEH0132,2026-07-30,Tirunelveli,Dispatched,Delivered,100.0,24.91,93.5,106.38,12.88,1,4.01
ORD004379,CUST0882,WH009,DRV0113,VEH0131,2026-04-02,Chennai,Dispatched,In Transit,297.52,4.95,46.89,43.29,0.0,0,60.11
ORD004380,CUST0442,WH005,DRV0081,VEH0023,2026-07-07,Trichy,Dispatched,Delivered,100.0,36.99,232.91,264.63,31.72,1,2.7
ORD004381,CUST0745,WH003,DRV0068,VEH0037,2026-07-15,Trichy,Processing,Delayed,152.02,6.62,50.48,45.54,0.0,1,22.96
ORD004382,CUST0445,WH010,DRV0019,VEH0018,2026-05-29,Chennai,Confirmed,Delayed,184.19,2.56,28.8,32.65,3.85,1,71.95
ORD004383,CUST0417,WH004,DRV0087,VEH0099,2026-04-11,Trichy,Dispatched,Delivered,118.77,11.52,72.86,65.21,0.0,0,10.31
ORD004384,CUST0531,WH008,DRV0027,VEH0005,2026-08-19,Erode,Processing,Delivered,263.91,14.41,91.72,95.63,3.91,1,18.31
ORD004385,CUST0542,WH003,DRV0116,VEH0041,2026-04-29,Madurai,Dispatched,Delivered,100.0,10.19,83.79,80.77,0.0,0,9.81
ORD004386,CUST0462,WH005,DRV0181,VEH0092,2026-08-07,Chennai,Dispatched,Delivered,596.31,4.9,29.87,27.06,0.0,0,121.7
ORD004387,CUST0142,WH003,DRV0170,VEH0166,2026-03-14,Madurai,Dispatched,Delivered,146.26,8.12,42.3,49.58,7.28,1,18.01
ORD004388,CUST0804,WH006,DRV0116,VEH0175,2026-02-24,Erode,Processing,Delivered,162.28,13.87,85.64,92.12,6.48,1,11.7
ORD004389,CUST0903,WH001,DRV0045,VEH0123,2026-06-10,Madurai,Dispatched,Delivered,1044.01,40.38,211.83,188.71,0.0,0,25.85
ORD004390,CUST0116,WH007,DRV0078,VEH0082,2026-06-23,Trichy,Dispatched,Delivered,100.0,5.08,57.39,59.38,1.99,1,19.69
ORD004391,CUST0107,WH006,DRV0068,VEH0072,2026-07-10,Vellore,Dispatched,Delivered,100.0,7.37,65.55,61.73,0.0,0,13.57
ORD004392,CUST0546,WH006,DRV0196,VEH0140,2026-07-13,Salem,Dispatched,Delayed,451.66,4.2,34.11,38.24,4.13,1,107.54
ORD004393,CUST0178,WH003,DRV0152,VEH0158,2026-07-21,Erode,Confirmed,Delivered,100.0,8.61,80.14,76.07,0.0,0,11.61
ORD004394,CUST0032,WH001,DRV0087,VEH0006,2026-08-20,Salem,Confirmed,In Transit,250.1,10.67,73.27,84.03,10.76,1,23.44
ORD004395,CUST0298,WH001,DRV0036,VEH0189,2026-06-24,Coimbatore,Processing,Delivered,122.23,20.88,124.62,116.99,0.0,0,5.85
ORD004396,CUST0161,WH007,DRV0133,VEH0200,2026-08-04,Erode,Processing,Delivered,100.0,14.05,65.01,68.64,3.63,1,7.12
ORD004397,CUST0887,WH004,DRV0027,VEH0119,2026-04-17,Vellore,Dispatched,Delivered,255.3,27.34,168.45,170.19,1.74,1,9.34
ORD004398,CUST0782,WH006,DRV0165,VEH0192,2026-04-07,Coimbatore,Dispatched,Delivered,260.23,10.99,51.79,57.55,5.76,1,23.68
ORD004399,CUST0985,WH004,DRV0027,VEH0111,2026-07-07,Salem,Dispatched,Delivered,181.44,1.37,24.42,23.52,0.0,0,132.44
ORD004400,CUST0412,WH008,DRV0095,VEH0112,2026-02-15,Chennai,Dispatched,Delivered,695.69,14.47,53.94,56.7,2.76,1,48.08
ORD004401,CUST0626,WH009,DRV0076,VEH0069,2026-04-21,Salem,Confirmed,In Transit,109.79,3.11,42.64,44.19,1.55,1,35.3
ORD004402,CUST0423,WH002,DRV0175,VEH0139,2026-02-19,Tirunelveli,Dispatched,Delivered,318.39,20.48,110.06,105.25,0.0,0,15.55
ORD004403,CUST0094,WH001,DRV0192,VEH0190,2026-07-24,Trichy,Processing,Delivered,224.25,11.0,58.49,64.73,6.24,1,20.39
ORD004404,CUST0543,WH001,DRV0134,VEH0121,2026-07-18,Erode,Confirmed,In Transit,340.87,7.15,42.97,38.87,0.0,0,47.67
ORD004405,CUST0152,WH007,DRV0076,VEH0145,2026-05-05,Salem,Dispatched,Delivered,130.63,4.63,31.71,29.59,0.0,0,28.21
ORD004406,CUST0755,WH002,DRV0184,VEH0077,2026-01-24,Chennai,Dispatched,Delivered,100.0,7.88,62.06,60.65,0.0,0,12.69
ORD004407,CUST0900,WH003,DRV0128,VEH0020,2026-05-04,Chennai,Dispatched,Delivered,116.36,10.66,63.12,71.04,7.92,1,10.92
ORD004408,CUST0462,WH004,DRV0142,VEH0095,2026-02-22,Coimbatore,Confirmed,Delayed,173.91,33.79,234.69,222.22,0.0,1,5.15
ORD004409,CUST0777,WH009,DRV0022,VEH0154,2026-03-17,Coimbatore,Dispatched,Delivered,282.19,10.07,65.59,76.67,11.08,1,28.02
ORD004410,CUST0356,WH010,DRV0183,VEH0092,2026-05-02,Chennai,Processing,Delivered,183.32,13.01,61.8,56.63,0.0,0,14.09
ORD004411,CUST0838,WH002,DRV0075,VEH0187,2026-01-26,Madurai,Confirmed,Delivered,208.47,10.46,83.97,89.22,5.25,1,19.93
ORD004412,CUST0536,WH010,DRV0104,VEH0153,2026-04-13,Erode,Dispatched,In Transit,556.47,13.03,87.96,99.37,11.41,1,42.71
ORD004413,CUST0218,WH002,DRV0052,VEH0112,2026-06-21,Tirunelveli,Dispatched,Delivered,178.44,12.52,83.85,93.23,9.38,1,14.25
ORD004414,CUST0354,WH001,DRV0103,VEH0018,2026-01-12,Erode,Cancelled,Cancelled,128.25,11.13,,,,0,11.52
ORD004415,CUST0577,WH008,DRV0184,VEH0157,2026-08-21,Coimbatore,Dispatched,Delivered,241.34,6.98,71.08,65.68,0.0,0,34.58
ORD004416,CUST0727,WH008,DRV0102,VEH0067,2026-05-03,Vellore,Dispatched,In Transit,100.0,17.42,69.89,75.86,5.97,1,5.74
ORD004417,CUST0401,WH005,DRV0121,VEH0035,2026-07-03,Tirunelveli,Dispatched,Delivered,100.0,5.08,62.94,55.26,0.0,0,19.69
ORD004418,CUST0100,WH003,DRV0077,VEH0102,2026-02-15,Trichy,Dispatched,Delivered,166.15,15.42,95.07,106.58,11.51,1,10.77
ORD004419,CUST0421,WH001,DRV0006,VEH0015,2026-08-02,Madurai,Dispatched,Delayed,100.0,17.63,113.77,106.32,0.0,1,5.67
ORD004420,CUST0306,WH002,DRV0148,VEH0051,2026-02-04,Vellore,Dispatched,Delivered,122.08,2.68,37.98,36.27,0.0,0,45.55
ORD004421,CUST0250,WH009,DRV0054,VEH0131,2026-01-04,Vellore,Dispatched,Delivered,332.82,4.74,43.95,40.08,0.0,0,70.22
ORD004422,CUST0429,WH008,DRV0002,VEH0021,2026-03-22,Vellore,Confirmed,Delivered,255.2,2.94,32.26,33.45,1.19,1,86.8
ORD004423,CUST0276,WH010,DRV0072,VEH0189,2026-05-26,Trichy,Dispatched,Delivered,172.43,24.23,128.86,132.77,3.91,1,7.12
ORD004424,CUST0315,WH004,DRV0158,VEH0003,2026-05-12,Vellore,Dispatched,Delivered,191.32,7.68,57.61,55.53,0.0,0,24.91
ORD004425,CUST0315,WH003,DRV0091,VEH0181,2026-03-29,Trichy,Processing,Delivered,137.56,23.42,154.36,159.22,4.86,1,5.87
ORD004426,CUST0090,WH005,DRV0128,VEH0035,2026-07-16,Tirunelveli,Dispatched,Delivered,314.84,8.85,46.65,54.09,7.44,1,35.58
ORD004427,CUST0395,WH008,DRV0182,VEH0178,2026-01-08,Erode,Confirmed,Delivered,303.43,5.38,27.86,26.06,0.0,0,56.4
ORD004428,CUST0439,WH010,DRV0132,VEH0008,2026-08-09,Chennai,Dispatched,Delivered,345.19,6.73,55.86,53.59,0.0,0,51.29
ORD004429,CUST0852,WH006,DRV0199,VEH0176,2026-04-23,Madurai,Dispatched,Delivered,335.02,12.37,95.4,97.63,2.23,1,27.08
ORD004430,CUST0251,WH010,DRV0175,VEH0003,2026-07-25,Erode,Processing,Delivered,187.75,17.51,104.26,110.81,6.55,1,10.72
ORD004431,CUST0577,WH004,DRV0088,VEH0054,2026-01-16,Coimbatore,Processing,Delivered,115.14,11.38,63.46,67.07,3.61,1,10.12
ORD004432,CUST0236,WH008,DRV0096,VEH0112,2026-03-17,Chennai,Dispatched,Delivered,162.59,20.02,117.53,109.6,0.0,0,8.12
ORD004433,CUST0077,WH004,DRV0147,VEH0130,2026-03-29,Salem,Processing,Delayed,195.55,9.91,60.6,56.7,0.0,1,19.73
ORD004434,CUST0570,WH005,DRV0042,VEH0161,2026-07-19,Coimbatore,Processing,Delivered,116.97,10.68,63.66,58.1,0.0,0,10.95
ORD004435,CUST0100,WH002,DRV0099,VEH0200,2026-05-26,Salem,Processing,In Transit,522.91,6.43,59.42,55.09,0.0,0,81.32
ORD004436,CUST0891,WH010,DRV0170,VEH0140,2026-03-16,Chennai,Dispatched,In Transit,524.61,5.96,41.31,38.34,0.0,0,88.02
ORD004437,CUST0812,WH004,DRV0051,VEH0019,2026-02-26,Trichy,Dispatched,Delivered,167.66,18.27,119.52,129.14,9.62,1,9.18
ORD004438,CUST0998,WH010,DRV0003,VEH0146,2026-08-19,Vellore,Dispatched,Delivered,354.27,5.09,42.69,48.48,5.79,1,69.6
ORD004439,CUST0461,WH010,DRV0037,VEH0178,2026-07-05,Trichy,Dispatched,In Transit,260.87,8.84,48.12,44.62,0.0,0,29.51
ORD004440,CUST0398,WH003,DRV0022,VEH0085,2026-05-20,Madurai,Dispatched,Delivered,131.26,18.84,83.62,95.07,11.45,1,6.97
ORD004441,CUST0972,WH008,DRV0161,VEH0022,2026-07-17,Erode,Dispatched,Delivered,236.94,3.34,54.13,47.29,0.0,0,70.94
ORD004442,CUST0245,WH008,DRV0103,VEH0030,2026-06-03,Coimbatore,Processing,Delivered,109.59,24.63,150.73,135.48,0.0,0,4.45
ORD004443,CUST0381,WH007,DRV0098,VEH0082,2026-04-12,Vellore,Dispatched,Delivered,102.31,5.44,63.68,63.05,0.0,0,18.81
ORD004444,CUST0052,WH006,DRV0177,VEH0134,2026-01-04,Salem,Dispatched,Delivered,247.15,24.69,107.29,112.27,4.98,1,10.01
ORD004445,CUST0162,WH009,DRV0087,VEH0129,2026-05-04,Salem,Dispatched,Delivered,249.07,5.08,31.49,31.24,0.0,0,49.03
ORD004446,CUST0191,WH004,DRV0182,VEH0137,2026-08-12,Erode,Confirmed,Delivered,1044.36,18.24,150.56,140.67,0.0,0,57.26
ORD004447,CUST0122,WH004,DRV0062,VEH0052,2026-02-05,Madurai,Confirmed,Delivered,163.85,7.53,51.67,47.98,0.0,0,21.76
ORD004448,CUST0411,WH006,DRV0035,VEH0029,2026-06-10,Tirunelveli,Processing,Delivered,128.53,34.61,180.84,207.36,26.52,1,3.71
ORD004449,CUST0780,WH001,DRV0029,VEH0062,2026-06-22,Tirunelveli,Processing,Delivered,330.23,9.48,40.57,37.17,0.0,0,34.83
ORD004450,CUST0294,WH002,DRV0066,VEH0029,2026-04-12,Vellore,Dispatched,Delivered,178.34,4.62,57.66,55.31,0.0,0,38.6
ORD004451,CUST0246,WH002,DRV0125,VEH0133,2026-02-14,Coimbatore,Confirmed,Delayed,118.99,15.43,72.01,83.52,11.51,1,7.71
ORD004452,CUST0996,WH010,DRV0050,VEH0022,2026-04-03,Trichy,Dispatched,Delivered,123.87,8.12,62.06,65.74,3.68,1,15.25
ORD004453,CUST0184,WH004,DRV0014,VEH0177,2026-06-17,Tirunelveli,Processing,Delivered,161.31,16.45,88.62,88.34,0.0,0,9.81
ORD004454,CUST0449,WH005,DRV0048,VEH0119,2026-04-05,Chennai,Processing,Delivered,359.74,24.45,161.49,178.14,16.65,1,14.71
ORD004455,CUST0346,WH002,DRV0044,VEH0136,2026-08-22,Madurai,Dispatched,Delivered,239.98,18.56,75.75,84.49,8.74,1,12.93
ORD004456,CUST0168,WH008,DRV0072,VEH0115,2026-06-06,Vellore,Processing,Delivered,105.46,3.2,27.86,32.61,4.75,1,32.96
ORD004457,CUST0616,WH005,DRV0129,VEH0082,2026-03-28,Chennai,Dispatched,Delayed,597.39,5.01,50.62,45.06,0.0,1,119.24
ORD004458,CUST0405,WH008,DRV0156,VEH0108,2026-01-16,Chennai,Confirmed,Delivered,100.5,13.25,88.61,102.22,13.61,1,7.58
ORD004459,CUST0416,WH009,DRV0003,VEH0068,2026-04-27,Vellore,Processing,Delayed,112.25,14.16,91.13,94.95,3.82,1,7.93
ORD004460,CUST0601,WH009,DRV0118,VEH0040,2026-01-07,Madurai,Dispatched,Delivered,387.06,4.29,50.79,55.71,4.92,1,90.22
ORD004461,CUST0524,WH004,DRV0199,VEH0091,2026-02-17,Salem,Dispatched,Delivered,479.82,5.36,36.06,33.63,0.0,0,89.52
ORD004462,CUST0601,WH010,DRV0098,VEH0152,2026-08-22,Coimbatore,Processing,Delivered,228.11,25.61,132.75,124.98,0.0,0,8.91
ORD004463,CUST0666,WH002,DRV0048,VEH0076,2026-08-20,Erode,Processing,Delayed,100.0,6.94,53.29,48.81,0.0,1,14.41
ORD004464,CUST0036,WH002,DRV0126,VEH0141,2026-08-04,Salem,Dispatched,Delivered,193.06,17.43,88.92,85.91,0.0,0,11.08
ORD004465,CUST0016,WH005,DRV0160,VEH0178,2026-08-02,Trichy,Dispatched,Delivered,100.0,22.28,136.49,132.84,0.0,0,4.49
ORD004466,CUST0206,WH010,DRV0009,VEH0173,2026-08-26,Coimbatore,Dispatched,In Transit,911.49,6.77,46.64,47.98,1.34,1,134.64
ORD004467,CUST0494,WH004,DRV0185,VEH0132,2026-04-27,Vellore,Processing,Delivered,218.47,10.43,77.97,74.91,0.0,0,20.95
ORD004468,CUST0674,WH006,DRV0046,VEH0090,2026-08-17,Madurai,Dispatched,Delivered,305.2,17.46,92.4,104.46,12.06,1,17.48
ORD004469,CUST0881,WH009,DRV0058,VEH0191,2026-06-23,Vellore,Confirmed,In Transit,142.5,3.18,58.15,55.1,0.0,0,44.81
ORD004470,CUST0920,WH007,DRV0184,VEH0065,2026-04-08,Madurai,Confirmed,Delivered,586.21,9.13,56.35,63.95,7.6,1,64.21
ORD004471,CUST0712,WH004,DRV0015,VEH0155,2026-07-29,Madurai,Dispatched,Delivered,130.76,23.74,120.31,108.53,0.0,0,5.51
ORD004472,CUST0987,WH007,DRV0119,VEH0191,2026-07-24,Chennai,Confirmed,Delivered,103.73,13.93,100.65,100.48,0.0,0,7.45
ORD004473,CUST0423,WH002,DRV0189,VEH0106,2026-04-04,Vellore,Confirmed,Delivered,221.0,14.04,74.02,73.35,0.0,0,15.74
ORD004474,CUST0960,WH005,DRV0144,VEH0102,2026-01-03,Erode,Processing,Delivered,321.19,20.09,101.95,99.42,0.0,0,15.99
ORD004475,CUST0205,WH009,DRV0115,VEH0139,2026-07-30,Madurai,Processing,Delivered,723.18,7.45,40.28,37.2,0.0,0,97.07
ORD004476,CUST0157,WH009,DRV0046,VEH0042,2026-05-06,Trichy,Dispatched,Delivered,517.65,5.23,48.1,48.41,0.31,1,98.98
ORD004477,CUST0415,WH004,DRV0071,VEH0086,2026-06-12,Trichy,Dispatched,Delivered,394.18,13.43,63.38,64.79,1.41,1,29.35
ORD004478,CUST0831,WH008,DRV0035,VEH0092,2026-02-25,Madurai,Processing,Delayed,116.12,7.84,55.67,59.44,3.77,1,14.81
ORD004479,CUST0299,WH005,DRV0066,VEH0166,2026-02-19,Vellore,Cancelled,Cancelled,114.53,7.5,,,,0,15.27
ORD004480,CUST0019,WH003,DRV0057,VEH0198,2026-07-04,Coimbatore,Dispatched,Delivered,102.45,5.11,32.5,35.83,3.33,1,20.05
ORD004481,CUST0499,WH006,DRV0112,VEH0089,2026-03-06,Vellore,Dispatched,Delivered,164.36,15.34,85.25,100.28,15.03,1,10.71
ORD004482,CUST0138,WH004,DRV0034,VEH0062,2026-07-04,Trichy,Processing,Delayed,100.0,9.67,70.97,63.89,0.0,1,10.34
ORD004483,CUST0568,WH003,DRV0031,VEH0132,2026-03-09,Coimbatore,Dispatched,Delivered,440.34,5.19,28.7,26.59,0.0,0,84.84
ORD004484,CUST0700,WH004,DRV0012,VEH0034,2026-02-25,Erode,Dispatched,Delivered,100.0,20.87,119.56,130.58,11.02,1,4.79
ORD004485,CUST0043,WH001,DRV0193,VEH0026,2026-03-05,Coimbatore,Confirmed,Delayed,100.0,8.74,56.73,66.69,9.96,1,11.44
ORD004486,CUST0304,WH010,DRV0175,VEH0117,2026-03-11,Erode,Confirmed,Delivered,139.24,15.58,107.59,107.85,0.26,1,8.94
ORD004487,CUST0296,WH008,DRV0065,VEH0054,2026-02-26,Vellore,Confirmed,Delivered,100.0,29.51,186.15,191.16,5.01,1,3.39
ORD004488,CUST0290,WH009,DRV0129,VEH0155,2026-03-07,Coimbatore,Dispatched,Delivered,275.56,20.65,112.56,103.95,0.0,0,13.34
ORD004489,CUST0366,WH006,DRV0079,VEH0167,2026-04-22,Erode,Confirmed,Delivered,100.0,27.52,184.48,190.02,5.54,1,3.63
ORD004490,CUST0625,WH005,DRV0195,VEH0021,2026-07-02,Madurai,Dispatched,Delivered,251.13,20.39,134.05,120.85,0.0,0,12.32
ORD004491,CUST0369,WH009,DRV0014,VEH0054,2026-08-09,Tirunelveli,Confirmed,Delivered,330.69,9.16,63.67,72.45,8.78,1,36.1
ORD004492,CUST0129,WH004,DRV0182,VEH0184,2026-04-09,Chennai,Dispatched,Delivered,126.84,6.17,43.82,45.66,1.84,1,20.56
ORD004493,CUST0275,WH001,DRV0138,VEH0098,2026-06-06,Vellore,Processing,Delivered,113.71,8.84,74.02,65.49,0.0,0,12.86
ORD004494,CUST0257,WH007,DRV0067,VEH0063,2026-04-12,Erode,Dispatched,In Transit,107.62,9.28,60.0,70.3,10.3,1,11.6
ORD004495,CUST0376,WH001,DRV0084,VEH0042,2026-03-25,Madurai,Dispatched,In Transit,100.0,24.35,132.97,137.47,4.5,1,4.11
ORD004496,CUST0088,WH009,DRV0128,VEH0110,2026-02-06,Trichy,Confirmed,Delivered,137.93,7.98,49.24,53.07,3.83,1,17.28
ORD004497,CUST0921,WH004,DRV0050,VEH0154,2026-02-12,Trichy,Dispatched,In Transit,189.39,4.32,38.85,38.48,0.0,0,43.84
ORD004498,CUST0964,WH003,DRV0119,VEH0197,2026-03-21,Trichy,Confirmed,In Transit,100.0,12.94,72.92,78.1,5.18,1,7.73
ORD004499,CUST0216,WH004,DRV0128,VEH0148,2026-01-26,Trichy,Dispatched,Delivered,119.43,11.52,85.87,77.29,0.0,0,10.37
ORD004500,CUST0359,WH001,DRV0100,VEH0200,2026-06-09,Tirunelveli,Dispatched,Delivered,200.85,6.39,47.1,41.64,0.0,0,31.43
ORD004501,CUST0852,WH006,DRV0091,VEH0116,2026-01-29,Chennai,Confirmed,Delivered,185.4,8.47,62.54,56.61,0.0,0,21.89
ORD004502,CUST0481,WH007,DRV0116,VEH0181,2026-01-21,Vellore,Confirmed,Delivered,100.0,28.06,164.41,169.57,5.16,1,3.56
ORD004503,CUST0284,WH007,DRV0164,VEH0128,2026-01-21,Erode,Processing,Delivered,273.65,15.3,112.13,97.76,0.0,0,17.89
ORD004504,CUST0107,WH005,DRV0011,VEH0197,2026-04-17,Tirunelveli,Dispatched,Delivered,405.45,8.93,81.37,76.01,0.0,0,45.4
ORD004505,CUST0813,WH010,DRV0131,VEH0196,2026-07-06,Coimbatore,Dispatched,Delivered,124.93,6.36,29.07,30.39,1.32,1,19.64
ORD004506,CUST0483,WH010,DRV0167,VEH0107,2026-01-13,Erode,Dispatched,Delivered,100.0,37.4,210.9,240.17,29.27,1,2.67
ORD004507,CUST0024,WH005,DRV0010,VEH0005,2026-08-17,Madurai,Processing,Delayed,110.29,31.7,162.36,154.61,0.0,1,3.48
ORD004508,CUST0232,WH006,DRV0051,VEH0144,2026-06-17,Trichy,Confirmed,Delivered,108.2,19.55,142.88,133.71,0.0,0,5.53
ORD004509,CUST0044,WH010,DRV0032,VEH0137,2026-04-29,Coimbatore,Dispatched,Delivered,395.4,9.58,35.58,40.12,4.54,1,41.27
ORD004510,CUST0386,WH008,DRV0180,VEH0025,2026-05-02,Madurai,Confirmed,Delivered,100.0,6.15,63.08,62.15,0.0,0,16.26
ORD004511,CUST0919,WH009,DRV0072,VEH0185,2026-03-13,Chennai,Dispatched,Delivered,143.64,6.31,76.66,66.89,0.0,0,22.76
ORD004512,CUST0481,WH006,DRV0047,VEH0166,2026-04-19,Salem,Processing,Delayed,539.61,9.5,65.38,68.98,3.6,1,56.8
ORD004513,CUST0078,WH003,DRV0013,VEH0136,2026-07-17,Chennai,Confirmed,Delivered,201.27,7.96,32.21,34.24,2.03,1,25.29
ORD004514,CUST0318,WH006,DRV0122,VEH0128,2026-03-20,Salem,Dispatched,Delivered,205.85,11.01,87.57,78.12,0.0,0,18.7
ORD004515,CUST0143,WH004,DRV0067,VEH0065,2026-07-14,Trichy,Dispatched,Delivered,169.73,10.66,44.15,49.87,5.72,1,15.92
ORD004516,CUST0928,WH004,DRV0053,VEH0159,2026-05-16,Coimbatore,Dispatched,Delivered,342.23,5.51,42.57,37.67,0.0,0,62.11
ORD004517,CUST0727,WH007,DRV0053,VEH0033,2026-04-28,Tirunelveli,Confirmed,Delivered,235.72,5.64,53.87,49.7,0.0,0,41.79
ORD004518,CUST0516,WH006,DRV0143,VEH0183,2026-01-19,Coimbatore,Confirmed,Delivered,604.74,8.99,67.07,69.34,2.27,1,67.27
ORD004519,CUST0212,WH008,DRV0181,VEH0124,2026-06-01,Madurai,Dispatched,In Transit,649.19,10.47,74.74,85.41,10.67,1,62.0
ORD004520,CUST0894,WH008,DRV0121,VEH0128,2026-07-05,Salem,Dispatched,Delivered,222.28,26.6,114.59,133.9,19.31,1,8.36
ORD004521,CUST0799,WH003,DRV0042,VEH0197,2026-08-10,Vellore,Dispatched,Delivered,176.94,13.43,85.15,88.44,3.29,1,13.17
ORD004522,CUST0827,WH004,DRV0029,VEH0082,2026-01-31,Salem,Confirmed,Delivered,201.61,13.11,76.17,71.75,0.0,0,15.38
ORD004523,CUST0711,WH002,DRV0047,VEH0036,2026-03-27,Madurai,Dispatched,Delivered,125.44,13.77,94.42,94.77,0.35,1,9.11
ORD004524,CUST0513,WH001,DRV0030,VEH0084,2026-01-29,Coimbatore,Dispatched,Delivered,197.74,22.71,171.16,159.72,0.0,0,8.71
ORD004525,CUST0325,WH007,DRV0123,VEH0152,2026-04-13,Tirunelveli,Dispatched,Delivered,100.0,50.0,363.35,345.66,0.0,0,2.0
ORD004526,CUST0526,WH008,DRV0014,VEH0189,2026-06-04,Coimbatore,Dispatched,Delivered,114.11,7.55,72.51,70.96,0.0,0,15.11
ORD004527,CUST0222,WH008,DRV0079,VEH0028,2026-08-28,Madurai,Processing,Delivered,302.24,35.62,261.57,229.4,0.0,0,8.49
ORD004528,CUST0486,WH006,DRV0111,VEH0060,2026-08-25,Erode,Dispatched,Delayed,257.17,3.91,47.01,44.0,0.0,1,65.77
ORD004529,CUST0791,WH007,DRV0059,VEH0094,2026-02-26,Tirunelveli,Dispatched,Delivered,166.88,9.05,49.57,44.09,0.0,0,18.44
ORD004530,CUST0455,WH008,DRV0110,VEH0079,2026-01-03,Tirunelveli,Dispatched,In Transit,238.0,5.11,33.75,36.58,2.83,1,46.58
ORD004531,CUST0108,WH004,DRV0106,VEH0114,2026-04-17,Salem,Dispatched,In Transit,482.51,17.1,111.77,105.04,0.0,0,28.22
ORD004532,CUST0487,WH008,DRV0064,VEH0073,2026-08-08,Vellore,Dispatched,Delivered,141.08,20.28,92.93,90.28,0.0,0,6.96
ORD004533,CUST0370,WH006,DRV0044,VEH0124,2026-06-07,Vellore,Dispatched,Delivered,100.0,4.33,44.85,39.79,0.0,0,23.09
ORD004534,CUST0630,WH007,DRV0014,VEH0039,2026-08-10,Tirunelveli,Confirmed,Delivered,272.51,21.9,94.62,94.32,0.0,0,12.44
ORD004535,CUST0912,WH010,DRV0153,VEH0159,2026-07-01,Trichy,Confirmed,In Transit,256.87,13.99,92.31,98.84,6.53,1,18.36
ORD004536,CUST0393,WH007,DRV0091,VEH0001,2026-01-06,Madurai,Processing,Delivered,297.02,18.78,115.9,120.05,4.15,1,15.82
ORD004537,CUST0999,WH008,DRV0044,VEH0013,2026-06-01,Erode,Confirmed,Delivered,100.0,23.96,115.42,126.05,10.63,1,4.17
ORD004538,CUST0119,WH005,DRV0061,VEH0194,2026-07-27,Erode,Processing,In Transit,100.0,17.42,108.13,118.05,9.92,1,5.74
ORD004539,CUST0509,WH002,DRV0002,VEH0042,2026-07-24,Coimbatore,Processing,Delivered,215.34,3.78,33.91,34.21,0.3,1,56.97
ORD004540,CUST0750,WH008,DRV0079,VEH0165,2026-03-30,Trichy,Processing,Delivered,205.76,8.45,71.09,63.6,0.0,0,24.35
ORD004541,CUST0354,WH001,DRV0074,VEH0185,2026-05-17,Vellore,Processing,Delivered,143.72,4.14,56.53,62.29,5.76,1,34.71
ORD004542,CUST0766,WH002,DRV0171,VEH0035,2026-02-04,Trichy,Confirmed,Delivered,464.23,2.5,40.88,43.66,2.78,1,185.69
ORD004543,CUST0927,WH005,DRV0009,VEH0037,2026-05-09,Salem,Confirmed,In Transit,180.11,4.88,28.86,26.1,0.0,0,36.91
ORD004544,CUST0957,WH004,DRV0189,VEH0075,2026-07-31,Vellore,Dispatched,Delivered,403.5,8.92,85.7,90.04,4.34,1,45.24
ORD004545,CUST0557,WH002,DRV0195,VEH0127,2026-05-05,Tirunelveli,Dispatched,Delivered,320.81,33.94,193.03,169.51,0.0,0,9.45
ORD004546,CUST0638,WH004,DRV0152,VEH0020,2026-01-06,Vellore,Processing,In Transit,100.0,10.9,65.99,70.91,4.92,1,9.17
ORD004547,CUST0647,WH007,DRV0193,VEH0194,2026-03-10,Madurai,Dispatched,Delivered,101.85,14.06,90.25,91.84,1.59,1,7.24
ORD004548,CUST0313,WH005,DRV0166,VEH0151,2026-08-16,Trichy,Cancelled,Cancelled,100.0,7.71,,,,0,12.97
ORD004549,CUST0064,WH004,DRV0198,VEH0183,2026-08-01,Chennai,Cancelled,Cancelled,239.92,9.65,,,,0,24.86
ORD004550,CUST0258,WH002,DRV0133,VEH0057,2026-02-08,Erode,Dispatched,Delivered,193.21,11.63,84.25,75.42,0.0,0,16.61
ORD004551,CUST0006,WH002,DRV0068,VEH0178,2026-01-27,Erode,Dispatched,Delivered,435.96,9.29,85.01,77.62,0.0,0,46.93
ORD004552,CUST0876,WH001,DRV0195,VEH0166,2026-03-26,Trichy,Dispatched,Delivered,266.88,16.01,62.73,69.92,7.19,1,16.67
ORD004553,CUST0317,WH010,DRV0158,VEH0047,2026-04-26,Trichy,Processing,Delivered,100.0,7.15,66.98,58.71,0.0,0,13.99
ORD004554,CUST0418,WH006,DRV0062,VEH0108,2026-03-28,Trichy,Dispatched,Delivered,134.24,3.93,40.6,35.97,0.0,0,34.16
ORD004555,CUST0017,WH006,DRV0135,VEH0093,2026-01-11,Madurai,Confirmed,Delivered,100.0,3.35,29.4,29.98,0.58,1,29.85
ORD004556,CUST0282,WH004,DRV0179,VEH0128,2026-04-22,Salem,Dispatched,Delivered,219.36,19.3,144.95,137.46,0.0,0,11.37
ORD004557,CUST0844,WH009,DRV0160,VEH0158,2026-08-27,Salem,Dispatched,In Transit,1112.08,1.75,33.69,29.35,0.0,0,635.47
ORD004558,CUST0404,WH004,DRV0107,VEH0196,2026-02-03,Chennai,Dispatched,Delivered,197.36,9.53,64.33,66.12,1.79,1,20.71
ORD004559,CUST0553,WH003,DRV0074,VEH0093,2026-07-30,Tirunelveli,Dispatched,Delivered,206.6,5.01,51.41,58.16,6.75,1,41.24
ORD004560,CUST0442,WH010,DRV0101,VEH0122,2026-06-23,Chennai,Processing,Delivered,179.24,16.39,117.95,106.23,0.0,0,10.94
ORD004561,CUST0366,WH009,DRV0026,VEH0043,2026-08-07,Vellore,Dispatched,Delayed,228.45,11.12,42.39,42.69,0.3,1,20.54
ORD004562,CUST0355,WH001,DRV0043,VEH0118,2026-01-09,Trichy,Dispatched,Delivered,163.77,11.31,91.73,80.04,0.0,0,14.48
ORD004563,CUST0355,WH002,DRV0109,VEH0155,2026-04-02,Erode,Confirmed,In Transit,270.86,11.96,95.79,94.35,0.0,0,22.65
ORD004564,CUST0310,WH001,DRV0062,VEH0082,2026-05-27,Vellore,Dispatched,Delivered,109.72,11.7,79.92,93.05,13.13,1,9.38
ORD004565,CUST0413,WH007,DRV0159,VEH0064,2026-04-08,Trichy,Processing,Delivered,112.72,3.92,30.54,30.62,0.08,1,28.76
ORD004566,CUST0816,WH001,DRV0023,VEH0006,2026-04-09,Trichy,Confirmed,Delivered,100.0,8.02,58.03,54.47,0.0,0,12.47
ORD004567,CUST0998,WH001,DRV0064,VEH0096,2026-07-21,Chennai,Dispatched,Delivered,177.48,5.98,38.93,45.38,6.45,1,29.68
ORD004568,CUST0863,WH006,DRV0072,VEH0031,2026-05-31,Salem,Processing,Delivered,100.0,6.75,45.43,46.64,1.21,1,14.81
ORD004569,CUST0232,WH006,DRV0183,VEH0087,2026-08-30,Chennai,Dispatched,Delivered,465.98,11.81,81.11,90.46,9.35,1,39.46
ORD004570,CUST0461,WH005,DRV0144,VEH0157,2026-01-12,Tirunelveli,Processing,Delivered,136.99,19.38,96.72,92.74,0.0,0,7.07
ORD004571,CUST0090,WH004,DRV0120,VEH0131,2026-01-03,Salem,Confirmed,Delayed,100.0,18.95,158.23,139.14,0.0,1,5.28
ORD004572,CUST0150,WH008,DRV0009,VEH0097,2026-05-22,Chennai,Dispatched,Delivered,100.0,13.17,92.52,89.19,0.0,0,7.59
ORD004573,CUST0584,WH003,DRV0004,VEH0103,2026-03-21,Salem,Processing,Delayed,197.9,8.34,66.84,63.15,0.0,1,23.73
ORD004574,CUST0872,WH001,DRV0039,VEH0108,2026-06-13,Chennai,Dispatched,Delivered,277.0,11.3,65.38,67.47,2.09,1,24.51
ORD004575,CUST0455,WH001,DRV0044,VEH0148,2026-08-15,Salem,Dispatched,Delivered,228.16,17.45,89.75,88.08,0.0,0,13.08
ORD004576,CUST0389,WH005,DRV0041,VEH0058,2026-04-18,Vellore,Dispatched,Delivered,106.22,6.72,55.62,54.9,0.0,0,15.81
ORD004577,CUST0308,WH003,DRV0013,VEH0057,2026-01-24,Madurai,Dispatched,Delivered,125.05,10.99,52.14,48.37,0.0,0,11.38
ORD004578,CUST0257,WH003,DRV0076,VEH0071,2026-06-13,Madurai,Dispatched,Delivered,115.88,7.67,43.46,39.26,0.0,0,15.11
ORD004579,CUST0557,WH002,DRV0140,VEH0004,2026-03-07,Erode,Processing,Delivered,261.99,6.65,51.58,49.18,0.0,0,39.4
ORD004580,CUST0374,WH009,DRV0024,VEH0042,2026-07-16,Erode,Dispatched,Delivered,195.51,10.56,121.94,106.6,0.0,0,18.51
ORD004581,CUST0552,WH006,DRV0048,VEH0102,2026-02-20,Coimbatore,Confirmed,Delivered,135.53,8.37,82.83,75.4,0.0,0,16.19
ORD004582,CUST0192,WH007,DRV0099,VEH0034,2026-07-03,Erode,Dispatched,Delivered,118.08,13.36,68.17,76.82,8.65,1,8.84
ORD004583,CUST0523,WH002,DRV0032,VEH0018,2026-04-29,Tirunelveli,Dispatched,In Transit,129.04,8.46,32.36,32.29,0.0,0,15.25
ORD004584,CUST0382,WH001,DRV0166,VEH0097,2026-05-01,Vellore,Dispatched,Delivered,182.27,9.92,94.55,84.35,0.0,0,18.37
ORD004585,CUST0436,WH008,DRV0194,VEH0193,2026-02-21,Salem,Dispatched,Delivered,433.34,3.92,37.01,32.66,0.0,0,110.55
ORD004586,CUST0864,WH010,DRV0182,VEH0112,2026-01-06,Salem,Dispatched,Delivered,204.65,17.96,92.82,96.28,3.46,1,11.39
ORD004587,CUST0135,WH004,DRV0021,VEH0153,2026-02-12,Tirunelveli,Dispatched,Delivered,145.65,18.17,101.39,94.96,0.0,0,8.02
ORD004588,CUST0179,WH009,DRV0159,VEH0173,2026-03-31,Tirunelveli,Dispatched,Delivered,138.46,5.97,41.57,42.72,1.15,1,23.19
ORD004589,CUST0221,WH009,DRV0064,VEH0142,2026-04-19,Salem,Processing,Delivered,547.98,6.35,51.27,57.79,6.52,1,86.3
ORD004590,CUST0222,WH004,DRV0180,VEH0011,2026-01-28,Coimbatore,Confirmed,Delivered,309.84,12.22,79.58,71.35,0.0,0,25.36
ORD004591,CUST0917,WH010,DRV0163,VEH0121,2026-04-14,Chennai,Dispatched,Delivered,342.46,7.86,44.29,39.21,0.0,0,43.57
ORD004592,CUST0551,WH003,DRV0144,VEH0180,2026-04-22,Vellore,Dispatched,Delivered,294.65,13.08,69.99,69.89,0.0,0,22.53
ORD004593,CUST0556,WH005,DRV0168,VEH0008,2026-04-07,Tirunelveli,Processing,Delivered,175.48,25.15,112.76,131.81,19.05,1,6.98
ORD004594,CUST0313,WH006,DRV0090,VEH0060,2026-01-04,Madurai,Confirmed,Delivered,394.87,6.18,48.06,43.9,0.0,0,63.89
ORD004595,CUST0809,WH010,DRV0038,VEH0042,2026-04-15,Coimbatore,Processing,Delayed,100.0,18.84,71.87,72.37,0.5,1,5.31
ORD004596,CUST0295,WH004,DRV0185,VEH0144,2026-05-03,Vellore,Dispatched,Delivered,496.76,5.46,41.51,47.57,6.06,1,90.98
ORD004597,CUST0660,WH001,DRV0003,VEH0167,2026-04-26,Madurai,Dispatched,Delivered,293.65,6.73,56.35,62.14,5.79,1,43.63
ORD004598,CUST0534,WH007,DRV0165,VEH0101,2026-04-15,Trichy,Processing,Delayed,248.6,12.28,42.67,47.64,4.97,1,20.24
ORD004599,CUST0157,WH005,DRV0100,VEH0095,2026-08-14,Erode,Confirmed,In Transit,110.83,15.89,104.23,98.71,0.0,0,6.97
ORD004600,CUST0814,WH002,DRV0002,VEH0042,2026-05-18,Coimbatore,Processing,Delivered,332.0,24.67,137.68,146.5,8.82,1,13.46
ORD004601,CUST0452,WH009,DRV0003,VEH0146,2026-03-12,Coimbatore,Confirmed,Delivered,381.56,30.0,126.58,142.5,15.92,1,12.72
ORD004602,CUST0003,WH008,DRV0104,VEH0121,2026-06-02,Vellore,Cancelled,Cancelled,114.68,8.99,,,,0,12.76
ORD004603,CUST0201,WH010,DRV0175,VEH0135,2026-04-23,Madurai,Dispatched,Delivered,116.97,10.91,89.9,79.07,0.0,0,10.72
ORD004604,CUST0389,WH007,DRV0106,VEH0132,2026-06-01,Salem,Dispatched,Delayed,100.0,13.53,86.15,96.63,10.48,1,7.39
ORD004605,CUST0824,WH009,DRV0111,VEH0096,2026-07-11,Trichy,Confirmed,Delivered,258.84,10.6,68.77,74.83,6.06,1,24.42
ORD004606,CUST0323,WH010,DRV0090,VEH0030,2026-03-10,Madurai,Confirmed,Delivered,170.07,8.93,60.87,59.23,0.0,0,19.04
ORD004607,CUST0345,WH002,DRV0027,VEH0178,2026-08-04,Coimbatore,Processing,Delivered,720.26,7.52,53.29,59.53,6.24,1,95.78
ORD004608,CUST0416,WH003,DRV0191,VEH0045,2026-08-19,Salem,Dispatched,Delivered,100.0,16.03,96.88,107.93,11.05,1,6.24
ORD004609,CUST0097,WH009,DRV0038,VEH0031,2026-05-19,Trichy,Processing,In Transit,102.93,24.79,117.36,123.41,6.05,1,4.15
ORD004610,CUST0978,WH006,DRV0172,VEH0046,2026-06-03,Salem,Cancelled,Cancelled,182.69,3.6,,,,0,50.75
ORD004611,CUST0621,WH002,DRV0008,VEH0182,2026-01-25,Madurai,Processing,Delivered,279.29,9.42,71.93,63.17,0.0,0,29.65
ORD004612,CUST0740,WH006,DRV0023,VEH0046,2026-07-09,Salem,Dispatched,Delivered,271.19,3.66,66.92,60.7,0.0,0,74.1
ORD004613,CUST0754,WH005,DRV0134,VEH0005,2026-01-21,Coimbatore,Dispatched,In Transit,191.51,15.43,61.29,57.89,0.0,0,12.41
ORD004614,CUST0809,WH010,DRV0153,VEH0010,2026-01-27,Coimbatore,Dispatched,Delivered,227.93,6.62,65.28,61.23,0.0,0,34.43
ORD004615,CUST0541,WH005,DRV0059,VEH0110,2026-05-09,Vellore,Processing,Delivered,195.78,22.7,97.99,98.89,0.9,1,8.62
ORD004616,CUST0359,WH005,DRV0185,VEH0151,2026-08-27,Chennai,Dispatched,Delivered,358.56,9.91,77.19,76.5,0.0,0,36.18
ORD004617,CUST0879,WH002,DRV0058,VEH0007,2026-07-18,Vellore,Dispatched,Delivered,126.27,15.56,82.67,79.46,0.0,0,8.12
ORD004618,CUST0109,WH006,DRV0144,VEH0058,2026-07-22,Trichy,Confirmed,Delivered,135.92,6.08,77.51,72.48,0.0,0,22.36
ORD004619,CUST0450,WH007,DRV0026,VEH0047,2026-07-02,Madurai,Processing,Delivered,283.76,11.96,66.32,75.44,9.12,1,23.73
ORD004620,CUST0523,WH009,DRV0079,VEH0092,2026-01-31,Vellore,Dispatched,Delivered,503.72,11.87,44.04,48.0,3.96,1,42.44
ORD004621,CUST0955,WH005,DRV0175,VEH0021,2026-07-17,Erode,Cancelled,Cancelled,120.03,14.08,,,,0,8.52
ORD004622,CUST0095,WH005,DRV0096,VEH0159,2026-01-21,Salem,Processing,Delivered,212.04,7.17,47.55,50.02,2.47,1,29.57
ORD004623,CUST0132,WH009,DRV0168,VEH0155,2026-07-17,Tirunelveli,Dispatched,Delivered,141.74,21.48,141.76,152.34,10.58,1,6.6
ORD004624,CUST0605,WH006,DRV0147,VEH0157,2026-03-11,Coimbatore,Dispatched,Delivered,259.98,13.56,109.34,111.96,2.62,1,19.17
ORD004625,CUST0566,WH007,DRV0117,VEH0138,2026-05-08,Chennai,Processing,Delivered,100.0,24.06,153.42,163.69,10.27,1,4.16
ORD004626,CUST0242,WH004,DRV0172,VEH0072,2026-01-05,Madurai,Dispatched,Delivered,144.79,3.97,29.43,33.54,4.11,1,36.47
ORD004627,CUST0377,WH004,DRV0099,VEH0137,2026-05-05,Coimbatore,Dispatched,Delivered,124.81,12.02,55.23,60.53,5.3,1,10.38
ORD004628,CUST0195,WH001,DRV0154,VEH0139,2026-07-18,Madurai,Processing,Delivered,145.11,9.66,52.94,50.8,0.0,0,15.02
ORD004629,CUST0258,WH005,DRV0052,VEH0150,2026-03-14,Erode,Dispatched,Delivered,100.0,30.41,162.82,177.57,14.75,1,3.29
ORD004630,CUST0868,WH002,DRV0165,VEH0104,2026-08-12,Coimbatore,Confirmed,Delivered,675.8,16.26,128.96,123.49,0.0,0,41.56
ORD004631,CUST0846,WH005,DRV0077,VEH0090,2026-05-31,Vellore,Confirmed,Delivered,100.0,10.71,71.61,81.37,9.76,1,9.34
ORD004632,CUST0304,WH005,DRV0047,VEH0050,2026-04-04,Madurai,Dispatched,Delivered,247.04,15.64,80.7,93.56,12.86,1,15.8
ORD004633,CUST0501,WH004,DRV0200,VEH0101,2026-04-06,Vellore,Confirmed,Delivered,100.0,8.17,61.01,55.04,0.0,0,12.24
ORD004634,CUST0580,WH010,DRV0014,VEH0168,2026-06-01,Coimbatore,Confirmed,Delivered,100.0,14.44,68.57,63.61,0.0,0,6.93
ORD004635,CUST0812,WH009,DRV0154,VEH0066,2026-01-07,Vellore,Confirmed,Delivered,198.29,41.07,230.47,219.54,0.0,0,4.83
ORD004636,CUST0190,WH005,DRV0047,VEH0191,2026-06-15,Tirunelveli,Dispatched,Delayed,284.1,7.47,54.66,63.61,8.95,1,38.03
ORD004637,CUST0640,WH006,DRV0094,VEH0147,2026-05-24,Tirunelveli,Dispatched,In Transit,100.0,11.9,58.39,63.34,4.95,1,8.4
ORD004638,CUST0862,WH001,DRV0106,VEH0116,2026-07-07,Tirunelveli,Processing,Delivered,100.0,6.45,64.72,59.18,0.0,0,15.5
ORD004639,CUST0339,WH005,DRV0141,VEH0016,2026-08-29,Tirunelveli,Dispatched,Delivered,100.0,5.72,40.14,44.93,4.79,1,17.48
ORD004640,CUST0019,WH009,DRV0139,VEH0132,2026-04-11,Salem,Confirmed,Delivered,208.42,18.97,157.24,143.75,0.0,0,10.99
ORD004641,CUST0684,WH006,DRV0002,VEH0049,2026-08-23,Trichy,Cancelled,Cancelled,100.0,4.83,,,,0,20.7
ORD004642,CUST0415,WH009,DRV0158,VEH0038,2026-01-06,Erode,Processing,Delivered,418.91,14.3,77.79,72.56,0.0,0,29.29
ORD004643,CUST0062,WH004,DRV0115,VEH0135,2026-05-21,Coimbatore,Dispatched,Delivered,100.0,18.24,136.15,130.49,0.0,0,5.48
ORD004644,CUST0911,WH002,DRV0024,VEH0183,2026-05-06,Madurai,Dispatched,Delivered,257.8,8.4,51.34,52.65,1.31,1,30.69
ORD004645,CUST0925,WH009,DRV0082,VEH0014,2026-05-29,Coimbatore,Dispatched,Delivered,494.74,23.54,154.63,164.92,10.29,1,21.02
ORD004646,CUST0067,WH004,DRV0023,VEH0085,2026-01-01,Vellore,Confirmed,Delayed,189.57,22.26,107.1,101.82,0.0,1,8.52
ORD004647,CUST0723,WH002,DRV0117,VEH0034,2026-04-04,Chennai,Dispatched,Delivered,100.0,8.37,60.42,55.33,0.0,0,11.95
ORD004648,CUST0854,WH001,DRV0070,VEH0149,2026-08-01,Erode,Confirmed,Delivered,235.11,4.33,31.39,36.35,4.96,1,54.3
ORD004649,CUST0175,WH002,DRV0110,VEH0127,2026-01-19,Tirunelveli,Dispatched,Delivered,154.45,15.0,78.47,81.4,2.93,1,10.3
ORD004650,CUST0852,WH005,DRV0075,VEH0164,2026-03-23,Salem,Processing,Delivered,176.43,10.5,86.68,90.74,4.06,1,16.8
ORD004651,CUST0381,WH003,DRV0135,VEH0063,2026-02-09,Tirunelveli,Processing,Delivered,508.23,12.36,105.73,103.88,0.0,0,41.12
ORD004652,CUST0519,WH006,DRV0175,VEH0042,2026-08-17,Tirunelveli,Confirmed,Delivered,187.45,14.9,80.15,90.65,10.5,1,12.58
ORD004653,CUST0964,WH004,DRV0122,VEH0177,2026-08-23,Chennai,Confirmed,Delayed,253.09,3.81,44.05,38.98,0.0,1,66.43
ORD004654,CUST0897,WH002,DRV0138,VEH0071,2026-06-26,Vellore,Dispatched,Delivered,117.88,8.06,68.72,67.73,0.0,0,14.63
ORD004655,CUST0233,WH007,DRV0085,VEH0085,2026-03-22,Vellore,Dispatched,Delivered,151.05,28.49,152.26,135.09,0.0,0,5.3
ORD004656,CUST0711,WH006,DRV0119,VEH0138,2026-05-05,Madurai,Dispatched,Delayed,376.18,12.6,102.84,93.91,0.0,1,29.86
ORD004657,CUST0534,WH008,DRV0158,VEH0021,2026-06-24,Coimbatore,Dispatched,Delivered,198.07,15.54,98.63,108.68,10.05,1,12.75
ORD004658,CUST0741,WH010,DRV0176,VEH0113,2026-06-17,Vellore,Dispatched,Delivered,218.23,11.92,88.81,99.82,11.01,1,18.31
ORD004659,CUST0825,WH005,DRV0025,VEH0063,2026-01-10,Vellore,Processing,Delivered,347.49,15.25,145.2,131.0,0.0,0,22.79
ORD004660,CUST0350,WH003,DRV0113,VEH0089,2026-01-09,Coimbatore,Confirmed,In Transit,523.02,21.98,126.62,125.26,0.0,0,23.8
ORD004661,CUST0125,WH004,DRV0024,VEH0077,2026-04-19,Chennai,Confirmed,Delivered,100.0,2.61,20.94,24.46,3.52,1,38.31
ORD004662,CUST0585,WH005,DRV0012,VEH0127,2026-08-20,Trichy,Processing,Delayed,131.69,17.5,172.31,152.45,0.0,1,7.53
ORD004663,CUST0698,WH005,DRV0199,VEH0119,2026-06-30,Vellore,Processing,In Transit,467.66,10.6,79.5,80.15,0.65,1,44.12
ORD004664,CUST0795,WH006,DRV0162,VEH0050,2026-07-25,Salem,Confirmed,Delivered,661.9,19.41,151.28,160.89,9.61,1,34.1
ORD004665,CUST0038,WH009,DRV0131,VEH0027,2026-05-22,Coimbatore,Confirmed,Delivered,152.89,8.6,66.37,66.04,0.0,0,17.78
ORD004666,CUST0248,WH004,DRV0134,VEH0136,2026-05-04,Coimbatore,Confirmed,Delivered,216.24,8.37,49.22,44.87,0.0,0,25.84
ORD004667,CUST0983,WH007,DRV0059,VEH0158,2026-07-02,Madurai,Dispatched,Delivered,227.75,4.7,20.52,23.24,2.72,1,48.46
ORD004668,CUST0896,WH007,DRV0155,VEH0123,2026-04-22,Vellore,Confirmed,In Transit,211.09,10.78,64.67,67.53,2.86,1,19.58
ORD004669,CUST0588,WH006,DRV0083,VEH0199,2026-07-26,Chennai,Dispatched,Delayed,212.92,4.49,37.02,39.15,2.13,1,47.42
ORD004670,CUST0141,WH001,DRV0072,VEH0030,2026-06-23,Madurai,Dispatched,Delivered,440.17,10.17,50.93,46.22,0.0,0,43.28
ORD004671,CUST0097,WH009,DRV0036,VEH0018,2026-08-13,Salem,Dispatched,Delivered,100.0,12.35,87.31,80.58,0.0,0,8.1
ORD004672,CUST0655,WH006,DRV0061,VEH0023,2026-02-26,Coimbatore,Confirmed,Delivered,118.4,6.8,60.3,62.16,1.86,1,17.41
ORD004673,CUST0592,WH003,DRV0100,VEH0038,2026-07-03,Chennai,Processing,Delivered,274.56,3.52,48.25,45.98,0.0,0,78.0
ORD004674,CUST0256,WH002,DRV0199,VEH0105,2026-08-02,Tirunelveli,Confirmed,Delivered,131.3,2.95,31.07,32.09,1.02,1,44.51
ORD004675,CUST0354,WH003,DRV0193,VEH0030,2026-08-15,Vellore,Processing,Delivered,218.37,5.54,36.2,35.44,0.0,0,39.42
ORD004676,CUST0969,WH001,DRV0133,VEH0119,2026-02-04,Erode,Confirmed,Delivered,367.33,2.81,42.09,36.68,0.0,0,130.72
ORD004677,CUST0475,WH003,DRV0170,VEH0030,2026-08-06,Chennai,Dispatched,Delivered,512.9,12.13,97.37,96.34,0.0,0,42.28
ORD004678,CUST0816,WH005,DRV0142,VEH0200,2026-02-04,Erode,Dispatched,Delivered,217.1,41.77,289.9,252.84,0.0,0,5.2
ORD004679,CUST0527,WH004,DRV0065,VEH0074,2026-01-09,Chennai,Dispatched,In Transit,477.32,4.64,56.38,52.49,0.0,0,102.87
ORD004680,CUST0867,WH010,DRV0012,VEH0071,2026-03-16,Salem,Processing,In Transit,198.78,47.99,201.86,227.78,25.92,1,4.14
ORD004681,CUST0994,WH001,DRV0130,VEH0167,2026-06-01,Trichy,Processing,Delivered,148.81,11.84,72.16,66.28,0.0,0,12.57
ORD004682,CUST0808,WH005,DRV0014,VEH0017,2026-07-12,Erode,Dispatched,Delivered,100.0,13.46,83.69,93.16,9.47,1,7.43
ORD004683,CUST0798,WH003,DRV0067,VEH0069,2026-01-11,Vellore,Processing,Delivered,100.0,3.67,19.24,19.06,0.0,0,27.25
ORD004684,CUST0368,WH010,DRV0115,VEH0106,2026-03-16,Trichy,Dispatched,Delivered,181.83,12.49,97.71,94.5,0.0,0,14.56
ORD004685,CUST0535,WH007,DRV0099,VEH0180,2026-06-04,Trichy,Dispatched,Delivered,184.32,7.73,57.25,51.22,0.0,0,23.84
ORD004686,CUST0265,WH010,DRV0067,VEH0079,2026-04-13,Madurai,Processing,Delivered,210.43,27.38,154.03,168.68,14.65,1,7.69
ORD004687,CUST0672,WH008,DRV0014,VEH0141,2026-08-18,Erode,Processing,Delivered,598.08,2.96,35.61,32.0,0.0,0,202.05
ORD004688,CUST0803,WH005,DRV0162,VEH0007,2026-02-18,Erode,Dispatched,Delivered,295.37,7.82,74.13,65.58,0.0,0,37.77
ORD004689,CUST0305,WH010,DRV0045,VEH0068,2026-06-12,Madurai,Confirmed,Delivered,305.79,6.22,40.36,46.03,5.67,1,49.16
ORD004690,CUST0608,WH008,DRV0137,VEH0060,2026-02-15,Erode,Confirmed,Delivered,594.78,13.82,123.1,110.35,0.0,0,43.04
ORD004691,CUST0429,WH006,DRV0138,VEH0105,2026-04-22,Salem,Confirmed,Delivered,143.78,1.98,16.14,17.4,1.26,1,72.62
ORD004692,CUST0784,WH006,DRV0136,VEH0174,2026-03-18,Chennai,Cancelled,Cancelled,130.22,26.85,,,,0,4.85
ORD004693,CUST0288,WH005,DRV0157,VEH0035,2026-06-12,Erode,Dispatched,Delivered,401.25,13.47,95.35,83.82,0.0,0,29.79
ORD004694,CUST0793,WH010,DRV0061,VEH0029,2026-01-22,Trichy,Dispatched,Delivered,248.59,12.88,56.68,58.57,1.89,1,19.3
ORD004695,CUST0862,WH006,DRV0182,VEH0100,2026-03-09,Erode,Processing,Delivered,176.12,4.8,49.3,47.55,0.0,0,36.69
ORD004696,CUST0293,WH001,DRV0167,VEH0119,2026-04-14,Coimbatore,Dispatched,Delayed,174.28,18.1,139.2,137.03,0.0,1,9.63
ORD004697,CUST0037,WH008,DRV0033,VEH0034,2026-04-17,Trichy,Dispatched,Delivered,162.1,16.95,101.64,111.21,9.57,1,9.56
ORD004698,CUST0675,WH005,DRV0151,VEH0136,2026-02-27,Salem,Dispatched,Delivered,169.75,23.23,176.6,168.05,0.0,0,7.31
ORD004699,CUST0301,WH008,DRV0072,VEH0194,2026-05-05,Trichy,Dispatched,In Transit,180.94,9.02,49.35,57.13,7.78,1,20.06
ORD004700,CUST0136,WH003,DRV0127,VEH0004,2026-06-09,Coimbatore,Processing,Delivered,149.4,3.49,40.72,44.7,3.98,1,42.81
ORD004701,CUST0488,WH010,DRV0168,VEH0066,2026-08-10,Vellore,Confirmed,Delivered,260.09,7.0,62.18,54.86,0.0,0,37.16
ORD004702,CUST0241,WH006,DRV0102,VEH0094,2026-01-30,Coimbatore,Dispatched,Delivered,294.49,19.86,189.57,166.87,0.0,0,14.83
ORD004703,CUST0175,WH001,DRV0023,VEH0057,2026-05-26,Coimbatore,Dispatched,Delivered,125.58,7.86,65.88,66.22,0.34,1,15.98
ORD004704,CUST0804,WH001,DRV0059,VEH0093,2026-07-04,Salem,Dispatched,Delivered,325.94,34.47,111.13,123.38,12.25,1,9.46
ORD004705,CUST0630,WH004,DRV0178,VEH0132,2026-01-28,Trichy,Dispatched,Delivered,100.0,18.38,123.38,126.35,2.97,1,5.44
ORD004706,CUST0985,WH010,DRV0100,VEH0085,2026-07-30,Salem,Dispatched,Delivered,251.5,31.56,155.37,139.58,0.0,0,7.97
ORD004707,CUST0338,WH006,DRV0192,VEH0194,2026-06-17,Tirunelveli,Processing,Delivered,259.81,8.16,64.04,73.52,9.48,1,31.84
ORD004708,CUST0359,WH003,DRV0056,VEH0148,2026-07-08,Coimbatore,Confirmed,Delivered,171.67,14.62,66.75,75.14,8.39,1,11.74
ORD004709,CUST0906,WH005,DRV0171,VEH0113,2026-07-28,Trichy,Confirmed,Delivered,188.16,5.57,43.63,39.0,0.0,0,33.78
ORD004710,CUST0257,WH010,DRV0127,VEH0097,2026-06-26,Madurai,Dispatched,Delivered,155.75,19.0,77.63,79.65,2.02,1,8.2
ORD004711,CUST0452,WH004,DRV0084,VEH0055,2026-06-06,Salem,Dispatched,Delayed,130.32,15.33,92.24,105.41,13.17,1,8.5
ORD004712,CUST0218,WH010,DRV0058,VEH0006,2026-05-05,Madurai,Dispatched,Delivered,181.33,17.73,110.28,123.67,13.39,1,10.23
ORD004713,CUST0203,WH003,DRV0128,VEH0029,2026-07-13,Tirunelveli,Dispatched,Delivered,127.09,8.67,65.62,58.87,0.0,0,14.66
ORD004714,CUST0655,WH009,DRV0140,VEH0080,2026-03-29,Madurai,Dispatched,Delivered,380.2,12.16,70.81,71.02,0.21,1,31.27
ORD004715,CUST0255,WH004,DRV0164,VEH0100,2026-02-22,Chennai,Dispatched,Delivered,100.0,11.75,59.76,66.48,6.72,1,8.51
ORD004716,CUST0096,WH010,DRV0134,VEH0133,2026-04-14,Coimbatore,Dispatched,Delivered,166.09,8.7,72.35,64.7,0.0,0,19.09
ORD004717,CUST0719,WH007,DRV0032,VEH0165,2026-01-16,Tirunelveli,Confirmed,Delivered,100.0,12.64,107.11,97.06,0.0,0,7.91
ORD004718,CUST0348,WH005,DRV0193,VEH0137,2026-04-19,Madurai,Dispatched,Delivered,100.0,14.1,76.56,89.34,12.78,1,7.09
ORD004719,CUST0599,WH007,DRV0188,VEH0037,2026-01-09,Erode,Dispatched,Delivered,124.6,15.79,67.5,65.9,0.0,0,7.89
ORD004720,CUST0131,WH005,DRV0182,VEH0167,2026-06-08,Erode,Confirmed,Delivered,433.0,8.55,56.88,61.61,4.73,1,50.64
ORD004721,CUST0627,WH003,DRV0152,VEH0063,2026-06-04,Salem,Confirmed,Delivered,383.71,18.36,118.58,117.41,0.0,0,20.9
ORD004722,CUST0288,WH006,DRV0157,VEH0185,2026-04-18,Erode,Dispatched,Delivered,190.04,17.61,121.67,130.3,8.63,1,10.79
ORD004723,CUST0767,WH009,DRV0008,VEH0040,2026-04-17,Coimbatore,Confirmed,Delivered,188.96,15.99,93.64,99.12,5.48,1,11.82
ORD004724,CUST0660,WH006,DRV0013,VEH0064,2026-04-26,Tirunelveli,Dispatched,Delivered,355.8,19.27,118.69,115.17,0.0,0,18.46
ORD004725,CUST0056,WH004,DRV0063,VEH0122,2026-04-27,Vellore,Processing,Delivered,378.18,9.95,77.95,77.05,0.0,0,38.01
ORD004726,CUST0334,WH001,DRV0025,VEH0131,2026-04-08,Coimbatore,Dispatched,Delivered,124.76,5.05,59.08,61.0,1.92,1,24.7
ORD004727,CUST0611,WH003,DRV0157,VEH0043,2026-05-22,Tirunelveli,Dispatched,Delivered,280.7,17.65,97.44,110.44,13.0,1,15.9
ORD004728,CUST0872,WH003,DRV0187,VEH0125,2026-01-31,Salem,Processing,Delivered,100.0,7.58,76.72,67.25,0.0,0,13.19
ORD004729,CUST0810,WH002,DRV0061,VEH0025,2026-04-30,Trichy,Processing,In Transit,140.73,3.62,26.25,29.09,2.84,1,38.88
ORD004730,CUST0841,WH010,DRV0088,VEH0055,2026-05-11,Erode,Dispatched,Delivered,266.73,7.73,59.39,57.11,0.0,0,34.51
ORD004731,CUST0572,WH002,DRV0125,VEH0106,2026-07-19,Erode,Dispatched,Delivered,118.21,12.46,80.79,92.35,11.56,1,9.49
ORD004732,CUST0184,WH008,DRV0026,VEH0036,2026-06-24,Salem,Dispatched,Delayed,143.92,25.55,155.19,146.89,0.0,1,5.63
ORD004733,CUST0687,WH008,DRV0084,VEH0108,2026-04-19,Erode,Processing,Delivered,100.0,14.18,84.62,96.33,11.71,1,7.05
ORD004734,CUST0664,WH003,DRV0196,VEH0186,2026-04-10,Vellore,Processing,Delivered,242.99,19.2,103.07,112.17,9.1,1,12.66
ORD004735,CUST0809,WH004,DRV0022,VEH0103,2026-01-23,Trichy,Processing,Delivered,102.14,17.41,77.28,74.02,0.0,0,5.87
ORD004736,CUST0004,WH005,DRV0135,VEH0019,2026-06-29,Coimbatore,Dispatched,Delivered,106.3,13.75,118.33,126.57,8.24,1,7.73
ORD004737,CUST0588,WH009,DRV0185,VEH0187,2026-01-27,Salem,Confirmed,Delivered,437.42,9.44,65.25,64.61,0.0,0,46.34
ORD004738,CUST0435,WH005,DRV0062,VEH0144,2026-03-15,Madurai,Processing,Delivered,115.96,5.56,35.41,39.91,4.5,1,20.86
ORD004739,CUST0984,WH006,DRV0122,VEH0094,2026-06-08,Salem,Confirmed,Delivered,295.63,37.09,157.04,172.44,15.4,1,7.97
ORD004740,CUST0513,WH007,DRV0118,VEH0099,2026-04-09,Madurai,Processing,Delivered,370.37,7.87,62.46,58.37,0.0,0,47.06
ORD004741,CUST0782,WH002,DRV0146,VEH0130,2026-01-01,Madurai,Dispatched,In Transit,329.06,9.32,40.9,47.53,6.63,1,35.31
ORD004742,CUST0991,WH004,DRV0010,VEH0128,2026-01-09,Coimbatore,Confirmed,Delivered,154.17,10.42,71.76,81.22,9.46,1,14.8
ORD004743,CUST0394,WH006,DRV0031,VEH0193,2026-06-22,Trichy,Dispatched,Delivered,137.32,7.73,44.71,48.89,4.18,1,17.76
ORD004744,CUST0865,WH004,DRV0026,VEH0059,2026-04-20,Trichy,Dispatched,Delivered,100.12,15.49,78.47,91.67,13.2,1,6.46
ORD004745,CUST0164,WH005,DRV0183,VEH0048,2026-07-17,Madurai,Processing,Delivered,100.0,7.82,60.2,68.52,8.32,1,12.79
ORD004746,CUST0810,WH003,DRV0109,VEH0126,2026-08-23,Vellore,Dispatched,In Transit,299.45,9.18,52.06,55.71,3.65,1,32.62
ORD004747,CUST0995,WH002,DRV0090,VEH0003,2026-05-01,Trichy,Dispatched,Delivered,281.51,7.43,38.18,43.49,5.31,1,37.89
ORD004748,CUST0378,WH001,DRV0126,VEH0154,2026-05-14,Salem,Dispatched,Delivered,247.16,9.05,67.48,60.8,0.0,0,27.31
ORD004749,CUST0048,WH003,DRV0025,VEH0092,2026-04-22,Madurai,Processing,Delivered,100.0,4.88,23.68,27.22,3.54,1,20.49
ORD004750,CUST0530,WH010,DRV0120,VEH0142,2026-05-18,Madurai,Confirmed,Delivered,161.55,4.14,63.42,57.22,0.0,0,39.02
ORD004751,CUST0601,WH009,DRV0180,VEH0115,2026-02-07,Chennai,Confirmed,Delivered,272.93,28.97,161.44,147.18,0.0,0,9.42
ORD004752,CUST0332,WH001,DRV0018,VEH0152,2026-02-15,Salem,Dispatched,Delivered,418.33,19.26,119.73,136.02,16.29,1,21.72
ORD004753,CUST0828,WH008,DRV0152,VEH0163,2026-02-23,Trichy,Dispatched,Delivered,220.15,26.2,135.32,157.8,22.48,1,8.4
ORD004754,CUST0156,WH005,DRV0108,VEH0116,2026-01-28,Trichy,Dispatched,Delivered,205.62,27.67,102.42,118.41,15.99,1,7.43
ORD004755,CUST0693,WH004,DRV0143,VEH0006,2026-03-04,Chennai,Processing,Delivered,116.6,6.05,14.88,14.49,0.0,0,19.27
ORD004756,CUST0499,WH005,DRV0128,VEH0190,2026-05-29,Salem,Confirmed,Delivered,231.84,25.5,118.44,112.68,0.0,0,9.09
ORD004757,CUST0009,WH007,DRV0008,VEH0036,2026-07-20,Coimbatore,Dispatched,Delayed,155.41,21.39,123.46,119.15,0.0,1,7.27
ORD004758,CUST0152,WH008,DRV0043,VEH0029,2026-08-04,Coimbatore,Dispatched,In Transit,112.83,9.0,57.91,57.2,0.0,0,12.54
ORD004759,CUST0660,WH002,DRV0024,VEH0141,2026-03-23,Erode,Dispatched,Delayed,100.0,14.09,58.55,64.88,6.33,1,7.1
ORD004760,CUST0474,WH006,DRV0117,VEH0136,2026-08-07,Vellore,Cancelled,Cancelled,100.0,18.85,,,,0,5.31
ORD004761,CUST0965,WH004,DRV0102,VEH0143,2026-01-11,Salem,Processing,Delivered,223.9,16.38,112.13,118.25,6.12,1,13.67
ORD004762,CUST0027,WH008,DRV0065,VEH0033,2026-03-20,Trichy,Processing,Delivered,100.0,10.47,74.89,65.36,0.0,0,9.55
ORD004763,CUST0988,WH004,DRV0026,VEH0089,2026-05-24,Tirunelveli,Processing,Delivered,149.73,12.58,99.87,103.44,3.57,1,11.9
ORD004764,CUST0613,WH003,DRV0074,VEH0144,2026-03-19,Vellore,Processing,In Transit,424.15,15.15,75.71,81.5,5.79,1,28.0
ORD004765,CUST0936,WH005,DRV0154,VEH0085,2026-04-29,Coimbatore,Confirmed,Delivered,100.0,8.82,51.75,46.28,0.0,0,11.34
ORD004766,CUST0199,WH004,DRV0066,VEH0180,2026-03-04,Tirunelveli,Cancelled,Cancelled,242.75,16.22,,,,0,14.97
ORD004767,CUST0083,WH005,DRV0168,VEH0101,2026-05-22,Tirunelveli,Confirmed,Delivered,258.7,7.01,70.78,66.36,0.0,0,36.9
ORD004768,CUST0054,WH009,DRV0014,VEH0081,2026-05-29,Vellore,Confirmed,In Transit,150.0,26.01,132.68,136.43,3.75,1,5.77
ORD004769,CUST0854,WH003,DRV0161,VEH0162,2026-06-08,Coimbatore,Dispatched,Delivered,271.62,20.78,112.66,100.94,0.0,0,13.07
ORD004770,CUST0594,WH002,DRV0185,VEH0034,2026-05-23,Trichy,Processing,Delivered,160.42,19.1,140.44,124.8,0.0,0,8.4
ORD004771,CUST0143,WH002,DRV0167,VEH0127,2026-08-11,Vellore,Dispatched,Delivered,303.97,14.51,96.33,98.19,1.86,1,20.95
ORD004772,CUST0253,WH009,DRV0129,VEH0171,2026-01-02,Salem,Dispatched,Delivered,100.0,13.17,66.96,72.61,5.65,1,7.59
ORD004773,CUST0097,WH007,DRV0094,VEH0189,2026-05-31,Chennai,Dispatched,In Transit,618.86,21.27,145.89,139.7,0.0,0,29.1
ORD004774,CUST0871,WH010,DRV0037,VEH0105,2026-04-20,Salem,Dispatched,Delivered,461.38,5.22,60.56,53.29,0.0,0,88.39
ORD004775,CUST0435,WH004,DRV0018,VEH0022,2026-07-14,Chennai,Confirmed,Delivered,100.0,6.45,50.09,48.32,0.0,0,15.5
ORD004776,CUST0453,WH006,DRV0158,VEH0051,2026-05-12,Tirunelveli,Dispatched,Delivered,388.42,16.47,104.59,92.05,0.0,0,23.58
ORD004777,CUST0552,WH010,DRV0155,VEH0004,2026-02-23,Tirunelveli,Dispatched,Delivered,124.58,11.11,63.96,67.1,3.14,1,11.21
ORD004778,CUST0229,WH006,DRV0188,VEH0177,2026-05-03,Salem,Dispatched,Delivered,459.96,7.75,65.2,57.98,0.0,0,59.35
ORD004779,CUST0197,WH003,DRV0177,VEH0167,2026-01-10,Vellore,Confirmed,Delivered,349.24,22.27,79.5,89.95,10.45,1,15.68
ORD004780,CUST0485,WH009,DRV0113,VEH0200,2026-03-22,Coimbatore,Processing,Delivered,100.0,12.36,41.8,43.65,1.85,1,8.09
ORD004781,CUST0171,WH004,DRV0030,VEH0001,2026-05-04,Tirunelveli,Confirmed,Delivered,263.43,14.07,96.87,97.03,0.16,1,18.72
ORD004782,CUST0832,WH001,DRV0173,VEH0169,2026-05-27,Madurai,Dispatched,Delivered,114.94,22.61,111.82,106.91,0.0,0,5.08
ORD004783,CUST0903,WH002,DRV0100,VEH0178,2026-04-13,Madurai,Dispatched,Delivered,257.17,10.37,85.19,90.8,5.61,1,24.8
ORD004784,CUST0514,WH005,DRV0021,VEH0017,2026-05-25,Trichy,Processing,Delivered,186.78,34.79,226.13,200.6,0.0,0,5.37
ORD004785,CUST0286,WH008,DRV0182,VEH0008,2026-04-26,Vellore,Dispatched,Delivered,112.82,5.55,35.49,31.66,0.0,0,20.33
ORD004786,CUST0497,WH007,DRV0144,VEH0067,2026-02-11,Salem,Dispatched,Delivered,100.0,22.19,116.92,107.29,0.0,0,4.51
ORD004787,CUST0459,WH009,DRV0018,VEH0093,2026-05-03,Salem,Processing,Delivered,210.51,8.08,53.62,60.63,7.01,1,26.05
ORD004788,CUST0564,WH001,DRV0162,VEH0118,2026-03-17,Vellore,Dispatched,Delivered,245.1,20.04,116.51,133.39,16.88,1,12.23
ORD004789,CUST0869,WH002,DRV0149,VEH0086,2026-07-26,Trichy,Dispatched,Delivered,163.6,7.09,73.55,73.59,0.04,1,23.07
ORD004790,CUST0615,WH010,DRV0159,VEH0066,2026-02-03,Trichy,Cancelled,Cancelled,109.6,4.11,,,,0,26.67
ORD004791,CUST0033,WH004,DRV0010,VEH0002,2026-01-21,Chennai,Dispatched,In Transit,132.41,20.21,131.04,147.74,16.7,1,6.55
ORD004792,CUST0777,WH007,DRV0105,VEH0017,2026-05-29,Chennai,Processing,Delivered,100.0,9.03,74.68,71.64,0.0,0,11.07
ORD004793,CUST0523,WH001,DRV0004,VEH0073,2026-03-04,Madurai,Dispatched,Delivered,292.5,4.22,32.24,31.97,0.0,0,69.31
ORD004794,CUST0380,WH005,DRV0015,VEH0161,2026-06-01,Coimbatore,Dispatched,In Transit,100.0,20.8,176.19,165.0,0.0,0,4.81
ORD004795,CUST0588,WH002,DRV0053,VEH0182,2026-05-01,Erode,Dispatched,Delivered,336.51,13.11,91.03,92.83,1.8,1,25.67
ORD004796,CUST0906,WH002,DRV0187,VEH0108,2026-03-13,Salem,Processing,Delivered,172.54,9.01,65.39,61.81,0.0,0,19.15
ORD004797,CUST0054,WH002,DRV0055,VEH0198,2026-05-27,Vellore,Processing,Delivered,254.44,14.54,101.29,112.81,11.52,1,17.5
ORD004798,CUST0331,WH009,DRV0190,VEH0107,2026-05-20,Madurai,Processing,Delivered,271.2,10.32,46.22,50.55,4.33,1,26.28
ORD004799,CUST0097,WH010,DRV0170,VEH0134,2026-01-03,Madurai,Dispatched,Delayed,195.63,9.52,51.71,46.13,0.0,1,20.55
ORD004800,CUST0505,WH005,DRV0156,VEH0180,2026-04-18,Erode,Confirmed,Delivered,140.68,18.72,108.5,114.35,5.85,1,7.51
ORD004801,CUST0148,WH008,DRV0122,VEH0101,2026-05-30,Coimbatore,Dispatched,Delivered,372.03,13.2,62.86,54.87,0.0,0,28.18
ORD004802,CUST0517,WH010,DRV0135,VEH0045,2026-01-26,Madurai,Confirmed,Delivered,100.0,6.79,49.84,57.7,7.86,1,14.73
ORD004803,CUST0495,WH006,DRV0139,VEH0001,2026-08-04,Madurai,Processing,Delivered,422.49,11.32,84.5,84.6,0.1,1,37.32
ORD004804,CUST0280,WH001,DRV0157,VEH0080,2026-02-09,Coimbatore,Processing,In Transit,100.0,18.55,94.39,99.62,5.23,1,5.39
ORD004805,CUST0416,WH010,DRV0162,VEH0051,2026-04-12,Madurai,Dispatched,Delivered,146.69,5.41,59.9,52.14,0.0,0,27.11
ORD004806,CUST0287,WH009,DRV0116,VEH0139,2026-03-09,Salem,Dispatched,Delivered,459.6,23.51,120.24,104.83,0.0,0,19.55
ORD004807,CUST0106,WH007,DRV0125,VEH0022,2026-04-26,Trichy,Processing,Delivered,772.13,12.91,86.39,93.84,7.45,1,59.81
ORD004808,CUST0556,WH002,DRV0116,VEH0162,2026-01-28,Coimbatore,Confirmed,In Transit,204.03,12.27,102.73,110.44,7.71,1,16.63
ORD004809,CUST0206,WH008,DRV0094,VEH0129,2026-04-08,Tirunelveli,Dispatched,In Transit,100.0,12.67,100.95,93.92,0.0,0,7.89
ORD004810,CUST0915,WH002,DRV0025,VEH0077,2026-07-07,Erode,Processing,Delivered,315.78,29.84,158.15,141.6,0.0,0,10.58
ORD004811,CUST0792,WH002,DRV0184,VEH0049,2026-05-17,Vellore,Dispatched,Delivered,176.73,11.36,50.02,47.68,0.0,0,15.56
ORD004812,CUST0118,WH004,DRV0102,VEH0110,2026-08-16,Trichy,Dispatched,Delivered,100.0,9.09,74.39,67.05,0.0,0,11.0
ORD004813,CUST0480,WH008,DRV0040,VEH0049,2026-04-21,Salem,Dispatched,Delivered,209.03,10.45,50.94,58.62,7.68,1,20.0
ORD004814,CUST0780,WH007,DRV0120,VEH0170,2026-06-08,Tirunelveli,Dispatched,Delivered,100.0,20.2,118.58,113.78,0.0,0,4.95
ORD004815,CUST0690,WH002,DRV0093,VEH0092,2026-04-17,Madurai,Dispatched,Delivered,205.77,16.9,79.4,74.9,0.0,0,12.18
ORD004816,CUST0853,WH010,DRV0191,VEH0177,2026-05-16,Madurai,Dispatched,Delivered,100.0,11.48,61.66,67.97,6.31,1,8.71
ORD004817,CUST0371,WH006,DRV0119,VEH0013,2026-01-16,Erode,Dispatched,Delivered,100.0,39.08,287.41,265.29,0.0,0,2.56
ORD004818,CUST0228,WH004,DRV0178,VEH0094,2026-02-05,Tirunelveli,Dispatched,Delivered,100.0,16.04,96.77,85.39,0.0,0,6.23
ORD004819,CUST0281,WH010,DRV0011,VEH0196,2026-07-23,Erode,Processing,Delivered,122.13,6.21,47.69,42.6,0.0,0,19.67
ORD004820,CUST0435,WH001,DRV0188,VEH0142,2026-07-18,Tirunelveli,Dispatched,Delivered,251.19,2.68,17.06,18.47,1.41,1,93.73
ORD004821,CUST0117,WH008,DRV0192,VEH0164,2026-08-17,Erode,Confirmed,Delivered,409.59,17.04,94.08,99.32,5.24,1,24.04
ORD004822,CUST0654,WH008,DRV0132,VEH0184,2026-01-16,Madurai,Dispatched,Delivered,458.48,9.52,58.4,58.41,0.01,1,48.16
ORD004823,CUST0584,WH006,DRV0159,VEH0069,2026-06-11,Trichy,Dispatched,Delivered,100.0,4.02,53.55,59.66,6.11,1,24.88
ORD004824,CUST0541,WH010,DRV0074,VEH0046,2026-04-17,Tirunelveli,Confirmed,Delivered,156.66,10.69,75.82,66.73,0.0,0,14.65
ORD004825,CUST0025,WH007,DRV0054,VEH0015,2026-06-30,Chennai,Confirmed,In Transit,121.92,17.76,90.65,100.89,10.24,1,6.86
ORD004826,CUST0087,WH003,DRV0080,VEH0087,2026-06-28,Trichy,Dispatched,Delivered,169.17,10.19,73.45,68.11,0.0,0,16.6
ORD004827,CUST0187,WH009,DRV0056,VEH0136,2026-04-24,Chennai,Dispatched,In Transit,453.41,11.12,59.74,62.72,2.98,1,40.77
ORD004828,CUST0612,WH004,DRV0117,VEH0122,2026-06-18,Vellore,Dispatched,Delivered,201.29,2.52,36.92,36.12,0.0,0,79.88
ORD004829,CUST0953,WH002,DRV0094,VEH0184,2026-05-18,Trichy,Dispatched,Delivered,318.64,17.06,84.6,97.9,13.3,1,18.68
ORD004830,CUST0255,WH004,DRV0099,VEH0011,2026-08-07,Salem,Processing,Delivered,763.15,3.44,30.07,32.99,2.92,1,221.85
ORD004831,CUST0396,WH002,DRV0044,VEH0199,2026-06-27,Trichy,Dispatched,Delivered,100.0,7.7,60.55,61.58,1.03,1,12.99
ORD004832,CUST0178,WH004,DRV0005,VEH0151,2026-06-16,Trichy,Processing,Delivered,133.12,13.64,95.73,90.9,0.0,0,9.76
ORD004833,CUST0140,WH002,DRV0195,VEH0173,2026-02-08,Vellore,Dispatched,Delivered,262.77,6.69,63.24,58.38,0.0,0,39.28
ORD004834,CUST0082,WH008,DRV0080,VEH0110,2026-05-02,Coimbatore,Confirmed,In Transit,215.56,7.63,56.27,65.5,9.23,1,28.25
ORD004835,CUST0868,WH006,DRV0068,VEH0105,2026-05-03,Tirunelveli,Dispatched,Delivered,358.39,13.25,83.23,92.92,9.69,1,27.05
ORD004836,CUST0432,WH008,DRV0137,VEH0155,2026-08-26,Erode,Processing,Delayed,141.25,13.93,68.43,64.02,0.0,1,10.14
ORD004837,CUST0946,WH001,DRV0004,VEH0031,2026-05-07,Madurai,Processing,In Transit,207.24,11.7,82.23,75.17,0.0,0,17.71
ORD004838,CUST0531,WH009,DRV0085,VEH0175,2026-02-10,Erode,Dispatched,Delivered,110.88,2.36,48.22,52.36,4.14,1,46.98
ORD004839,CUST0368,WH002,DRV0117,VEH0104,2026-02-21,Madurai,Confirmed,Delivered,361.95,2.94,31.44,34.21,2.77,1,123.11
ORD004840,CUST0767,WH008,DRV0095,VEH0066,2026-04-12,Tirunelveli,Processing,Delivered,186.3,20.19,94.49,107.82,13.33,1,9.23
ORD004841,CUST0053,WH004,DRV0016,VEH0108,2026-03-17,Madurai,Dispatched,In Transit,451.44,8.88,58.6,65.47,6.87,1,50.84
ORD004842,CUST0547,WH002,DRV0111,VEH0112,2026-05-03,Erode,Dispatched,Delivered,453.59,43.18,155.18,182.05,26.87,1,10.5
ORD004843,CUST0369,WH001,DRV0070,VEH0061,2026-07-25,Chennai,Processing,In Transit,100.0,13.29,87.17,84.88,0.0,0,7.52
ORD004844,CUST0667,WH004,DRV0015,VEH0008,2026-02-26,Salem,Dispatched,Delivered,501.31,34.39,268.53,239.51,0.0,0,14.58
ORD004845,CUST0579,WH010,DRV0107,VEH0065,2026-06-14,Erode,Dispatched,Delayed,332.02,10.09,60.61,67.73,7.12,1,32.91
ORD004846,CUST0973,WH001,DRV0180,VEH0153,2026-01-09,Chennai,Processing,Delivered,163.73,8.17,39.14,36.39,0.0,0,20.04
ORD004847,CUST0742,WH008,DRV0159,VEH0017,2026-01-07,Erode,Processing,Delivered,313.19,17.19,122.15,119.51,0.0,0,18.22
ORD004848,CUST0051,WH002,DRV0094,VEH0158,2026-07-06,Erode,Processing,In Transit,130.3,22.74,129.83,114.69,0.0,0,5.73
ORD004849,CUST0361,WH008,DRV0080,VEH0152,2026-02-02,Coimbatore,Dispatched,In Transit,439.08,10.12,82.32,75.56,0.0,0,43.39
ORD004850,CUST0915,WH010,DRV0044,VEH0115,2026-06-06,Coimbatore,Confirmed,Delivered,193.34,16.85,143.63,129.89,0.0,0,11.47
ORD004851,CUST0043,WH001,DRV0164,VEH0052,2026-04-18,Tirunelveli,Processing,Delivered,322.84,3.45,51.5,49.44,0.0,0,93.58
ORD004852,CUST0547,WH007,DRV0126,VEH0063,2026-02-15,Erode,Dispatched,Delivered,120.29,6.2,41.2,37.68,0.0,0,19.4
ORD004853,CUST0527,WH007,DRV0130,VEH0061,2026-07-07,Vellore,Dispatched,Delayed,217.7,14.84,84.92,88.9,3.98,1,14.67
ORD004854,CUST0656,WH005,DRV0156,VEH0077,2026-01-26,Trichy,Processing,Delivered,322.42,8.92,41.09,45.02,3.93,1,36.15
ORD004855,CUST0867,WH003,DRV0112,VEH0186,2026-08-26,Coimbatore,Dispatched,In Transit,221.41,13.62,101.19,90.05,0.0,0,16.26
ORD004856,CUST0069,WH006,DRV0040,VEH0119,2026-03-06,Coimbatore,Confirmed,Delivered,261.1,14.99,118.69,110.89,0.0,0,17.42
ORD004857,CUST0711,WH005,DRV0063,VEH0090,2026-04-30,Salem,Processing,Delivered,110.63,16.68,92.12,105.02,12.9,1,6.63
ORD004858,CUST0085,WH009,DRV0063,VEH0032,2026-05-13,Coimbatore,Dispatched,Delivered,220.95,19.92,183.75,165.53,0.0,0,11.09
ORD004859,CUST0169,WH004,DRV0017,VEH0109,2026-03-18,Vellore,Dispatched,In Transit,111.0,20.22,129.62,135.77,6.15,1,5.49
ORD004860,CUST0950,WH009,DRV0038,VEH0035,2026-01-29,Trichy,Processing,Delivered,179.12,5.32,40.14,42.73,2.59,1,33.67
ORD004861,CUST0705,WH010,DRV0128,VEH0016,2026-06-06,Madurai,Dispatched,In Transit,131.58,10.26,84.46,81.45,0.0,0,12.82
ORD004862,CUST0985,WH006,DRV0164,VEH0137,2026-05-03,Erode,Dispatched,Delivered,158.7,10.05,50.7,49.68,0.0,0,15.79
ORD004863,CUST0030,WH009,DRV0160,VEH0019,2026-08-11,Chennai,Confirmed,Delivered,100.0,10.97,61.43,60.73,0.0,0,9.12
ORD004864,CUST0147,WH003,DRV0182,VEH0168,2026-03-29,Chennai,Dispatched,Delivered,184.42,9.49,70.95,76.58,5.63,1,19.43
ORD004865,CUST0088,WH001,DRV0187,VEH0040,2026-01-16,Vellore,Confirmed,Delivered,169.03,11.43,94.1,82.69,0.0,0,14.79
ORD004866,CUST0302,WH006,DRV0025,VEH0174,2026-05-29,Chennai,Dispatched,Delivered,100.0,7.47,75.07,66.14,0.0,0,13.39
ORD004867,CUST0828,WH004,DRV0077,VEH0109,2026-07-09,Trichy,Dispatched,Delivered,226.29,19.13,72.62,85.31,12.69,1,11.83
ORD004868,CUST0591,WH010,DRV0142,VEH0131,2026-06-24,Salem,Processing,Delivered,310.11,15.01,92.19,96.9,4.71,1,20.66
ORD004869,CUST0739,WH004,DRV0172,VEH0154,2026-06-23,Erode,Processing,In Transit,222.5,7.41,55.72,64.51,8.79,1,30.03
ORD004870,CUST0024,WH004,DRV0124,VEH0101,2026-06-30,Trichy,Processing,Delivered,302.08,11.58,53.56,48.47,0.0,0,26.09
ORD004871,CUST0420,WH001,DRV0025,VEH0072,2026-04-10,Vellore,Processing,Delivered,128.7,32.32,165.15,147.99,0.0,0,3.98
ORD004872,CUST0177,WH005,DRV0035,VEH0070,2026-02-20,Erode,Processing,Delivered,157.86,5.52,51.98,51.7,0.0,0,28.6
ORD004873,CUST0187,WH009,DRV0079,VEH0005,2026-07-27,Chennai,Processing,Delivered,190.23,6.34,71.65,65.02,0.0,0,30.0
ORD004874,CUST0782,WH003,DRV0175,VEH0027,2026-06-09,Vellore,Dispatched,Delivered,199.32,19.67,136.89,129.02,0.0,0,10.13
ORD004875,CUST0214,WH002,DRV0175,VEH0172,2026-08-25,Trichy,Confirmed,Delivered,100.0,28.16,208.49,208.52,0.03,1,3.55
ORD004876,CUST0295,WH002,DRV0145,VEH0038,2026-04-24,Trichy,Dispatched,In Transit,100.0,13.97,75.05,78.25,3.2,1,7.16
ORD004877,CUST0776,WH010,DRV0089,VEH0200,2026-05-20,Trichy,Dispatched,Delivered,347.76,12.05,92.33,99.29,6.96,1,28.86
ORD004878,CUST0688,WH007,DRV0023,VEH0089,2026-03-11,Madurai,Dispatched,Delivered,109.01,4.85,40.32,43.46,3.14,1,22.48
ORD004879,CUST0592,WH006,DRV0122,VEH0071,2026-01-13,Trichy,Dispatched,Delivered,154.39,8.44,37.36,36.68,0.0,0,18.29
ORD004880,CUST0750,WH002,DRV0017,VEH0078,2026-02-09,Vellore,Processing,Delivered,175.23,8.14,37.29,41.43,4.14,1,21.53
ORD004881,CUST0593,WH001,DRV0029,VEH0128,2026-02-16,Salem,Confirmed,Delivered,100.0,8.49,33.44,37.05,3.61,1,11.78
ORD004882,CUST0197,WH007,DRV0002,VEH0169,2026-04-15,Madurai,Dispatched,Delivered,506.29,6.86,49.49,58.01,8.52,1,73.8
ORD004883,CUST0809,WH006,DRV0011,VEH0058,2026-03-03,Tirunelveli,Dispatched,Delivered,177.62,4.64,36.52,35.32,0.0,0,38.28
ORD004884,CUST0803,WH005,DRV0016,VEH0157,2026-07-05,Tirunelveli,Dispatched,Delivered,103.89,17.3,95.26,82.96,0.0,0,6.01
ORD004885,CUST0448,WH005,DRV0179,VEH0179,2026-08-30,Erode,Dispatched,Delivered,276.3,14.53,137.36,123.0,0.0,0,19.02
ORD004886,CUST0181,WH010,DRV0081,VEH0198,2026-07-05,Trichy,Dispatched,Delivered,149.48,4.65,54.22,51.07,0.0,0,32.15
ORD004887,CUST0054,WH003,DRV0021,VEH0096,2026-06-05,Coimbatore,Dispatched,Delivered,188.33,11.67,79.68,73.39,0.0,0,16.14
ORD004888,CUST0165,WH005,DRV0021,VEH0063,2026-05-25,Chennai,Dispatched,Delivered,452.94,9.24,82.02,84.12,2.1,1,49.02
ORD004889,CUST0436,WH006,DRV0006,VEH0019,2026-04-28,Madurai,Confirmed,Delivered,127.51,30.23,123.87,131.86,7.99,1,4.22
ORD004890,CUST0530,WH007,DRV0046,VEH0155,2026-04-29,Coimbatore,Confirmed,Delivered,381.0,24.06,123.11,128.16,5.05,1,15.84
ORD004891,CUST0789,WH007,DRV0023,VEH0094,2026-08-01,Vellore,Dispatched,Delivered,145.12,30.12,149.12,170.53,21.41,1,4.82
ORD004892,CUST0256,WH010,DRV0058,VEH0114,2026-04-15,Chennai,Processing,In Transit,189.5,8.35,68.49,65.85,0.0,0,22.69
ORD004893,CUST0298,WH010,DRV0185,VEH0053,2026-06-07,Salem,Processing,Delivered,220.75,3.15,23.55,26.1,2.55,1,70.08
ORD004894,CUST0833,WH008,DRV0189,VEH0097,2026-05-04,Coimbatore,Processing,Delivered,144.89,5.2,53.3,49.4,0.0,0,27.86
ORD004895,CUST0977,WH005,DRV0039,VEH0173,2026-07-11,Erode,Cancelled,Cancelled,100.0,8.46,,,,0,11.82
ORD004896,CUST0136,WH004,DRV0173,VEH0011,2026-02-09,Salem,Confirmed,Delivered,243.36,9.69,69.39,75.55,6.16,1,25.11
ORD004897,CUST0477,WH007,DRV0157,VEH0120,2026-07-11,Salem,Dispatched,Delivered,375.77,30.54,211.44,185.93,0.0,0,12.3
ORD004898,CUST0724,WH002,DRV0031,VEH0105,2026-08-14,Vellore,Confirmed,Delivered,272.44,19.06,112.61,127.73,15.12,1,14.29
ORD004899,CUST0753,WH008,DRV0002,VEH0010,2026-04-29,Vellore,Confirmed,Delivered,267.38,14.54,110.77,110.81,0.04,1,18.39
ORD004900,CUST0114,WH004,DRV0086,VEH0086,2026-01-07,Coimbatore,Processing,Delivered,134.63,24.28,121.78,140.17,18.39,1,5.54
ORD004901,CUST0357,WH010,DRV0165,VEH0020,2026-05-26,Coimbatore,Processing,Delayed,283.56,16.14,51.57,58.8,7.23,1,17.57
ORD004902,CUST0423,WH001,DRV0044,VEH0147,2026-04-15,Madurai,Dispatched,Delivered,228.79,18.36,152.12,146.26,0.0,0,12.46
ORD004903,CUST0317,WH002,DRV0198,VEH0088,2026-02-08,Salem,Confirmed,In Transit,317.63,9.24,81.54,78.46,0.0,0,34.38
ORD004904,CUST0956,WH001,DRV0127,VEH0130,2026-01-05,Erode,Confirmed,Delivered,193.28,4.0,26.33,29.0,2.67,1,48.32
ORD004905,CUST0709,WH005,DRV0063,VEH0168,2026-05-27,Erode,Dispatched,Delivered,267.17,3.47,42.02,37.8,0.0,0,76.99
ORD004906,CUST0187,WH001,DRV0122,VEH0146,2026-02-11,Coimbatore,Dispatched,Delivered,132.41,3.51,61.87,58.33,0.0,0,37.72
ORD004907,CUST0266,WH009,DRV0075,VEH0082,2026-06-09,Vellore,Confirmed,In Transit,284.86,17.16,112.38,119.53,7.15,1,16.6
ORD004908,CUST0703,WH004,DRV0053,VEH0002,2026-02-22,Salem,Confirmed,Delayed,100.0,6.52,47.33,51.19,3.86,1,15.34
ORD004909,CUST0966,WH010,DRV0076,VEH0047,2026-05-23,Trichy,Dispatched,Delivered,145.83,9.29,56.06,52.09,0.0,0,15.7
ORD004910,CUST0775,WH003,DRV0131,VEH0177,2026-01-22,Trichy,Dispatched,Delayed,115.21,4.36,39.54,36.95,0.0,1,26.42
ORD004911,CUST0547,WH009,DRV0094,VEH0119,2026-08-10,Trichy,Processing,Delivered,1770.14,22.34,108.8,121.61,12.81,1,79.24
ORD004912,CUST0859,WH004,DRV0019,VEH0151,2026-07-20,Salem,Dispatched,Delivered,276.96,11.3,62.91,65.89,2.98,1,24.51
ORD004913,CUST0042,WH001,DRV0045,VEH0047,2026-05-14,Salem,Processing,Delivered,100.0,13.21,86.42,94.45,8.03,1,7.57
ORD004914,CUST0725,WH002,DRV0189,VEH0079,2026-07-04,Coimbatore,Processing,Delivered,100.0,14.07,113.37,120.83,7.46,1,7.11
ORD004915,CUST0088,WH004,DRV0055,VEH0124,2026-04-18,Coimbatore,Dispatched,Delivered,100.0,15.18,96.13,102.67,6.54,1,6.59
ORD004916,CUST0285,WH001,DRV0199,VEH0089,2026-01-03,Madurai,Dispatched,Delivered,100.0,23.08,150.91,132.05,0.0,0,4.33
ORD004917,CUST0155,WH006,DRV0029,VEH0173,2026-03-08,Vellore,Confirmed,Delivered,104.41,17.54,107.3,99.81,0.0,0,5.95
ORD004918,CUST0294,WH007,DRV0048,VEH0082,2026-08-24,Madurai,Dispatched,Delivered,100.0,5.72,65.83,60.73,0.0,0,17.48
ORD004919,CUST0770,WH001,DRV0072,VEH0021,2026-07-06,Madurai,Confirmed,Delivered,133.8,6.31,41.69,44.67,2.98,1,21.2
ORD004920,CUST0537,WH006,DRV0063,VEH0175,2026-01-01,Vellore,Cancelled,Cancelled,311.82,49.65,,,,0,6.28
ORD004921,CUST0706,WH003,DRV0149,VEH0032,2026-04-24,Tirunelveli,Confirmed,Delivered,159.26,20.55,83.66,96.44,12.78,1,7.75
ORD004922,CUST0294,WH007,DRV0057,VEH0019,2026-05-27,Chennai,Confirmed,Delivered,288.12,39.67,276.89,272.56,0.0,0,7.26
ORD004923,CUST0059,WH002,DRV0013,VEH0146,2026-01-24,Trichy,Dispatched,Delivered,100.0,9.74,90.08,96.28,6.2,1,10.27
ORD004924,CUST0466,WH002,DRV0155,VEH0024,2026-08-13,Salem,Dispatched,Delivered,141.36,28.09,147.75,162.74,14.99,1,5.03
ORD004925,CUST0618,WH004,DRV0196,VEH0175,2026-04-05,Tirunelveli,Confirmed,Delivered,100.0,15.5,105.92,122.47,16.55,1,6.45
ORD004926,CUST0519,WH008,DRV0088,VEH0106,2026-05-01,Erode,Dispatched,Delivered,241.72,13.75,129.48,116.36,0.0,0,17.58
ORD004927,CUST0689,WH003,DRV0192,VEH0158,2026-01-28,Trichy,Dispatched,Delivered,161.14,11.6,112.55,109.27,0.0,0,13.89
ORD004928,CUST0196,WH008,DRV0105,VEH0093,2026-08-28,Salem,Dispatched,Delivered,573.93,18.87,74.51,84.46,9.95,1,30.41
ORD004929,CUST0876,WH007,DRV0009,VEH0085,2026-08-01,Erode,Dispatched,Delivered,117.24,15.95,120.99,112.04,0.0,0,7.35
ORD004930,CUST0744,WH005,DRV0074,VEH0149,2026-04-18,Tirunelveli,Processing,Delivered,100.0,10.11,91.14,84.64,0.0,0,9.89
ORD004931,CUST0297,WH004,DRV0075,VEH0048,2026-05-16,Erode,Dispatched,Delivered,219.84,7.66,73.25,78.19,4.94,1,28.7
ORD004932,CUST0202,WH010,DRV0097,VEH0194,2026-02-25,Chennai,Dispatched,Delivered,161.65,10.32,50.98,56.24,5.26,1,15.66
ORD004933,CUST0435,WH010,DRV0135,VEH0173,2026-07-28,Salem,Dispatched,Delivered,251.3,11.39,82.25,75.17,0.0,0,22.06
ORD004934,CUST0873,WH002,DRV0139,VEH0129,2026-06-01,Madurai,Dispatched,Delivered,174.15,8.73,54.24,57.16,2.92,1,19.95
ORD004935,CUST0732,WH009,DRV0109,VEH0022,2026-08-29,Tirunelveli,Processing,Delivered,165.43,6.15,58.74,53.2,0.0,0,26.9
ORD004936,CUST0862,WH004,DRV0028,VEH0056,2026-04-28,Trichy,Cancelled,Cancelled,117.43,11.9,,,,0,9.87
ORD004937,CUST0792,WH005,DRV0102,VEH0168,2026-08-25,Trichy,Processing,Delivered,152.13,14.78,79.37,79.39,0.02,1,10.29
ORD004938,CUST0292,WH002,DRV0094,VEH0038,2026-08-07,Trichy,Processing,Delivered,100.0,13.56,57.85,64.0,6.15,1,7.37
ORD004939,CUST0848,WH002,DRV0119,VEH0019,2026-04-03,Chennai,Confirmed,Delivered,394.84,5.15,67.28,63.98,0.0,0,76.67
ORD004940,CUST0481,WH002,DRV0072,VEH0147,2026-05-28,Tirunelveli,Dispatched,Delivered,413.76,30.02,188.29,163.85,0.0,0,13.78
ORD004941,CUST0906,WH010,DRV0027,VEH0194,2026-02-13,Trichy,Processing,Delivered,333.41,34.61,180.46,185.32,4.86,1,9.63
ORD004942,CUST0789,WH002,DRV0150,VEH0093,2026-07-02,Coimbatore,Dispatched,In Transit,134.61,16.97,91.45,103.91,12.46,1,7.93
ORD004943,CUST0283,WH009,DRV0170,VEH0114,2026-06-15,Erode,Processing,Delayed,120.5,19.16,139.33,147.39,8.06,1,6.29
ORD004944,CUST0823,WH005,DRV0160,VEH0114,2026-05-04,Vellore,Dispatched,Delivered,250.74,13.27,64.78,57.97,0.0,0,18.9
ORD004945,CUST0597,WH006,DRV0142,VEH0175,2026-05-15,Madurai,Processing,Delivered,100.0,14.27,102.71,95.13,0.0,0,7.01
ORD004946,CUST0219,WH004,DRV0154,VEH0058,2026-08-25,Madurai,Dispatched,Delivered,379.49,3.33,42.86,46.6,3.74,1,113.96
ORD004947,CUST0992,WH002,DRV0183,VEH0185,2026-02-15,Salem,Dispatched,Delivered,100.0,10.72,63.33,55.74,0.0,0,9.33
ORD004948,CUST0901,WH003,DRV0071,VEH0176,2026-04-07,Erode,Processing,Delivered,135.13,10.83,52.14,50.3,0.0,0,12.48
ORD004949,CUST0885,WH003,DRV0183,VEH0045,2026-02-09,Chennai,Processing,Delivered,100.0,33.94,117.42,130.41,12.99,1,2.95
ORD004950,CUST0739,WH010,DRV0173,VEH0028,2026-06-04,Salem,Dispatched,Delivered,407.68,9.39,76.39,74.77,0.0,0,43.42
ORD004951,CUST0982,WH008,DRV0030,VEH0060,2026-05-23,Salem,Dispatched,Delivered,364.22,29.71,200.69,203.67,2.98,1,12.26
ORD004952,CUST0827,WH008,DRV0066,VEH0005,2026-03-02,Madurai,Dispatched,Delivered,261.61,11.59,75.07,68.5,0.0,0,22.57
ORD004953,CUST0932,WH006,DRV0099,VEH0146,2026-01-24,Tirunelveli,Processing,Delivered,629.65,8.52,48.18,50.54,2.36,1,73.9
ORD004954,CUST0842,WH010,DRV0154,VEH0165,2026-05-02,Tirunelveli,Dispatched,Delivered,182.46,3.48,25.52,22.94,0.0,0,52.43
ORD004955,CUST0290,WH008,DRV0089,VEH0025,2026-08-01,Coimbatore,Processing,Delivered,273.23,14.12,64.01,58.53,0.0,0,19.35
ORD004956,CUST0564,WH003,DRV0129,VEH0166,2026-08-09,Erode,Dispatched,In Transit,100.0,6.75,51.91,49.33,0.0,0,14.81
ORD004957,CUST0502,WH007,DRV0152,VEH0129,2026-04-15,Chennai,Dispatched,Delivered,147.22,3.79,29.73,32.05,2.32,1,38.84
ORD004958,CUST0509,WH005,DRV0055,VEH0168,2026-02-08,Chennai,Confirmed,In Transit,194.71,16.9,111.35,97.58,0.0,0,11.52
ORD004959,CUST0390,WH009,DRV0102,VEH0183,2026-03-20,Erode,Dispatched,Delivered,100.0,14.48,66.17,65.22,0.0,0,6.91
ORD004960,CUST0654,WH009,DRV0065,VEH0095,2026-07-25,Chennai,Dispatched,Delivered,214.02,15.3,105.78,94.26,0.0,0,13.99
ORD004961,CUST0059,WH005,DRV0025,VEH0167,2026-03-11,Coimbatore,Dispatched,Delivered,100.0,11.52,69.61,76.1,6.49,1,8.68
ORD004962,CUST0057,WH006,DRV0098,VEH0095,2026-01-26,Chennai,Confirmed,Delivered,250.91,7.19,45.23,39.5,0.0,0,34.9
ORD004963,CUST0632,WH001,DRV0042,VEH0076,2026-07-07,Trichy,Processing,Delayed,136.66,5.6,53.54,48.9,0.0,1,24.4
ORD004964,CUST0037,WH004,DRV0044,VEH0153,2026-03-14,Erode,Dispatched,Delivered,108.66,27.44,129.35,113.99,0.0,0,3.96
ORD004965,CUST0698,WH001,DRV0069,VEH0151,2026-06-09,Coimbatore,Confirmed,Delivered,293.88,17.79,69.69,76.27,6.58,1,16.52
ORD004966,CUST0467,WH004,DRV0105,VEH0171,2026-06-24,Salem,Confirmed,Delivered,469.42,20.73,134.75,137.61,2.86,1,22.64
ORD004967,CUST0800,WH001,DRV0140,VEH0125,2026-04-14,Erode,Dispatched,Delayed,323.65,10.4,80.4,91.44,11.04,1,31.12
ORD004968,CUST0788,WH010,DRV0008,VEH0048,2026-07-17,Trichy,Processing,Delivered,106.97,6.6,50.93,57.16,6.23,1,16.21
ORD004969,CUST0126,WH004,DRV0106,VEH0038,2026-05-27,Erode,Dispatched,Delayed,279.86,6.13,51.34,54.9,3.56,1,45.65
ORD004970,CUST0725,WH006,DRV0063,VEH0090,2026-05-25,Tirunelveli,Confirmed,Delayed,153.49,12.06,107.95,95.07,0.0,1,12.73
ORD004971,CUST0463,WH009,DRV0148,VEH0024,2026-07-08,Salem,Processing,Delivered,377.71,6.79,34.12,32.49,0.0,0,55.63
ORD004972,CUST0337,WH002,DRV0168,VEH0133,2026-02-17,Vellore,Dispatched,In Transit,209.29,3.1,24.95,26.42,1.47,1,67.51
ORD004973,CUST0701,WH002,DRV0073,VEH0188,2026-06-16,Chennai,Cancelled,Cancelled,100.0,16.36,,,,0,6.11
ORD004974,CUST0185,WH006,DRV0124,VEH0145,2026-01-16,Coimbatore,Dispatched,Delivered,154.88,20.73,100.64,93.89,0.0,0,7.47
ORD004975,CUST0621,WH010,DRV0005,VEH0165,2026-08-04,Tirunelveli,Dispatched,Delivered,106.01,7.92,88.49,78.86,0.0,0,13.39
ORD004976,CUST0052,WH006,DRV0129,VEH0015,2026-01-09,Erode,Dispatched,Delivered,109.38,3.69,73.92,65.52,0.0,0,29.64
ORD004977,CUST0344,WH003,DRV0011,VEH0194,2026-07-23,Trichy,Processing,Delivered,146.76,12.77,78.71,73.2,0.0,0,11.49
ORD004978,CUST0853,WH002,DRV0132,VEH0020,2026-02-24,Coimbatore,Processing,Delivered,216.64,10.31,59.39,64.35,4.96,1,21.01
ORD004979,CUST0944,WH003,DRV0166,VEH0158,2026-02-17,Vellore,Confirmed,Delivered,327.09,8.9,74.55,64.88,0.0,0,36.75
ORD004980,CUST0847,WH004,DRV0017,VEH0144,2026-07-12,Vellore,Dispatched,Delivered,128.83,15.1,87.02,91.84,4.82,1,8.53
ORD004981,CUST0907,WH004,DRV0068,VEH0044,2026-04-23,Coimbatore,Processing,Delivered,398.71,12.35,77.77,73.96,0.0,0,32.28
ORD004982,CUST0613,WH007,DRV0160,VEH0187,2026-05-16,Erode,Processing,Delivered,100.0,14.74,106.36,96.39,0.0,0,6.78
ORD004983,CUST0414,WH004,DRV0005,VEH0132,2026-01-04,Tirunelveli,Dispatched,In Transit,105.15,11.98,77.76,86.16,8.4,1,8.78
ORD004984,CUST0316,WH010,DRV0150,VEH0159,2026-08-06,Erode,Confirmed,Delivered,686.34,6.78,51.45,49.82,0.0,0,101.23
ORD004985,CUST0146,WH006,DRV0082,VEH0154,2026-06-21,Erode,Confirmed,Delivered,100.0,6.45,55.61,57.77,2.16,1,15.5
ORD004986,CUST0376,WH006,DRV0067,VEH0041,2026-05-06,Coimbatore,Dispatched,Delivered,408.84,11.53,48.45,52.48,4.03,1,35.46
ORD004987,CUST0988,WH010,DRV0011,VEH0076,2026-03-19,Salem,Processing,Delivered,178.24,19.81,86.17,100.96,14.79,1,9.0
ORD004988,CUST0205,WH003,DRV0153,VEH0130,2026-02-03,Coimbatore,Dispatched,Delayed,173.11,12.18,78.92,71.0,0.0,1,14.21
ORD004989,CUST0458,WH009,DRV0042,VEH0008,2026-02-09,Chennai,Dispatched,Delivered,332.93,7.34,35.05,39.35,4.3,1,45.36
ORD004990,CUST0687,WH010,DRV0035,VEH0078,2026-04-27,Vellore,Confirmed,Delivered,303.95,12.73,101.75,91.38,0.0,0,23.88
ORD004991,CUST0231,WH005,DRV0079,VEH0152,2026-06-11,Trichy,Dispatched,Delayed,431.36,13.07,86.99,84.44,0.0,1,33.0
ORD004992,CUST0638,WH010,DRV0059,VEH0107,2026-03-09,Madurai,Confirmed,Delayed,154.38,6.83,76.02,73.36,0.0,1,22.6
ORD004993,CUST0268,WH009,DRV0117,VEH0040,2026-05-02,Erode,Dispatched,Delivered,198.93,34.31,274.17,249.56,0.0,0,5.8
ORD004994,CUST0946,WH010,DRV0048,VEH0105,2026-06-11,Erode,Dispatched,Delivered,154.06,19.18,105.95,105.65,0.0,0,8.03
ORD004995,CUST0763,WH006,DRV0003,VEH0153,2026-05-15,Coimbatore,Dispatched,Delivered,100.0,10.43,69.18,72.27,3.09,1,9.59
ORD004996,CUST0358,WH006,DRV0024,VEH0062,2026-08-03,Trichy,Dispatched,Delivered,202.53,32.73,184.75,207.2,22.45,1,6.19
ORD004997,CUST0489,WH009,DRV0119,VEH0058,2026-07-02,Vellore,Processing,Delivered,162.85,14.17,65.0,63.66,0.0,0,11.49
ORD004998,CUST0624,WH010,DRV0197,VEH0071,2026-07-29,Erode,Processing,Delivered,100.0,13.43,50.08,49.29,0.0,0,7.45
ORD004999,CUST0040,WH005,DRV0101,VEH0160,2026-07-17,Salem,Dispatched,In Transit,372.82,25.77,165.6,176.51,10.91,1,14.47
ORD005000,CUST0730,WH003,DRV0033,VEH0117,2026-04-10,Salem,Confirmed,Delivered,199.59,19.27,124.13,120.51,0.0,0,10.36
