date,location,latitude,longitude,temperature_c,humidity_pct,rainfall_mm,weather_condition,is_rainy,heavy_rain_flag,high_humidity_flag,weather_risk
2026-01-01,Chennai,13.08,80.27,26.46,83.67,9.34,Rain,1,0,1,Moderate
2026-01-01,Coimbatore,11.02,76.96,23.75,78.85,13.0,Rain,1,0,0,Moderate
2026-01-01,Erode,11.34,77.72,28.84,58.44,4.9,Light Rain,1,0,0,Moderate
2026-01-01,Madurai,9.93,78.12,29.52,91.48,0.96,Cloudy,1,0,1,Moderate
2026-01-01,Salem,11.66,78.15,22.44,77.49,2.69,Light Rain,1,0,0,Moderate
2026-01-01,Tirunelveli,8.71,77.76,22.6,50.26,4.63,Light Rain,1,0,0,Moderate
2026-01-01,Trichy,10.79,78.7,28.95,93.45,10.9,Rain,1,0,1,Moderate
2026-01-01,Vellore,12.92,79.13,35.1,72.8,5.28,Light Rain,1,0,0,Moderate
2026-01-02,Chennai,13.08,80.27,30.92,87.92,2.01,Light Rain,1,0,1,Moderate
2026-01-02,Coimbatore,11.02,76.96,30.36,67.62,2.16,Light Rain,1,0,0,Moderate
2026-01-02,Erode,11.34,77.72,27.72,66.62,4.93,Light Rain,1,0,0,Moderate
2026-01-02,Madurai,9.93,78.12,30.47,70.26,2.06,Light Rain,1,0,0,Moderate
2026-01-02,Salem,11.66,78.15,29.3,67.22,1.22,Clear,1,0,0,Moderate
2026-01-02,Tirunelveli,8.71,77.76,29.32,83.8,0.64,Cloudy,1,0,1,Moderate
2026-01-02,Trichy,10.79,78.7,23.89,53.55,1.09,Clear,1,0,0,Moderate
2026-01-02,Vellore,12.92,79.13,31.77,62.13,9.02,Rain,1,0,0,Moderate
2026-01-03,Chennai,13.08,80.27,28.12,60.89,0.71,Clear,1,0,0,Moderate
2026-01-03,Coimbatore,11.02,76.96,29.47,47.55,3.65,Light Rain,1,0,0,Moderate
2026-01-03,Erode,11.34,77.72,28.92,69.79,3.1,Light Rain,1,0,0,Moderate
2026-01-03,Madurai,9.93,78.12,31.82,65.24,9.43,Rain,1,0,0,Moderate
2026-01-03,Salem,11.66,78.15,32.56,73.11,4.19,Light Rain,1,0,0,Moderate
2026-01-03,Tirunelveli,8.71,77.76,29.22,60.4,1.2,Clear,1,0,0,Moderate
2026-01-03,Trichy,10.79,78.7,25.2,52.07,5.7,Light Rain,1,0,0,Moderate
2026-01-03,Vellore,12.92,79.13,26.17,57.91,2.23,Light Rain,1,0,0,Moderate
2026-01-04,Chennai,13.08,80.27,32.31,65.44,6.09,Light Rain,1,0,0,Moderate
2026-01-04,Coimbatore,11.02,76.96,23.73,75.96,2.6,Light Rain,1,0,0,Moderate
2026-01-04,Erode,11.34,77.72,31.47,58.43,11.99,Rain,1,0,0,Moderate
2026-01-04,Madurai,9.93,78.12,30.97,64.06,4.83,Light Rain,1,0,0,Moderate
2026-01-04,Salem,11.66,78.15,30.98,85.77,4.19,Light Rain,1,0,1,Moderate
2026-01-04,Tirunelveli,8.71,77.76,28.73,79.89,0.92,Clear,1,0,0,Moderate
2026-01-04,Trichy,10.79,78.7,31.87,77.28,2.64,Light Rain,1,0,0,Moderate
2026-01-04,Vellore,12.92,79.13,28.98,41.15,6.32,Light Rain,1,0,0,Moderate
2026-01-05,Chennai,13.08,80.27,30.31,77.54,7.98,Light Rain,1,0,0,Moderate
2026-01-05,Coimbatore,11.02,76.96,28.21,82.87,12.58,Rain,1,0,1,Moderate
2026-01-05,Erode,11.34,77.72,31.13,86.73,12.11,Rain,1,0,1,Moderate
2026-01-05,Madurai,9.93,78.12,24.25,73.69,8.31,Rain,1,0,0,Moderate
2026-01-05,Salem,11.66,78.15,27.93,55.68,0.58,Clear,1,0,0,Moderate
2026-01-05,Tirunelveli,8.71,77.76,28.41,57.48,4.22,Light Rain,1,0,0,Moderate
2026-01-05,Trichy,10.79,78.7,34.55,66.23,1.49,Clear,1,0,0,Moderate
2026-01-05,Vellore,12.92,79.13,29.98,54.16,10.93,Rain,1,0,0,Moderate
2026-01-06,Chennai,13.08,80.27,29.26,69.79,0.83,Clear,1,0,0,Moderate
2026-01-06,Coimbatore,11.02,76.96,33.78,85.91,2.99,Light Rain,1,0,1,Moderate
2026-01-06,Erode,11.34,77.72,31.55,87.88,0.64,Cloudy,1,0,1,Moderate
2026-01-06,Madurai,9.93,78.12,24.01,75.63,8.06,Rain,1,0,0,Moderate
2026-01-06,Salem,11.66,78.15,27.95,81.22,8.17,Rain,1,0,1,Moderate
2026-01-06,Tirunelveli,8.71,77.76,25.39,53.24,6.41,Light Rain,1,0,0,Moderate
2026-01-06,Trichy,10.79,78.7,30.84,57.5,10.69,Rain,1,0,0,Moderate
2026-01-06,Vellore,12.92,79.13,30.05,64.76,4.74,Light Rain,1,0,0,Moderate
2026-01-07,Chennai,13.08,80.27,30.43,70.02,1.6,Clear,1,0,0,Moderate
2026-01-07,Coimbatore,11.02,76.96,22.82,44.86,0.24,Clear,1,0,0,Moderate
2026-01-07,Erode,11.34,77.72,30.15,68.32,14.24,Rain,1,0,0,Moderate
2026-01-07,Madurai,9.93,78.12,24.99,71.78,2.44,Light Rain,1,0,0,Moderate
2026-01-07,Salem,11.66,78.15,29.14,86.54,10.42,Rain,1,0,1,Moderate
2026-01-07,Tirunelveli,8.71,77.76,25.44,64.57,5.22,Light Rain,1,0,0,Moderate
2026-01-07,Trichy,10.79,78.7,28.69,75.3,9.87,Rain,1,0,0,Moderate
2026-01-07,Vellore,12.92,79.13,31.27,55.11,1.89,Clear,1,0,0,Moderate
2026-01-08,Chennai,13.08,80.27,31.72,99.22,13.63,Rain,1,0,1,Moderate
2026-01-08,Coimbatore,11.02,76.96,26.74,91.21,0.28,Cloudy,1,0,1,Moderate
2026-01-08,Erode,11.34,77.72,32.9,55.94,2.15,Light Rain,1,0,0,Moderate
2026-01-08,Madurai,9.93,78.12,27.96,47.8,9.04,Rain,1,0,0,Moderate
2026-01-08,Salem,11.66,78.15,26.52,69.31,1.59,Clear,1,0,0,Moderate
2026-01-08,Tirunelveli,8.71,77.76,29.29,89.19,3.14,Light Rain,1,0,1,Moderate
2026-01-08,Trichy,10.79,78.7,26.22,87.76,1.27,Cloudy,1,0,1,Moderate
2026-01-08,Vellore,12.92,79.13,31.6,48.29,5.47,Light Rain,1,0,0,Moderate
2026-01-09,Chennai,13.08,80.27,27.61,55.03,3.1,Light Rain,1,0,0,Moderate
2026-01-09,Coimbatore,11.02,76.96,31.39,72.73,5.36,Light Rain,1,0,0,Moderate
2026-01-09,Erode,11.34,77.72,30.2,71.06,3.13,Light Rain,1,0,0,Moderate
2026-01-09,Madurai,9.93,78.12,31.87,70.58,11.6,Rain,1,0,0,Moderate
2026-01-09,Salem,11.66,78.15,30.28,58.6,9.94,Rain,1,0,0,Moderate
2026-01-09,Tirunelveli,8.71,77.76,27.63,61.52,4.88,Light Rain,1,0,0,Moderate
2026-01-09,Trichy,10.79,78.7,32.78,77.57,6.63,Light Rain,1,0,0,Moderate
2026-01-09,Vellore,12.92,79.13,30.08,49.76,2.83,Light Rain,1,0,0,Moderate
2026-01-10,Chennai,13.08,80.27,25.95,100.0,14.2,Rain,1,0,1,Moderate
2026-01-10,Coimbatore,11.02,76.96,28.99,59.31,6.91,Light Rain,1,0,0,Moderate
2026-01-10,Erode,11.34,77.72,30.24,67.84,6.81,Light Rain,1,0,0,Moderate
2026-01-10,Madurai,9.93,78.12,26.66,70.78,3.67,Light Rain,1,0,0,Moderate
2026-01-10,Salem,11.66,78.15,27.7,70.99,2.89,Light Rain,1,0,0,Moderate
2026-01-10,Tirunelveli,8.71,77.76,30.66,62.55,6.63,Light Rain,1,0,0,Moderate
2026-01-10,Trichy,10.79,78.7,25.99,52.07,0.96,Clear,1,0,0,Moderate
2026-01-10,Vellore,12.92,79.13,26.94,63.63,7.75,Light Rain,1,0,0,Moderate
2026-01-11,Chennai,13.08,80.27,29.97,54.43,4.95,Light Rain,1,0,0,Moderate
2026-01-11,Coimbatore,11.02,76.96,33.01,56.2,1.68,Clear,1,0,0,Moderate
2026-01-11,Erode,11.34,77.72,32.77,75.76,5.9,Light Rain,1,0,0,Moderate
2026-01-11,Madurai,9.93,78.12,26.47,75.66,0.5,Clear,1,0,0,Moderate
2026-01-11,Salem,11.66,78.15,26.81,66.67,1.05,Clear,1,0,0,Moderate
2026-01-11,Tirunelveli,8.71,77.76,32.82,56.75,2.86,Light Rain,1,0,0,Moderate
2026-01-11,Trichy,10.79,78.7,24.43,81.19,10.72,Rain,1,0,1,Moderate
2026-01-11,Vellore,12.92,79.13,30.21,60.44,1.58,Clear,1,0,0,Moderate
2026-01-12,Chennai,13.08,80.27,26.24,69.48,1.68,Clear,1,0,0,Moderate
2026-01-12,Coimbatore,11.02,76.96,27.58,83.23,6.57,Light Rain,1,0,1,Moderate
2026-01-12,Erode,11.34,77.72,28.37,60.53,13.08,Rain,1,0,0,Moderate
2026-01-12,Madurai,9.93,78.12,32.17,74.65,0.52,Clear,1,0,0,Moderate
2026-01-12,Salem,11.66,78.15,34.72,60.64,0.64,Clear,1,0,0,Moderate
2026-01-12,Tirunelveli,8.71,77.76,30.87,68.99,3.08,Light Rain,1,0,0,Moderate
2026-01-12,Trichy,10.79,78.7,30.92,63.98,14.13,Rain,1,0,0,Moderate
2026-01-12,Vellore,12.92,79.13,31.45,78.19,15.2,Rain,1,0,0,Moderate
2026-01-13,Chennai,13.08,80.27,25.83,74.61,5.5,Light Rain,1,0,0,Moderate
2026-01-13,Coimbatore,11.02,76.96,29.44,60.09,9.06,Rain,1,0,0,Moderate
2026-01-13,Erode,11.34,77.72,27.87,54.85,0.86,Clear,1,0,0,Moderate
2026-01-13,Madurai,9.93,78.12,33.14,82.86,7.0,Light Rain,1,0,1,Moderate
2026-01-13,Salem,11.66,78.15,28.96,51.06,1.86,Clear,1,0,0,Moderate
2026-01-13,Tirunelveli,8.71,77.76,32.58,75.14,1.93,Clear,1,0,0,Moderate
2026-01-13,Trichy,10.79,78.7,24.41,66.84,3.13,Light Rain,1,0,0,Moderate
2026-01-13,Vellore,12.92,79.13,36.21,88.08,4.01,Light Rain,1,0,1,Moderate
2026-01-14,Chennai,13.08,80.27,30.1,66.81,8.28,Rain,1,0,0,Moderate
2026-01-14,Coimbatore,11.02,76.96,28.3,69.68,4.27,Light Rain,1,0,0,Moderate
2026-01-14,Erode,11.34,77.72,28.76,56.45,5.52,Light Rain,1,0,0,Moderate
2026-01-14,Madurai,9.93,78.12,30.42,80.79,3.44,Light Rain,1,0,1,Moderate
2026-01-14,Salem,11.66,78.15,24.45,69.09,8.2,Rain,1,0,0,Moderate
2026-01-14,Tirunelveli,8.71,77.76,32.51,54.69,8.7,Rain,1,0,0,Moderate
2026-01-14,Trichy,10.79,78.7,26.99,61.81,1.87,Clear,1,0,0,Moderate
2026-01-14,Vellore,12.92,79.13,28.69,61.04,3.07,Light Rain,1,0,0,Moderate
2026-01-15,Chennai,13.08,80.27,29.83,73.13,6.23,Light Rain,1,0,0,Moderate
2026-01-15,Coimbatore,11.02,76.96,29.63,86.85,7.78,Light Rain,1,0,1,Moderate
2026-01-15,Erode,11.34,77.72,28.32,55.33,1.0,Clear,1,0,0,Moderate
2026-01-15,Madurai,9.93,78.12,24.53,55.25,1.51,Clear,1,0,0,Moderate
2026-01-15,Salem,11.66,78.15,30.19,66.86,5.88,Light Rain,1,0,0,Moderate
2026-01-15,Tirunelveli,8.71,77.76,32.92,55.18,1.13,Clear,1,0,0,Moderate
2026-01-15,Trichy,10.79,78.7,27.04,80.19,3.47,Light Rain,1,0,1,Moderate
2026-01-15,Vellore,12.92,79.13,28.53,93.23,8.53,Rain,1,0,1,Moderate
2026-01-16,Chennai,13.08,80.27,29.91,61.7,0.3,Clear,1,0,0,Moderate
2026-01-16,Coimbatore,11.02,76.96,28.71,86.5,0.5,Cloudy,1,0,1,Moderate
2026-01-16,Erode,11.34,77.72,32.4,69.44,4.25,Light Rain,1,0,0,Moderate
2026-01-16,Madurai,9.93,78.12,30.15,75.47,5.11,Light Rain,1,0,0,Moderate
2026-01-16,Salem,11.66,78.15,29.05,71.34,9.19,Rain,1,0,0,Moderate
2026-01-16,Tirunelveli,8.71,77.76,29.58,48.57,11.41,Rain,1,0,0,Moderate
2026-01-16,Trichy,10.79,78.7,26.89,69.37,5.24,Light Rain,1,0,0,Moderate
2026-01-16,Vellore,12.92,79.13,26.81,77.59,4.74,Light Rain,1,0,0,Moderate
2026-01-17,Chennai,13.08,80.27,30.67,96.67,4.53,Light Rain,1,0,1,Moderate
2026-01-17,Coimbatore,11.02,76.96,30.9,53.52,2.05,Light Rain,1,0,0,Moderate
2026-01-17,Erode,11.34,77.72,27.62,50.16,3.01,Light Rain,1,0,0,Moderate
2026-01-17,Madurai,9.93,78.12,31.5,80.12,7.73,Light Rain,1,0,1,Moderate
2026-01-17,Salem,11.66,78.15,29.21,57.68,12.14,Rain,1,0,0,Moderate
2026-01-17,Tirunelveli,8.71,77.76,32.17,60.27,3.46,Light Rain,1,0,0,Moderate
2026-01-17,Trichy,10.79,78.7,30.65,75.81,2.69,Light Rain,1,0,0,Moderate
2026-01-17,Vellore,12.92,79.13,28.65,65.55,3.3,Light Rain,1,0,0,Moderate
2026-01-18,Chennai,13.08,80.27,29.89,67.71,1.6,Clear,1,0,0,Moderate
2026-01-18,Coimbatore,11.02,76.96,29.4,56.31,6.52,Light Rain,1,0,0,Moderate
2026-01-18,Erode,11.34,77.72,30.65,61.05,6.21,Light Rain,1,0,0,Moderate
2026-01-18,Madurai,9.93,78.12,29.05,68.89,5.28,Light Rain,1,0,0,Moderate
2026-01-18,Salem,11.66,78.15,29.46,56.19,9.18,Rain,1,0,0,Moderate
2026-01-18,Tirunelveli,8.71,77.76,30.52,70.48,3.73,Light Rain,1,0,0,Moderate
2026-01-18,Trichy,10.79,78.7,26.73,69.44,2.52,Light Rain,1,0,0,Moderate
2026-01-18,Vellore,12.92,79.13,29.78,76.23,11.41,Rain,1,0,0,Moderate
2026-01-19,Chennai,13.08,80.27,32.06,41.05,2.8,Light Rain,1,0,0,Moderate
2026-01-19,Coimbatore,11.02,76.96,27.2,63.41,4.91,Light Rain,1,0,0,Moderate
2026-01-19,Erode,11.34,77.72,32.34,41.33,2.66,Light Rain,1,0,0,Moderate
2026-01-19,Madurai,9.93,78.12,30.44,64.21,1.45,Clear,1,0,0,Moderate
2026-01-19,Salem,11.66,78.15,29.14,59.82,1.91,Clear,1,0,0,Moderate
2026-01-19,Tirunelveli,8.71,77.76,32.02,62.02,4.82,Light Rain,1,0,0,Moderate
2026-01-19,Trichy,10.79,78.7,26.54,60.73,7.43,Light Rain,1,0,0,Moderate
2026-01-19,Vellore,12.92,79.13,29.69,56.32,8.83,Rain,1,0,0,Moderate
2026-01-20,Chennai,13.08,80.27,35.58,47.66,8.58,Rain,1,0,0,Moderate
2026-01-20,Coimbatore,11.02,76.96,25.83,67.84,2.1,Light Rain,1,0,0,Moderate
2026-01-20,Erode,11.34,77.72,27.79,71.03,1.69,Clear,1,0,0,Moderate
2026-01-20,Madurai,9.93,78.12,32.45,70.15,4.73,Light Rain,1,0,0,Moderate
2026-01-20,Salem,11.66,78.15,30.7,88.23,4.99,Light Rain,1,0,1,Moderate
2026-01-20,Tirunelveli,8.71,77.76,27.62,59.31,7.37,Light Rain,1,0,0,Moderate
2026-01-20,Trichy,10.79,78.7,27.53,56.8,5.66,Light Rain,1,0,0,Moderate
2026-01-20,Vellore,12.92,79.13,30.64,73.31,1.06,Clear,1,0,0,Moderate
2026-01-21,Chennai,13.08,80.27,28.77,81.85,6.08,Light Rain,1,0,1,Moderate
2026-01-21,Coimbatore,11.02,76.96,31.66,51.57,14.42,Rain,1,0,0,Moderate
2026-01-21,Erode,11.34,77.72,33.16,75.95,1.75,Clear,1,0,0,Moderate
2026-01-21,Madurai,9.93,78.12,28.95,60.99,2.68,Light Rain,1,0,0,Moderate
2026-01-21,Salem,11.66,78.15,33.26,82.74,7.57,Light Rain,1,0,1,Moderate
2026-01-21,Tirunelveli,8.71,77.76,32.01,82.35,13.13,Rain,1,0,1,Moderate
2026-01-21,Trichy,10.79,78.7,23.48,67.01,7.71,Light Rain,1,0,0,Moderate
2026-01-21,Vellore,12.92,79.13,28.47,76.35,11.2,Rain,1,0,0,Moderate
2026-01-22,Chennai,13.08,80.27,31.63,60.54,9.92,Rain,1,0,0,Moderate
2026-01-22,Coimbatore,11.02,76.96,26.59,92.31,0.63,Cloudy,1,0,1,Moderate
2026-01-22,Erode,11.34,77.72,25.84,57.7,1.57,Clear,1,0,0,Moderate
2026-01-22,Madurai,9.93,78.12,23.53,77.15,1.27,Clear,1,0,0,Moderate
2026-01-22,Salem,11.66,78.15,28.08,60.94,5.65,Light Rain,1,0,0,Moderate
2026-01-22,Tirunelveli,8.71,77.76,24.42,63.57,3.31,Light Rain,1,0,0,Moderate
2026-01-22,Trichy,10.79,78.7,28.86,78.2,1.71,Clear,1,0,0,Moderate
2026-01-22,Vellore,12.92,79.13,27.16,59.54,21.64,Rain,1,1,0,High
2026-01-23,Chennai,13.08,80.27,30.65,74.85,2.96,Light Rain,1,0,0,Moderate
2026-01-23,Coimbatore,11.02,76.96,27.9,66.94,8.21,Rain,1,0,0,Moderate
2026-01-23,Erode,11.34,77.72,36.09,73.01,2.16,Light Rain,1,0,0,Moderate
2026-01-23,Madurai,9.93,78.12,29.29,53.57,5.74,Light Rain,1,0,0,Moderate
2026-01-23,Salem,11.66,78.15,30.51,74.77,8.9,Rain,1,0,0,Moderate
2026-01-23,Tirunelveli,8.71,77.76,26.17,60.12,7.53,Light Rain,1,0,0,Moderate
2026-01-23,Trichy,10.79,78.7,31.59,44.73,1.81,Clear,1,0,0,Moderate
2026-01-23,Vellore,12.92,79.13,30.89,74.82,4.91,Light Rain,1,0,0,Moderate
2026-01-24,Chennai,13.08,80.27,23.74,66.39,6.17,Light Rain,1,0,0,Moderate
2026-01-24,Coimbatore,11.02,76.96,29.74,64.53,4.02,Light Rain,1,0,0,Moderate
2026-01-24,Erode,11.34,77.72,24.59,62.0,10.4,Rain,1,0,0,Moderate
2026-01-24,Madurai,9.93,78.12,31.3,77.97,7.02,Light Rain,1,0,0,Moderate
2026-01-24,Salem,11.66,78.15,30.43,63.52,0.83,Clear,1,0,0,Moderate
2026-01-24,Tirunelveli,8.71,77.76,31.4,69.01,2.74,Light Rain,1,0,0,Moderate
2026-01-24,Trichy,10.79,78.7,29.04,66.39,3.5,Light Rain,1,0,0,Moderate
2026-01-24,Vellore,12.92,79.13,34.55,39.11,10.57,Rain,1,0,0,Moderate
2026-01-25,Chennai,13.08,80.27,28.12,42.34,9.79,Rain,1,0,0,Moderate
2026-01-25,Coimbatore,11.02,76.96,27.98,69.68,5.5,Light Rain,1,0,0,Moderate
2026-01-25,Erode,11.34,77.72,30.53,70.11,1.36,Clear,1,0,0,Moderate
2026-01-25,Madurai,9.93,78.12,23.92,71.16,7.87,Light Rain,1,0,0,Moderate
2026-01-25,Salem,11.66,78.15,27.99,79.35,3.94,Light Rain,1,0,0,Moderate
2026-01-25,Tirunelveli,8.71,77.76,30.3,74.66,7.6,Light Rain,1,0,0,Moderate
2026-01-25,Trichy,10.79,78.7,27.1,54.36,4.77,Light Rain,1,0,0,Moderate
2026-01-25,Vellore,12.92,79.13,25.78,84.95,6.13,Light Rain,1,0,1,Moderate
2026-01-26,Chennai,13.08,80.27,31.46,91.53,9.1,Rain,1,0,1,Moderate
2026-01-26,Coimbatore,11.02,76.96,30.27,99.23,13.65,Rain,1,0,1,Moderate
2026-01-26,Erode,11.34,77.72,28.19,87.75,13.26,Rain,1,0,1,Moderate
2026-01-26,Madurai,9.93,78.12,31.01,62.42,9.04,Rain,1,0,0,Moderate
2026-01-26,Salem,11.66,78.15,30.24,62.8,2.26,Light Rain,1,0,0,Moderate
2026-01-26,Tirunelveli,8.71,77.76,29.53,67.07,5.51,Light Rain,1,0,0,Moderate
2026-01-26,Trichy,10.79,78.7,28.95,67.69,0.8,Clear,1,0,0,Moderate
2026-01-26,Vellore,12.92,79.13,26.65,75.39,11.37,Rain,1,0,0,Moderate
2026-01-27,Chennai,13.08,80.27,31.8,68.41,5.95,Light Rain,1,0,0,Moderate
2026-01-27,Coimbatore,11.02,76.96,33.26,63.52,23.13,Rain,1,1,0,High
2026-01-27,Erode,11.34,77.72,24.88,32.19,0.31,Clear,1,0,0,Moderate
2026-01-27,Madurai,9.93,78.12,29.56,55.42,0.81,Clear,1,0,0,Moderate
2026-01-27,Salem,11.66,78.15,35.1,72.25,6.96,Light Rain,1,0,0,Moderate
2026-01-27,Tirunelveli,8.71,77.76,28.65,68.46,3.43,Light Rain,1,0,0,Moderate
2026-01-27,Trichy,10.79,78.7,27.91,77.76,2.29,Light Rain,1,0,0,Moderate
2026-01-27,Vellore,12.92,79.13,24.97,78.8,0.84,Clear,1,0,0,Moderate
2026-01-28,Chennai,13.08,80.27,27.72,73.55,10.52,Rain,1,0,0,Moderate
2026-01-28,Coimbatore,11.02,76.96,32.61,59.97,0.19,Clear,1,0,0,Moderate
2026-01-28,Erode,11.34,77.72,30.87,71.07,1.26,Clear,1,0,0,Moderate
2026-01-28,Madurai,9.93,78.12,28.37,90.29,5.09,Light Rain,1,0,1,Moderate
2026-01-28,Salem,11.66,78.15,26.39,93.43,3.47,Light Rain,1,0,1,Moderate
2026-01-28,Tirunelveli,8.71,77.76,37.66,38.77,6.91,Light Rain,1,0,0,Moderate
2026-01-28,Trichy,10.79,78.7,29.04,39.06,3.36,Light Rain,1,0,0,Moderate
2026-01-28,Vellore,12.92,79.13,31.31,69.57,4.91,Light Rain,1,0,0,Moderate
2026-01-29,Chennai,13.08,80.27,33.34,67.52,1.67,Clear,1,0,0,Moderate
2026-01-29,Coimbatore,11.02,76.96,26.12,78.61,12.71,Rain,1,0,0,Moderate
2026-01-29,Erode,11.34,77.72,32.4,67.97,2.16,Light Rain,1,0,0,Moderate
2026-01-29,Madurai,9.93,78.12,28.58,63.94,7.32,Light Rain,1,0,0,Moderate
2026-01-29,Salem,11.66,78.15,28.08,62.62,4.68,Light Rain,1,0,0,Moderate
2026-01-29,Tirunelveli,8.71,77.76,21.83,78.64,1.51,Clear,1,0,0,Moderate
2026-01-29,Trichy,10.79,78.7,32.75,69.2,3.44,Light Rain,1,0,0,Moderate
2026-01-29,Vellore,12.92,79.13,26.56,71.76,4.4,Light Rain,1,0,0,Moderate
2026-01-30,Chennai,13.08,80.27,27.4,75.98,6.21,Light Rain,1,0,0,Moderate
2026-01-30,Coimbatore,11.02,76.96,33.15,90.2,1.82,Cloudy,1,0,1,Moderate
2026-01-30,Erode,11.34,77.72,26.13,58.56,10.7,Rain,1,0,0,Moderate
2026-01-30,Madurai,9.93,78.12,23.53,66.82,2.16,Light Rain,1,0,0,Moderate
2026-01-30,Salem,11.66,78.15,28.21,62.78,7.33,Light Rain,1,0,0,Moderate
2026-01-30,Tirunelveli,8.71,77.76,31.18,58.47,1.97,Clear,1,0,0,Moderate
2026-01-30,Trichy,10.79,78.7,27.1,87.08,10.54,Rain,1,0,1,Moderate
2026-01-30,Vellore,12.92,79.13,31.03,80.79,3.08,Light Rain,1,0,1,Moderate
2026-01-31,Chennai,13.08,80.27,31.43,61.55,2.6,Light Rain,1,0,0,Moderate
2026-01-31,Coimbatore,11.02,76.96,25.95,60.13,3.52,Light Rain,1,0,0,Moderate
2026-01-31,Erode,11.34,77.72,34.19,89.1,1.42,Cloudy,1,0,1,Moderate
2026-01-31,Madurai,9.93,78.12,29.44,76.55,8.57,Rain,1,0,0,Moderate
2026-01-31,Salem,11.66,78.15,32.81,61.15,13.77,Rain,1,0,0,Moderate
2026-01-31,Tirunelveli,8.71,77.76,28.65,78.8,5.42,Light Rain,1,0,0,Moderate
2026-01-31,Trichy,10.79,78.7,32.24,72.76,1.86,Clear,1,0,0,Moderate
2026-01-31,Vellore,12.92,79.13,23.61,75.76,9.67,Rain,1,0,0,Moderate
2026-02-01,Chennai,13.08,80.27,30.12,48.87,5.42,Light Rain,1,0,0,Moderate
2026-02-01,Coimbatore,11.02,76.96,31.5,49.73,0.73,Clear,1,0,0,Moderate
2026-02-01,Erode,11.34,77.72,27.42,60.36,2.2,Light Rain,1,0,0,Moderate
2026-02-01,Madurai,9.93,78.12,31.53,73.83,8.73,Rain,1,0,0,Moderate
2026-02-01,Salem,11.66,78.15,26.23,63.02,1.46,Clear,1,0,0,Moderate
2026-02-01,Tirunelveli,8.71,77.76,35.77,87.29,4.99,Light Rain,1,0,1,Moderate
2026-02-01,Trichy,10.79,78.7,29.06,82.09,6.4,Light Rain,1,0,1,Moderate
2026-02-01,Vellore,12.92,79.13,24.45,68.75,3.81,Light Rain,1,0,0,Moderate
2026-02-02,Chennai,13.08,80.27,25.66,84.19,10.6,Rain,1,0,1,Moderate
2026-02-02,Coimbatore,11.02,76.96,26.65,64.29,1.51,Clear,1,0,0,Moderate
2026-02-02,Erode,11.34,77.72,27.47,63.65,5.71,Light Rain,1,0,0,Moderate
2026-02-02,Madurai,9.93,78.12,31.22,71.4,8.59,Rain,1,0,0,Moderate
2026-02-02,Salem,11.66,78.15,25.08,75.53,1.07,Clear,1,0,0,Moderate
2026-02-02,Tirunelveli,8.71,77.76,26.6,73.55,13.62,Rain,1,0,0,Moderate
2026-02-02,Trichy,10.79,78.7,27.82,51.08,2.02,Light Rain,1,0,0,Moderate
2026-02-02,Vellore,12.92,79.13,30.14,85.34,7.83,Light Rain,1,0,1,Moderate
2026-02-03,Chennai,13.08,80.27,24.64,52.6,1.87,Clear,1,0,0,Moderate
2026-02-03,Coimbatore,11.02,76.96,31.23,65.32,1.49,Clear,1,0,0,Moderate
2026-02-03,Erode,11.34,77.72,26.24,43.94,4.84,Light Rain,1,0,0,Moderate
2026-02-03,Madurai,9.93,78.12,27.97,59.93,9.78,Rain,1,0,0,Moderate
2026-02-03,Salem,11.66,78.15,34.71,81.59,1.95,Cloudy,1,0,1,Moderate
2026-02-03,Tirunelveli,8.71,77.76,29.12,45.3,2.42,Light Rain,1,0,0,Moderate
2026-02-03,Trichy,10.79,78.7,29.63,62.99,5.83,Light Rain,1,0,0,Moderate
2026-02-03,Vellore,12.92,79.13,32.98,63.11,5.59,Light Rain,1,0,0,Moderate
2026-02-04,Chennai,13.08,80.27,23.96,54.2,21.12,Rain,1,1,0,High
2026-02-04,Coimbatore,11.02,76.96,35.59,72.12,2.84,Light Rain,1,0,0,Moderate
2026-02-04,Erode,11.34,77.72,29.68,70.62,9.0,Rain,1,0,0,Moderate
2026-02-04,Madurai,9.93,78.12,26.84,70.87,6.41,Light Rain,1,0,0,Moderate
2026-02-04,Salem,11.66,78.15,28.16,72.38,18.85,Rain,1,0,0,Moderate
2026-02-04,Tirunelveli,8.71,77.76,27.23,64.88,2.51,Light Rain,1,0,0,Moderate
2026-02-04,Trichy,10.79,78.7,34.57,51.36,1.27,Clear,1,0,0,Moderate
2026-02-04,Vellore,12.92,79.13,29.4,68.71,10.59,Rain,1,0,0,Moderate
2026-02-05,Chennai,13.08,80.27,31.69,69.7,5.79,Light Rain,1,0,0,Moderate
2026-02-05,Coimbatore,11.02,76.96,25.74,55.16,3.91,Light Rain,1,0,0,Moderate
2026-02-05,Erode,11.34,77.72,28.89,47.37,6.44,Light Rain,1,0,0,Moderate
2026-02-05,Madurai,9.93,78.12,27.07,72.66,3.59,Light Rain,1,0,0,Moderate
2026-02-05,Salem,11.66,78.15,31.23,48.58,0.82,Clear,1,0,0,Moderate
2026-02-05,Tirunelveli,8.71,77.76,27.01,70.31,0.86,Clear,1,0,0,Moderate
2026-02-05,Trichy,10.79,78.7,32.66,48.79,4.2,Light Rain,1,0,0,Moderate
2026-02-05,Vellore,12.92,79.13,32.81,71.77,0.25,Clear,1,0,0,Moderate
2026-02-06,Chennai,13.08,80.27,30.47,75.22,6.65,Light Rain,1,0,0,Moderate
2026-02-06,Coimbatore,11.02,76.96,31.11,56.0,12.46,Rain,1,0,0,Moderate
2026-02-06,Erode,11.34,77.72,27.09,53.89,5.03,Light Rain,1,0,0,Moderate
2026-02-06,Madurai,9.93,78.12,31.32,87.78,5.28,Light Rain,1,0,1,Moderate
2026-02-06,Salem,11.66,78.15,32.04,88.39,22.05,Rain,1,1,1,High
2026-02-06,Tirunelveli,8.71,77.76,29.11,93.24,10.38,Rain,1,0,1,Moderate
2026-02-06,Trichy,10.79,78.7,30.68,66.46,10.34,Rain,1,0,0,Moderate
2026-02-06,Vellore,12.92,79.13,26.88,67.24,5.31,Light Rain,1,0,0,Moderate
2026-02-07,Chennai,13.08,80.27,25.95,74.1,3.96,Light Rain,1,0,0,Moderate
2026-02-07,Coimbatore,11.02,76.96,24.58,36.76,9.48,Rain,1,0,0,Moderate
2026-02-07,Erode,11.34,77.72,28.36,64.4,3.43,Light Rain,1,0,0,Moderate
2026-02-07,Madurai,9.93,78.12,26.77,77.99,0.86,Clear,1,0,0,Moderate
2026-02-07,Salem,11.66,78.15,27.19,78.95,1.27,Clear,1,0,0,Moderate
2026-02-07,Tirunelveli,8.71,77.76,25.82,51.12,6.09,Light Rain,1,0,0,Moderate
2026-02-07,Trichy,10.79,78.7,23.15,68.39,7.43,Light Rain,1,0,0,Moderate
2026-02-07,Vellore,12.92,79.13,28.5,64.23,1.38,Clear,1,0,0,Moderate
2026-02-08,Chennai,13.08,80.27,26.79,73.91,6.92,Light Rain,1,0,0,Moderate
2026-02-08,Coimbatore,11.02,76.96,28.75,72.73,5.33,Light Rain,1,0,0,Moderate
2026-02-08,Erode,11.34,77.72,33.35,74.97,1.36,Clear,1,0,0,Moderate
2026-02-08,Madurai,9.93,78.12,27.96,65.75,3.73,Light Rain,1,0,0,Moderate
2026-02-08,Salem,11.66,78.15,32.1,55.44,5.26,Light Rain,1,0,0,Moderate
2026-02-08,Tirunelveli,8.71,77.76,32.79,56.34,2.25,Light Rain,1,0,0,Moderate
2026-02-08,Trichy,10.79,78.7,31.95,68.25,8.41,Rain,1,0,0,Moderate
2026-02-08,Vellore,12.92,79.13,23.86,62.42,10.95,Rain,1,0,0,Moderate
2026-02-09,Chennai,13.08,80.27,30.51,57.97,3.81,Light Rain,1,0,0,Moderate
2026-02-09,Coimbatore,11.02,76.96,28.91,63.36,0.53,Clear,1,0,0,Moderate
2026-02-09,Erode,11.34,77.72,25.98,77.92,4.42,Light Rain,1,0,0,Moderate
2026-02-09,Madurai,9.93,78.12,25.71,52.21,6.65,Light Rain,1,0,0,Moderate
2026-02-09,Salem,11.66,78.15,27.94,75.75,2.58,Light Rain,1,0,0,Moderate
2026-02-09,Tirunelveli,8.71,77.76,30.38,69.5,3.74,Light Rain,1,0,0,Moderate
2026-02-09,Trichy,10.79,78.7,25.72,84.23,3.03,Light Rain,1,0,1,Moderate
2026-02-09,Vellore,12.92,79.13,31.4,77.08,4.83,Light Rain,1,0,0,Moderate
2026-02-10,Chennai,13.08,80.27,29.65,65.88,6.65,Light Rain,1,0,0,Moderate
2026-02-10,Coimbatore,11.02,76.96,29.22,89.58,1.58,Cloudy,1,0,1,Moderate
2026-02-10,Erode,11.34,77.72,32.65,66.85,0.69,Clear,1,0,0,Moderate
2026-02-10,Madurai,9.93,78.12,28.82,77.74,0.53,Clear,1,0,0,Moderate
2026-02-10,Salem,11.66,78.15,32.04,59.48,4.73,Light Rain,1,0,0,Moderate
2026-02-10,Tirunelveli,8.71,77.76,26.5,68.49,5.51,Light Rain,1,0,0,Moderate
2026-02-10,Trichy,10.79,78.7,25.3,93.51,5.45,Light Rain,1,0,1,Moderate
2026-02-10,Vellore,12.92,79.13,33.63,57.77,9.81,Rain,1,0,0,Moderate
2026-02-11,Chennai,13.08,80.27,27.29,68.93,5.97,Light Rain,1,0,0,Moderate
2026-02-11,Coimbatore,11.02,76.96,27.37,58.02,3.51,Light Rain,1,0,0,Moderate
2026-02-11,Erode,11.34,77.72,25.18,78.48,15.4,Rain,1,0,0,Moderate
2026-02-11,Madurai,9.93,78.12,27.85,56.43,5.73,Light Rain,1,0,0,Moderate
2026-02-11,Salem,11.66,78.15,29.52,66.49,1.86,Clear,1,0,0,Moderate
2026-02-11,Tirunelveli,8.71,77.76,23.86,66.78,0.19,Clear,1,0,0,Moderate
2026-02-11,Trichy,10.79,78.7,23.93,48.05,4.17,Light Rain,1,0,0,Moderate
2026-02-11,Vellore,12.92,79.13,29.0,77.01,3.18,Light Rain,1,0,0,Moderate
2026-02-12,Chennai,13.08,80.27,26.06,88.12,1.95,Cloudy,1,0,1,Moderate
2026-02-12,Coimbatore,11.02,76.96,27.06,66.8,2.64,Light Rain,1,0,0,Moderate
2026-02-12,Erode,11.34,77.72,24.38,68.65,3.77,Light Rain,1,0,0,Moderate
2026-02-12,Madurai,9.93,78.12,27.84,78.5,12.23,Rain,1,0,0,Moderate
2026-02-12,Salem,11.66,78.15,26.6,53.11,3.18,Light Rain,1,0,0,Moderate
2026-02-12,Tirunelveli,8.71,77.76,31.32,69.11,17.79,Rain,1,0,0,Moderate
2026-02-12,Trichy,10.79,78.7,30.51,68.25,11.27,Rain,1,0,0,Moderate
2026-02-12,Vellore,12.92,79.13,34.83,94.35,4.57,Light Rain,1,0,1,Moderate
2026-02-13,Chennai,13.08,80.27,37.86,76.87,4.22,Light Rain,1,0,0,Moderate
2026-02-13,Coimbatore,11.02,76.96,30.82,68.6,6.28,Light Rain,1,0,0,Moderate
2026-02-13,Erode,11.34,77.72,29.72,58.01,4.45,Light Rain,1,0,0,Moderate
2026-02-13,Madurai,9.93,78.12,31.05,67.55,1.56,Clear,1,0,0,Moderate
2026-02-13,Salem,11.66,78.15,24.81,65.06,0.98,Clear,1,0,0,Moderate
2026-02-13,Tirunelveli,8.71,77.76,33.4,68.94,1.44,Clear,1,0,0,Moderate
2026-02-13,Trichy,10.79,78.7,26.12,69.53,11.69,Rain,1,0,0,Moderate
2026-02-13,Vellore,12.92,79.13,36.1,81.17,1.58,Cloudy,1,0,1,Moderate
2026-02-14,Chennai,13.08,80.27,28.97,71.01,0.09,Clear,1,0,0,Moderate
2026-02-14,Coimbatore,11.02,76.96,31.26,62.55,9.03,Rain,1,0,0,Moderate
2026-02-14,Erode,11.34,77.72,28.94,70.89,5.16,Light Rain,1,0,0,Moderate
2026-02-14,Madurai,9.93,78.12,30.73,78.76,12.45,Rain,1,0,0,Moderate
2026-02-14,Salem,11.66,78.15,24.66,75.62,7.61,Light Rain,1,0,0,Moderate
2026-02-14,Tirunelveli,8.71,77.76,29.58,63.43,0.48,Clear,1,0,0,Moderate
2026-02-14,Trichy,10.79,78.7,26.55,60.33,3.23,Light Rain,1,0,0,Moderate
2026-02-14,Vellore,12.92,79.13,31.19,61.86,1.14,Clear,1,0,0,Moderate
2026-02-15,Chennai,13.08,80.27,27.69,63.11,2.27,Light Rain,1,0,0,Moderate
2026-02-15,Coimbatore,11.02,76.96,28.0,63.37,4.45,Light Rain,1,0,0,Moderate
2026-02-15,Erode,11.34,77.72,32.38,47.38,3.29,Light Rain,1,0,0,Moderate
2026-02-15,Madurai,9.93,78.12,31.65,76.9,18.6,Rain,1,0,0,Moderate
2026-02-15,Salem,11.66,78.15,29.74,65.91,7.8,Light Rain,1,0,0,Moderate
2026-02-15,Tirunelveli,8.71,77.76,30.99,78.34,0.11,Clear,1,0,0,Moderate
2026-02-15,Trichy,10.79,78.7,32.61,54.55,2.26,Light Rain,1,0,0,Moderate
2026-02-15,Vellore,12.92,79.13,22.15,72.22,3.74,Light Rain,1,0,0,Moderate
2026-02-16,Chennai,13.08,80.27,29.71,74.33,6.43,Light Rain,1,0,0,Moderate
2026-02-16,Coimbatore,11.02,76.96,32.9,76.03,4.69,Light Rain,1,0,0,Moderate
2026-02-16,Erode,11.34,77.72,33.52,78.71,9.96,Rain,1,0,0,Moderate
2026-02-16,Madurai,9.93,78.12,31.25,71.2,4.45,Light Rain,1,0,0,Moderate
2026-02-16,Salem,11.66,78.15,23.65,62.8,0.75,Clear,1,0,0,Moderate
2026-02-16,Tirunelveli,8.71,77.76,24.56,59.72,4.46,Light Rain,1,0,0,Moderate
2026-02-16,Trichy,10.79,78.7,31.75,66.23,7.28,Light Rain,1,0,0,Moderate
2026-02-16,Vellore,12.92,79.13,27.82,73.06,1.49,Clear,1,0,0,Moderate
2026-02-17,Chennai,13.08,80.27,28.28,68.21,6.32,Light Rain,1,0,0,Moderate
2026-02-17,Coimbatore,11.02,76.96,31.48,62.42,2.04,Light Rain,1,0,0,Moderate
2026-02-17,Erode,11.34,77.72,28.21,70.43,1.47,Clear,1,0,0,Moderate
2026-02-17,Madurai,9.93,78.12,24.16,87.59,3.16,Light Rain,1,0,1,Moderate
2026-02-17,Salem,11.66,78.15,25.81,72.31,5.47,Light Rain,1,0,0,Moderate
2026-02-17,Tirunelveli,8.71,77.76,29.11,49.2,7.81,Light Rain,1,0,0,Moderate
2026-02-17,Trichy,10.79,78.7,30.85,74.59,3.36,Light Rain,1,0,0,Moderate
2026-02-17,Vellore,12.92,79.13,29.27,77.33,7.93,Light Rain,1,0,0,Moderate
2026-02-18,Chennai,13.08,80.27,24.59,65.07,2.48,Light Rain,1,0,0,Moderate
2026-02-18,Coimbatore,11.02,76.96,33.53,68.34,6.97,Light Rain,1,0,0,Moderate
2026-02-18,Erode,11.34,77.72,32.09,79.61,16.1,Rain,1,0,0,Moderate
2026-02-18,Madurai,9.93,78.12,27.98,71.98,2.78,Light Rain,1,0,0,Moderate
2026-02-18,Salem,11.66,78.15,28.68,58.49,4.58,Light Rain,1,0,0,Moderate
2026-02-18,Tirunelveli,8.71,77.76,25.82,80.7,16.3,Rain,1,0,1,Moderate
2026-02-18,Trichy,10.79,78.7,31.46,93.35,6.02,Light Rain,1,0,1,Moderate
2026-02-18,Vellore,12.92,79.13,31.33,75.11,7.02,Light Rain,1,0,0,Moderate
2026-02-19,Chennai,13.08,80.27,32.84,53.67,3.53,Light Rain,1,0,0,Moderate
2026-02-19,Coimbatore,11.02,76.96,27.26,56.93,9.55,Rain,1,0,0,Moderate
2026-02-19,Erode,11.34,77.72,27.05,50.62,0.28,Clear,1,0,0,Moderate
2026-02-19,Madurai,9.93,78.12,28.52,77.91,0.7,Clear,1,0,0,Moderate
2026-02-19,Salem,11.66,78.15,35.31,76.32,9.8,Rain,1,0,0,Moderate
2026-02-19,Tirunelveli,8.71,77.76,26.8,88.59,4.8,Light Rain,1,0,1,Moderate
2026-02-19,Trichy,10.79,78.7,29.8,68.63,10.43,Rain,1,0,0,Moderate
2026-02-19,Vellore,12.92,79.13,28.14,60.54,9.37,Rain,1,0,0,Moderate
2026-02-20,Chennai,13.08,80.27,24.75,76.9,1.45,Clear,1,0,0,Moderate
2026-02-20,Coimbatore,11.02,76.96,29.42,60.31,5.77,Light Rain,1,0,0,Moderate
2026-02-20,Erode,11.34,77.72,28.25,69.4,7.16,Light Rain,1,0,0,Moderate
2026-02-20,Madurai,9.93,78.12,31.02,75.2,5.13,Light Rain,1,0,0,Moderate
2026-02-20,Salem,11.66,78.15,27.13,86.09,0.85,Cloudy,1,0,1,Moderate
2026-02-20,Tirunelveli,8.71,77.76,34.35,42.12,2.21,Light Rain,1,0,0,Moderate
2026-02-20,Trichy,10.79,78.7,31.74,60.24,15.94,Rain,1,0,0,Moderate
2026-02-20,Vellore,12.92,79.13,23.38,86.52,10.26,Rain,1,0,1,Moderate
2026-02-21,Chennai,13.08,80.27,30.1,78.37,2.24,Light Rain,1,0,0,Moderate
2026-02-21,Coimbatore,11.02,76.96,34.07,66.27,5.08,Light Rain,1,0,0,Moderate
2026-02-21,Erode,11.34,77.72,34.32,69.69,1.4,Clear,1,0,0,Moderate
2026-02-21,Madurai,9.93,78.12,30.59,50.38,1.54,Clear,1,0,0,Moderate
2026-02-21,Salem,11.66,78.15,35.25,64.62,1.42,Clear,1,0,0,Moderate
2026-02-21,Tirunelveli,8.71,77.76,26.91,51.28,3.28,Light Rain,1,0,0,Moderate
2026-02-21,Trichy,10.79,78.7,25.76,75.02,0.69,Clear,1,0,0,Moderate
2026-02-21,Vellore,12.92,79.13,22.97,74.35,8.6,Rain,1,0,0,Moderate
2026-02-22,Chennai,13.08,80.27,27.86,77.72,1.27,Clear,1,0,0,Moderate
2026-02-22,Coimbatore,11.02,76.96,23.69,51.11,6.67,Light Rain,1,0,0,Moderate
2026-02-22,Erode,11.34,77.72,33.86,69.61,5.58,Light Rain,1,0,0,Moderate
2026-02-22,Madurai,9.93,78.12,23.77,59.21,1.62,Clear,1,0,0,Moderate
2026-02-22,Salem,11.66,78.15,26.09,67.0,7.08,Light Rain,1,0,0,Moderate
2026-02-22,Tirunelveli,8.71,77.76,27.67,68.03,2.84,Light Rain,1,0,0,Moderate
2026-02-22,Trichy,10.79,78.7,27.22,78.53,11.23,Rain,1,0,0,Moderate
2026-02-22,Vellore,12.92,79.13,24.19,64.25,4.29,Light Rain,1,0,0,Moderate
2026-02-23,Chennai,13.08,80.27,24.77,76.4,1.22,Clear,1,0,0,Moderate
2026-02-23,Coimbatore,11.02,76.96,27.39,73.31,1.33,Clear,1,0,0,Moderate
2026-02-23,Erode,11.34,77.72,27.79,74.98,6.14,Light Rain,1,0,0,Moderate
2026-02-23,Madurai,9.93,78.12,31.02,63.22,1.85,Clear,1,0,0,Moderate
2026-02-23,Salem,11.66,78.15,28.91,58.02,4.96,Light Rain,1,0,0,Moderate
2026-02-23,Tirunelveli,8.71,77.76,33.79,43.08,2.65,Light Rain,1,0,0,Moderate
2026-02-23,Trichy,10.79,78.7,28.02,70.27,0.96,Clear,1,0,0,Moderate
2026-02-23,Vellore,12.92,79.13,32.75,68.86,10.48,Rain,1,0,0,Moderate
2026-02-24,Chennai,13.08,80.27,23.32,64.59,1.42,Clear,1,0,0,Moderate
2026-02-24,Coimbatore,11.02,76.96,23.9,52.9,7.81,Light Rain,1,0,0,Moderate
2026-02-24,Erode,11.34,77.72,30.93,59.07,8.03,Rain,1,0,0,Moderate
2026-02-24,Madurai,9.93,78.12,23.39,71.65,2.21,Light Rain,1,0,0,Moderate
2026-02-24,Salem,11.66,78.15,32.07,70.92,9.8,Rain,1,0,0,Moderate
2026-02-24,Tirunelveli,8.71,77.76,30.72,73.07,0.54,Clear,1,0,0,Moderate
2026-02-24,Trichy,10.79,78.7,29.05,51.37,6.83,Light Rain,1,0,0,Moderate
2026-02-24,Vellore,12.92,79.13,28.39,65.23,16.18,Rain,1,0,0,Moderate
2026-02-25,Chennai,13.08,80.27,29.07,78.27,7.01,Light Rain,1,0,0,Moderate
2026-02-25,Coimbatore,11.02,76.96,28.29,75.05,7.47,Light Rain,1,0,0,Moderate
2026-02-25,Erode,11.34,77.72,32.27,64.84,11.52,Rain,1,0,0,Moderate
2026-02-25,Madurai,9.93,78.12,35.73,56.55,1.01,Clear,1,0,0,Moderate
2026-02-25,Salem,11.66,78.15,32.7,62.91,9.72,Rain,1,0,0,Moderate
2026-02-25,Tirunelveli,8.71,77.76,31.03,91.55,0.27,Cloudy,1,0,1,Moderate
2026-02-25,Trichy,10.79,78.7,23.22,68.87,0.99,Clear,1,0,0,Moderate
2026-02-25,Vellore,12.92,79.13,33.17,83.23,6.62,Light Rain,1,0,1,Moderate
2026-02-26,Chennai,13.08,80.27,28.2,48.19,5.21,Light Rain,1,0,0,Moderate
2026-02-26,Coimbatore,11.02,76.96,32.04,75.48,2.69,Light Rain,1,0,0,Moderate
2026-02-26,Erode,11.34,77.72,28.27,79.88,3.38,Light Rain,1,0,0,Moderate
2026-02-26,Madurai,9.93,78.12,25.0,57.04,5.48,Light Rain,1,0,0,Moderate
2026-02-26,Salem,11.66,78.15,29.19,72.92,3.2,Light Rain,1,0,0,Moderate
2026-02-26,Tirunelveli,8.71,77.76,27.68,62.97,0.28,Clear,1,0,0,Moderate
2026-02-26,Trichy,10.79,78.7,28.57,75.55,3.51,Light Rain,1,0,0,Moderate
2026-02-26,Vellore,12.92,79.13,26.65,62.29,5.36,Light Rain,1,0,0,Moderate
2026-02-27,Chennai,13.08,80.27,33.81,71.4,8.94,Rain,1,0,0,Moderate
2026-02-27,Coimbatore,11.02,76.96,29.48,64.58,5.42,Light Rain,1,0,0,Moderate
2026-02-27,Erode,11.34,77.72,26.82,78.73,3.34,Light Rain,1,0,0,Moderate
2026-02-27,Madurai,9.93,78.12,22.63,82.1,2.66,Light Rain,1,0,1,Moderate
2026-02-27,Salem,11.66,78.15,25.43,57.95,1.06,Clear,1,0,0,Moderate
2026-02-27,Tirunelveli,8.71,77.76,23.12,83.98,6.5,Light Rain,1,0,1,Moderate
2026-02-27,Trichy,10.79,78.7,23.87,65.81,8.01,Rain,1,0,0,Moderate
2026-02-27,Vellore,12.92,79.13,31.94,63.86,13.11,Rain,1,0,0,Moderate
2026-02-28,Chennai,13.08,80.27,27.87,53.5,5.45,Light Rain,1,0,0,Moderate
2026-02-28,Coimbatore,11.02,76.96,31.1,82.52,10.38,Rain,1,0,1,Moderate
2026-02-28,Erode,11.34,77.72,29.12,86.36,2.36,Light Rain,1,0,1,Moderate
2026-02-28,Madurai,9.93,78.12,31.83,72.94,5.7,Light Rain,1,0,0,Moderate
2026-02-28,Salem,11.66,78.15,28.42,71.68,3.84,Light Rain,1,0,0,Moderate
2026-02-28,Tirunelveli,8.71,77.76,30.57,76.64,1.29,Clear,1,0,0,Moderate
2026-02-28,Trichy,10.79,78.7,31.62,86.04,1.77,Cloudy,1,0,1,Moderate
2026-02-28,Vellore,12.92,79.13,31.45,98.5,7.9,Light Rain,1,0,1,Moderate
2026-03-01,Chennai,13.08,80.27,30.08,70.64,3.76,Light Rain,1,0,0,Moderate
2026-03-01,Coimbatore,11.02,76.96,29.69,66.01,3.35,Light Rain,1,0,0,Moderate
2026-03-01,Erode,11.34,77.72,29.84,74.67,0.84,Clear,1,0,0,Moderate
2026-03-01,Madurai,9.93,78.12,29.41,60.9,3.49,Light Rain,1,0,0,Moderate
2026-03-01,Salem,11.66,78.15,21.03,50.29,14.4,Rain,1,0,0,Moderate
2026-03-01,Tirunelveli,8.71,77.76,33.87,89.26,4.26,Light Rain,1,0,1,Moderate
2026-03-01,Trichy,10.79,78.7,28.02,63.07,0.4,Clear,1,0,0,Moderate
2026-03-01,Vellore,12.92,79.13,29.92,63.33,4.39,Light Rain,1,0,0,Moderate
2026-03-02,Chennai,13.08,80.27,25.86,90.28,5.73,Light Rain,1,0,1,Moderate
2026-03-02,Coimbatore,11.02,76.96,27.87,55.91,2.89,Light Rain,1,0,0,Moderate
2026-03-02,Erode,11.34,77.72,29.04,66.79,5.33,Light Rain,1,0,0,Moderate
2026-03-02,Madurai,9.93,78.12,26.4,77.54,11.15,Rain,1,0,0,Moderate
2026-03-02,Salem,11.66,78.15,27.53,61.55,2.93,Light Rain,1,0,0,Moderate
2026-03-02,Tirunelveli,8.71,77.76,28.71,82.15,1.38,Cloudy,1,0,1,Moderate
2026-03-02,Trichy,10.79,78.7,24.84,76.98,9.18,Rain,1,0,0,Moderate
2026-03-02,Vellore,12.92,79.13,30.61,97.6,0.83,Cloudy,1,0,1,Moderate
2026-03-03,Chennai,13.08,80.27,25.71,64.11,12.46,Rain,1,0,0,Moderate
2026-03-03,Coimbatore,11.02,76.96,28.6,46.04,8.95,Rain,1,0,0,Moderate
2026-03-03,Erode,11.34,77.72,25.78,69.6,0.24,Clear,1,0,0,Moderate
2026-03-03,Madurai,9.93,78.12,29.25,38.37,8.7,Rain,1,0,0,Moderate
2026-03-03,Salem,11.66,78.15,31.72,68.51,2.11,Light Rain,1,0,0,Moderate
2026-03-03,Tirunelveli,8.71,77.76,30.29,69.55,9.18,Rain,1,0,0,Moderate
2026-03-03,Trichy,10.79,78.7,30.21,63.06,2.47,Light Rain,1,0,0,Moderate
2026-03-03,Vellore,12.92,79.13,32.37,59.24,0.35,Clear,1,0,0,Moderate
2026-03-04,Chennai,13.08,80.27,28.14,92.71,5.3,Light Rain,1,0,1,Moderate
2026-03-04,Coimbatore,11.02,76.96,24.62,63.93,2.0,Light Rain,1,0,0,Moderate
2026-03-04,Erode,11.34,77.72,26.82,71.82,0.23,Clear,1,0,0,Moderate
2026-03-04,Madurai,9.93,78.12,31.36,72.87,7.57,Light Rain,1,0,0,Moderate
2026-03-04,Salem,11.66,78.15,34.88,79.4,16.92,Rain,1,0,0,Moderate
2026-03-04,Tirunelveli,8.71,77.76,29.94,52.31,10.82,Rain,1,0,0,Moderate
2026-03-04,Trichy,10.79,78.7,27.81,58.87,2.71,Light Rain,1,0,0,Moderate
2026-03-04,Vellore,12.92,79.13,29.72,64.16,4.98,Light Rain,1,0,0,Moderate
2026-03-05,Chennai,13.08,80.27,24.16,53.24,5.03,Light Rain,1,0,0,Moderate
2026-03-05,Coimbatore,11.02,76.96,28.75,76.21,5.38,Light Rain,1,0,0,Moderate
2026-03-05,Erode,11.34,77.72,30.3,71.97,4.31,Light Rain,1,0,0,Moderate
2026-03-05,Madurai,9.93,78.12,30.21,67.27,1.45,Clear,1,0,0,Moderate
2026-03-05,Salem,11.66,78.15,32.42,54.38,4.21,Light Rain,1,0,0,Moderate
2026-03-05,Tirunelveli,8.71,77.76,31.36,44.83,4.99,Light Rain,1,0,0,Moderate
2026-03-05,Trichy,10.79,78.7,29.99,75.87,0.42,Clear,1,0,0,Moderate
2026-03-05,Vellore,12.92,79.13,36.31,60.36,5.2,Light Rain,1,0,0,Moderate
2026-03-06,Chennai,13.08,80.27,30.49,46.47,5.86,Light Rain,1,0,0,Moderate
2026-03-06,Coimbatore,11.02,76.96,28.76,72.73,4.11,Light Rain,1,0,0,Moderate
2026-03-06,Erode,11.34,77.72,26.7,80.99,3.83,Light Rain,1,0,1,Moderate
2026-03-06,Madurai,9.93,78.12,28.72,77.06,3.25,Light Rain,1,0,0,Moderate
2026-03-06,Salem,11.66,78.15,25.76,58.86,3.08,Light Rain,1,0,0,Moderate
2026-03-06,Tirunelveli,8.71,77.76,30.78,72.37,12.37,Rain,1,0,0,Moderate
2026-03-06,Trichy,10.79,78.7,26.9,56.35,10.49,Rain,1,0,0,Moderate
2026-03-06,Vellore,12.92,79.13,31.37,70.36,1.96,Clear,1,0,0,Moderate
2026-03-07,Chennai,13.08,80.27,33.08,83.34,13.2,Rain,1,0,1,Moderate
2026-03-07,Coimbatore,11.02,76.96,24.7,74.72,3.19,Light Rain,1,0,0,Moderate
2026-03-07,Erode,11.34,77.72,24.07,62.67,4.81,Light Rain,1,0,0,Moderate
2026-03-07,Madurai,9.93,78.12,26.5,70.74,14.5,Rain,1,0,0,Moderate
2026-03-07,Salem,11.66,78.15,31.09,90.61,8.81,Rain,1,0,1,Moderate
2026-03-07,Tirunelveli,8.71,77.76,28.26,76.97,4.61,Light Rain,1,0,0,Moderate
2026-03-07,Trichy,10.79,78.7,25.03,65.52,4.57,Light Rain,1,0,0,Moderate
2026-03-07,Vellore,12.92,79.13,33.4,59.64,5.36,Light Rain,1,0,0,Moderate
2026-03-08,Chennai,13.08,80.27,24.0,52.47,0.78,Clear,1,0,0,Moderate
2026-03-08,Coimbatore,11.02,76.96,26.55,51.72,1.29,Clear,1,0,0,Moderate
2026-03-08,Erode,11.34,77.72,24.08,80.58,2.23,Light Rain,1,0,1,Moderate
2026-03-08,Madurai,9.93,78.12,28.91,62.53,9.65,Rain,1,0,0,Moderate
2026-03-08,Salem,11.66,78.15,34.52,60.82,4.94,Light Rain,1,0,0,Moderate
2026-03-08,Tirunelveli,8.71,77.76,31.6,50.04,12.99,Rain,1,0,0,Moderate
2026-03-08,Trichy,10.79,78.7,26.46,51.77,11.79,Rain,1,0,0,Moderate
2026-03-08,Vellore,12.92,79.13,29.05,51.15,6.43,Light Rain,1,0,0,Moderate
2026-03-09,Chennai,13.08,80.27,27.38,54.94,6.36,Light Rain,1,0,0,Moderate
2026-03-09,Coimbatore,11.02,76.96,34.14,63.06,1.84,Clear,1,0,0,Moderate
2026-03-09,Erode,11.34,77.72,33.02,58.86,10.08,Rain,1,0,0,Moderate
2026-03-09,Madurai,9.93,78.12,28.15,59.81,2.23,Light Rain,1,0,0,Moderate
2026-03-09,Salem,11.66,78.15,30.2,52.29,2.69,Light Rain,1,0,0,Moderate
2026-03-09,Tirunelveli,8.71,77.76,34.39,78.09,8.66,Rain,1,0,0,Moderate
2026-03-09,Trichy,10.79,78.7,26.79,66.69,12.73,Rain,1,0,0,Moderate
2026-03-09,Vellore,12.92,79.13,29.52,43.03,11.59,Rain,1,0,0,Moderate
2026-03-10,Chennai,13.08,80.27,25.6,82.76,5.58,Light Rain,1,0,1,Moderate
2026-03-10,Coimbatore,11.02,76.96,24.82,78.38,0.46,Clear,1,0,0,Moderate
2026-03-10,Erode,11.34,77.72,26.01,63.21,3.05,Light Rain,1,0,0,Moderate
2026-03-10,Madurai,9.93,78.12,25.34,72.97,10.03,Rain,1,0,0,Moderate
2026-03-10,Salem,11.66,78.15,26.41,60.74,2.6,Light Rain,1,0,0,Moderate
2026-03-10,Tirunelveli,8.71,77.76,32.52,70.03,2.9,Light Rain,1,0,0,Moderate
2026-03-10,Trichy,10.79,78.7,28.72,67.21,11.03,Rain,1,0,0,Moderate
2026-03-10,Vellore,12.92,79.13,28.36,66.66,5.23,Light Rain,1,0,0,Moderate
2026-03-11,Chennai,13.08,80.27,28.18,66.57,4.9,Light Rain,1,0,0,Moderate
2026-03-11,Coimbatore,11.02,76.96,29.73,58.48,7.28,Light Rain,1,0,0,Moderate
2026-03-11,Erode,11.34,77.72,23.32,62.65,1.04,Clear,1,0,0,Moderate
2026-03-11,Madurai,9.93,78.12,31.01,67.28,5.7,Light Rain,1,0,0,Moderate
2026-03-11,Salem,11.66,78.15,29.62,50.08,4.97,Light Rain,1,0,0,Moderate
2026-03-11,Tirunelveli,8.71,77.76,28.44,56.88,6.35,Light Rain,1,0,0,Moderate
2026-03-11,Trichy,10.79,78.7,29.29,64.7,3.08,Light Rain,1,0,0,Moderate
2026-03-11,Vellore,12.92,79.13,26.11,52.42,8.76,Rain,1,0,0,Moderate
2026-03-12,Chennai,13.08,80.27,28.77,80.13,2.45,Light Rain,1,0,1,Moderate
2026-03-12,Coimbatore,11.02,76.96,30.28,51.82,0.78,Clear,1,0,0,Moderate
2026-03-12,Erode,11.34,77.72,26.04,78.94,1.94,Clear,1,0,0,Moderate
2026-03-12,Madurai,9.93,78.12,31.03,69.9,3.71,Light Rain,1,0,0,Moderate
2026-03-12,Salem,11.66,78.15,27.19,88.56,0.43,Cloudy,1,0,1,Moderate
2026-03-12,Tirunelveli,8.71,77.76,28.82,68.88,4.33,Light Rain,1,0,0,Moderate
2026-03-12,Trichy,10.79,78.7,34.17,55.94,9.78,Rain,1,0,0,Moderate
2026-03-12,Vellore,12.92,79.13,31.91,65.57,0.46,Clear,1,0,0,Moderate
2026-03-13,Chennai,13.08,80.27,21.71,65.8,6.64,Light Rain,1,0,0,Moderate
2026-03-13,Coimbatore,11.02,76.96,28.43,72.07,7.29,Light Rain,1,0,0,Moderate
2026-03-13,Erode,11.34,77.72,33.66,81.48,3.12,Light Rain,1,0,1,Moderate
2026-03-13,Madurai,9.93,78.12,34.97,84.31,0.72,Cloudy,1,0,1,Moderate
2026-03-13,Salem,11.66,78.15,27.06,57.23,7.39,Light Rain,1,0,0,Moderate
2026-03-13,Tirunelveli,8.71,77.76,32.44,67.39,3.73,Light Rain,1,0,0,Moderate
2026-03-13,Trichy,10.79,78.7,28.68,62.86,4.68,Light Rain,1,0,0,Moderate
2026-03-13,Vellore,12.92,79.13,30.35,81.9,5.92,Light Rain,1,0,1,Moderate
2026-03-14,Chennai,13.08,80.27,24.98,58.1,2.65,Light Rain,1,0,0,Moderate
2026-03-14,Coimbatore,11.02,76.96,29.72,67.5,29.98,Heavy Rain,1,1,0,High
2026-03-14,Erode,11.34,77.72,28.6,59.66,8.51,Rain,1,0,0,Moderate
2026-03-14,Madurai,9.93,78.12,27.86,59.07,1.32,Clear,1,0,0,Moderate
2026-03-14,Salem,11.66,78.15,26.54,61.49,5.0,Light Rain,1,0,0,Moderate
2026-03-14,Tirunelveli,8.71,77.76,29.02,64.24,5.17,Light Rain,1,0,0,Moderate
2026-03-14,Trichy,10.79,78.7,27.43,74.23,1.96,Clear,1,0,0,Moderate
2026-03-14,Vellore,12.92,79.13,24.68,92.89,2.04,Light Rain,1,0,1,Moderate
2026-03-15,Chennai,13.08,80.27,29.27,65.45,3.16,Light Rain,1,0,0,Moderate
2026-03-15,Coimbatore,11.02,76.96,24.41,89.16,7.45,Light Rain,1,0,1,Moderate
2026-03-15,Erode,11.34,77.72,28.33,76.29,4.02,Light Rain,1,0,0,Moderate
2026-03-15,Madurai,9.93,78.12,34.06,56.74,32.84,Heavy Rain,1,1,0,High
2026-03-15,Salem,11.66,78.15,31.4,47.46,8.7,Rain,1,0,0,Moderate
2026-03-15,Tirunelveli,8.71,77.76,29.38,81.72,9.34,Rain,1,0,1,Moderate
2026-03-15,Trichy,10.79,78.7,25.95,57.73,9.11,Rain,1,0,0,Moderate
2026-03-15,Vellore,12.92,79.13,30.35,76.94,3.87,Light Rain,1,0,0,Moderate
2026-03-16,Chennai,13.08,80.27,28.62,79.72,0.81,Clear,1,0,0,Moderate
2026-03-16,Coimbatore,11.02,76.96,32.55,54.4,6.13,Light Rain,1,0,0,Moderate
2026-03-16,Erode,11.34,77.72,26.91,46.56,13.77,Rain,1,0,0,Moderate
2026-03-16,Madurai,9.93,78.12,30.83,72.04,4.82,Light Rain,1,0,0,Moderate
2026-03-16,Salem,11.66,78.15,25.69,67.93,2.08,Light Rain,1,0,0,Moderate
2026-03-16,Tirunelveli,8.71,77.76,26.87,56.99,6.08,Light Rain,1,0,0,Moderate
2026-03-16,Trichy,10.79,78.7,27.2,81.02,7.86,Light Rain,1,0,1,Moderate
2026-03-16,Vellore,12.92,79.13,27.98,57.94,5.94,Light Rain,1,0,0,Moderate
2026-03-17,Chennai,13.08,80.27,26.22,76.32,7.35,Light Rain,1,0,0,Moderate
2026-03-17,Coimbatore,11.02,76.96,28.26,58.11,0.38,Clear,1,0,0,Moderate
2026-03-17,Erode,11.34,77.72,34.24,63.49,3.3,Light Rain,1,0,0,Moderate
2026-03-17,Madurai,9.93,78.12,27.87,75.85,2.06,Light Rain,1,0,0,Moderate
2026-03-17,Salem,11.66,78.15,29.19,66.16,7.47,Light Rain,1,0,0,Moderate
2026-03-17,Tirunelveli,8.71,77.76,24.82,61.8,14.06,Rain,1,0,0,Moderate
2026-03-17,Trichy,10.79,78.7,26.01,58.34,8.46,Rain,1,0,0,Moderate
2026-03-17,Vellore,12.92,79.13,29.46,58.85,5.38,Light Rain,1,0,0,Moderate
2026-03-18,Chennai,13.08,80.27,29.39,91.97,3.17,Light Rain,1,0,1,Moderate
2026-03-18,Coimbatore,11.02,76.96,31.82,63.39,2.27,Light Rain,1,0,0,Moderate
2026-03-18,Erode,11.34,77.72,27.87,66.78,11.65,Rain,1,0,0,Moderate
2026-03-18,Madurai,9.93,78.12,29.75,66.85,9.57,Rain,1,0,0,Moderate
2026-03-18,Salem,11.66,78.15,27.78,72.22,13.96,Rain,1,0,0,Moderate
2026-03-18,Tirunelveli,8.71,77.76,27.85,50.41,4.24,Light Rain,1,0,0,Moderate
2026-03-18,Trichy,10.79,78.7,34.1,67.6,13.13,Rain,1,0,0,Moderate
2026-03-18,Vellore,12.92,79.13,31.95,81.26,7.39,Light Rain,1,0,1,Moderate
2026-03-19,Chennai,13.08,80.27,24.76,62.34,2.08,Light Rain,1,0,0,Moderate
2026-03-19,Coimbatore,11.02,76.96,31.58,76.29,1.89,Clear,1,0,0,Moderate
2026-03-19,Erode,11.34,77.72,31.06,58.18,7.22,Light Rain,1,0,0,Moderate
2026-03-19,Madurai,9.93,78.12,29.99,56.35,0.05,Clear,1,0,0,Moderate
2026-03-19,Salem,11.66,78.15,28.26,61.26,8.29,Rain,1,0,0,Moderate
2026-03-19,Tirunelveli,8.71,77.76,30.07,80.54,15.11,Rain,1,0,1,Moderate
2026-03-19,Trichy,10.79,78.7,30.37,87.4,2.47,Light Rain,1,0,1,Moderate
2026-03-19,Vellore,12.92,79.13,26.57,56.56,11.7,Rain,1,0,0,Moderate
2026-03-20,Chennai,13.08,80.27,28.55,79.98,3.04,Light Rain,1,0,0,Moderate
2026-03-20,Coimbatore,11.02,76.96,26.72,65.42,10.9,Rain,1,0,0,Moderate
2026-03-20,Erode,11.34,77.72,30.79,69.38,17.77,Rain,1,0,0,Moderate
2026-03-20,Madurai,9.93,78.12,29.48,56.86,1.01,Clear,1,0,0,Moderate
2026-03-20,Salem,11.66,78.15,29.17,66.16,1.24,Clear,1,0,0,Moderate
2026-03-20,Tirunelveli,8.71,77.76,31.45,90.93,0.9,Cloudy,1,0,1,Moderate
2026-03-20,Trichy,10.79,78.7,24.77,55.18,6.52,Light Rain,1,0,0,Moderate
2026-03-20,Vellore,12.92,79.13,26.37,74.06,3.48,Light Rain,1,0,0,Moderate
2026-03-21,Chennai,13.08,80.27,25.36,80.26,5.49,Light Rain,1,0,1,Moderate
2026-03-21,Coimbatore,11.02,76.96,26.92,67.51,2.0,Light Rain,1,0,0,Moderate
2026-03-21,Erode,11.34,77.72,31.28,55.2,5.93,Light Rain,1,0,0,Moderate
2026-03-21,Madurai,9.93,78.12,27.31,62.5,2.98,Light Rain,1,0,0,Moderate
2026-03-21,Salem,11.66,78.15,26.97,58.97,11.35,Rain,1,0,0,Moderate
2026-03-21,Tirunelveli,8.71,77.76,29.98,83.21,1.05,Cloudy,1,0,1,Moderate
2026-03-21,Trichy,10.79,78.7,33.13,79.92,4.18,Light Rain,1,0,0,Moderate
2026-03-21,Vellore,12.92,79.13,36.53,86.67,7.25,Light Rain,1,0,1,Moderate
2026-03-22,Chennai,13.08,80.27,31.34,69.27,16.3,Rain,1,0,0,Moderate
2026-03-22,Coimbatore,11.02,76.96,24.88,48.18,1.63,Clear,1,0,0,Moderate
2026-03-22,Erode,11.34,77.72,27.65,61.44,2.85,Light Rain,1,0,0,Moderate
2026-03-22,Madurai,9.93,78.12,30.52,44.81,14.78,Rain,1,0,0,Moderate
2026-03-22,Salem,11.66,78.15,29.49,69.43,3.73,Light Rain,1,0,0,Moderate
2026-03-22,Tirunelveli,8.71,77.76,28.09,71.61,7.61,Light Rain,1,0,0,Moderate
2026-03-22,Trichy,10.79,78.7,31.82,65.09,1.42,Clear,1,0,0,Moderate
2026-03-22,Vellore,12.92,79.13,31.52,61.4,4.81,Light Rain,1,0,0,Moderate
2026-03-23,Chennai,13.08,80.27,24.49,79.87,7.64,Light Rain,1,0,0,Moderate
2026-03-23,Coimbatore,11.02,76.96,28.35,60.04,8.14,Rain,1,0,0,Moderate
2026-03-23,Erode,11.34,77.72,27.6,61.56,9.76,Rain,1,0,0,Moderate
2026-03-23,Madurai,9.93,78.12,31.86,76.02,1.66,Clear,1,0,0,Moderate
2026-03-23,Salem,11.66,78.15,30.87,75.12,26.22,Heavy Rain,1,1,0,High
2026-03-23,Tirunelveli,8.71,77.76,28.36,88.96,1.48,Cloudy,1,0,1,Moderate
2026-03-23,Trichy,10.79,78.7,24.59,60.86,9.69,Rain,1,0,0,Moderate
2026-03-23,Vellore,12.92,79.13,27.3,65.84,1.13,Clear,1,0,0,Moderate
2026-03-24,Chennai,13.08,80.27,30.98,79.0,5.68,Light Rain,1,0,0,Moderate
2026-03-24,Coimbatore,11.02,76.96,33.56,72.7,4.45,Light Rain,1,0,0,Moderate
2026-03-24,Erode,11.34,77.72,33.36,51.64,5.5,Light Rain,1,0,0,Moderate
2026-03-24,Madurai,9.93,78.12,27.56,36.87,13.07,Rain,1,0,0,Moderate
2026-03-24,Salem,11.66,78.15,32.74,70.04,11.87,Rain,1,0,0,Moderate
2026-03-24,Tirunelveli,8.71,77.76,33.69,73.38,2.23,Light Rain,1,0,0,Moderate
2026-03-24,Trichy,10.79,78.7,32.25,51.58,7.27,Light Rain,1,0,0,Moderate
2026-03-24,Vellore,12.92,79.13,28.62,69.84,4.24,Light Rain,1,0,0,Moderate
2026-03-25,Chennai,13.08,80.27,30.25,80.44,11.85,Rain,1,0,1,Moderate
2026-03-25,Coimbatore,11.02,76.96,30.62,70.36,14.63,Rain,1,0,0,Moderate
2026-03-25,Erode,11.34,77.72,33.24,71.57,0.82,Clear,1,0,0,Moderate
2026-03-25,Madurai,9.93,78.12,25.01,50.05,2.74,Light Rain,1,0,0,Moderate
2026-03-25,Salem,11.66,78.15,21.54,45.05,4.14,Light Rain,1,0,0,Moderate
2026-03-25,Tirunelveli,8.71,77.76,30.15,68.76,5.06,Light Rain,1,0,0,Moderate
2026-03-25,Trichy,10.79,78.7,27.61,64.24,1.94,Clear,1,0,0,Moderate
2026-03-25,Vellore,12.92,79.13,30.07,79.32,2.96,Light Rain,1,0,0,Moderate
2026-03-26,Chennai,13.08,80.27,25.64,66.0,12.89,Rain,1,0,0,Moderate
2026-03-26,Coimbatore,11.02,76.96,28.93,81.83,0.21,Cloudy,1,0,1,Moderate
2026-03-26,Erode,11.34,77.72,31.06,77.38,5.6,Light Rain,1,0,0,Moderate
2026-03-26,Madurai,9.93,78.12,30.98,75.64,5.89,Light Rain,1,0,0,Moderate
2026-03-26,Salem,11.66,78.15,28.08,72.66,7.37,Light Rain,1,0,0,Moderate
2026-03-26,Tirunelveli,8.71,77.76,32.06,80.57,7.07,Light Rain,1,0,1,Moderate
2026-03-26,Trichy,10.79,78.7,29.51,43.36,8.06,Rain,1,0,0,Moderate
2026-03-26,Vellore,12.92,79.13,27.74,70.71,3.11,Light Rain,1,0,0,Moderate
2026-03-27,Chennai,13.08,80.27,27.75,67.99,4.47,Light Rain,1,0,0,Moderate
2026-03-27,Coimbatore,11.02,76.96,27.36,65.48,8.72,Rain,1,0,0,Moderate
2026-03-27,Erode,11.34,77.72,32.82,93.06,12.09,Rain,1,0,1,Moderate
2026-03-27,Madurai,9.93,78.12,21.41,46.42,4.65,Light Rain,1,0,0,Moderate
2026-03-27,Salem,11.66,78.15,25.28,50.63,3.13,Light Rain,1,0,0,Moderate
2026-03-27,Tirunelveli,8.71,77.76,25.61,86.98,4.4,Light Rain,1,0,1,Moderate
2026-03-27,Trichy,10.79,78.7,29.44,48.0,0.28,Clear,1,0,0,Moderate
2026-03-27,Vellore,12.92,79.13,27.08,61.67,1.45,Clear,1,0,0,Moderate
2026-03-28,Chennai,13.08,80.27,31.88,60.69,6.93,Light Rain,1,0,0,Moderate
2026-03-28,Coimbatore,11.02,76.96,30.93,72.57,8.02,Rain,1,0,0,Moderate
2026-03-28,Erode,11.34,77.72,31.19,68.2,9.59,Rain,1,0,0,Moderate
2026-03-28,Madurai,9.93,78.12,21.45,78.24,0.63,Clear,1,0,0,Moderate
2026-03-28,Salem,11.66,78.15,29.3,73.09,3.07,Light Rain,1,0,0,Moderate
2026-03-28,Tirunelveli,8.71,77.76,29.02,71.23,2.06,Light Rain,1,0,0,Moderate
2026-03-28,Trichy,10.79,78.7,27.87,74.19,0.38,Clear,1,0,0,Moderate
2026-03-28,Vellore,12.92,79.13,24.38,55.94,9.91,Rain,1,0,0,Moderate
2026-03-29,Chennai,13.08,80.27,32.29,69.47,4.91,Light Rain,1,0,0,Moderate
2026-03-29,Coimbatore,11.02,76.96,25.81,84.14,10.91,Rain,1,0,1,Moderate
2026-03-29,Erode,11.34,77.72,28.43,65.92,4.2,Light Rain,1,0,0,Moderate
2026-03-29,Madurai,9.93,78.12,31.42,78.25,3.74,Light Rain,1,0,0,Moderate
2026-03-29,Salem,11.66,78.15,31.91,65.8,0.4,Clear,1,0,0,Moderate
2026-03-29,Tirunelveli,8.71,77.76,25.93,83.27,17.0,Rain,1,0,1,Moderate
2026-03-29,Trichy,10.79,78.7,31.34,65.8,2.23,Light Rain,1,0,0,Moderate
2026-03-29,Vellore,12.92,79.13,24.38,58.93,3.33,Light Rain,1,0,0,Moderate
2026-03-30,Chennai,13.08,80.27,28.32,61.86,4.14,Light Rain,1,0,0,Moderate
2026-03-30,Coimbatore,11.02,76.96,27.65,67.41,2.06,Light Rain,1,0,0,Moderate
2026-03-30,Erode,11.34,77.72,25.98,59.92,1.65,Clear,1,0,0,Moderate
2026-03-30,Madurai,9.93,78.12,27.29,88.83,0.87,Cloudy,1,0,1,Moderate
2026-03-30,Salem,11.66,78.15,30.92,62.01,2.73,Light Rain,1,0,0,Moderate
2026-03-30,Tirunelveli,8.71,77.76,27.3,54.05,12.02,Rain,1,0,0,Moderate
2026-03-30,Trichy,10.79,78.7,25.1,49.21,1.2,Clear,1,0,0,Moderate
2026-03-30,Vellore,12.92,79.13,31.0,80.48,2.27,Light Rain,1,0,1,Moderate
2026-03-31,Chennai,13.08,80.27,31.46,69.61,0.14,Clear,1,0,0,Moderate
2026-03-31,Coimbatore,11.02,76.96,31.51,75.24,3.78,Light Rain,1,0,0,Moderate
2026-03-31,Erode,11.34,77.72,30.51,96.61,13.77,Rain,1,0,1,Moderate
2026-03-31,Madurai,9.93,78.12,27.83,85.74,7.08,Light Rain,1,0,1,Moderate
2026-03-31,Salem,11.66,78.15,31.97,71.74,5.5,Light Rain,1,0,0,Moderate
2026-03-31,Tirunelveli,8.71,77.76,31.48,100.0,0.14,Cloudy,1,0,1,Moderate
2026-03-31,Trichy,10.79,78.7,36.59,57.17,3.35,Light Rain,1,0,0,Moderate
2026-03-31,Vellore,12.92,79.13,29.47,65.6,0.18,Clear,1,0,0,Moderate
2026-04-01,Chennai,13.08,80.27,29.72,60.6,9.99,Rain,1,0,0,Moderate
2026-04-01,Coimbatore,11.02,76.96,34.16,54.94,5.62,Light Rain,1,0,0,Moderate
2026-04-01,Erode,11.34,77.72,34.23,53.99,1.9,Clear,1,0,0,Moderate
2026-04-01,Madurai,9.93,78.12,30.3,49.59,2.69,Light Rain,1,0,0,Moderate
2026-04-01,Salem,11.66,78.15,28.41,38.28,6.4,Light Rain,1,0,0,Moderate
2026-04-01,Tirunelveli,8.71,77.76,31.77,67.28,2.81,Light Rain,1,0,0,Moderate
2026-04-01,Trichy,10.79,78.7,34.1,42.07,5.87,Light Rain,1,0,0,Moderate
2026-04-01,Vellore,12.92,79.13,33.73,78.17,4.69,Light Rain,1,0,0,Moderate
2026-04-02,Chennai,13.08,80.27,35.55,61.32,1.6,Clear,1,0,0,Moderate
2026-04-02,Coimbatore,11.02,76.96,34.51,61.91,4.67,Light Rain,1,0,0,Moderate
2026-04-02,Erode,11.34,77.72,35.36,43.8,5.13,Light Rain,1,0,0,Moderate
2026-04-02,Madurai,9.93,78.12,32.1,46.51,8.71,Rain,1,0,0,Moderate
2026-04-02,Salem,11.66,78.15,30.65,52.86,3.32,Light Rain,1,0,0,Moderate
2026-04-02,Tirunelveli,8.71,77.76,27.68,67.1,1.57,Clear,1,0,0,Moderate
2026-04-02,Trichy,10.79,78.7,32.68,53.28,0.39,Clear,1,0,0,Moderate
2026-04-02,Vellore,12.92,79.13,36.56,51.72,0.26,Clear,1,0,0,Moderate
2026-04-03,Chennai,13.08,80.27,33.31,76.91,7.27,Light Rain,1,0,0,Moderate
2026-04-03,Coimbatore,11.02,76.96,32.2,65.18,3.8,Light Rain,1,0,0,Moderate
2026-04-03,Erode,11.34,77.72,34.91,55.36,7.7,Light Rain,1,0,0,Moderate
2026-04-03,Madurai,9.93,78.12,33.52,49.49,2.2,Light Rain,1,0,0,Moderate
2026-04-03,Salem,11.66,78.15,29.14,63.69,4.24,Light Rain,1,0,0,Moderate
2026-04-03,Tirunelveli,8.71,77.76,34.84,58.37,10.5,Rain,1,0,0,Moderate
2026-04-03,Trichy,10.79,78.7,30.69,67.73,9.15,Rain,1,0,0,Moderate
2026-04-03,Vellore,12.92,79.13,24.37,58.09,1.77,Clear,1,0,0,Moderate
2026-04-04,Chennai,13.08,80.27,37.34,55.04,9.95,Rain,1,0,0,Moderate
2026-04-04,Coimbatore,11.02,76.96,32.34,46.47,4.07,Light Rain,1,0,0,Moderate
2026-04-04,Erode,11.34,77.72,34.55,70.17,0.25,Clear,1,0,0,Moderate
2026-04-04,Madurai,9.93,78.12,30.16,84.75,12.35,Rain,1,0,1,Moderate
2026-04-04,Salem,11.66,78.15,27.84,53.98,2.46,Light Rain,1,0,0,Moderate
2026-04-04,Tirunelveli,8.71,77.76,34.68,74.2,1.57,Clear,1,0,0,Moderate
2026-04-04,Trichy,10.79,78.7,31.79,76.04,0.2,Clear,1,0,0,Moderate
2026-04-04,Vellore,12.92,79.13,31.81,64.31,2.46,Light Rain,1,0,0,Moderate
2026-04-05,Chennai,13.08,80.27,30.6,67.93,3.31,Light Rain,1,0,0,Moderate
2026-04-05,Coimbatore,11.02,76.96,32.37,67.47,3.29,Light Rain,1,0,0,Moderate
2026-04-05,Erode,11.34,77.72,29.38,73.08,4.16,Light Rain,1,0,0,Moderate
2026-04-05,Madurai,9.93,78.12,33.16,74.72,1.36,Clear,1,0,0,Moderate
2026-04-05,Salem,11.66,78.15,33.31,53.17,1.55,Clear,1,0,0,Moderate
2026-04-05,Tirunelveli,8.71,77.76,32.5,71.61,1.83,Clear,1,0,0,Moderate
2026-04-05,Trichy,10.79,78.7,30.14,32.54,0.1,Clear,1,0,0,Moderate
2026-04-05,Vellore,12.92,79.13,29.58,68.64,5.4,Light Rain,1,0,0,Moderate
2026-04-06,Chennai,13.08,80.27,31.37,54.09,3.22,Light Rain,1,0,0,Moderate
2026-04-06,Coimbatore,11.02,76.96,35.3,62.03,9.68,Rain,1,0,0,Moderate
2026-04-06,Erode,11.34,77.72,34.94,59.55,10.46,Rain,1,0,0,Moderate
2026-04-06,Madurai,9.93,78.12,27.95,67.68,4.14,Light Rain,1,0,0,Moderate
2026-04-06,Salem,11.66,78.15,33.18,90.51,1.41,Cloudy,1,0,1,Moderate
2026-04-06,Tirunelveli,8.71,77.76,30.62,63.59,0.72,Clear,1,0,0,Moderate
2026-04-06,Trichy,10.79,78.7,33.7,72.89,0.47,Clear,1,0,0,Moderate
2026-04-06,Vellore,12.92,79.13,29.62,44.43,1.98,Clear,1,0,0,Moderate
2026-04-07,Chennai,13.08,80.27,38.16,56.72,0.36,Clear,1,0,0,Moderate
2026-04-07,Coimbatore,11.02,76.96,31.72,74.45,5.74,Light Rain,1,0,0,Moderate
2026-04-07,Erode,11.34,77.72,36.96,83.02,3.04,Light Rain,1,0,1,Moderate
2026-04-07,Madurai,9.93,78.12,32.97,51.92,2.95,Light Rain,1,0,0,Moderate
2026-04-07,Salem,11.66,78.15,34.61,73.56,0.98,Clear,1,0,0,Moderate
2026-04-07,Tirunelveli,8.71,77.76,34.92,54.16,2.17,Light Rain,1,0,0,Moderate
2026-04-07,Trichy,10.79,78.7,31.09,44.43,1.36,Clear,1,0,0,Moderate
2026-04-07,Vellore,12.92,79.13,32.17,43.4,1.07,Clear,1,0,0,Moderate
2026-04-08,Chennai,13.08,80.27,34.27,38.52,12.12,Rain,1,0,0,Moderate
2026-04-08,Coimbatore,11.02,76.96,35.03,69.72,3.75,Light Rain,1,0,0,Moderate
2026-04-08,Erode,11.34,77.72,33.95,73.39,2.18,Light Rain,1,0,0,Moderate
2026-04-08,Madurai,9.93,78.12,32.0,44.76,1.67,Clear,1,0,0,Moderate
2026-04-08,Salem,11.66,78.15,30.96,65.95,0.88,Clear,1,0,0,Moderate
2026-04-08,Tirunelveli,8.71,77.76,38.88,70.15,4.11,Light Rain,1,0,0,Moderate
2026-04-08,Trichy,10.79,78.7,39.97,43.34,1.42,Clear,1,0,0,Moderate
2026-04-08,Vellore,12.92,79.13,35.98,50.92,2.71,Light Rain,1,0,0,Moderate
2026-04-09,Chennai,13.08,80.27,35.06,68.42,8.54,Rain,1,0,0,Moderate
2026-04-09,Coimbatore,11.02,76.96,32.6,52.96,7.08,Light Rain,1,0,0,Moderate
2026-04-09,Erode,11.34,77.72,29.29,81.77,2.48,Light Rain,1,0,1,Moderate
2026-04-09,Madurai,9.93,78.12,39.02,69.78,1.5,Clear,1,0,0,Moderate
2026-04-09,Salem,11.66,78.15,33.29,57.93,1.61,Clear,1,0,0,Moderate
2026-04-09,Tirunelveli,8.71,77.76,35.66,50.75,0.84,Clear,1,0,0,Moderate
2026-04-09,Trichy,10.79,78.7,31.02,71.44,2.36,Light Rain,1,0,0,Moderate
2026-04-09,Vellore,12.92,79.13,34.54,68.06,3.19,Light Rain,1,0,0,Moderate
2026-04-10,Chennai,13.08,80.27,36.68,48.52,9.76,Rain,1,0,0,Moderate
2026-04-10,Coimbatore,11.02,76.96,35.57,43.23,3.22,Light Rain,1,0,0,Moderate
2026-04-10,Erode,11.34,77.72,37.6,55.18,0.51,Clear,1,0,0,Moderate
2026-04-10,Madurai,9.93,78.12,31.33,44.98,1.2,Clear,1,0,0,Moderate
2026-04-10,Salem,11.66,78.15,34.33,81.31,14.13,Rain,1,0,1,Moderate
2026-04-10,Tirunelveli,8.71,77.76,39.64,51.56,3.05,Light Rain,1,0,0,Moderate
2026-04-10,Trichy,10.79,78.7,32.04,49.49,0.83,Clear,1,0,0,Moderate
2026-04-10,Vellore,12.92,79.13,36.79,70.36,7.1,Light Rain,1,0,0,Moderate
2026-04-11,Chennai,13.08,80.27,28.96,63.78,4.85,Light Rain,1,0,0,Moderate
2026-04-11,Coimbatore,11.02,76.96,35.68,92.72,1.9,Cloudy,1,0,1,Moderate
2026-04-11,Erode,11.34,77.72,32.76,60.47,2.18,Light Rain,1,0,0,Moderate
2026-04-11,Madurai,9.93,78.12,31.51,48.98,1.48,Clear,1,0,0,Moderate
2026-04-11,Salem,11.66,78.15,31.67,55.69,0.89,Clear,1,0,0,Moderate
2026-04-11,Tirunelveli,8.71,77.76,36.88,49.21,1.22,Clear,1,0,0,Moderate
2026-04-11,Trichy,10.79,78.7,28.72,49.33,0.46,Clear,1,0,0,Moderate
2026-04-11,Vellore,12.92,79.13,31.49,52.74,0.31,Clear,1,0,0,Moderate
2026-04-12,Chennai,13.08,80.27,36.13,64.83,5.86,Light Rain,1,0,0,Moderate
2026-04-12,Coimbatore,11.02,76.96,36.07,42.47,6.43,Light Rain,1,0,0,Moderate
2026-04-12,Erode,11.34,77.72,31.6,55.19,6.1,Light Rain,1,0,0,Moderate
2026-04-12,Madurai,9.93,78.12,35.65,52.63,1.19,Clear,1,0,0,Moderate
2026-04-12,Salem,11.66,78.15,28.82,84.16,6.88,Light Rain,1,0,1,Moderate
2026-04-12,Tirunelveli,8.71,77.76,38.48,54.48,4.07,Light Rain,1,0,0,Moderate
2026-04-12,Trichy,10.79,78.7,36.5,63.7,0.41,Clear,1,0,0,Moderate
2026-04-12,Vellore,12.92,79.13,34.43,80.71,7.03,Light Rain,1,0,1,Moderate
2026-04-13,Chennai,13.08,80.27,32.97,57.4,0.84,Clear,1,0,0,Moderate
2026-04-13,Coimbatore,11.02,76.96,32.05,60.88,1.85,Clear,1,0,0,Moderate
2026-04-13,Erode,11.34,77.72,32.14,56.4,0.53,Clear,1,0,0,Moderate
2026-04-13,Madurai,9.93,78.12,28.37,49.57,5.7,Light Rain,1,0,0,Moderate
2026-04-13,Salem,11.66,78.15,31.08,73.58,5.05,Light Rain,1,0,0,Moderate
2026-04-13,Tirunelveli,8.71,77.76,33.04,60.4,1.09,Clear,1,0,0,Moderate
2026-04-13,Trichy,10.79,78.7,31.88,62.62,6.2,Light Rain,1,0,0,Moderate
2026-04-13,Vellore,12.92,79.13,31.76,75.84,0.53,Clear,1,0,0,Moderate
2026-04-14,Chennai,13.08,80.27,37.03,61.99,0.49,Clear,1,0,0,Moderate
2026-04-14,Coimbatore,11.02,76.96,33.72,86.68,3.74,Light Rain,1,0,1,Moderate
2026-04-14,Erode,11.34,77.72,30.29,35.1,9.44,Rain,1,0,0,Moderate
2026-04-14,Madurai,9.93,78.12,34.92,65.44,9.37,Rain,1,0,0,Moderate
2026-04-14,Salem,11.66,78.15,35.05,47.23,7.5,Light Rain,1,0,0,Moderate
2026-04-14,Tirunelveli,8.71,77.76,35.59,74.84,0.6,Clear,1,0,0,Moderate
2026-04-14,Trichy,10.79,78.7,32.76,68.48,2.11,Light Rain,1,0,0,Moderate
2026-04-14,Vellore,12.92,79.13,33.37,61.34,6.21,Light Rain,1,0,0,Moderate
2026-04-15,Chennai,13.08,80.27,36.81,56.28,0.56,Clear,1,0,0,Moderate
2026-04-15,Coimbatore,11.02,76.96,32.16,66.3,4.36,Light Rain,1,0,0,Moderate
2026-04-15,Erode,11.34,77.72,33.01,54.42,2.72,Light Rain,1,0,0,Moderate
2026-04-15,Madurai,9.93,78.12,29.85,76.73,7.37,Light Rain,1,0,0,Moderate
2026-04-15,Salem,11.66,78.15,36.4,49.66,5.09,Light Rain,1,0,0,Moderate
2026-04-15,Tirunelveli,8.71,77.76,34.97,67.45,1.9,Clear,1,0,0,Moderate
2026-04-15,Trichy,10.79,78.7,30.8,44.7,3.11,Light Rain,1,0,0,Moderate
2026-04-15,Vellore,12.92,79.13,33.66,82.42,0.64,Cloudy,1,0,1,Moderate
2026-04-16,Chennai,13.08,80.27,36.37,50.78,3.63,Light Rain,1,0,0,Moderate
2026-04-16,Coimbatore,11.02,76.96,34.19,61.82,1.77,Clear,1,0,0,Moderate
2026-04-16,Erode,11.34,77.72,31.84,55.39,2.48,Light Rain,1,0,0,Moderate
2026-04-16,Madurai,9.93,78.12,32.89,30.0,7.88,Light Rain,1,0,0,Moderate
2026-04-16,Salem,11.66,78.15,35.86,43.02,4.38,Light Rain,1,0,0,Moderate
2026-04-16,Tirunelveli,8.71,77.76,33.37,51.05,1.51,Clear,1,0,0,Moderate
2026-04-16,Trichy,10.79,78.7,34.94,52.04,0.85,Clear,1,0,0,Moderate
2026-04-16,Vellore,12.92,79.13,31.68,45.17,2.29,Light Rain,1,0,0,Moderate
2026-04-17,Chennai,13.08,80.27,34.63,62.84,1.35,Clear,1,0,0,Moderate
2026-04-17,Coimbatore,11.02,76.96,36.7,69.27,0.13,Clear,1,0,0,Moderate
2026-04-17,Erode,11.34,77.72,30.67,83.49,3.06,Light Rain,1,0,1,Moderate
2026-04-17,Madurai,9.93,78.12,32.27,77.44,5.21,Light Rain,1,0,0,Moderate
2026-04-17,Salem,11.66,78.15,40.63,79.57,3.89,Light Rain,1,0,0,Moderate
2026-04-17,Tirunelveli,8.71,77.76,32.33,64.73,3.28,Light Rain,1,0,0,Moderate
2026-04-17,Trichy,10.79,78.7,30.54,61.24,0.38,Clear,1,0,0,Moderate
2026-04-17,Vellore,12.92,79.13,34.14,32.88,4.93,Light Rain,1,0,0,Moderate
2026-04-18,Chennai,13.08,80.27,32.14,45.6,0.92,Clear,1,0,0,Moderate
2026-04-18,Coimbatore,11.02,76.96,31.36,66.22,2.11,Light Rain,1,0,0,Moderate
2026-04-18,Erode,11.34,77.72,37.47,47.74,0.34,Clear,1,0,0,Moderate
2026-04-18,Madurai,9.93,78.12,33.56,57.19,0.81,Clear,1,0,0,Moderate
2026-04-18,Salem,11.66,78.15,31.12,49.02,6.47,Light Rain,1,0,0,Moderate
2026-04-18,Tirunelveli,8.71,77.76,36.51,64.94,1.95,Clear,1,0,0,Moderate
2026-04-18,Trichy,10.79,78.7,32.45,46.02,7.23,Light Rain,1,0,0,Moderate
2026-04-18,Vellore,12.92,79.13,39.43,45.61,1.53,Clear,1,0,0,Moderate
2026-04-19,Chennai,13.08,80.27,31.22,58.1,2.39,Light Rain,1,0,0,Moderate
2026-04-19,Coimbatore,11.02,76.96,33.76,45.8,5.83,Light Rain,1,0,0,Moderate
2026-04-19,Erode,11.34,77.72,32.98,81.47,7.43,Light Rain,1,0,1,Moderate
2026-04-19,Madurai,9.93,78.12,30.32,52.8,7.08,Light Rain,1,0,0,Moderate
2026-04-19,Salem,11.66,78.15,33.79,55.38,1.59,Clear,1,0,0,Moderate
2026-04-19,Tirunelveli,8.71,77.76,30.67,62.7,2.53,Light Rain,1,0,0,Moderate
2026-04-19,Trichy,10.79,78.7,35.77,55.46,3.46,Light Rain,1,0,0,Moderate
2026-04-19,Vellore,12.92,79.13,31.68,65.68,7.86,Light Rain,1,0,0,Moderate
2026-04-20,Chennai,13.08,80.27,33.33,68.41,1.86,Clear,1,0,0,Moderate
2026-04-20,Coimbatore,11.02,76.96,29.49,59.87,2.56,Light Rain,1,0,0,Moderate
2026-04-20,Erode,11.34,77.72,31.84,61.7,1.65,Clear,1,0,0,Moderate
2026-04-20,Madurai,9.93,78.12,29.25,56.69,1.82,Clear,1,0,0,Moderate
2026-04-20,Salem,11.66,78.15,26.48,43.2,4.5,Light Rain,1,0,0,Moderate
2026-04-20,Tirunelveli,8.71,77.76,33.68,54.43,1.28,Clear,1,0,0,Moderate
2026-04-20,Trichy,10.79,78.7,32.09,47.06,3.62,Light Rain,1,0,0,Moderate
2026-04-20,Vellore,12.92,79.13,40.21,44.77,0.56,Clear,1,0,0,Moderate
2026-04-21,Chennai,13.08,80.27,35.21,66.15,11.56,Rain,1,0,0,Moderate
2026-04-21,Coimbatore,11.02,76.96,32.14,78.4,3.38,Light Rain,1,0,0,Moderate
2026-04-21,Erode,11.34,77.72,32.65,55.31,1.4,Clear,1,0,0,Moderate
2026-04-21,Madurai,9.93,78.12,33.69,78.32,0.41,Clear,1,0,0,Moderate
2026-04-21,Salem,11.66,78.15,36.54,73.99,3.12,Light Rain,1,0,0,Moderate
2026-04-21,Tirunelveli,8.71,77.76,36.39,61.84,1.05,Clear,1,0,0,Moderate
2026-04-21,Trichy,10.79,78.7,30.41,55.54,16.6,Rain,1,0,0,Moderate
2026-04-21,Vellore,12.92,79.13,38.74,72.92,0.11,Clear,1,0,0,Moderate
2026-04-22,Chennai,13.08,80.27,28.62,64.81,0.57,Clear,1,0,0,Moderate
2026-04-22,Coimbatore,11.02,76.96,33.82,61.53,0.76,Clear,1,0,0,Moderate
2026-04-22,Erode,11.34,77.72,30.22,67.15,1.0,Clear,1,0,0,Moderate
2026-04-22,Madurai,9.93,78.12,35.41,42.36,3.28,Light Rain,1,0,0,Moderate
2026-04-22,Salem,11.66,78.15,30.32,91.52,8.44,Rain,1,0,1,Moderate
2026-04-22,Tirunelveli,8.71,77.76,28.74,57.24,0.44,Clear,1,0,0,Moderate
2026-04-22,Trichy,10.79,78.7,31.78,74.58,3.37,Light Rain,1,0,0,Moderate
2026-04-22,Vellore,12.92,79.13,30.5,49.25,4.66,Light Rain,1,0,0,Moderate
2026-04-23,Chennai,13.08,80.27,29.33,61.16,2.28,Light Rain,1,0,0,Moderate
2026-04-23,Coimbatore,11.02,76.96,34.9,59.28,5.88,Light Rain,1,0,0,Moderate
2026-04-23,Erode,11.34,77.72,35.87,64.27,2.87,Light Rain,1,0,0,Moderate
2026-04-23,Madurai,9.93,78.12,31.95,52.88,1.71,Clear,1,0,0,Moderate
2026-04-23,Salem,11.66,78.15,34.76,45.91,1.89,Clear,1,0,0,Moderate
2026-04-23,Tirunelveli,8.71,77.76,33.29,60.14,1.62,Clear,1,0,0,Moderate
2026-04-23,Trichy,10.79,78.7,31.05,59.99,2.91,Light Rain,1,0,0,Moderate
2026-04-23,Vellore,12.92,79.13,33.26,64.08,1.17,Clear,1,0,0,Moderate
2026-04-24,Chennai,13.08,80.27,35.54,50.31,6.91,Light Rain,1,0,0,Moderate
2026-04-24,Coimbatore,11.02,76.96,38.65,54.0,3.16,Light Rain,1,0,0,Moderate
2026-04-24,Erode,11.34,77.72,29.95,65.3,7.23,Light Rain,1,0,0,Moderate
2026-04-24,Madurai,9.93,78.12,40.74,72.09,0.82,Clear,1,0,0,Moderate
2026-04-24,Salem,11.66,78.15,34.4,52.79,0.62,Clear,1,0,0,Moderate
2026-04-24,Tirunelveli,8.71,77.76,30.49,55.81,1.73,Clear,1,0,0,Moderate
2026-04-24,Trichy,10.79,78.7,36.84,66.51,7.22,Light Rain,1,0,0,Moderate
2026-04-24,Vellore,12.92,79.13,33.79,64.03,0.76,Clear,1,0,0,Moderate
2026-04-25,Chennai,13.08,80.27,32.5,54.25,5.05,Light Rain,1,0,0,Moderate
2026-04-25,Coimbatore,11.02,76.96,30.2,89.37,2.2,Light Rain,1,0,1,Moderate
2026-04-25,Erode,11.34,77.72,37.24,56.21,11.06,Rain,1,0,0,Moderate
2026-04-25,Madurai,9.93,78.12,33.92,48.41,0.35,Clear,1,0,0,Moderate
2026-04-25,Salem,11.66,78.15,32.63,72.11,1.69,Clear,1,0,0,Moderate
2026-04-25,Tirunelveli,8.71,77.76,31.34,55.97,16.46,Rain,1,0,0,Moderate
2026-04-25,Trichy,10.79,78.7,33.12,59.89,6.77,Light Rain,1,0,0,Moderate
2026-04-25,Vellore,12.92,79.13,31.96,59.06,0.71,Clear,1,0,0,Moderate
2026-04-26,Chennai,13.08,80.27,36.97,67.07,2.0,Light Rain,1,0,0,Moderate
2026-04-26,Coimbatore,11.02,76.96,38.99,65.4,0.04,Clear,1,0,0,Moderate
2026-04-26,Erode,11.34,77.72,28.46,84.09,6.69,Light Rain,1,0,1,Moderate
2026-04-26,Madurai,9.93,78.12,38.74,60.34,5.08,Light Rain,1,0,0,Moderate
2026-04-26,Salem,11.66,78.15,34.51,76.78,3.31,Light Rain,1,0,0,Moderate
2026-04-26,Tirunelveli,8.71,77.76,28.69,58.97,3.25,Light Rain,1,0,0,Moderate
2026-04-26,Trichy,10.79,78.7,26.79,47.51,1.79,Clear,1,0,0,Moderate
2026-04-26,Vellore,12.92,79.13,32.12,77.91,10.5,Rain,1,0,0,Moderate
2026-04-27,Chennai,13.08,80.27,30.2,80.65,1.53,Cloudy,1,0,1,Moderate
2026-04-27,Coimbatore,11.02,76.96,36.51,68.99,1.35,Clear,1,0,0,Moderate
2026-04-27,Erode,11.34,77.72,31.75,63.83,1.86,Clear,1,0,0,Moderate
2026-04-27,Madurai,9.93,78.12,41.1,51.58,0.51,Clear,1,0,0,Moderate
2026-04-27,Salem,11.66,78.15,32.48,30.0,2.15,Light Rain,1,0,0,Moderate
2026-04-27,Tirunelveli,8.71,77.76,38.58,59.99,1.41,Clear,1,0,0,Moderate
2026-04-27,Trichy,10.79,78.7,38.2,66.75,4.06,Light Rain,1,0,0,Moderate
2026-04-27,Vellore,12.92,79.13,30.78,74.06,1.25,Clear,1,0,0,Moderate
2026-04-28,Chennai,13.08,80.27,27.95,71.11,5.65,Light Rain,1,0,0,Moderate
2026-04-28,Coimbatore,11.02,76.96,36.92,68.13,0.24,Clear,1,0,0,Moderate
2026-04-28,Erode,11.34,77.72,29.83,67.46,2.43,Light Rain,1,0,0,Moderate
2026-04-28,Madurai,9.93,78.12,35.42,58.31,2.1,Light Rain,1,0,0,Moderate
2026-04-28,Salem,11.66,78.15,29.83,94.48,4.39,Light Rain,1,0,1,Moderate
2026-04-28,Tirunelveli,8.71,77.76,37.3,47.67,0.81,Clear,1,0,0,Moderate
2026-04-28,Trichy,10.79,78.7,30.58,66.7,1.13,Clear,1,0,0,Moderate
2026-04-28,Vellore,12.92,79.13,36.08,51.14,1.55,Clear,1,0,0,Moderate
2026-04-29,Chennai,13.08,80.27,36.67,58.05,0.13,Clear,1,0,0,Moderate
2026-04-29,Coimbatore,11.02,76.96,33.39,70.59,0.53,Clear,1,0,0,Moderate
2026-04-29,Erode,11.34,77.72,35.26,71.45,0.26,Clear,1,0,0,Moderate
2026-04-29,Madurai,9.93,78.12,31.16,65.25,2.84,Light Rain,1,0,0,Moderate
2026-04-29,Salem,11.66,78.15,31.66,62.58,5.44,Light Rain,1,0,0,Moderate
2026-04-29,Tirunelveli,8.71,77.76,33.44,44.98,3.7,Light Rain,1,0,0,Moderate
2026-04-29,Trichy,10.79,78.7,32.12,57.16,1.76,Clear,1,0,0,Moderate
2026-04-29,Vellore,12.92,79.13,29.46,61.54,14.43,Rain,1,0,0,Moderate
2026-04-30,Chennai,13.08,80.27,32.27,84.24,1.49,Cloudy,1,0,1,Moderate
2026-04-30,Coimbatore,11.02,76.96,31.94,71.16,3.11,Light Rain,1,0,0,Moderate
2026-04-30,Erode,11.34,77.72,38.93,74.46,1.87,Clear,1,0,0,Moderate
2026-04-30,Madurai,9.93,78.12,33.34,37.86,6.36,Light Rain,1,0,0,Moderate
2026-04-30,Salem,11.66,78.15,34.64,54.56,3.3,Light Rain,1,0,0,Moderate
2026-04-30,Tirunelveli,8.71,77.76,31.04,35.7,1.42,Clear,1,0,0,Moderate
2026-04-30,Trichy,10.79,78.7,34.83,36.67,2.0,Light Rain,1,0,0,Moderate
2026-04-30,Vellore,12.92,79.13,34.41,54.41,2.57,Light Rain,1,0,0,Moderate
2026-05-01,Chennai,13.08,80.27,31.38,65.06,1.59,Clear,1,0,0,Moderate
2026-05-01,Coimbatore,11.02,76.96,29.97,48.89,5.05,Light Rain,1,0,0,Moderate
2026-05-01,Erode,11.34,77.72,23.73,57.93,1.15,Clear,1,0,0,Moderate
2026-05-01,Madurai,9.93,78.12,36.59,66.36,3.68,Light Rain,1,0,0,Moderate
2026-05-01,Salem,11.66,78.15,32.74,48.08,0.94,Clear,1,0,0,Moderate
2026-05-01,Tirunelveli,8.71,77.76,35.37,66.65,4.26,Light Rain,1,0,0,Moderate
2026-05-01,Trichy,10.79,78.7,31.8,65.99,7.58,Light Rain,1,0,0,Moderate
2026-05-01,Vellore,12.92,79.13,29.65,69.55,0.12,Clear,1,0,0,Moderate
2026-05-02,Chennai,13.08,80.27,35.76,43.5,0.89,Clear,1,0,0,Moderate
2026-05-02,Coimbatore,11.02,76.96,34.76,43.24,6.02,Light Rain,1,0,0,Moderate
2026-05-02,Erode,11.34,77.72,34.94,49.03,4.81,Light Rain,1,0,0,Moderate
2026-05-02,Madurai,9.93,78.12,33.02,51.53,0.65,Clear,1,0,0,Moderate
2026-05-02,Salem,11.66,78.15,30.55,66.52,0.59,Clear,1,0,0,Moderate
2026-05-02,Tirunelveli,8.71,77.76,30.23,65.57,0.92,Clear,1,0,0,Moderate
2026-05-02,Trichy,10.79,78.7,32.49,33.21,2.92,Light Rain,1,0,0,Moderate
2026-05-02,Vellore,12.92,79.13,34.37,70.84,2.12,Light Rain,1,0,0,Moderate
2026-05-03,Chennai,13.08,80.27,34.67,61.19,5.82,Light Rain,1,0,0,Moderate
2026-05-03,Coimbatore,11.02,76.96,32.29,75.26,4.16,Light Rain,1,0,0,Moderate
2026-05-03,Erode,11.34,77.72,36.23,39.83,5.36,Light Rain,1,0,0,Moderate
2026-05-03,Madurai,9.93,78.12,27.15,48.24,0.35,Clear,1,0,0,Moderate
2026-05-03,Salem,11.66,78.15,31.98,46.07,0.43,Clear,1,0,0,Moderate
2026-05-03,Tirunelveli,8.71,77.76,39.75,48.51,3.48,Light Rain,1,0,0,Moderate
2026-05-03,Trichy,10.79,78.7,31.7,41.22,1.92,Clear,1,0,0,Moderate
2026-05-03,Vellore,12.92,79.13,29.36,48.9,8.33,Rain,1,0,0,Moderate
2026-05-04,Chennai,13.08,80.27,34.44,49.61,2.29,Light Rain,1,0,0,Moderate
2026-05-04,Coimbatore,11.02,76.96,37.96,50.48,2.74,Light Rain,1,0,0,Moderate
2026-05-04,Erode,11.34,77.72,34.36,66.65,0.06,Clear,1,0,0,Moderate
2026-05-04,Madurai,9.93,78.12,31.71,43.98,1.71,Clear,1,0,0,Moderate
2026-05-04,Salem,11.66,78.15,29.33,80.85,10.97,Rain,1,0,1,Moderate
2026-05-04,Tirunelveli,8.71,77.76,30.88,36.74,5.87,Light Rain,1,0,0,Moderate
2026-05-04,Trichy,10.79,78.7,33.82,90.08,0.34,Cloudy,1,0,1,Moderate
2026-05-04,Vellore,12.92,79.13,27.64,76.15,3.98,Light Rain,1,0,0,Moderate
2026-05-05,Chennai,13.08,80.27,35.26,52.28,2.03,Light Rain,1,0,0,Moderate
2026-05-05,Coimbatore,11.02,76.96,31.57,73.46,4.58,Light Rain,1,0,0,Moderate
2026-05-05,Erode,11.34,77.72,33.36,78.05,1.0,Clear,1,0,0,Moderate
2026-05-05,Madurai,9.93,78.12,37.19,49.03,3.03,Light Rain,1,0,0,Moderate
2026-05-05,Salem,11.66,78.15,29.45,39.29,0.26,Clear,1,0,0,Moderate
2026-05-05,Tirunelveli,8.71,77.76,34.93,76.44,5.42,Light Rain,1,0,0,Moderate
2026-05-05,Trichy,10.79,78.7,35.8,79.51,4.74,Light Rain,1,0,0,Moderate
2026-05-05,Vellore,12.92,79.13,32.66,49.32,1.63,Clear,1,0,0,Moderate
2026-05-06,Chennai,13.08,80.27,30.52,54.17,12.98,Rain,1,0,0,Moderate
2026-05-06,Coimbatore,11.02,76.96,31.8,75.97,2.72,Light Rain,1,0,0,Moderate
2026-05-06,Erode,11.34,77.72,28.43,53.66,2.6,Light Rain,1,0,0,Moderate
2026-05-06,Madurai,9.93,78.12,34.7,80.73,9.82,Rain,1,0,1,Moderate
2026-05-06,Salem,11.66,78.15,33.29,68.16,0.98,Clear,1,0,0,Moderate
2026-05-06,Tirunelveli,8.71,77.76,28.31,82.2,0.41,Cloudy,1,0,1,Moderate
2026-05-06,Trichy,10.79,78.7,32.88,79.51,7.68,Light Rain,1,0,0,Moderate
2026-05-06,Vellore,12.92,79.13,33.51,51.84,6.12,Light Rain,1,0,0,Moderate
2026-05-07,Chennai,13.08,80.27,36.43,53.0,4.24,Light Rain,1,0,0,Moderate
2026-05-07,Coimbatore,11.02,76.96,27.99,77.64,5.31,Light Rain,1,0,0,Moderate
2026-05-07,Erode,11.34,77.72,31.3,57.93,1.19,Clear,1,0,0,Moderate
2026-05-07,Madurai,9.93,78.12,30.9,81.2,2.24,Light Rain,1,0,1,Moderate
2026-05-07,Salem,11.66,78.15,23.52,64.0,12.48,Rain,1,0,0,Moderate
2026-05-07,Tirunelveli,8.71,77.76,30.14,69.09,1.14,Clear,1,0,0,Moderate
2026-05-07,Trichy,10.79,78.7,32.01,56.95,0.79,Clear,1,0,0,Moderate
2026-05-07,Vellore,12.92,79.13,35.11,47.54,2.32,Light Rain,1,0,0,Moderate
2026-05-08,Chennai,13.08,80.27,34.37,56.71,1.53,Clear,1,0,0,Moderate
2026-05-08,Coimbatore,11.02,76.96,38.68,57.79,0.84,Clear,1,0,0,Moderate
2026-05-08,Erode,11.34,77.72,34.78,59.99,0.19,Clear,1,0,0,Moderate
2026-05-08,Madurai,9.93,78.12,29.29,74.06,0.65,Clear,1,0,0,Moderate
2026-05-08,Salem,11.66,78.15,37.07,47.84,0.42,Clear,1,0,0,Moderate
2026-05-08,Tirunelveli,8.71,77.76,28.58,68.02,7.81,Light Rain,1,0,0,Moderate
2026-05-08,Trichy,10.79,78.7,32.38,62.15,5.01,Light Rain,1,0,0,Moderate
2026-05-08,Vellore,12.92,79.13,33.46,56.48,1.03,Clear,1,0,0,Moderate
2026-05-09,Chennai,13.08,80.27,31.46,49.74,8.69,Rain,1,0,0,Moderate
2026-05-09,Coimbatore,11.02,76.96,34.07,72.21,3.68,Light Rain,1,0,0,Moderate
2026-05-09,Erode,11.34,77.72,30.46,57.62,3.63,Light Rain,1,0,0,Moderate
2026-05-09,Madurai,9.93,78.12,33.92,58.34,0.57,Clear,1,0,0,Moderate
2026-05-09,Salem,11.66,78.15,37.01,57.88,12.81,Rain,1,0,0,Moderate
2026-05-09,Tirunelveli,8.71,77.76,32.18,46.39,0.49,Clear,1,0,0,Moderate
2026-05-09,Trichy,10.79,78.7,36.86,51.94,2.76,Light Rain,1,0,0,Moderate
2026-05-09,Vellore,12.92,79.13,34.83,93.62,5.23,Light Rain,1,0,1,Moderate
2026-05-10,Chennai,13.08,80.27,35.92,55.23,14.59,Rain,1,0,0,Moderate
2026-05-10,Coimbatore,11.02,76.96,39.69,80.99,0.83,Cloudy,1,0,1,Moderate
2026-05-10,Erode,11.34,77.72,34.56,98.49,3.52,Light Rain,1,0,1,Moderate
2026-05-10,Madurai,9.93,78.12,23.18,50.07,2.01,Light Rain,1,0,0,Moderate
2026-05-10,Salem,11.66,78.15,35.27,50.67,3.3,Light Rain,1,0,0,Moderate
2026-05-10,Tirunelveli,8.71,77.76,31.89,49.16,0.32,Clear,1,0,0,Moderate
2026-05-10,Trichy,10.79,78.7,32.48,67.76,3.82,Light Rain,1,0,0,Moderate
2026-05-10,Vellore,12.92,79.13,34.09,46.82,0.35,Clear,1,0,0,Moderate
2026-05-11,Chennai,13.08,80.27,39.53,59.87,3.7,Light Rain,1,0,0,Moderate
2026-05-11,Coimbatore,11.02,76.96,27.91,56.85,0.93,Clear,1,0,0,Moderate
2026-05-11,Erode,11.34,77.72,35.87,61.56,0.27,Clear,1,0,0,Moderate
2026-05-11,Madurai,9.93,78.12,32.01,78.96,2.17,Light Rain,1,0,0,Moderate
2026-05-11,Salem,11.66,78.15,35.44,51.98,1.95,Clear,1,0,0,Moderate
2026-05-11,Tirunelveli,8.71,77.76,30.32,30.0,0.61,Clear,1,0,0,Moderate
2026-05-11,Trichy,10.79,78.7,33.34,63.47,4.15,Light Rain,1,0,0,Moderate
2026-05-11,Vellore,12.92,79.13,36.71,76.26,1.52,Clear,1,0,0,Moderate
2026-05-12,Chennai,13.08,80.27,34.29,67.34,7.98,Light Rain,1,0,0,Moderate
2026-05-12,Coimbatore,11.02,76.96,33.03,47.99,5.39,Light Rain,1,0,0,Moderate
2026-05-12,Erode,11.34,77.72,30.78,53.83,0.7,Clear,1,0,0,Moderate
2026-05-12,Madurai,9.93,78.12,36.81,82.86,5.32,Light Rain,1,0,1,Moderate
2026-05-12,Salem,11.66,78.15,33.24,65.75,2.67,Light Rain,1,0,0,Moderate
2026-05-12,Tirunelveli,8.71,77.76,33.38,47.66,1.36,Clear,1,0,0,Moderate
2026-05-12,Trichy,10.79,78.7,32.34,63.65,1.35,Clear,1,0,0,Moderate
2026-05-12,Vellore,12.92,79.13,34.63,62.9,3.02,Light Rain,1,0,0,Moderate
2026-05-13,Chennai,13.08,80.27,34.21,57.63,1.74,Clear,1,0,0,Moderate
2026-05-13,Coimbatore,11.02,76.96,35.08,72.68,4.31,Light Rain,1,0,0,Moderate
2026-05-13,Erode,11.34,77.72,34.06,72.94,6.4,Light Rain,1,0,0,Moderate
2026-05-13,Madurai,9.93,78.12,34.13,37.93,0.83,Clear,1,0,0,Moderate
2026-05-13,Salem,11.66,78.15,34.63,39.44,9.2,Rain,1,0,0,Moderate
2026-05-13,Tirunelveli,8.71,77.76,31.04,50.8,5.57,Light Rain,1,0,0,Moderate
2026-05-13,Trichy,10.79,78.7,31.5,69.1,4.23,Light Rain,1,0,0,Moderate
2026-05-13,Vellore,12.92,79.13,35.05,58.13,1.89,Clear,1,0,0,Moderate
2026-05-14,Chennai,13.08,80.27,28.3,67.65,9.14,Rain,1,0,0,Moderate
2026-05-14,Coimbatore,11.02,76.96,28.95,69.08,2.93,Light Rain,1,0,0,Moderate
2026-05-14,Erode,11.34,77.72,42.0,47.9,4.1,Light Rain,1,0,0,Moderate
2026-05-14,Madurai,9.93,78.12,35.48,45.34,2.31,Light Rain,1,0,0,Moderate
2026-05-14,Salem,11.66,78.15,29.23,54.38,3.31,Light Rain,1,0,0,Moderate
2026-05-14,Tirunelveli,8.71,77.76,32.42,59.45,8.34,Rain,1,0,0,Moderate
2026-05-14,Trichy,10.79,78.7,36.46,65.51,1.44,Clear,1,0,0,Moderate
2026-05-14,Vellore,12.92,79.13,35.01,54.47,0.15,Clear,1,0,0,Moderate
2026-05-15,Chennai,13.08,80.27,34.46,73.8,1.32,Clear,1,0,0,Moderate
2026-05-15,Coimbatore,11.02,76.96,37.4,77.57,1.76,Clear,1,0,0,Moderate
2026-05-15,Erode,11.34,77.72,35.01,58.33,11.7,Rain,1,0,0,Moderate
2026-05-15,Madurai,9.93,78.12,33.14,74.7,4.5,Light Rain,1,0,0,Moderate
2026-05-15,Salem,11.66,78.15,28.78,80.64,2.18,Light Rain,1,0,1,Moderate
2026-05-15,Tirunelveli,8.71,77.76,35.77,45.98,2.01,Light Rain,1,0,0,Moderate
2026-05-15,Trichy,10.79,78.7,35.14,39.55,1.86,Clear,1,0,0,Moderate
2026-05-15,Vellore,12.92,79.13,35.25,80.87,3.24,Light Rain,1,0,1,Moderate
2026-05-16,Chennai,13.08,80.27,29.69,41.2,1.14,Clear,1,0,0,Moderate
2026-05-16,Coimbatore,11.02,76.96,38.37,68.1,2.08,Light Rain,1,0,0,Moderate
2026-05-16,Erode,11.34,77.72,32.72,76.51,3.02,Light Rain,1,0,0,Moderate
2026-05-16,Madurai,9.93,78.12,34.8,59.59,4.75,Light Rain,1,0,0,Moderate
2026-05-16,Salem,11.66,78.15,35.71,67.33,5.97,Light Rain,1,0,0,Moderate
2026-05-16,Tirunelveli,8.71,77.76,30.86,69.22,7.48,Light Rain,1,0,0,Moderate
2026-05-16,Trichy,10.79,78.7,34.5,89.72,1.81,Cloudy,1,0,1,Moderate
2026-05-16,Vellore,12.92,79.13,37.25,67.03,0.95,Clear,1,0,0,Moderate
2026-05-17,Chennai,13.08,80.27,34.99,66.46,2.84,Light Rain,1,0,0,Moderate
2026-05-17,Coimbatore,11.02,76.96,36.09,72.58,2.66,Light Rain,1,0,0,Moderate
2026-05-17,Erode,11.34,77.72,31.21,65.02,2.42,Light Rain,1,0,0,Moderate
2026-05-17,Madurai,9.93,78.12,35.0,66.79,9.48,Rain,1,0,0,Moderate
2026-05-17,Salem,11.66,78.15,32.8,66.36,5.02,Light Rain,1,0,0,Moderate
2026-05-17,Tirunelveli,8.71,77.76,33.04,68.74,9.88,Rain,1,0,0,Moderate
2026-05-17,Trichy,10.79,78.7,31.26,56.69,1.14,Clear,1,0,0,Moderate
2026-05-17,Vellore,12.92,79.13,37.16,63.97,5.85,Light Rain,1,0,0,Moderate
2026-05-18,Chennai,13.08,80.27,31.49,48.57,0.48,Clear,1,0,0,Moderate
2026-05-18,Coimbatore,11.02,76.96,32.22,43.36,0.9,Clear,1,0,0,Moderate
2026-05-18,Erode,11.34,77.72,31.85,57.17,0.76,Clear,1,0,0,Moderate
2026-05-18,Madurai,9.93,78.12,32.6,87.55,2.81,Light Rain,1,0,1,Moderate
2026-05-18,Salem,11.66,78.15,36.4,65.3,2.45,Light Rain,1,0,0,Moderate
2026-05-18,Tirunelveli,8.71,77.76,34.14,67.18,11.48,Rain,1,0,0,Moderate
2026-05-18,Trichy,10.79,78.7,29.98,76.79,0.24,Clear,1,0,0,Moderate
2026-05-18,Vellore,12.92,79.13,35.52,56.95,9.51,Rain,1,0,0,Moderate
2026-05-19,Chennai,13.08,80.27,32.51,53.56,1.39,Clear,1,0,0,Moderate
2026-05-19,Coimbatore,11.02,76.96,37.12,32.95,4.73,Light Rain,1,0,0,Moderate
2026-05-19,Erode,11.34,77.72,36.99,45.83,5.06,Light Rain,1,0,0,Moderate
2026-05-19,Madurai,9.93,78.12,26.11,61.19,2.88,Light Rain,1,0,0,Moderate
2026-05-19,Salem,11.66,78.15,32.27,71.89,9.82,Rain,1,0,0,Moderate
2026-05-19,Tirunelveli,8.71,77.76,30.85,89.4,3.88,Light Rain,1,0,1,Moderate
2026-05-19,Trichy,10.79,78.7,32.01,44.68,3.44,Light Rain,1,0,0,Moderate
2026-05-19,Vellore,12.92,79.13,32.08,55.26,3.48,Light Rain,1,0,0,Moderate
2026-05-20,Chennai,13.08,80.27,35.4,62.69,0.8,Clear,1,0,0,Moderate
2026-05-20,Coimbatore,11.02,76.96,30.9,74.68,2.93,Light Rain,1,0,0,Moderate
2026-05-20,Erode,11.34,77.72,36.37,54.37,4.93,Light Rain,1,0,0,Moderate
2026-05-20,Madurai,9.93,78.12,32.38,65.24,1.05,Clear,1,0,0,Moderate
2026-05-20,Salem,11.66,78.15,30.48,47.89,2.69,Light Rain,1,0,0,Moderate
2026-05-20,Tirunelveli,8.71,77.76,32.65,73.89,1.42,Clear,1,0,0,Moderate
2026-05-20,Trichy,10.79,78.7,36.4,45.55,2.15,Light Rain,1,0,0,Moderate
2026-05-20,Vellore,12.92,79.13,32.81,62.52,0.98,Clear,1,0,0,Moderate
2026-05-21,Chennai,13.08,80.27,35.5,58.28,3.23,Light Rain,1,0,0,Moderate
2026-05-21,Coimbatore,11.02,76.96,33.62,48.83,4.42,Light Rain,1,0,0,Moderate
2026-05-21,Erode,11.34,77.72,32.49,63.69,0.74,Clear,1,0,0,Moderate
2026-05-21,Madurai,9.93,78.12,38.26,84.77,1.89,Cloudy,1,0,1,Moderate
2026-05-21,Salem,11.66,78.15,35.24,100.0,5.54,Light Rain,1,0,1,Moderate
2026-05-21,Tirunelveli,8.71,77.76,41.02,50.98,10.2,Rain,1,0,0,Moderate
2026-05-21,Trichy,10.79,78.7,32.43,51.11,2.04,Light Rain,1,0,0,Moderate
2026-05-21,Vellore,12.92,79.13,28.14,57.33,7.38,Light Rain,1,0,0,Moderate
2026-05-22,Chennai,13.08,80.27,36.48,62.57,1.21,Clear,1,0,0,Moderate
2026-05-22,Coimbatore,11.02,76.96,35.65,55.4,1.32,Clear,1,0,0,Moderate
2026-05-22,Erode,11.34,77.72,37.52,49.53,2.9,Light Rain,1,0,0,Moderate
2026-05-22,Madurai,9.93,78.12,27.7,83.39,0.47,Cloudy,1,0,1,Moderate
2026-05-22,Salem,11.66,78.15,32.06,69.51,2.44,Light Rain,1,0,0,Moderate
2026-05-22,Tirunelveli,8.71,77.76,36.89,56.67,0.51,Clear,1,0,0,Moderate
2026-05-22,Trichy,10.79,78.7,32.79,62.71,1.63,Clear,1,0,0,Moderate
2026-05-22,Vellore,12.92,79.13,32.98,40.41,7.3,Light Rain,1,0,0,Moderate
2026-05-23,Chennai,13.08,80.27,34.06,49.94,4.6,Light Rain,1,0,0,Moderate
2026-05-23,Coimbatore,11.02,76.96,31.78,49.94,1.71,Clear,1,0,0,Moderate
2026-05-23,Erode,11.34,77.72,35.04,45.55,4.72,Light Rain,1,0,0,Moderate
2026-05-23,Madurai,9.93,78.12,30.16,71.31,3.5,Light Rain,1,0,0,Moderate
2026-05-23,Salem,11.66,78.15,32.93,79.77,5.22,Light Rain,1,0,0,Moderate
2026-05-23,Tirunelveli,8.71,77.76,32.23,65.16,2.47,Light Rain,1,0,0,Moderate
2026-05-23,Trichy,10.79,78.7,30.32,51.24,2.2,Light Rain,1,0,0,Moderate
2026-05-23,Vellore,12.92,79.13,32.7,53.56,13.1,Rain,1,0,0,Moderate
2026-05-24,Chennai,13.08,80.27,31.76,70.13,2.11,Light Rain,1,0,0,Moderate
2026-05-24,Coimbatore,11.02,76.96,33.72,59.7,5.68,Light Rain,1,0,0,Moderate
2026-05-24,Erode,11.34,77.72,34.95,67.91,0.34,Clear,1,0,0,Moderate
2026-05-24,Madurai,9.93,78.12,33.38,57.58,3.15,Light Rain,1,0,0,Moderate
2026-05-24,Salem,11.66,78.15,36.2,57.83,2.22,Light Rain,1,0,0,Moderate
2026-05-24,Tirunelveli,8.71,77.76,31.85,53.43,3.04,Light Rain,1,0,0,Moderate
2026-05-24,Trichy,10.79,78.7,29.37,77.31,3.47,Light Rain,1,0,0,Moderate
2026-05-24,Vellore,12.92,79.13,35.5,67.86,2.41,Light Rain,1,0,0,Moderate
2026-05-25,Chennai,13.08,80.27,27.01,68.27,1.28,Clear,1,0,0,Moderate
2026-05-25,Coimbatore,11.02,76.96,33.81,58.38,0.36,Clear,1,0,0,Moderate
2026-05-25,Erode,11.34,77.72,28.75,52.7,0.64,Clear,1,0,0,Moderate
2026-05-25,Madurai,9.93,78.12,27.94,60.19,10.78,Rain,1,0,0,Moderate
2026-05-25,Salem,11.66,78.15,31.5,61.65,2.16,Light Rain,1,0,0,Moderate
2026-05-25,Tirunelveli,8.71,77.76,36.42,72.69,3.25,Light Rain,1,0,0,Moderate
2026-05-25,Trichy,10.79,78.7,34.86,62.43,11.72,Rain,1,0,0,Moderate
2026-05-25,Vellore,12.92,79.13,29.29,56.57,2.8,Light Rain,1,0,0,Moderate
2026-05-26,Chennai,13.08,80.27,33.84,45.4,2.53,Light Rain,1,0,0,Moderate
2026-05-26,Coimbatore,11.02,76.96,31.11,79.92,0.05,Clear,1,0,0,Moderate
2026-05-26,Erode,11.34,77.72,31.1,52.65,4.33,Light Rain,1,0,0,Moderate
2026-05-26,Madurai,9.93,78.12,35.43,35.83,5.21,Light Rain,1,0,0,Moderate
2026-05-26,Salem,11.66,78.15,32.68,52.96,0.71,Clear,1,0,0,Moderate
2026-05-26,Tirunelveli,8.71,77.76,36.47,66.22,3.14,Light Rain,1,0,0,Moderate
2026-05-26,Trichy,10.79,78.7,32.37,67.68,1.48,Clear,1,0,0,Moderate
2026-05-26,Vellore,12.92,79.13,33.51,55.94,1.44,Clear,1,0,0,Moderate
2026-05-27,Chennai,13.08,80.27,30.67,71.59,0.67,Clear,1,0,0,Moderate
2026-05-27,Coimbatore,11.02,76.96,33.3,75.02,3.09,Light Rain,1,0,0,Moderate
2026-05-27,Erode,11.34,77.72,36.27,82.4,0.33,Cloudy,1,0,1,Moderate
2026-05-27,Madurai,9.93,78.12,30.7,54.35,0.76,Clear,1,0,0,Moderate
2026-05-27,Salem,11.66,78.15,32.71,54.77,13.62,Rain,1,0,0,Moderate
2026-05-27,Tirunelveli,8.71,77.76,30.75,68.7,1.53,Clear,1,0,0,Moderate
2026-05-27,Trichy,10.79,78.7,29.72,54.79,0.24,Clear,1,0,0,Moderate
2026-05-27,Vellore,12.92,79.13,37.31,48.69,1.01,Clear,1,0,0,Moderate
2026-05-28,Chennai,13.08,80.27,35.14,49.94,0.55,Clear,1,0,0,Moderate
2026-05-28,Coimbatore,11.02,76.96,29.22,30.25,1.95,Clear,1,0,0,Moderate
2026-05-28,Erode,11.34,77.72,27.04,58.88,4.62,Light Rain,1,0,0,Moderate
2026-05-28,Madurai,9.93,78.12,34.48,79.42,3.27,Light Rain,1,0,0,Moderate
2026-05-28,Salem,11.66,78.15,31.0,75.24,3.44,Light Rain,1,0,0,Moderate
2026-05-28,Tirunelveli,8.71,77.76,26.73,60.99,1.22,Clear,1,0,0,Moderate
2026-05-28,Trichy,10.79,78.7,35.85,64.95,1.8,Clear,1,0,0,Moderate
2026-05-28,Vellore,12.92,79.13,37.46,53.11,2.31,Light Rain,1,0,0,Moderate
2026-05-29,Chennai,13.08,80.27,34.59,59.25,6.95,Light Rain,1,0,0,Moderate
2026-05-29,Coimbatore,11.02,76.96,32.61,72.24,3.27,Light Rain,1,0,0,Moderate
2026-05-29,Erode,11.34,77.72,37.79,57.12,2.42,Light Rain,1,0,0,Moderate
2026-05-29,Madurai,9.93,78.12,30.47,74.71,7.88,Light Rain,1,0,0,Moderate
2026-05-29,Salem,11.66,78.15,30.8,64.37,2.81,Light Rain,1,0,0,Moderate
2026-05-29,Tirunelveli,8.71,77.76,29.33,60.48,9.05,Rain,1,0,0,Moderate
2026-05-29,Trichy,10.79,78.7,36.78,67.51,1.41,Clear,1,0,0,Moderate
2026-05-29,Vellore,12.92,79.13,32.77,58.92,9.46,Rain,1,0,0,Moderate
2026-05-30,Chennai,13.08,80.27,32.92,53.65,1.44,Clear,1,0,0,Moderate
2026-05-30,Coimbatore,11.02,76.96,32.47,64.02,9.61,Rain,1,0,0,Moderate
2026-05-30,Erode,11.34,77.72,35.59,71.32,0.39,Clear,1,0,0,Moderate
2026-05-30,Madurai,9.93,78.12,31.36,70.32,1.15,Clear,1,0,0,Moderate
2026-05-30,Salem,11.66,78.15,37.52,59.62,4.06,Light Rain,1,0,0,Moderate
2026-05-30,Tirunelveli,8.71,77.76,34.53,51.67,1.32,Clear,1,0,0,Moderate
2026-05-30,Trichy,10.79,78.7,37.01,65.82,2.4,Light Rain,1,0,0,Moderate
2026-05-30,Vellore,12.92,79.13,31.95,66.37,4.23,Light Rain,1,0,0,Moderate
2026-05-31,Chennai,13.08,80.27,34.41,55.53,4.48,Light Rain,1,0,0,Moderate
2026-05-31,Coimbatore,11.02,76.96,31.77,52.59,15.42,Rain,1,0,0,Moderate
2026-05-31,Erode,11.34,77.72,28.2,39.73,1.46,Clear,1,0,0,Moderate
2026-05-31,Madurai,9.93,78.12,27.42,36.23,3.9,Light Rain,1,0,0,Moderate
2026-05-31,Salem,11.66,78.15,33.32,56.7,3.02,Light Rain,1,0,0,Moderate
2026-05-31,Tirunelveli,8.71,77.76,30.41,75.26,11.61,Rain,1,0,0,Moderate
2026-05-31,Trichy,10.79,78.7,37.16,62.16,3.64,Light Rain,1,0,0,Moderate
2026-05-31,Vellore,12.92,79.13,31.83,72.56,0.67,Clear,1,0,0,Moderate
2026-06-01,Chennai,13.08,80.27,33.19,76.61,6.56,Light Rain,1,0,0,Moderate
2026-06-01,Coimbatore,11.02,76.96,31.97,68.84,7.85,Light Rain,1,0,0,Moderate
2026-06-01,Erode,11.34,77.72,34.1,56.54,2.49,Light Rain,1,0,0,Moderate
2026-06-01,Madurai,9.93,78.12,29.99,36.04,6.74,Light Rain,1,0,0,Moderate
2026-06-01,Salem,11.66,78.15,31.64,74.22,11.95,Rain,1,0,0,Moderate
2026-06-01,Tirunelveli,8.71,77.76,34.6,50.5,4.89,Light Rain,1,0,0,Moderate
2026-06-01,Trichy,10.79,78.7,33.32,64.1,0.48,Clear,1,0,0,Moderate
2026-06-01,Vellore,12.92,79.13,30.16,56.01,1.92,Clear,1,0,0,Moderate
2026-06-02,Chennai,13.08,80.27,36.81,51.33,6.77,Light Rain,1,0,0,Moderate
2026-06-02,Coimbatore,11.02,76.96,35.06,56.67,3.05,Light Rain,1,0,0,Moderate
2026-06-02,Erode,11.34,77.72,36.35,58.21,1.94,Clear,1,0,0,Moderate
2026-06-02,Madurai,9.93,78.12,33.59,52.97,6.22,Light Rain,1,0,0,Moderate
2026-06-02,Salem,11.66,78.15,34.9,64.94,3.08,Light Rain,1,0,0,Moderate
2026-06-02,Tirunelveli,8.71,77.76,34.65,52.56,3.43,Light Rain,1,0,0,Moderate
2026-06-02,Trichy,10.79,78.7,30.31,81.16,3.71,Light Rain,1,0,1,Moderate
2026-06-02,Vellore,12.92,79.13,28.51,57.34,2.61,Light Rain,1,0,0,Moderate
2026-06-03,Chennai,13.08,80.27,41.47,81.87,0.88,Cloudy,1,0,1,Moderate
2026-06-03,Coimbatore,11.02,76.96,29.35,58.55,12.22,Rain,1,0,0,Moderate
2026-06-03,Erode,11.34,77.72,30.3,61.03,1.9,Clear,1,0,0,Moderate
2026-06-03,Madurai,9.93,78.12,33.6,51.9,5.82,Light Rain,1,0,0,Moderate
2026-06-03,Salem,11.66,78.15,27.52,62.87,4.92,Light Rain,1,0,0,Moderate
2026-06-03,Tirunelveli,8.71,77.76,39.24,39.15,0.6,Clear,1,0,0,Moderate
2026-06-03,Trichy,10.79,78.7,32.42,73.48,8.19,Rain,1,0,0,Moderate
2026-06-03,Vellore,12.92,79.13,32.93,61.05,1.19,Clear,1,0,0,Moderate
2026-06-04,Chennai,13.08,80.27,28.1,63.76,3.98,Light Rain,1,0,0,Moderate
2026-06-04,Coimbatore,11.02,76.96,32.69,59.11,1.69,Clear,1,0,0,Moderate
2026-06-04,Erode,11.34,77.72,32.21,59.58,2.42,Light Rain,1,0,0,Moderate
2026-06-04,Madurai,9.93,78.12,34.75,73.41,0.7,Clear,1,0,0,Moderate
2026-06-04,Salem,11.66,78.15,33.81,59.8,7.78,Light Rain,1,0,0,Moderate
2026-06-04,Tirunelveli,8.71,77.76,31.43,61.31,4.79,Light Rain,1,0,0,Moderate
2026-06-04,Trichy,10.79,78.7,29.6,50.38,2.38,Light Rain,1,0,0,Moderate
2026-06-04,Vellore,12.92,79.13,31.8,70.1,2.73,Light Rain,1,0,0,Moderate
2026-06-05,Chennai,13.08,80.27,31.27,52.0,2.9,Light Rain,1,0,0,Moderate
2026-06-05,Coimbatore,11.02,76.96,31.97,70.7,6.93,Light Rain,1,0,0,Moderate
2026-06-05,Erode,11.34,77.72,30.1,60.97,2.9,Light Rain,1,0,0,Moderate
2026-06-05,Madurai,9.93,78.12,29.95,60.04,5.12,Light Rain,1,0,0,Moderate
2026-06-05,Salem,11.66,78.15,30.89,72.29,4.73,Light Rain,1,0,0,Moderate
2026-06-05,Tirunelveli,8.71,77.76,34.73,51.65,2.56,Light Rain,1,0,0,Moderate
2026-06-05,Trichy,10.79,78.7,31.1,76.43,0.87,Clear,1,0,0,Moderate
2026-06-05,Vellore,12.92,79.13,38.75,61.8,1.47,Clear,1,0,0,Moderate
2026-06-06,Chennai,13.08,80.27,28.11,64.9,12.18,Rain,1,0,0,Moderate
2026-06-06,Coimbatore,11.02,76.96,36.51,66.93,3.1,Light Rain,1,0,0,Moderate
2026-06-06,Erode,11.34,77.72,31.63,59.7,7.98,Light Rain,1,0,0,Moderate
2026-06-06,Madurai,9.93,78.12,31.29,63.03,0.2,Clear,1,0,0,Moderate
2026-06-06,Salem,11.66,78.15,31.6,60.59,1.78,Clear,1,0,0,Moderate
2026-06-06,Tirunelveli,8.71,77.76,32.23,50.68,7.57,Light Rain,1,0,0,Moderate
2026-06-06,Trichy,10.79,78.7,34.5,80.46,1.86,Cloudy,1,0,1,Moderate
2026-06-06,Vellore,12.92,79.13,24.56,60.39,5.5,Light Rain,1,0,0,Moderate
2026-06-07,Chennai,13.08,80.27,29.65,49.71,4.36,Light Rain,1,0,0,Moderate
2026-06-07,Coimbatore,11.02,76.96,34.1,64.26,3.13,Light Rain,1,0,0,Moderate
2026-06-07,Erode,11.34,77.72,34.79,33.23,3.68,Light Rain,1,0,0,Moderate
2026-06-07,Madurai,9.93,78.12,41.3,75.16,0.89,Clear,1,0,0,Moderate
2026-06-07,Salem,11.66,78.15,29.59,57.61,0.4,Clear,1,0,0,Moderate
2026-06-07,Tirunelveli,8.71,77.76,36.4,48.59,0.71,Clear,1,0,0,Moderate
2026-06-07,Trichy,10.79,78.7,31.64,59.4,0.11,Clear,1,0,0,Moderate
2026-06-07,Vellore,12.92,79.13,33.19,81.26,0.62,Cloudy,1,0,1,Moderate
2026-06-08,Chennai,13.08,80.27,32.94,50.72,10.26,Rain,1,0,0,Moderate
2026-06-08,Coimbatore,11.02,76.96,29.48,66.36,4.75,Light Rain,1,0,0,Moderate
2026-06-08,Erode,11.34,77.72,31.84,53.02,5.31,Light Rain,1,0,0,Moderate
2026-06-08,Madurai,9.93,78.12,37.07,56.55,1.89,Clear,1,0,0,Moderate
2026-06-08,Salem,11.66,78.15,31.21,67.26,0.6,Clear,1,0,0,Moderate
2026-06-08,Tirunelveli,8.71,77.76,39.72,71.61,5.74,Light Rain,1,0,0,Moderate
2026-06-08,Trichy,10.79,78.7,39.84,57.63,4.9,Light Rain,1,0,0,Moderate
2026-06-08,Vellore,12.92,79.13,28.92,88.61,4.19,Light Rain,1,0,1,Moderate
2026-06-09,Chennai,13.08,80.27,32.19,69.17,2.26,Light Rain,1,0,0,Moderate
2026-06-09,Coimbatore,11.02,76.96,41.19,86.16,8.46,Rain,1,0,1,Moderate
2026-06-09,Erode,11.34,77.72,36.47,65.99,3.93,Light Rain,1,0,0,Moderate
2026-06-09,Madurai,9.93,78.12,32.62,67.47,1.34,Clear,1,0,0,Moderate
2026-06-09,Salem,11.66,78.15,34.09,58.37,1.21,Clear,1,0,0,Moderate
2026-06-09,Tirunelveli,8.71,77.76,35.7,93.38,3.5,Light Rain,1,0,1,Moderate
2026-06-09,Trichy,10.79,78.7,28.77,61.76,2.46,Light Rain,1,0,0,Moderate
2026-06-09,Vellore,12.92,79.13,34.59,49.39,1.97,Clear,1,0,0,Moderate
2026-06-10,Chennai,13.08,80.27,28.65,57.96,1.75,Clear,1,0,0,Moderate
2026-06-10,Coimbatore,11.02,76.96,32.15,39.55,0.17,Clear,1,0,0,Moderate
2026-06-10,Erode,11.34,77.72,35.13,40.45,0.34,Clear,1,0,0,Moderate
2026-06-10,Madurai,9.93,78.12,32.23,67.72,15.43,Rain,1,0,0,Moderate
2026-06-10,Salem,11.66,78.15,26.81,75.38,8.44,Rain,1,0,0,Moderate
2026-06-10,Tirunelveli,8.71,77.76,32.39,41.11,2.51,Light Rain,1,0,0,Moderate
2026-06-10,Trichy,10.79,78.7,32.19,42.81,2.89,Light Rain,1,0,0,Moderate
2026-06-10,Vellore,12.92,79.13,36.75,55.38,2.01,Light Rain,1,0,0,Moderate
2026-06-11,Chennai,13.08,80.27,34.28,55.15,0.67,Clear,1,0,0,Moderate
2026-06-11,Coimbatore,11.02,76.96,31.89,57.47,3.69,Light Rain,1,0,0,Moderate
2026-06-11,Erode,11.34,77.72,27.47,45.09,8.13,Rain,1,0,0,Moderate
2026-06-11,Madurai,9.93,78.12,31.47,61.38,0.02,Clear,1,0,0,Moderate
2026-06-11,Salem,11.66,78.15,32.4,57.19,0.92,Clear,1,0,0,Moderate
2026-06-11,Tirunelveli,8.71,77.76,33.37,67.0,0.83,Clear,1,0,0,Moderate
2026-06-11,Trichy,10.79,78.7,36.51,69.54,13.24,Rain,1,0,0,Moderate
2026-06-11,Vellore,12.92,79.13,35.54,61.67,5.15,Light Rain,1,0,0,Moderate
2026-06-12,Chennai,13.08,80.27,34.5,77.33,0.93,Clear,1,0,0,Moderate
2026-06-12,Coimbatore,11.02,76.96,36.92,68.85,5.69,Light Rain,1,0,0,Moderate
2026-06-12,Erode,11.34,77.72,30.62,68.67,1.12,Clear,1,0,0,Moderate
2026-06-12,Madurai,9.93,78.12,36.87,56.05,4.16,Light Rain,1,0,0,Moderate
2026-06-12,Salem,11.66,78.15,32.42,84.6,3.18,Light Rain,1,0,1,Moderate
2026-06-12,Tirunelveli,8.71,77.76,33.23,60.97,1.29,Clear,1,0,0,Moderate
2026-06-12,Trichy,10.79,78.7,34.17,82.41,2.67,Light Rain,1,0,1,Moderate
2026-06-12,Vellore,12.92,79.13,34.25,66.74,2.73,Light Rain,1,0,0,Moderate
2026-06-13,Chennai,13.08,80.27,33.13,64.99,0.04,Clear,1,0,0,Moderate
2026-06-13,Coimbatore,11.02,76.96,31.55,63.5,0.48,Clear,1,0,0,Moderate
2026-06-13,Erode,11.34,77.72,30.82,66.25,2.95,Light Rain,1,0,0,Moderate
2026-06-13,Madurai,9.93,78.12,35.26,61.6,1.97,Clear,1,0,0,Moderate
2026-06-13,Salem,11.66,78.15,32.23,61.77,5.63,Light Rain,1,0,0,Moderate
2026-06-13,Tirunelveli,8.71,77.76,30.7,47.19,0.57,Clear,1,0,0,Moderate
2026-06-13,Trichy,10.79,78.7,33.6,60.5,2.98,Light Rain,1,0,0,Moderate
2026-06-13,Vellore,12.92,79.13,29.69,56.34,1.24,Clear,1,0,0,Moderate
2026-06-14,Chennai,13.08,80.27,31.12,55.03,0.24,Clear,1,0,0,Moderate
2026-06-14,Coimbatore,11.02,76.96,32.7,63.62,5.31,Light Rain,1,0,0,Moderate
2026-06-14,Erode,11.34,77.72,32.23,69.95,3.77,Light Rain,1,0,0,Moderate
2026-06-14,Madurai,9.93,78.12,33.48,63.48,5.17,Light Rain,1,0,0,Moderate
2026-06-14,Salem,11.66,78.15,30.41,54.24,0.63,Clear,1,0,0,Moderate
2026-06-14,Tirunelveli,8.71,77.76,33.19,61.2,4.63,Light Rain,1,0,0,Moderate
2026-06-14,Trichy,10.79,78.7,34.21,83.73,2.24,Light Rain,1,0,1,Moderate
2026-06-14,Vellore,12.92,79.13,28.41,66.21,2.19,Light Rain,1,0,0,Moderate
2026-06-15,Chennai,13.08,80.27,28.97,59.26,0.18,Clear,1,0,0,Moderate
2026-06-15,Coimbatore,11.02,76.96,32.57,86.31,4.01,Light Rain,1,0,1,Moderate
2026-06-15,Erode,11.34,77.72,30.0,67.05,2.83,Light Rain,1,0,0,Moderate
2026-06-15,Madurai,9.93,78.12,28.91,53.14,6.68,Light Rain,1,0,0,Moderate
2026-06-15,Salem,11.66,78.15,37.24,48.89,8.97,Rain,1,0,0,Moderate
2026-06-15,Tirunelveli,8.71,77.76,35.5,46.53,6.5,Light Rain,1,0,0,Moderate
2026-06-15,Trichy,10.79,78.7,37.6,63.95,5.71,Light Rain,1,0,0,Moderate
2026-06-15,Vellore,12.92,79.13,28.29,76.11,4.69,Light Rain,1,0,0,Moderate
2026-06-16,Chennai,13.08,80.27,31.92,65.89,1.33,Clear,1,0,0,Moderate
2026-06-16,Coimbatore,11.02,76.96,37.66,74.96,3.22,Light Rain,1,0,0,Moderate
2026-06-16,Erode,11.34,77.72,37.66,82.57,2.04,Light Rain,1,0,1,Moderate
2026-06-16,Madurai,9.93,78.12,31.78,46.74,2.86,Light Rain,1,0,0,Moderate
2026-06-16,Salem,11.66,78.15,29.47,32.66,1.4,Clear,1,0,0,Moderate
2026-06-16,Tirunelveli,8.71,77.76,31.44,45.59,0.31,Clear,1,0,0,Moderate
2026-06-16,Trichy,10.79,78.7,33.39,63.32,2.64,Light Rain,1,0,0,Moderate
2026-06-16,Vellore,12.92,79.13,37.21,61.38,3.27,Light Rain,1,0,0,Moderate
2026-06-17,Chennai,13.08,80.27,31.4,71.23,13.2,Rain,1,0,0,Moderate
2026-06-17,Coimbatore,11.02,76.96,30.79,68.8,2.03,Light Rain,1,0,0,Moderate
2026-06-17,Erode,11.34,77.72,31.34,58.22,16.57,Rain,1,0,0,Moderate
2026-06-17,Madurai,9.93,78.12,27.7,75.17,0.36,Clear,1,0,0,Moderate
2026-06-17,Salem,11.66,78.15,33.37,60.56,2.48,Light Rain,1,0,0,Moderate
2026-06-17,Tirunelveli,8.71,77.76,35.27,57.03,2.17,Light Rain,1,0,0,Moderate
2026-06-17,Trichy,10.79,78.7,34.19,72.5,10.11,Rain,1,0,0,Moderate
2026-06-17,Vellore,12.92,79.13,30.07,58.67,1.8,Clear,1,0,0,Moderate
2026-06-18,Chennai,13.08,80.27,30.33,52.23,8.06,Rain,1,0,0,Moderate
2026-06-18,Coimbatore,11.02,76.96,36.29,59.57,3.7,Light Rain,1,0,0,Moderate
2026-06-18,Erode,11.34,77.72,31.98,60.01,0.47,Clear,1,0,0,Moderate
2026-06-18,Madurai,9.93,78.12,34.72,66.28,1.51,Clear,1,0,0,Moderate
2026-06-18,Salem,11.66,78.15,38.6,64.43,0.44,Clear,1,0,0,Moderate
2026-06-18,Tirunelveli,8.71,77.76,30.71,60.41,5.89,Light Rain,1,0,0,Moderate
2026-06-18,Trichy,10.79,78.7,32.48,76.7,4.59,Light Rain,1,0,0,Moderate
2026-06-18,Vellore,12.92,79.13,34.99,76.47,0.85,Clear,1,0,0,Moderate
2026-06-19,Chennai,13.08,80.27,32.09,52.01,9.34,Rain,1,0,0,Moderate
2026-06-19,Coimbatore,11.02,76.96,31.9,33.83,0.26,Clear,1,0,0,Moderate
2026-06-19,Erode,11.34,77.72,39.19,58.84,1.74,Clear,1,0,0,Moderate
2026-06-19,Madurai,9.93,78.12,35.81,53.26,0.05,Clear,1,0,0,Moderate
2026-06-19,Salem,11.66,78.15,35.91,75.0,3.41,Light Rain,1,0,0,Moderate
2026-06-19,Tirunelveli,8.71,77.76,33.18,80.86,1.79,Cloudy,1,0,1,Moderate
2026-06-19,Trichy,10.79,78.7,30.73,57.51,11.66,Rain,1,0,0,Moderate
2026-06-19,Vellore,12.92,79.13,29.01,63.46,4.35,Light Rain,1,0,0,Moderate
2026-06-20,Chennai,13.08,80.27,35.39,67.31,0.48,Clear,1,0,0,Moderate
2026-06-20,Coimbatore,11.02,76.96,35.85,52.98,2.45,Light Rain,1,0,0,Moderate
2026-06-20,Erode,11.34,77.72,33.27,48.75,1.41,Clear,1,0,0,Moderate
2026-06-20,Madurai,9.93,78.12,35.51,87.3,6.91,Light Rain,1,0,1,Moderate
2026-06-20,Salem,11.66,78.15,28.53,77.29,4.14,Light Rain,1,0,0,Moderate
2026-06-20,Tirunelveli,8.71,77.76,31.69,31.15,2.03,Light Rain,1,0,0,Moderate
2026-06-20,Trichy,10.79,78.7,29.26,71.55,1.94,Clear,1,0,0,Moderate
2026-06-20,Vellore,12.92,79.13,33.78,56.93,2.2,Light Rain,1,0,0,Moderate
2026-06-21,Chennai,13.08,80.27,40.45,68.89,3.94,Light Rain,1,0,0,Moderate
2026-06-21,Coimbatore,11.02,76.96,28.48,81.49,3.04,Light Rain,1,0,1,Moderate
2026-06-21,Erode,11.34,77.72,32.22,56.44,1.39,Clear,1,0,0,Moderate
2026-06-21,Madurai,9.93,78.12,36.9,38.04,0.38,Clear,1,0,0,Moderate
2026-06-21,Salem,11.66,78.15,30.56,77.59,4.6,Light Rain,1,0,0,Moderate
2026-06-21,Tirunelveli,8.71,77.76,32.84,49.21,0.1,Clear,1,0,0,Moderate
2026-06-21,Trichy,10.79,78.7,34.01,67.88,9.67,Rain,1,0,0,Moderate
2026-06-21,Vellore,12.92,79.13,34.03,72.25,1.24,Clear,1,0,0,Moderate
2026-06-22,Chennai,13.08,80.27,36.61,56.9,1.37,Clear,1,0,0,Moderate
2026-06-22,Coimbatore,11.02,76.96,29.81,66.22,0.12,Clear,1,0,0,Moderate
2026-06-22,Erode,11.34,77.72,34.36,78.6,2.25,Light Rain,1,0,0,Moderate
2026-06-22,Madurai,9.93,78.12,35.65,57.89,1.27,Clear,1,0,0,Moderate
2026-06-22,Salem,11.66,78.15,38.12,85.97,1.32,Cloudy,1,0,1,Moderate
2026-06-22,Tirunelveli,8.71,77.76,37.2,77.82,2.67,Light Rain,1,0,0,Moderate
2026-06-22,Trichy,10.79,78.7,34.94,35.9,0.79,Clear,1,0,0,Moderate
2026-06-22,Vellore,12.92,79.13,30.93,78.47,1.39,Clear,1,0,0,Moderate
2026-06-23,Chennai,13.08,80.27,30.37,45.91,3.21,Light Rain,1,0,0,Moderate
2026-06-23,Coimbatore,11.02,76.96,32.92,55.68,2.08,Light Rain,1,0,0,Moderate
2026-06-23,Erode,11.34,77.72,26.15,82.21,8.09,Rain,1,0,1,Moderate
2026-06-23,Madurai,9.93,78.12,35.69,49.75,2.7,Light Rain,1,0,0,Moderate
2026-06-23,Salem,11.66,78.15,30.05,79.68,3.23,Light Rain,1,0,0,Moderate
2026-06-23,Tirunelveli,8.71,77.76,32.5,52.03,1.92,Clear,1,0,0,Moderate
2026-06-23,Trichy,10.79,78.7,33.32,74.32,8.29,Rain,1,0,0,Moderate
2026-06-23,Vellore,12.92,79.13,33.0,81.58,0.12,Cloudy,1,0,1,Moderate
2026-06-24,Chennai,13.08,80.27,36.31,69.28,0.49,Clear,1,0,0,Moderate
2026-06-24,Coimbatore,11.02,76.96,38.06,53.07,0.03,Clear,1,0,0,Moderate
2026-06-24,Erode,11.34,77.72,31.63,75.86,2.27,Light Rain,1,0,0,Moderate
2026-06-24,Madurai,9.93,78.12,31.08,59.42,12.64,Rain,1,0,0,Moderate
2026-06-24,Salem,11.66,78.15,28.5,54.02,0.75,Clear,1,0,0,Moderate
2026-06-24,Tirunelveli,8.71,77.76,34.52,62.77,5.11,Light Rain,1,0,0,Moderate
2026-06-24,Trichy,10.79,78.7,34.53,65.66,2.2,Light Rain,1,0,0,Moderate
2026-06-24,Vellore,12.92,79.13,34.02,62.95,7.14,Light Rain,1,0,0,Moderate
2026-06-25,Chennai,13.08,80.27,31.88,55.68,2.75,Light Rain,1,0,0,Moderate
2026-06-25,Coimbatore,11.02,76.96,30.37,53.75,1.77,Clear,1,0,0,Moderate
2026-06-25,Erode,11.34,77.72,33.78,51.99,3.84,Light Rain,1,0,0,Moderate
2026-06-25,Madurai,9.93,78.12,21.91,72.77,1.31,Clear,1,0,0,Moderate
2026-06-25,Salem,11.66,78.15,32.45,51.37,2.62,Light Rain,1,0,0,Moderate
2026-06-25,Tirunelveli,8.71,77.76,34.92,64.02,2.71,Light Rain,1,0,0,Moderate
2026-06-25,Trichy,10.79,78.7,35.38,45.47,2.16,Light Rain,1,0,0,Moderate
2026-06-25,Vellore,12.92,79.13,34.84,50.25,2.6,Light Rain,1,0,0,Moderate
2026-06-26,Chennai,13.08,80.27,31.39,71.02,7.97,Light Rain,1,0,0,Moderate
2026-06-26,Coimbatore,11.02,76.96,33.7,59.19,0.78,Clear,1,0,0,Moderate
2026-06-26,Erode,11.34,77.72,29.75,56.72,0.53,Clear,1,0,0,Moderate
2026-06-26,Madurai,9.93,78.12,27.82,54.68,0.5,Clear,1,0,0,Moderate
2026-06-26,Salem,11.66,78.15,32.4,70.62,3.94,Light Rain,1,0,0,Moderate
2026-06-26,Tirunelveli,8.71,77.76,28.2,65.35,6.21,Light Rain,1,0,0,Moderate
2026-06-26,Trichy,10.79,78.7,31.96,71.98,5.39,Light Rain,1,0,0,Moderate
2026-06-26,Vellore,12.92,79.13,29.35,41.86,4.57,Light Rain,1,0,0,Moderate
2026-06-27,Chennai,13.08,80.27,34.04,64.24,5.28,Light Rain,1,0,0,Moderate
2026-06-27,Coimbatore,11.02,76.96,31.75,75.88,1.96,Clear,1,0,0,Moderate
2026-06-27,Erode,11.34,77.72,37.7,47.56,3.83,Light Rain,1,0,0,Moderate
2026-06-27,Madurai,9.93,78.12,34.31,53.3,4.61,Light Rain,1,0,0,Moderate
2026-06-27,Salem,11.66,78.15,37.16,77.05,2.85,Light Rain,1,0,0,Moderate
2026-06-27,Tirunelveli,8.71,77.76,36.11,55.08,3.99,Light Rain,1,0,0,Moderate
2026-06-27,Trichy,10.79,78.7,37.04,79.53,1.14,Clear,1,0,0,Moderate
2026-06-27,Vellore,12.92,79.13,33.21,66.34,1.95,Clear,1,0,0,Moderate
2026-06-28,Chennai,13.08,80.27,30.42,66.39,1.02,Clear,1,0,0,Moderate
2026-06-28,Coimbatore,11.02,76.96,28.45,66.25,0.95,Clear,1,0,0,Moderate
2026-06-28,Erode,11.34,77.72,32.59,66.19,0.78,Clear,1,0,0,Moderate
2026-06-28,Madurai,9.93,78.12,32.39,55.26,2.57,Light Rain,1,0,0,Moderate
2026-06-28,Salem,11.66,78.15,31.83,64.75,5.93,Light Rain,1,0,0,Moderate
2026-06-28,Tirunelveli,8.71,77.76,30.86,72.5,3.32,Light Rain,1,0,0,Moderate
2026-06-28,Trichy,10.79,78.7,29.99,85.55,4.06,Light Rain,1,0,1,Moderate
2026-06-28,Vellore,12.92,79.13,31.76,54.96,1.88,Clear,1,0,0,Moderate
2026-06-29,Chennai,13.08,80.27,34.12,57.3,2.4,Light Rain,1,0,0,Moderate
2026-06-29,Coimbatore,11.02,76.96,27.76,66.14,5.63,Light Rain,1,0,0,Moderate
2026-06-29,Erode,11.34,77.72,28.91,72.92,2.66,Light Rain,1,0,0,Moderate
2026-06-29,Madurai,9.93,78.12,33.34,57.16,5.17,Light Rain,1,0,0,Moderate
2026-06-29,Salem,11.66,78.15,33.01,59.42,0.23,Clear,1,0,0,Moderate
2026-06-29,Tirunelveli,8.71,77.76,29.14,67.73,12.67,Rain,1,0,0,Moderate
2026-06-29,Trichy,10.79,78.7,32.65,59.31,7.12,Light Rain,1,0,0,Moderate
2026-06-29,Vellore,12.92,79.13,31.84,80.09,4.44,Light Rain,1,0,1,Moderate
2026-06-30,Chennai,13.08,80.27,35.4,33.24,1.03,Clear,1,0,0,Moderate
2026-06-30,Coimbatore,11.02,76.96,35.21,45.88,3.45,Light Rain,1,0,0,Moderate
2026-06-30,Erode,11.34,77.72,31.5,48.82,5.92,Light Rain,1,0,0,Moderate
2026-06-30,Madurai,9.93,78.12,36.34,57.37,0.36,Clear,1,0,0,Moderate
2026-06-30,Salem,11.66,78.15,30.77,90.29,0.87,Cloudy,1,0,1,Moderate
2026-06-30,Tirunelveli,8.71,77.76,36.75,41.38,1.27,Clear,1,0,0,Moderate
2026-06-30,Trichy,10.79,78.7,33.49,75.06,2.58,Light Rain,1,0,0,Moderate
2026-06-30,Vellore,12.92,79.13,33.27,46.06,6.54,Light Rain,1,0,0,Moderate
2026-07-01,Chennai,13.08,80.27,32.59,63.56,15.94,Rain,1,0,0,Moderate
2026-07-01,Coimbatore,11.02,76.96,32.33,68.34,13.1,Rain,1,0,0,Moderate
2026-07-01,Erode,11.34,77.72,29.41,52.24,1.15,Clear,1,0,0,Moderate
2026-07-01,Madurai,9.93,78.12,30.3,73.93,10.89,Rain,1,0,0,Moderate
2026-07-01,Salem,11.66,78.15,32.05,45.68,6.64,Light Rain,1,0,0,Moderate
2026-07-01,Tirunelveli,8.71,77.76,28.61,77.88,19.73,Rain,1,0,0,Moderate
2026-07-01,Trichy,10.79,78.7,28.56,75.02,9.85,Rain,1,0,0,Moderate
2026-07-01,Vellore,12.92,79.13,30.38,83.16,12.0,Rain,1,0,1,Moderate
2026-07-02,Chennai,13.08,80.27,28.48,76.99,23.07,Rain,1,1,0,High
2026-07-02,Coimbatore,11.02,76.96,29.63,66.63,2.6,Light Rain,1,0,0,Moderate
2026-07-02,Erode,11.34,77.72,31.51,64.16,3.31,Light Rain,1,0,0,Moderate
2026-07-02,Madurai,9.93,78.12,30.46,80.56,2.62,Light Rain,1,0,1,Moderate
2026-07-02,Salem,11.66,78.15,26.53,73.99,6.81,Light Rain,1,0,0,Moderate
2026-07-02,Tirunelveli,8.71,77.76,28.25,73.37,7.85,Light Rain,1,0,0,Moderate
2026-07-02,Trichy,10.79,78.7,27.73,68.89,4.15,Light Rain,1,0,0,Moderate
2026-07-02,Vellore,12.92,79.13,28.39,71.44,7.5,Light Rain,1,0,0,Moderate
2026-07-03,Chennai,13.08,80.27,27.98,74.37,4.6,Light Rain,1,0,0,Moderate
2026-07-03,Coimbatore,11.02,76.96,28.02,68.36,22.16,Rain,1,1,0,High
2026-07-03,Erode,11.34,77.72,28.04,70.67,9.8,Rain,1,0,0,Moderate
2026-07-03,Madurai,9.93,78.12,27.24,57.61,22.8,Rain,1,1,0,High
2026-07-03,Salem,11.66,78.15,30.73,77.43,10.56,Rain,1,0,0,Moderate
2026-07-03,Tirunelveli,8.71,77.76,36.0,93.72,13.06,Rain,1,0,1,Moderate
2026-07-03,Trichy,10.79,78.7,35.12,76.76,4.69,Light Rain,1,0,0,Moderate
2026-07-03,Vellore,12.92,79.13,30.24,79.47,33.66,Heavy Rain,1,1,0,High
2026-07-04,Chennai,13.08,80.27,30.77,69.1,8.86,Rain,1,0,0,Moderate
2026-07-04,Coimbatore,11.02,76.96,28.2,78.05,19.79,Rain,1,0,0,Moderate
2026-07-04,Erode,11.34,77.72,30.43,67.61,18.5,Rain,1,0,0,Moderate
2026-07-04,Madurai,9.93,78.12,34.88,56.88,9.05,Rain,1,0,0,Moderate
2026-07-04,Salem,11.66,78.15,33.7,74.23,7.41,Light Rain,1,0,0,Moderate
2026-07-04,Tirunelveli,8.71,77.76,33.94,78.66,7.99,Light Rain,1,0,0,Moderate
2026-07-04,Trichy,10.79,78.7,34.45,61.11,13.31,Rain,1,0,0,Moderate
2026-07-04,Vellore,12.92,79.13,32.98,46.38,15.95,Rain,1,0,0,Moderate
2026-07-05,Chennai,13.08,80.27,31.08,71.18,7.87,Light Rain,1,0,0,Moderate
2026-07-05,Coimbatore,11.02,76.96,29.6,89.36,11.55,Rain,1,0,1,Moderate
2026-07-05,Erode,11.34,77.72,27.06,79.4,21.82,Rain,1,1,0,High
2026-07-05,Madurai,9.93,78.12,31.36,65.64,6.72,Light Rain,1,0,0,Moderate
2026-07-05,Salem,11.66,78.15,33.49,74.42,3.43,Light Rain,1,0,0,Moderate
2026-07-05,Tirunelveli,8.71,77.76,26.01,91.17,10.42,Rain,1,0,1,Moderate
2026-07-05,Trichy,10.79,78.7,34.67,91.94,6.95,Light Rain,1,0,1,Moderate
2026-07-05,Vellore,12.92,79.13,28.21,62.76,7.89,Light Rain,1,0,0,Moderate
2026-07-06,Chennai,13.08,80.27,28.91,89.26,2.32,Light Rain,1,0,1,Moderate
2026-07-06,Coimbatore,11.02,76.96,32.14,56.26,6.39,Light Rain,1,0,0,Moderate
2026-07-06,Erode,11.34,77.72,29.27,79.14,3.27,Light Rain,1,0,0,Moderate
2026-07-06,Madurai,9.93,78.12,29.3,79.33,10.0,Rain,1,0,0,Moderate
2026-07-06,Salem,11.66,78.15,31.11,77.89,4.31,Light Rain,1,0,0,Moderate
2026-07-06,Tirunelveli,8.71,77.76,31.72,72.09,5.68,Light Rain,1,0,0,Moderate
2026-07-06,Trichy,10.79,78.7,30.4,65.21,14.72,Rain,1,0,0,Moderate
2026-07-06,Vellore,12.92,79.13,30.26,73.16,8.13,Rain,1,0,0,Moderate
2026-07-07,Chennai,13.08,80.27,30.98,78.1,3.85,Light Rain,1,0,0,Moderate
2026-07-07,Coimbatore,11.02,76.96,29.09,56.1,11.69,Rain,1,0,0,Moderate
2026-07-07,Erode,11.34,77.72,30.16,80.23,2.65,Light Rain,1,0,1,Moderate
2026-07-07,Madurai,9.93,78.12,29.77,82.11,25.91,Heavy Rain,1,1,1,High
2026-07-07,Salem,11.66,78.15,31.25,50.55,9.75,Rain,1,0,0,Moderate
2026-07-07,Tirunelveli,8.71,77.76,32.71,72.02,10.6,Rain,1,0,0,Moderate
2026-07-07,Trichy,10.79,78.7,33.48,82.3,8.24,Rain,1,0,1,Moderate
2026-07-07,Vellore,12.92,79.13,28.28,81.63,9.66,Rain,1,0,1,Moderate
2026-07-08,Chennai,13.08,80.27,32.48,75.67,5.2,Light Rain,1,0,0,Moderate
2026-07-08,Coimbatore,11.02,76.96,30.09,78.31,10.26,Rain,1,0,0,Moderate
2026-07-08,Erode,11.34,77.72,33.12,61.35,17.22,Rain,1,0,0,Moderate
2026-07-08,Madurai,9.93,78.12,31.72,79.13,11.07,Rain,1,0,0,Moderate
2026-07-08,Salem,11.66,78.15,28.94,55.11,1.57,Clear,1,0,0,Moderate
2026-07-08,Tirunelveli,8.71,77.76,28.11,85.17,5.14,Light Rain,1,0,1,Moderate
2026-07-08,Trichy,10.79,78.7,28.99,62.37,1.9,Clear,1,0,0,Moderate
2026-07-08,Vellore,12.92,79.13,25.61,65.5,1.47,Clear,1,0,0,Moderate
2026-07-09,Chennai,13.08,80.27,29.7,81.45,9.74,Rain,1,0,1,Moderate
2026-07-09,Coimbatore,11.02,76.96,29.2,88.16,13.47,Rain,1,0,1,Moderate
2026-07-09,Erode,11.34,77.72,28.21,53.36,12.22,Rain,1,0,0,Moderate
2026-07-09,Madurai,9.93,78.12,30.3,61.98,7.11,Light Rain,1,0,0,Moderate
2026-07-09,Salem,11.66,78.15,27.68,89.96,19.93,Rain,1,0,1,Moderate
2026-07-09,Tirunelveli,8.71,77.76,26.05,73.22,14.79,Rain,1,0,0,Moderate
2026-07-09,Trichy,10.79,78.7,31.89,45.23,8.91,Rain,1,0,0,Moderate
2026-07-09,Vellore,12.92,79.13,28.57,79.6,21.78,Rain,1,1,0,High
2026-07-10,Chennai,13.08,80.27,27.4,64.6,18.33,Rain,1,0,0,Moderate
2026-07-10,Coimbatore,11.02,76.96,31.32,71.06,20.5,Rain,1,1,0,High
2026-07-10,Erode,11.34,77.72,30.67,62.46,1.09,Clear,1,0,0,Moderate
2026-07-10,Madurai,9.93,78.12,30.67,75.89,13.9,Rain,1,0,0,Moderate
2026-07-10,Salem,11.66,78.15,32.2,78.01,9.25,Rain,1,0,0,Moderate
2026-07-10,Tirunelveli,8.71,77.76,31.57,72.9,6.1,Light Rain,1,0,0,Moderate
2026-07-10,Trichy,10.79,78.7,27.48,67.05,17.6,Rain,1,0,0,Moderate
2026-07-10,Vellore,12.92,79.13,26.9,59.64,22.9,Rain,1,1,0,High
2026-07-11,Chennai,13.08,80.27,33.82,73.86,12.47,Rain,1,0,0,Moderate
2026-07-11,Coimbatore,11.02,76.96,25.13,78.65,7.26,Light Rain,1,0,0,Moderate
2026-07-11,Erode,11.34,77.72,33.81,60.69,4.59,Light Rain,1,0,0,Moderate
2026-07-11,Madurai,9.93,78.12,29.54,68.52,7.92,Light Rain,1,0,0,Moderate
2026-07-11,Salem,11.66,78.15,28.04,77.45,9.65,Rain,1,0,0,Moderate
2026-07-11,Tirunelveli,8.71,77.76,28.34,68.08,4.9,Light Rain,1,0,0,Moderate
2026-07-11,Trichy,10.79,78.7,30.58,77.24,27.67,Heavy Rain,1,1,0,High
2026-07-11,Vellore,12.92,79.13,30.93,73.58,12.43,Rain,1,0,0,Moderate
2026-07-12,Chennai,13.08,80.27,26.74,66.43,25.23,Heavy Rain,1,1,0,High
2026-07-12,Coimbatore,11.02,76.96,30.38,65.62,1.2,Clear,1,0,0,Moderate
2026-07-12,Erode,11.34,77.72,31.56,80.67,5.55,Light Rain,1,0,1,Moderate
2026-07-12,Madurai,9.93,78.12,30.7,87.04,14.19,Rain,1,0,1,Moderate
2026-07-12,Salem,11.66,78.15,28.73,65.39,4.74,Light Rain,1,0,0,Moderate
2026-07-12,Tirunelveli,8.71,77.76,30.84,72.78,9.57,Rain,1,0,0,Moderate
2026-07-12,Trichy,10.79,78.7,27.57,68.0,12.35,Rain,1,0,0,Moderate
2026-07-12,Vellore,12.92,79.13,30.58,77.5,6.97,Light Rain,1,0,0,Moderate
2026-07-13,Chennai,13.08,80.27,31.23,65.08,19.61,Rain,1,0,0,Moderate
2026-07-13,Coimbatore,11.02,76.96,28.81,62.11,5.39,Light Rain,1,0,0,Moderate
2026-07-13,Erode,11.34,77.72,31.19,78.51,10.21,Rain,1,0,0,Moderate
2026-07-13,Madurai,9.93,78.12,32.58,73.87,7.27,Light Rain,1,0,0,Moderate
2026-07-13,Salem,11.66,78.15,29.99,79.81,16.8,Rain,1,0,0,Moderate
2026-07-13,Tirunelveli,8.71,77.76,28.38,78.26,20.35,Rain,1,1,0,High
2026-07-13,Trichy,10.79,78.7,33.61,63.3,6.07,Light Rain,1,0,0,Moderate
2026-07-13,Vellore,12.92,79.13,31.46,65.24,7.69,Light Rain,1,0,0,Moderate
2026-07-14,Chennai,13.08,80.27,30.34,64.09,10.56,Rain,1,0,0,Moderate
2026-07-14,Coimbatore,11.02,76.96,32.17,82.97,11.37,Rain,1,0,1,Moderate
2026-07-14,Erode,11.34,77.72,28.61,72.48,15.88,Rain,1,0,0,Moderate
2026-07-14,Madurai,9.93,78.12,30.13,91.04,3.59,Light Rain,1,0,1,Moderate
2026-07-14,Salem,11.66,78.15,30.35,81.56,3.26,Light Rain,1,0,1,Moderate
2026-07-14,Tirunelveli,8.71,77.76,32.13,93.72,26.43,Heavy Rain,1,1,1,High
2026-07-14,Trichy,10.79,78.7,30.68,68.76,15.38,Rain,1,0,0,Moderate
2026-07-14,Vellore,12.92,79.13,36.06,84.24,18.24,Rain,1,0,1,Moderate
2026-07-15,Chennai,13.08,80.27,30.39,74.84,7.01,Light Rain,1,0,0,Moderate
2026-07-15,Coimbatore,11.02,76.96,28.12,61.15,10.56,Rain,1,0,0,Moderate
2026-07-15,Erode,11.34,77.72,28.49,66.14,6.55,Light Rain,1,0,0,Moderate
2026-07-15,Madurai,9.93,78.12,29.64,59.08,3.28,Light Rain,1,0,0,Moderate
2026-07-15,Salem,11.66,78.15,33.68,75.61,13.0,Rain,1,0,0,Moderate
2026-07-15,Tirunelveli,8.71,77.76,25.02,67.4,24.74,Rain,1,1,0,High
2026-07-15,Trichy,10.79,78.7,30.09,75.35,2.22,Light Rain,1,0,0,Moderate
2026-07-15,Vellore,12.92,79.13,27.44,74.01,0.63,Clear,1,0,0,Moderate
2026-07-16,Chennai,13.08,80.27,30.22,81.76,4.99,Light Rain,1,0,1,Moderate
2026-07-16,Coimbatore,11.02,76.96,29.44,81.72,20.83,Rain,1,1,1,High
2026-07-16,Erode,11.34,77.72,31.78,60.44,14.82,Rain,1,0,0,Moderate
2026-07-16,Madurai,9.93,78.12,29.68,64.98,12.78,Rain,1,0,0,Moderate
2026-07-16,Salem,11.66,78.15,28.65,78.08,5.6,Light Rain,1,0,0,Moderate
2026-07-16,Tirunelveli,8.71,77.76,30.3,76.0,28.92,Heavy Rain,1,1,0,High
2026-07-16,Trichy,10.79,78.7,30.4,73.57,11.99,Rain,1,0,0,Moderate
2026-07-16,Vellore,12.92,79.13,31.85,82.72,4.91,Light Rain,1,0,1,Moderate
2026-07-17,Chennai,13.08,80.27,28.98,65.85,5.05,Light Rain,1,0,0,Moderate
2026-07-17,Coimbatore,11.02,76.96,25.75,68.93,11.96,Rain,1,0,0,Moderate
2026-07-17,Erode,11.34,77.72,29.04,86.46,21.26,Rain,1,1,1,High
2026-07-17,Madurai,9.93,78.12,27.48,61.23,6.3,Light Rain,1,0,0,Moderate
2026-07-17,Salem,11.66,78.15,31.43,64.7,8.32,Rain,1,0,0,Moderate
2026-07-17,Tirunelveli,8.71,77.76,27.63,60.91,11.12,Rain,1,0,0,Moderate
2026-07-17,Trichy,10.79,78.7,29.96,91.98,1.67,Cloudy,1,0,1,Moderate
2026-07-17,Vellore,12.92,79.13,29.56,70.33,14.76,Rain,1,0,0,Moderate
2026-07-18,Chennai,13.08,80.27,29.91,76.32,4.85,Light Rain,1,0,0,Moderate
2026-07-18,Coimbatore,11.02,76.96,29.85,66.89,27.38,Heavy Rain,1,1,0,High
2026-07-18,Erode,11.34,77.72,29.81,77.11,1.74,Clear,1,0,0,Moderate
2026-07-18,Madurai,9.93,78.12,31.84,83.47,13.01,Rain,1,0,1,Moderate
2026-07-18,Salem,11.66,78.15,32.83,82.54,3.88,Light Rain,1,0,1,Moderate
2026-07-18,Tirunelveli,8.71,77.76,26.29,71.63,8.67,Rain,1,0,0,Moderate
2026-07-18,Trichy,10.79,78.7,29.3,66.84,10.59,Rain,1,0,0,Moderate
2026-07-18,Vellore,12.92,79.13,28.79,73.67,17.28,Rain,1,0,0,Moderate
2026-07-19,Chennai,13.08,80.27,29.03,72.01,5.35,Light Rain,1,0,0,Moderate
2026-07-19,Coimbatore,11.02,76.96,31.95,78.37,2.16,Light Rain,1,0,0,Moderate
2026-07-19,Erode,11.34,77.72,32.35,78.3,8.39,Rain,1,0,0,Moderate
2026-07-19,Madurai,9.93,78.12,32.12,71.85,7.74,Light Rain,1,0,0,Moderate
2026-07-19,Salem,11.66,78.15,32.8,69.78,3.86,Light Rain,1,0,0,Moderate
2026-07-19,Tirunelveli,8.71,77.76,30.82,76.24,4.81,Light Rain,1,0,0,Moderate
2026-07-19,Trichy,10.79,78.7,25.66,66.22,8.49,Rain,1,0,0,Moderate
2026-07-19,Vellore,12.92,79.13,31.97,66.6,10.82,Rain,1,0,0,Moderate
2026-07-20,Chennai,13.08,80.27,28.48,77.02,13.37,Rain,1,0,0,Moderate
2026-07-20,Coimbatore,11.02,76.96,32.48,63.56,17.13,Rain,1,0,0,Moderate
2026-07-20,Erode,11.34,77.72,29.59,66.6,2.01,Light Rain,1,0,0,Moderate
2026-07-20,Madurai,9.93,78.12,32.36,71.65,4.76,Light Rain,1,0,0,Moderate
2026-07-20,Salem,11.66,78.15,31.38,85.07,16.8,Rain,1,0,1,Moderate
2026-07-20,Tirunelveli,8.71,77.76,28.4,79.1,6.61,Light Rain,1,0,0,Moderate
2026-07-20,Trichy,10.79,78.7,31.01,72.2,12.69,Rain,1,0,0,Moderate
2026-07-20,Vellore,12.92,79.13,30.85,84.41,5.34,Light Rain,1,0,1,Moderate
2026-07-21,Chennai,13.08,80.27,31.1,76.02,17.08,Rain,1,0,0,Moderate
2026-07-21,Coimbatore,11.02,76.96,30.23,72.67,6.36,Light Rain,1,0,0,Moderate
2026-07-21,Erode,11.34,77.72,26.53,61.05,14.0,Rain,1,0,0,Moderate
2026-07-21,Madurai,9.93,78.12,28.81,81.64,5.53,Light Rain,1,0,1,Moderate
2026-07-21,Salem,11.66,78.15,29.27,52.27,1.78,Clear,1,0,0,Moderate
2026-07-21,Tirunelveli,8.71,77.76,33.04,84.33,12.99,Rain,1,0,1,Moderate
2026-07-21,Trichy,10.79,78.7,30.32,66.63,15.05,Rain,1,0,0,Moderate
2026-07-21,Vellore,12.92,79.13,30.62,67.2,16.64,Rain,1,0,0,Moderate
2026-07-22,Chennai,13.08,80.27,30.7,63.97,5.28,Light Rain,1,0,0,Moderate
2026-07-22,Coimbatore,11.02,76.96,30.57,71.94,20.88,Rain,1,1,0,High
2026-07-22,Erode,11.34,77.72,30.49,72.11,21.18,Rain,1,1,0,High
2026-07-22,Madurai,9.93,78.12,27.35,72.26,7.18,Light Rain,1,0,0,Moderate
2026-07-22,Salem,11.66,78.15,31.28,74.21,17.45,Rain,1,0,0,Moderate
2026-07-22,Tirunelveli,8.71,77.76,30.04,69.72,1.93,Clear,1,0,0,Moderate
2026-07-22,Trichy,10.79,78.7,29.25,80.51,1.05,Cloudy,1,0,1,Moderate
2026-07-22,Vellore,12.92,79.13,28.09,59.24,1.79,Clear,1,0,0,Moderate
2026-07-23,Chennai,13.08,80.27,30.85,67.56,9.83,Rain,1,0,0,Moderate
2026-07-23,Coimbatore,11.02,76.96,30.9,81.3,22.4,Rain,1,1,1,High
2026-07-23,Erode,11.34,77.72,27.03,69.23,9.28,Rain,1,0,0,Moderate
2026-07-23,Madurai,9.93,78.12,30.22,82.55,8.86,Rain,1,0,1,Moderate
2026-07-23,Salem,11.66,78.15,33.72,86.95,11.87,Rain,1,0,1,Moderate
2026-07-23,Tirunelveli,8.71,77.76,30.38,69.2,17.14,Rain,1,0,0,Moderate
2026-07-23,Trichy,10.79,78.7,27.9,63.72,10.01,Rain,1,0,0,Moderate
2026-07-23,Vellore,12.92,79.13,32.13,61.95,3.07,Light Rain,1,0,0,Moderate
2026-07-24,Chennai,13.08,80.27,32.86,82.65,10.02,Rain,1,0,1,Moderate
2026-07-24,Coimbatore,11.02,76.96,29.13,58.4,8.61,Rain,1,0,0,Moderate
2026-07-24,Erode,11.34,77.72,33.05,74.95,12.54,Rain,1,0,0,Moderate
2026-07-24,Madurai,9.93,78.12,28.23,68.43,13.72,Rain,1,0,0,Moderate
2026-07-24,Salem,11.66,78.15,29.75,72.21,38.09,Heavy Rain,1,1,0,High
2026-07-24,Tirunelveli,8.71,77.76,30.58,76.14,23.31,Rain,1,1,0,High
2026-07-24,Trichy,10.79,78.7,32.69,55.82,8.73,Rain,1,0,0,Moderate
2026-07-24,Vellore,12.92,79.13,29.79,70.03,8.2,Rain,1,0,0,Moderate
2026-07-25,Chennai,13.08,80.27,35.51,77.06,18.63,Rain,1,0,0,Moderate
2026-07-25,Coimbatore,11.02,76.96,30.15,63.24,16.8,Rain,1,0,0,Moderate
2026-07-25,Erode,11.34,77.72,29.05,80.39,15.67,Rain,1,0,1,Moderate
2026-07-25,Madurai,9.93,78.12,28.01,51.51,7.93,Light Rain,1,0,0,Moderate
2026-07-25,Salem,11.66,78.15,29.2,59.4,3.07,Light Rain,1,0,0,Moderate
2026-07-25,Tirunelveli,8.71,77.76,29.08,70.62,25.82,Heavy Rain,1,1,0,High
2026-07-25,Trichy,10.79,78.7,31.96,75.34,3.9,Light Rain,1,0,0,Moderate
2026-07-25,Vellore,12.92,79.13,32.03,65.39,17.11,Rain,1,0,0,Moderate
2026-07-26,Chennai,13.08,80.27,30.57,73.11,9.43,Rain,1,0,0,Moderate
2026-07-26,Coimbatore,11.02,76.96,32.77,69.57,4.36,Light Rain,1,0,0,Moderate
2026-07-26,Erode,11.34,77.72,28.75,60.73,4.58,Light Rain,1,0,0,Moderate
2026-07-26,Madurai,9.93,78.12,30.83,75.1,6.62,Light Rain,1,0,0,Moderate
2026-07-26,Salem,11.66,78.15,33.58,80.32,7.09,Light Rain,1,0,1,Moderate
2026-07-26,Tirunelveli,8.71,77.76,29.9,73.75,7.56,Light Rain,1,0,0,Moderate
2026-07-26,Trichy,10.79,78.7,30.82,57.07,1.11,Clear,1,0,0,Moderate
2026-07-26,Vellore,12.92,79.13,29.36,63.21,4.08,Light Rain,1,0,0,Moderate
2026-07-27,Chennai,13.08,80.27,34.18,74.24,20.87,Rain,1,1,0,High
2026-07-27,Coimbatore,11.02,76.96,30.5,70.77,8.92,Rain,1,0,0,Moderate
2026-07-27,Erode,11.34,77.72,33.22,70.22,0.19,Clear,1,0,0,Moderate
2026-07-27,Madurai,9.93,78.12,33.4,60.72,8.09,Rain,1,0,0,Moderate
2026-07-27,Salem,11.66,78.15,32.94,71.21,11.98,Rain,1,0,0,Moderate
2026-07-27,Tirunelveli,8.71,77.76,26.3,72.63,11.24,Rain,1,0,0,Moderate
2026-07-27,Trichy,10.79,78.7,31.54,86.7,4.08,Light Rain,1,0,1,Moderate
2026-07-27,Vellore,12.92,79.13,26.06,62.09,8.98,Rain,1,0,0,Moderate
2026-07-28,Chennai,13.08,80.27,29.16,69.02,12.47,Rain,1,0,0,Moderate
2026-07-28,Coimbatore,11.02,76.96,28.29,61.96,17.6,Rain,1,0,0,Moderate
2026-07-28,Erode,11.34,77.72,28.87,78.3,29.13,Heavy Rain,1,1,0,High
2026-07-28,Madurai,9.93,78.12,37.65,76.03,13.26,Rain,1,0,0,Moderate
2026-07-28,Salem,11.66,78.15,30.15,64.64,3.54,Light Rain,1,0,0,Moderate
2026-07-28,Tirunelveli,8.71,77.76,29.41,77.41,8.24,Rain,1,0,0,Moderate
2026-07-28,Trichy,10.79,78.7,26.89,67.39,5.64,Light Rain,1,0,0,Moderate
2026-07-28,Vellore,12.92,79.13,35.07,66.57,6.13,Light Rain,1,0,0,Moderate
2026-07-29,Chennai,13.08,80.27,31.47,64.67,12.27,Rain,1,0,0,Moderate
2026-07-29,Coimbatore,11.02,76.96,32.35,84.86,20.95,Rain,1,1,1,High
2026-07-29,Erode,11.34,77.72,26.84,79.56,6.38,Light Rain,1,0,0,Moderate
2026-07-29,Madurai,9.93,78.12,28.11,58.06,1.35,Clear,1,0,0,Moderate
2026-07-29,Salem,11.66,78.15,29.71,79.49,10.28,Rain,1,0,0,Moderate
2026-07-29,Tirunelveli,8.71,77.76,34.8,89.61,9.26,Rain,1,0,1,Moderate
2026-07-29,Trichy,10.79,78.7,30.23,84.0,10.12,Rain,1,0,1,Moderate
2026-07-29,Vellore,12.92,79.13,28.38,50.39,23.48,Rain,1,1,0,High
2026-07-30,Chennai,13.08,80.27,29.93,94.75,8.28,Rain,1,0,1,Moderate
2026-07-30,Coimbatore,11.02,76.96,28.48,79.27,4.54,Light Rain,1,0,0,Moderate
2026-07-30,Erode,11.34,77.72,29.61,81.3,3.35,Light Rain,1,0,1,Moderate
2026-07-30,Madurai,9.93,78.12,31.64,57.61,2.45,Light Rain,1,0,0,Moderate
2026-07-30,Salem,11.66,78.15,30.38,81.57,11.38,Rain,1,0,1,Moderate
2026-07-30,Tirunelveli,8.71,77.76,28.67,62.84,1.0,Clear,1,0,0,Moderate
2026-07-30,Trichy,10.79,78.7,35.1,87.83,15.39,Rain,1,0,1,Moderate
2026-07-30,Vellore,12.92,79.13,30.6,64.94,13.14,Rain,1,0,0,Moderate
2026-07-31,Chennai,13.08,80.27,34.54,63.6,0.75,Clear,1,0,0,Moderate
2026-07-31,Coimbatore,11.02,76.96,30.5,87.34,4.26,Light Rain,1,0,1,Moderate
2026-07-31,Erode,11.34,77.72,32.84,73.26,1.58,Clear,1,0,0,Moderate
2026-07-31,Madurai,9.93,78.12,30.41,66.39,0.23,Clear,1,0,0,Moderate
2026-07-31,Salem,11.66,78.15,31.36,73.43,22.19,Rain,1,1,0,High
2026-07-31,Tirunelveli,8.71,77.76,33.23,67.89,2.91,Light Rain,1,0,0,Moderate
2026-07-31,Trichy,10.79,78.7,30.49,75.42,7.85,Light Rain,1,0,0,Moderate
2026-07-31,Vellore,12.92,79.13,26.75,78.63,4.82,Light Rain,1,0,0,Moderate
2026-08-01,Chennai,13.08,80.27,36.75,69.65,10.23,Rain,1,0,0,Moderate
2026-08-01,Coimbatore,11.02,76.96,30.64,76.26,9.29,Rain,1,0,0,Moderate
2026-08-01,Erode,11.34,77.72,28.68,56.15,5.19,Light Rain,1,0,0,Moderate
2026-08-01,Madurai,9.93,78.12,30.5,67.64,11.2,Rain,1,0,0,Moderate
2026-08-01,Salem,11.66,78.15,27.5,65.16,9.45,Rain,1,0,0,Moderate
2026-08-01,Tirunelveli,8.71,77.76,28.45,68.36,11.94,Rain,1,0,0,Moderate
2026-08-01,Trichy,10.79,78.7,32.41,62.9,5.65,Light Rain,1,0,0,Moderate
2026-08-01,Vellore,12.92,79.13,34.12,88.62,7.74,Light Rain,1,0,1,Moderate
2026-08-02,Chennai,13.08,80.27,30.53,55.34,7.25,Light Rain,1,0,0,Moderate
2026-08-02,Coimbatore,11.02,76.96,31.93,71.44,14.27,Rain,1,0,0,Moderate
2026-08-02,Erode,11.34,77.72,31.76,87.27,18.99,Rain,1,0,1,Moderate
2026-08-02,Madurai,9.93,78.12,29.93,69.38,21.36,Rain,1,1,0,High
2026-08-02,Salem,11.66,78.15,28.74,72.81,7.44,Light Rain,1,0,0,Moderate
2026-08-02,Tirunelveli,8.71,77.76,29.15,65.1,5.8,Light Rain,1,0,0,Moderate
2026-08-02,Trichy,10.79,78.7,28.61,62.08,4.25,Light Rain,1,0,0,Moderate
2026-08-02,Vellore,12.92,79.13,30.8,62.6,13.51,Rain,1,0,0,Moderate
2026-08-03,Chennai,13.08,80.27,31.53,64.83,5.11,Light Rain,1,0,0,Moderate
2026-08-03,Coimbatore,11.02,76.96,33.5,86.56,18.56,Rain,1,0,1,Moderate
2026-08-03,Erode,11.34,77.72,29.29,78.01,2.42,Light Rain,1,0,0,Moderate
2026-08-03,Madurai,9.93,78.12,28.48,63.59,6.65,Light Rain,1,0,0,Moderate
2026-08-03,Salem,11.66,78.15,30.74,77.1,3.41,Light Rain,1,0,0,Moderate
2026-08-03,Tirunelveli,8.71,77.76,29.59,57.4,2.98,Light Rain,1,0,0,Moderate
2026-08-03,Trichy,10.79,78.7,27.83,61.14,7.15,Light Rain,1,0,0,Moderate
2026-08-03,Vellore,12.92,79.13,30.05,67.56,17.22,Rain,1,0,0,Moderate
2026-08-04,Chennai,13.08,80.27,28.62,57.79,3.12,Light Rain,1,0,0,Moderate
2026-08-04,Coimbatore,11.02,76.96,34.31,80.58,3.74,Light Rain,1,0,1,Moderate
2026-08-04,Erode,11.34,77.72,25.41,76.58,3.06,Light Rain,1,0,0,Moderate
2026-08-04,Madurai,9.93,78.12,30.96,66.44,15.59,Rain,1,0,0,Moderate
2026-08-04,Salem,11.66,78.15,29.23,66.18,14.14,Rain,1,0,0,Moderate
2026-08-04,Tirunelveli,8.71,77.76,28.81,63.69,8.94,Rain,1,0,0,Moderate
2026-08-04,Trichy,10.79,78.7,29.4,69.48,14.76,Rain,1,0,0,Moderate
2026-08-04,Vellore,12.92,79.13,29.25,87.12,11.51,Rain,1,0,1,Moderate
2026-08-05,Chennai,13.08,80.27,27.53,66.41,8.21,Rain,1,0,0,Moderate
2026-08-05,Coimbatore,11.02,76.96,26.34,62.92,26.83,Heavy Rain,1,1,0,High
2026-08-05,Erode,11.34,77.72,25.92,77.96,8.19,Rain,1,0,0,Moderate
2026-08-05,Madurai,9.93,78.12,33.11,77.22,14.74,Rain,1,0,0,Moderate
2026-08-05,Salem,11.66,78.15,30.24,80.67,10.4,Rain,1,0,1,Moderate
2026-08-05,Tirunelveli,8.71,77.76,32.54,79.01,2.62,Light Rain,1,0,0,Moderate
2026-08-05,Trichy,10.79,78.7,28.82,75.93,1.86,Clear,1,0,0,Moderate
2026-08-05,Vellore,12.92,79.13,25.12,70.15,5.99,Light Rain,1,0,0,Moderate
2026-08-06,Chennai,13.08,80.27,28.05,77.93,6.42,Light Rain,1,0,0,Moderate
2026-08-06,Coimbatore,11.02,76.96,31.94,72.58,8.07,Rain,1,0,0,Moderate
2026-08-06,Erode,11.34,77.72,32.88,60.13,2.8,Light Rain,1,0,0,Moderate
2026-08-06,Madurai,9.93,78.12,32.3,75.72,9.49,Rain,1,0,0,Moderate
2026-08-06,Salem,11.66,78.15,30.04,72.51,8.7,Rain,1,0,0,Moderate
2026-08-06,Tirunelveli,8.71,77.76,30.59,73.81,13.21,Rain,1,0,0,Moderate
2026-08-06,Trichy,10.79,78.7,33.56,71.53,5.07,Light Rain,1,0,0,Moderate
2026-08-06,Vellore,12.92,79.13,31.63,59.77,11.04,Rain,1,0,0,Moderate
2026-08-07,Chennai,13.08,80.27,31.35,70.47,3.54,Light Rain,1,0,0,Moderate
2026-08-07,Coimbatore,11.02,76.96,30.05,62.43,30.56,Heavy Rain,1,1,0,High
2026-08-07,Erode,11.34,77.72,28.28,59.86,5.74,Light Rain,1,0,0,Moderate
2026-08-07,Madurai,9.93,78.12,27.74,80.88,21.67,Rain,1,1,1,High
2026-08-07,Salem,11.66,78.15,29.11,72.92,3.94,Light Rain,1,0,0,Moderate
2026-08-07,Tirunelveli,8.71,77.76,30.87,71.19,28.26,Heavy Rain,1,1,0,High
2026-08-07,Trichy,10.79,78.7,32.98,60.04,10.99,Rain,1,0,0,Moderate
2026-08-07,Vellore,12.92,79.13,30.21,84.26,15.31,Rain,1,0,1,Moderate
2026-08-08,Chennai,13.08,80.27,30.76,73.83,1.44,Clear,1,0,0,Moderate
2026-08-08,Coimbatore,11.02,76.96,32.26,87.11,2.94,Light Rain,1,0,1,Moderate
2026-08-08,Erode,11.34,77.72,29.56,68.69,16.64,Rain,1,0,0,Moderate
2026-08-08,Madurai,9.93,78.12,28.0,74.85,7.57,Light Rain,1,0,0,Moderate
2026-08-08,Salem,11.66,78.15,27.27,71.69,7.67,Light Rain,1,0,0,Moderate
2026-08-08,Tirunelveli,8.71,77.76,30.51,68.39,9.71,Rain,1,0,0,Moderate
2026-08-08,Trichy,10.79,78.7,29.91,77.84,19.92,Rain,1,0,0,Moderate
2026-08-08,Vellore,12.92,79.13,29.55,56.28,4.07,Light Rain,1,0,0,Moderate
2026-08-09,Chennai,13.08,80.27,26.54,65.84,17.69,Rain,1,0,0,Moderate
2026-08-09,Coimbatore,11.02,76.96,31.51,71.18,25.38,Heavy Rain,1,1,0,High
2026-08-09,Erode,11.34,77.72,30.21,64.38,14.51,Rain,1,0,0,Moderate
2026-08-09,Madurai,9.93,78.12,32.48,68.85,3.76,Light Rain,1,0,0,Moderate
2026-08-09,Salem,11.66,78.15,28.16,73.8,21.71,Rain,1,1,0,High
2026-08-09,Tirunelveli,8.71,77.76,31.86,65.7,20.18,Rain,1,1,0,High
2026-08-09,Trichy,10.79,78.7,29.72,71.82,36.74,Heavy Rain,1,1,0,High
2026-08-09,Vellore,12.92,79.13,29.93,73.86,6.59,Light Rain,1,0,0,Moderate
2026-08-10,Chennai,13.08,80.27,31.73,65.74,25.69,Heavy Rain,1,1,0,High
2026-08-10,Coimbatore,11.02,76.96,31.48,69.77,12.56,Rain,1,0,0,Moderate
2026-08-10,Erode,11.34,77.72,26.64,73.34,2.53,Light Rain,1,0,0,Moderate
2026-08-10,Madurai,9.93,78.12,30.23,80.91,4.8,Light Rain,1,0,1,Moderate
2026-08-10,Salem,11.66,78.15,35.87,68.97,4.04,Light Rain,1,0,0,Moderate
2026-08-10,Tirunelveli,8.71,77.76,29.82,73.65,34.04,Heavy Rain,1,1,0,High
2026-08-10,Trichy,10.79,78.7,25.05,66.29,13.14,Rain,1,0,0,Moderate
2026-08-10,Vellore,12.92,79.13,30.35,63.25,4.22,Light Rain,1,0,0,Moderate
2026-08-11,Chennai,13.08,80.27,33.32,73.18,8.27,Rain,1,0,0,Moderate
2026-08-11,Coimbatore,11.02,76.96,28.21,76.44,5.05,Light Rain,1,0,0,Moderate
2026-08-11,Erode,11.34,77.72,29.15,62.07,14.82,Rain,1,0,0,Moderate
2026-08-11,Madurai,9.93,78.12,32.48,54.13,14.64,Rain,1,0,0,Moderate
2026-08-11,Salem,11.66,78.15,26.16,66.44,5.22,Light Rain,1,0,0,Moderate
2026-08-11,Tirunelveli,8.71,77.76,31.59,55.81,2.95,Light Rain,1,0,0,Moderate
2026-08-11,Trichy,10.79,78.7,31.74,73.93,17.62,Rain,1,0,0,Moderate
2026-08-11,Vellore,12.92,79.13,32.66,67.19,7.62,Light Rain,1,0,0,Moderate
2026-08-12,Chennai,13.08,80.27,31.37,68.14,3.87,Light Rain,1,0,0,Moderate
2026-08-12,Coimbatore,11.02,76.96,27.43,72.5,9.33,Rain,1,0,0,Moderate
2026-08-12,Erode,11.34,77.72,30.62,79.34,3.39,Light Rain,1,0,0,Moderate
2026-08-12,Madurai,9.93,78.12,31.31,79.11,2.87,Light Rain,1,0,0,Moderate
2026-08-12,Salem,11.66,78.15,30.37,77.43,21.66,Rain,1,1,0,High
2026-08-12,Tirunelveli,8.71,77.76,26.65,70.25,20.66,Rain,1,1,0,High
2026-08-12,Trichy,10.79,78.7,28.92,72.83,9.64,Rain,1,0,0,Moderate
2026-08-12,Vellore,12.92,79.13,27.02,67.58,9.0,Rain,1,0,0,Moderate
2026-08-13,Chennai,13.08,80.27,34.09,77.68,6.11,Light Rain,1,0,0,Moderate
2026-08-13,Coimbatore,11.02,76.96,32.69,54.61,10.39,Rain,1,0,0,Moderate
2026-08-13,Erode,11.34,77.72,28.91,98.2,9.0,Rain,1,0,1,Moderate
2026-08-13,Madurai,9.93,78.12,29.92,72.57,19.01,Rain,1,0,0,Moderate
2026-08-13,Salem,11.66,78.15,28.6,77.55,2.19,Light Rain,1,0,0,Moderate
2026-08-13,Tirunelveli,8.71,77.76,28.06,81.0,6.49,Light Rain,1,0,1,Moderate
2026-08-13,Trichy,10.79,78.7,29.74,88.28,5.93,Light Rain,1,0,1,Moderate
2026-08-13,Vellore,12.92,79.13,30.36,71.55,3.97,Light Rain,1,0,0,Moderate
2026-08-14,Chennai,13.08,80.27,33.02,62.2,2.9,Light Rain,1,0,0,Moderate
2026-08-14,Coimbatore,11.02,76.96,31.13,79.48,21.73,Rain,1,1,0,High
2026-08-14,Erode,11.34,77.72,30.54,80.55,21.72,Rain,1,1,1,High
2026-08-14,Madurai,9.93,78.12,31.42,75.8,10.49,Rain,1,0,0,Moderate
2026-08-14,Salem,11.66,78.15,27.67,52.59,7.13,Light Rain,1,0,0,Moderate
2026-08-14,Tirunelveli,8.71,77.76,33.15,72.34,1.66,Clear,1,0,0,Moderate
2026-08-14,Trichy,10.79,78.7,27.7,85.45,10.9,Rain,1,0,1,Moderate
2026-08-14,Vellore,12.92,79.13,31.22,77.01,20.29,Rain,1,1,0,High
2026-08-15,Chennai,13.08,80.27,32.71,86.04,7.89,Light Rain,1,0,1,Moderate
2026-08-15,Coimbatore,11.02,76.96,33.8,75.51,2.16,Light Rain,1,0,0,Moderate
2026-08-15,Erode,11.34,77.72,31.51,67.96,32.12,Heavy Rain,1,1,0,High
2026-08-15,Madurai,9.93,78.12,27.81,75.98,7.3,Light Rain,1,0,0,Moderate
2026-08-15,Salem,11.66,78.15,25.44,68.68,19.02,Rain,1,0,0,Moderate
2026-08-15,Tirunelveli,8.71,77.76,29.23,77.64,13.67,Rain,1,0,0,Moderate
2026-08-15,Trichy,10.79,78.7,30.03,63.69,10.72,Rain,1,0,0,Moderate
2026-08-15,Vellore,12.92,79.13,27.79,78.52,17.06,Rain,1,0,0,Moderate
2026-08-16,Chennai,13.08,80.27,31.5,74.57,9.0,Rain,1,0,0,Moderate
2026-08-16,Coimbatore,11.02,76.96,27.68,48.03,0.47,Clear,1,0,0,Moderate
2026-08-16,Erode,11.34,77.72,27.71,79.76,13.85,Rain,1,0,0,Moderate
2026-08-16,Madurai,9.93,78.12,33.8,78.23,4.76,Light Rain,1,0,0,Moderate
2026-08-16,Salem,11.66,78.15,31.11,68.91,5.69,Light Rain,1,0,0,Moderate
2026-08-16,Tirunelveli,8.71,77.76,27.23,86.16,7.48,Light Rain,1,0,1,Moderate
2026-08-16,Trichy,10.79,78.7,31.41,78.15,5.32,Light Rain,1,0,0,Moderate
2026-08-16,Vellore,12.92,79.13,29.26,76.92,14.76,Rain,1,0,0,Moderate
2026-08-17,Chennai,13.08,80.27,27.5,63.52,31.46,Heavy Rain,1,1,0,High
2026-08-17,Coimbatore,11.02,76.96,35.77,79.17,10.89,Rain,1,0,0,Moderate
2026-08-17,Erode,11.34,77.72,29.08,91.0,13.39,Rain,1,0,1,Moderate
2026-08-17,Madurai,9.93,78.12,29.28,81.31,5.27,Light Rain,1,0,1,Moderate
2026-08-17,Salem,11.66,78.15,32.64,83.37,13.48,Rain,1,0,1,Moderate
2026-08-17,Tirunelveli,8.71,77.76,28.15,85.23,8.91,Rain,1,0,1,Moderate
2026-08-17,Trichy,10.79,78.7,28.65,74.34,24.13,Rain,1,1,0,High
2026-08-17,Vellore,12.92,79.13,31.27,74.59,10.1,Rain,1,0,0,Moderate
2026-08-18,Chennai,13.08,80.27,31.29,95.52,8.4,Rain,1,0,1,Moderate
2026-08-18,Coimbatore,11.02,76.96,26.14,65.45,12.03,Rain,1,0,0,Moderate
2026-08-18,Erode,11.34,77.72,26.98,88.47,4.9,Light Rain,1,0,1,Moderate
2026-08-18,Madurai,9.93,78.12,30.08,63.11,16.71,Rain,1,0,0,Moderate
2026-08-18,Salem,11.66,78.15,29.38,66.67,6.74,Light Rain,1,0,0,Moderate
2026-08-18,Tirunelveli,8.71,77.76,26.19,79.9,13.39,Rain,1,0,0,Moderate
2026-08-18,Trichy,10.79,78.7,31.43,82.95,4.1,Light Rain,1,0,1,Moderate
2026-08-18,Vellore,12.92,79.13,32.82,75.52,9.46,Rain,1,0,0,Moderate
2026-08-19,Chennai,13.08,80.27,30.14,76.51,2.7,Light Rain,1,0,0,Moderate
2026-08-19,Coimbatore,11.02,76.96,34.78,78.06,10.76,Rain,1,0,0,Moderate
2026-08-19,Erode,11.34,77.72,30.25,85.48,8.28,Rain,1,0,1,Moderate
2026-08-19,Madurai,9.93,78.12,25.67,74.27,2.91,Light Rain,1,0,0,Moderate
2026-08-19,Salem,11.66,78.15,34.38,65.25,3.23,Light Rain,1,0,0,Moderate
2026-08-19,Tirunelveli,8.71,77.76,28.62,88.24,4.53,Light Rain,1,0,1,Moderate
2026-08-19,Trichy,10.79,78.7,33.51,54.97,3.2,Light Rain,1,0,0,Moderate
2026-08-19,Vellore,12.92,79.13,29.47,69.37,24.75,Rain,1,1,0,High
2026-08-20,Chennai,13.08,80.27,25.81,78.63,5.84,Light Rain,1,0,0,Moderate
2026-08-20,Coimbatore,11.02,76.96,34.14,77.55,8.08,Rain,1,0,0,Moderate
2026-08-20,Erode,11.34,77.72,30.83,83.43,4.13,Light Rain,1,0,1,Moderate
2026-08-20,Madurai,9.93,78.12,26.93,61.36,11.3,Rain,1,0,0,Moderate
2026-08-20,Salem,11.66,78.15,29.04,79.82,15.84,Rain,1,0,0,Moderate
2026-08-20,Tirunelveli,8.71,77.76,29.91,64.43,4.27,Light Rain,1,0,0,Moderate
2026-08-20,Trichy,10.79,78.7,30.35,69.05,10.05,Rain,1,0,0,Moderate
2026-08-20,Vellore,12.92,79.13,28.47,65.24,5.73,Light Rain,1,0,0,Moderate
2026-08-21,Chennai,13.08,80.27,27.49,73.89,7.47,Light Rain,1,0,0,Moderate
2026-08-21,Coimbatore,11.02,76.96,28.35,69.9,1.23,Clear,1,0,0,Moderate
2026-08-21,Erode,11.34,77.72,31.85,72.15,9.2,Rain,1,0,0,Moderate
2026-08-21,Madurai,9.93,78.12,29.25,69.46,2.08,Light Rain,1,0,0,Moderate
2026-08-21,Salem,11.66,78.15,34.8,60.64,4.03,Light Rain,1,0,0,Moderate
2026-08-21,Tirunelveli,8.71,77.76,27.85,84.49,13.0,Rain,1,0,1,Moderate
2026-08-21,Trichy,10.79,78.7,26.08,71.23,28.1,Heavy Rain,1,1,0,High
2026-08-21,Vellore,12.92,79.13,28.05,75.4,11.9,Rain,1,0,0,Moderate
2026-08-22,Chennai,13.08,80.27,32.26,74.28,11.95,Rain,1,0,0,Moderate
2026-08-22,Coimbatore,11.02,76.96,32.68,70.91,16.03,Rain,1,0,0,Moderate
2026-08-22,Erode,11.34,77.72,29.26,67.49,15.61,Rain,1,0,0,Moderate
2026-08-22,Madurai,9.93,78.12,29.95,56.62,3.37,Light Rain,1,0,0,Moderate
2026-08-22,Salem,11.66,78.15,32.9,75.43,15.12,Rain,1,0,0,Moderate
2026-08-22,Tirunelveli,8.71,77.76,34.18,60.06,6.54,Light Rain,1,0,0,Moderate
2026-08-22,Trichy,10.79,78.7,31.11,74.48,17.08,Rain,1,0,0,Moderate
2026-08-22,Vellore,12.92,79.13,32.41,67.35,15.71,Rain,1,0,0,Moderate
2026-08-23,Chennai,13.08,80.27,33.84,69.64,11.68,Rain,1,0,0,Moderate
2026-08-23,Coimbatore,11.02,76.96,35.75,58.62,2.97,Light Rain,1,0,0,Moderate
2026-08-23,Erode,11.34,77.72,29.79,78.66,3.09,Light Rain,1,0,0,Moderate
2026-08-23,Madurai,9.93,78.12,29.06,71.15,12.66,Rain,1,0,0,Moderate
2026-08-23,Salem,11.66,78.15,29.05,73.19,3.21,Light Rain,1,0,0,Moderate
2026-08-23,Tirunelveli,8.71,77.76,25.76,68.07,19.41,Rain,1,0,0,Moderate
2026-08-23,Trichy,10.79,78.7,31.08,72.19,1.64,Clear,1,0,0,Moderate
2026-08-23,Vellore,12.92,79.13,29.01,73.54,7.79,Light Rain,1,0,0,Moderate
2026-08-24,Chennai,13.08,80.27,29.96,100.0,9.74,Rain,1,0,1,Moderate
2026-08-24,Coimbatore,11.02,76.96,27.32,69.3,15.12,Rain,1,0,0,Moderate
2026-08-24,Erode,11.34,77.72,29.78,90.01,8.53,Rain,1,0,1,Moderate
2026-08-24,Madurai,9.93,78.12,31.2,80.16,9.68,Rain,1,0,1,Moderate
2026-08-24,Salem,11.66,78.15,30.66,69.42,2.96,Light Rain,1,0,0,Moderate
2026-08-24,Tirunelveli,8.71,77.76,26.32,62.3,19.4,Rain,1,0,0,Moderate
2026-08-24,Trichy,10.79,78.7,33.17,59.46,3.49,Light Rain,1,0,0,Moderate
2026-08-24,Vellore,12.92,79.13,26.73,78.73,2.46,Light Rain,1,0,0,Moderate
2026-08-25,Chennai,13.08,80.27,31.72,69.4,4.73,Light Rain,1,0,0,Moderate
2026-08-25,Coimbatore,11.02,76.96,27.57,59.22,6.15,Light Rain,1,0,0,Moderate
2026-08-25,Erode,11.34,77.72,34.1,70.64,5.97,Light Rain,1,0,0,Moderate
2026-08-25,Madurai,9.93,78.12,34.38,63.75,8.08,Rain,1,0,0,Moderate
2026-08-25,Salem,11.66,78.15,31.13,56.26,13.28,Rain,1,0,0,Moderate
2026-08-25,Tirunelveli,8.71,77.76,29.7,75.05,8.24,Rain,1,0,0,Moderate
2026-08-25,Trichy,10.79,78.7,28.02,70.83,1.52,Clear,1,0,0,Moderate
2026-08-25,Vellore,12.92,79.13,29.91,72.56,8.69,Rain,1,0,0,Moderate
2026-08-26,Chennai,13.08,80.27,28.84,68.78,14.93,Rain,1,0,0,Moderate
2026-08-26,Coimbatore,11.02,76.96,29.31,78.17,9.07,Rain,1,0,0,Moderate
2026-08-26,Erode,11.34,77.72,31.01,96.67,5.09,Light Rain,1,0,1,Moderate
2026-08-26,Madurai,9.93,78.12,28.15,72.32,10.05,Rain,1,0,0,Moderate
2026-08-26,Salem,11.66,78.15,24.23,61.67,5.82,Light Rain,1,0,0,Moderate
2026-08-26,Tirunelveli,8.71,77.76,34.05,70.15,14.79,Rain,1,0,0,Moderate
2026-08-26,Trichy,10.79,78.7,30.14,80.84,3.92,Light Rain,1,0,1,Moderate
2026-08-26,Vellore,12.92,79.13,29.25,87.28,11.28,Rain,1,0,1,Moderate
2026-08-27,Chennai,13.08,80.27,30.96,73.07,17.46,Rain,1,0,0,Moderate
2026-08-27,Coimbatore,11.02,76.96,26.43,70.76,11.14,Rain,1,0,0,Moderate
2026-08-27,Erode,11.34,77.72,29.12,76.44,7.27,Light Rain,1,0,0,Moderate
2026-08-27,Madurai,9.93,78.12,27.66,59.81,14.56,Rain,1,0,0,Moderate
2026-08-27,Salem,11.66,78.15,25.97,81.1,24.54,Rain,1,1,1,High
2026-08-27,Tirunelveli,8.71,77.76,34.71,58.35,11.92,Rain,1,0,0,Moderate
2026-08-27,Trichy,10.79,78.7,29.83,88.26,1.35,Cloudy,1,0,1,Moderate
2026-08-27,Vellore,12.92,79.13,32.61,69.0,21.2,Rain,1,1,0,High
2026-08-28,Chennai,13.08,80.27,26.41,73.53,2.14,Light Rain,1,0,0,Moderate
2026-08-28,Coimbatore,11.02,76.96,33.05,80.43,14.06,Rain,1,0,1,Moderate
2026-08-28,Erode,11.34,77.72,35.28,79.11,5.93,Light Rain,1,0,0,Moderate
2026-08-28,Madurai,9.93,78.12,25.36,68.17,9.23,Rain,1,0,0,Moderate
2026-08-28,Salem,11.66,78.15,30.15,83.58,5.0,Light Rain,1,0,1,Moderate
2026-08-28,Tirunelveli,8.71,77.76,31.45,80.39,16.11,Rain,1,0,1,Moderate
2026-08-28,Trichy,10.79,78.7,30.58,79.99,7.18,Light Rain,1,0,0,Moderate
2026-08-28,Vellore,12.92,79.13,28.53,76.9,2.01,Light Rain,1,0,0,Moderate
2026-08-29,Chennai,13.08,80.27,30.05,67.56,8.58,Rain,1,0,0,Moderate
2026-08-29,Coimbatore,11.02,76.96,29.28,72.27,53.2,Heavy Rain,1,1,0,High
2026-08-29,Erode,11.34,77.72,35.58,92.08,0.42,Cloudy,1,0,1,Moderate
2026-08-29,Madurai,9.93,78.12,33.27,73.32,13.77,Rain,1,0,0,Moderate
2026-08-29,Salem,11.66,78.15,30.26,75.18,12.05,Rain,1,0,0,Moderate
2026-08-29,Tirunelveli,8.71,77.76,31.92,65.12,24.37,Rain,1,1,0,High
2026-08-29,Trichy,10.79,78.7,27.08,52.74,0.5,Clear,1,0,0,Moderate
2026-08-29,Vellore,12.92,79.13,33.19,87.36,33.24,Heavy Rain,1,1,1,High
2026-08-30,Chennai,13.08,80.27,24.77,80.69,7.32,Light Rain,1,0,1,Moderate
2026-08-30,Coimbatore,11.02,76.96,30.86,77.5,37.39,Heavy Rain,1,1,0,High
2026-08-30,Erode,11.34,77.72,32.55,73.1,12.13,Rain,1,0,0,Moderate
2026-08-30,Madurai,9.93,78.12,31.33,60.48,18.24,Rain,1,0,0,Moderate
2026-08-30,Salem,11.66,78.15,28.13,61.2,11.54,Rain,1,0,0,Moderate
2026-08-30,Tirunelveli,8.71,77.76,27.03,79.9,1.59,Clear,1,0,0,Moderate
2026-08-30,Trichy,10.79,78.7,27.36,62.93,11.92,Rain,1,0,0,Moderate
2026-08-30,Vellore,12.92,79.13,33.35,88.04,3.56,Light Rain,1,0,1,Moderate
2026-08-31,Chennai,13.08,80.27,29.44,68.61,17.33,Rain,1,0,0,Moderate
2026-08-31,Coimbatore,11.02,76.96,29.96,70.49,7.66,Light Rain,1,0,0,Moderate
2026-08-31,Erode,11.34,77.72,25.29,78.52,3.95,Light Rain,1,0,0,Moderate
2026-08-31,Madurai,9.93,78.12,33.56,72.71,3.6,Light Rain,1,0,0,Moderate
2026-08-31,Salem,11.66,78.15,26.16,77.3,6.2,Light Rain,1,0,0,Moderate
2026-08-31,Tirunelveli,8.71,77.76,27.95,44.72,5.43,Light Rain,1,0,0,Moderate
2026-08-31,Trichy,10.79,78.7,28.27,71.87,2.59,Light Rain,1,0,0,Moderate
2026-08-31,Vellore,12.92,79.13,27.67,73.19,8.89,Rain,1,0,0,Moderate
