timestamp,location,latitude,longitude,traffic_score,traffic_level,average_speed_kmph
2026-08-01 00:00:00,Chennai,13.0827,80.2707,20.06,Low,48.38
2026-08-01 00:00:00,Coimbatore,11.0168,76.9558,8.62,Low,59.56
2026-08-01 00:00:00,Madurai,9.9252,78.1198,13.43,Low,57.64
2026-08-01 00:00:00,Trichy,10.7905,78.7047,0.0,Low,62.1
2026-08-01 00:00:00,Salem,11.6643,78.146,31.75,Moderate,45.47
2026-08-01 00:00:00,Tirunelveli,8.7139,77.7567,38.24,Moderate,40.94
2026-08-01 00:00:00,Vellore,12.9165,79.1325,9.41,Low,50.04
2026-08-01 00:00:00,Erode,11.341,77.7172,11.34,Low,51.47
2026-08-01 01:00:00,Chennai,13.0827,80.2707,50.41,Moderate,40.61
2026-08-01 01:00:00,Coimbatore,11.0168,76.9558,30.59,Moderate,52.69
2026-08-01 01:00:00,Madurai,9.9252,78.1198,3.91,Low,53.75
2026-08-01 01:00:00,Trichy,10.7905,78.7047,31.58,Moderate,44.01
2026-08-01 01:00:00,Salem,11.6643,78.146,18.81,Low,50.7
2026-08-01 01:00:00,Tirunelveli,8.7139,77.7567,16.05,Low,51.98
2026-08-01 01:00:00,Vellore,12.9165,79.1325,19.34,Low,50.21
2026-08-01 01:00:00,Erode,11.341,77.7172,23.62,Low,47.83
2026-08-01 02:00:00,Chennai,13.0827,80.2707,39.36,Moderate,39.53
2026-08-01 02:00:00,Coimbatore,11.0168,76.9558,10.27,Low,52.75
2026-08-01 02:00:00,Madurai,9.9252,78.1198,17.67,Low,50.87
2026-08-01 02:00:00,Trichy,10.7905,78.7047,21.13,Low,51.93
2026-08-01 02:00:00,Salem,11.6643,78.146,5.73,Low,55.9
2026-08-01 02:00:00,Tirunelveli,8.7139,77.7567,14.0,Low,53.04
2026-08-01 02:00:00,Vellore,12.9165,79.1325,15.85,Low,54.83
2026-08-01 02:00:00,Erode,11.341,77.7172,15.45,Low,56.5
2026-08-01 03:00:00,Chennai,13.0827,80.2707,22.53,Low,54.9
2026-08-01 03:00:00,Coimbatore,11.0168,76.9558,5.45,Low,62.26
2026-08-01 03:00:00,Madurai,9.9252,78.1198,22.74,Low,55.07
2026-08-01 03:00:00,Trichy,10.7905,78.7047,29.12,Low,52.74
2026-08-01 03:00:00,Salem,11.6643,78.146,1.53,Low,55.7
2026-08-01 03:00:00,Tirunelveli,8.7139,77.7567,7.2,Low,60.79
2026-08-01 03:00:00,Vellore,12.9165,79.1325,41.93,Moderate,40.72
2026-08-01 03:00:00,Erode,11.341,77.7172,5.33,Low,54.84
2026-08-01 04:00:00,Chennai,13.0827,80.2707,29.65,Low,48.51
2026-08-01 04:00:00,Coimbatore,11.0168,76.9558,13.13,Low,52.73
2026-08-01 04:00:00,Madurai,9.9252,78.1198,20.63,Low,52.98
2026-08-01 04:00:00,Trichy,10.7905,78.7047,5.99,Low,55.07
2026-08-01 04:00:00,Salem,11.6643,78.146,22.66,Low,55.08
2026-08-01 04:00:00,Tirunelveli,8.7139,77.7567,13.33,Low,56.43
2026-08-01 04:00:00,Vellore,12.9165,79.1325,21.17,Low,48.84
2026-08-01 04:00:00,Erode,11.341,77.7172,5.02,Low,57.51
2026-08-01 05:00:00,Chennai,13.0827,80.2707,24.51,Low,51.88
2026-08-01 05:00:00,Coimbatore,11.0168,76.9558,0.0,Low,58.88
2026-08-01 05:00:00,Madurai,9.9252,78.1198,22.86,Low,49.91
2026-08-01 05:00:00,Trichy,10.7905,78.7047,13.45,Low,54.12
2026-08-01 05:00:00,Salem,11.6643,78.146,12.66,Low,54.09
2026-08-01 05:00:00,Tirunelveli,8.7139,77.7567,16.24,Low,53.22
2026-08-01 05:00:00,Vellore,12.9165,79.1325,6.04,Low,61.24
2026-08-01 05:00:00,Erode,11.341,77.7172,15.58,Low,54.83
2026-08-01 06:00:00,Chennai,13.0827,80.2707,19.67,Low,46.14
2026-08-01 06:00:00,Coimbatore,11.0168,76.9558,12.43,Low,56.56
2026-08-01 06:00:00,Madurai,9.9252,78.1198,0.0,Low,57.24
2026-08-01 06:00:00,Trichy,10.7905,78.7047,9.55,Low,59.31
2026-08-01 06:00:00,Salem,11.6643,78.146,36.54,Moderate,43.22
2026-08-01 06:00:00,Tirunelveli,8.7139,77.7567,24.52,Low,50.87
2026-08-01 06:00:00,Vellore,12.9165,79.1325,5.71,Low,60.57
2026-08-01 06:00:00,Erode,11.341,77.7172,21.42,Low,51.53
2026-08-01 07:00:00,Chennai,13.0827,80.2707,67.51,High,31.38
2026-08-01 07:00:00,Coimbatore,11.0168,76.9558,68.93,High,34.27
2026-08-01 07:00:00,Madurai,9.9252,78.1198,73.29,High,30.26
2026-08-01 07:00:00,Trichy,10.7905,78.7047,70.4,High,27.57
2026-08-01 07:00:00,Salem,11.6643,78.146,65.28,High,39.09
2026-08-01 07:00:00,Tirunelveli,8.7139,77.7567,58.84,High,34.97
2026-08-01 07:00:00,Vellore,12.9165,79.1325,62.12,High,34.67
2026-08-01 07:00:00,Erode,11.341,77.7172,48.69,Moderate,35.78
2026-08-01 08:00:00,Chennai,13.0827,80.2707,85.29,Severe,20.14
2026-08-01 08:00:00,Coimbatore,11.0168,76.9558,54.73,Moderate,38.39
2026-08-01 08:00:00,Madurai,9.9252,78.1198,49.3,Moderate,38.97
2026-08-01 08:00:00,Trichy,10.7905,78.7047,45.74,Moderate,42.0
2026-08-01 08:00:00,Salem,11.6643,78.146,54.74,Moderate,39.91
2026-08-01 08:00:00,Tirunelveli,8.7139,77.7567,46.8,Moderate,41.09
2026-08-01 08:00:00,Vellore,12.9165,79.1325,48.82,Moderate,40.63
2026-08-01 08:00:00,Erode,11.341,77.7172,72.1,High,27.39
2026-08-01 09:00:00,Chennai,13.0827,80.2707,64.45,High,34.91
2026-08-01 09:00:00,Coimbatore,11.0168,76.9558,44.04,Moderate,36.78
2026-08-01 09:00:00,Madurai,9.9252,78.1198,59.19,High,35.13
2026-08-01 09:00:00,Trichy,10.7905,78.7047,65.51,High,32.02
2026-08-01 09:00:00,Salem,11.6643,78.146,55.55,High,34.05
2026-08-01 09:00:00,Tirunelveli,8.7139,77.7567,54.99,Moderate,36.5
2026-08-01 09:00:00,Vellore,12.9165,79.1325,56.93,High,37.75
2026-08-01 09:00:00,Erode,11.341,77.7172,55.93,High,33.53
2026-08-01 10:00:00,Chennai,13.0827,80.2707,69.79,High,25.04
2026-08-01 10:00:00,Coimbatore,11.0168,76.9558,58.57,High,35.71
2026-08-01 10:00:00,Madurai,9.9252,78.1198,47.97,Moderate,44.04
2026-08-01 10:00:00,Trichy,10.7905,78.7047,48.98,Moderate,42.74
2026-08-01 10:00:00,Salem,11.6643,78.146,43.42,Moderate,45.34
2026-08-01 10:00:00,Tirunelveli,8.7139,77.7567,41.51,Moderate,28.6
2026-08-01 10:00:00,Vellore,12.9165,79.1325,34.66,Moderate,42.9
2026-08-01 10:00:00,Erode,11.341,77.7172,51.9,Moderate,36.08
2026-08-01 11:00:00,Chennai,13.0827,80.2707,50.25,Moderate,41.28
2026-08-01 11:00:00,Coimbatore,11.0168,76.9558,34.22,Moderate,50.69
2026-08-01 11:00:00,Madurai,9.9252,78.1198,32.64,Moderate,48.74
2026-08-01 11:00:00,Trichy,10.7905,78.7047,30.21,Moderate,47.04
2026-08-01 11:00:00,Salem,11.6643,78.146,31.25,Moderate,49.98
2026-08-01 11:00:00,Tirunelveli,8.7139,77.7567,30.6,Moderate,44.2
2026-08-01 11:00:00,Vellore,12.9165,79.1325,14.29,Low,52.28
2026-08-01 11:00:00,Erode,11.341,77.7172,37.95,Moderate,43.35
2026-08-01 12:00:00,Chennai,13.0827,80.2707,48.22,Moderate,31.87
2026-08-01 12:00:00,Coimbatore,11.0168,76.9558,29.04,Low,51.38
2026-08-01 12:00:00,Madurai,9.9252,78.1198,32.5,Moderate,47.56
2026-08-01 12:00:00,Trichy,10.7905,78.7047,37.89,Moderate,47.29
2026-08-01 12:00:00,Salem,11.6643,78.146,51.7,Moderate,38.79
2026-08-01 12:00:00,Tirunelveli,8.7139,77.7567,40.67,Moderate,39.81
2026-08-01 12:00:00,Vellore,12.9165,79.1325,43.14,Moderate,42.65
2026-08-01 12:00:00,Erode,11.341,77.7172,34.96,Moderate,39.78
2026-08-01 13:00:00,Chennai,13.0827,80.2707,45.79,Moderate,40.25
2026-08-01 13:00:00,Coimbatore,11.0168,76.9558,57.05,High,46.44
2026-08-01 13:00:00,Madurai,9.9252,78.1198,33.83,Moderate,44.46
2026-08-01 13:00:00,Trichy,10.7905,78.7047,29.79,Low,47.51
2026-08-01 13:00:00,Salem,11.6643,78.146,29.38,Low,54.47
2026-08-01 13:00:00,Tirunelveli,8.7139,77.7567,42.3,Moderate,36.04
2026-08-01 13:00:00,Vellore,12.9165,79.1325,35.3,Moderate,49.89
2026-08-01 13:00:00,Erode,11.341,77.7172,30.0,Low,43.6
2026-08-01 14:00:00,Chennai,13.0827,80.2707,45.23,Moderate,41.27
2026-08-01 14:00:00,Coimbatore,11.0168,76.9558,38.84,Moderate,44.23
2026-08-01 14:00:00,Madurai,9.9252,78.1198,29.99,Low,47.23
2026-08-01 14:00:00,Trichy,10.7905,78.7047,30.34,Moderate,42.09
2026-08-01 14:00:00,Salem,11.6643,78.146,40.23,Moderate,37.27
2026-08-01 14:00:00,Tirunelveli,8.7139,77.7567,37.92,Moderate,50.6
2026-08-01 14:00:00,Vellore,12.9165,79.1325,19.74,Low,50.65
2026-08-01 14:00:00,Erode,11.341,77.7172,37.26,Moderate,43.33
2026-08-01 15:00:00,Chennai,13.0827,80.2707,48.84,Moderate,40.61
2026-08-01 15:00:00,Coimbatore,11.0168,76.9558,21.78,Low,50.85
2026-08-01 15:00:00,Madurai,9.9252,78.1198,28.98,Low,48.55
2026-08-01 15:00:00,Trichy,10.7905,78.7047,29.7,Low,43.56
2026-08-01 15:00:00,Salem,11.6643,78.146,38.27,Moderate,45.2
2026-08-01 15:00:00,Tirunelveli,8.7139,77.7567,15.67,Low,58.04
2026-08-01 15:00:00,Vellore,12.9165,79.1325,39.21,Moderate,47.25
2026-08-01 15:00:00,Erode,11.341,77.7172,35.52,Moderate,57.1
2026-08-01 16:00:00,Chennai,13.0827,80.2707,30.49,Moderate,47.15
2026-08-01 16:00:00,Coimbatore,11.0168,76.9558,41.24,Moderate,46.16
2026-08-01 16:00:00,Madurai,9.9252,78.1198,34.34,Moderate,45.62
2026-08-01 16:00:00,Trichy,10.7905,78.7047,40.19,Moderate,48.23
2026-08-01 16:00:00,Salem,11.6643,78.146,29.81,Low,40.63
2026-08-01 16:00:00,Tirunelveli,8.7139,77.7567,45.93,Moderate,49.59
2026-08-01 16:00:00,Vellore,12.9165,79.1325,17.66,Low,53.89
2026-08-01 16:00:00,Erode,11.341,77.7172,44.83,Moderate,43.29
2026-08-01 17:00:00,Chennai,13.0827,80.2707,76.79,Severe,24.04
2026-08-01 17:00:00,Coimbatore,11.0168,76.9558,59.51,High,38.47
2026-08-01 17:00:00,Madurai,9.9252,78.1198,56.97,High,37.2
2026-08-01 17:00:00,Trichy,10.7905,78.7047,58.6,High,34.36
2026-08-01 17:00:00,Salem,11.6643,78.146,43.93,Moderate,40.64
2026-08-01 17:00:00,Tirunelveli,8.7139,77.7567,45.17,Moderate,42.69
2026-08-01 17:00:00,Vellore,12.9165,79.1325,50.39,Moderate,41.0
2026-08-01 17:00:00,Erode,11.341,77.7172,52.08,Moderate,37.72
2026-08-01 18:00:00,Chennai,13.0827,80.2707,60.13,High,31.83
2026-08-01 18:00:00,Coimbatore,11.0168,76.9558,63.82,High,35.67
2026-08-01 18:00:00,Madurai,9.9252,78.1198,56.81,High,36.23
2026-08-01 18:00:00,Trichy,10.7905,78.7047,56.36,High,42.65
2026-08-01 18:00:00,Salem,11.6643,78.146,54.26,Moderate,38.0
2026-08-01 18:00:00,Tirunelveli,8.7139,77.7567,63.81,High,34.35
2026-08-01 18:00:00,Vellore,12.9165,79.1325,68.42,High,27.15
2026-08-01 18:00:00,Erode,11.341,77.7172,56.92,High,36.52
2026-08-01 19:00:00,Chennai,13.0827,80.2707,81.84,Severe,27.06
2026-08-01 19:00:00,Coimbatore,11.0168,76.9558,59.49,High,32.51
2026-08-01 19:00:00,Madurai,9.9252,78.1198,54.49,Moderate,34.11
2026-08-01 19:00:00,Trichy,10.7905,78.7047,47.36,Moderate,39.53
2026-08-01 19:00:00,Salem,11.6643,78.146,43.61,Moderate,42.53
2026-08-01 19:00:00,Tirunelveli,8.7139,77.7567,47.42,Moderate,43.21
2026-08-01 19:00:00,Vellore,12.9165,79.1325,44.7,Moderate,40.09
2026-08-01 19:00:00,Erode,11.341,77.7172,53.76,Moderate,37.98
2026-08-01 20:00:00,Chennai,13.0827,80.2707,65.83,High,28.57
2026-08-01 20:00:00,Coimbatore,11.0168,76.9558,54.71,Moderate,36.66
2026-08-01 20:00:00,Madurai,9.9252,78.1198,54.73,Moderate,37.58
2026-08-01 20:00:00,Trichy,10.7905,78.7047,68.9,High,29.46
2026-08-01 20:00:00,Salem,11.6643,78.146,43.13,Moderate,43.5
2026-08-01 20:00:00,Tirunelveli,8.7139,77.7567,63.18,High,34.39
2026-08-01 20:00:00,Vellore,12.9165,79.1325,85.8,Severe,22.47
2026-08-01 20:00:00,Erode,11.341,77.7172,52.09,Moderate,36.62
2026-08-01 21:00:00,Chennai,13.0827,80.2707,79.09,Severe,24.42
2026-08-01 21:00:00,Coimbatore,11.0168,76.9558,67.44,High,32.78
2026-08-01 21:00:00,Madurai,9.9252,78.1198,48.83,Moderate,41.91
2026-08-01 21:00:00,Trichy,10.7905,78.7047,55.87,High,35.5
2026-08-01 21:00:00,Salem,11.6643,78.146,48.66,Moderate,42.21
2026-08-01 21:00:00,Tirunelveli,8.7139,77.7567,65.52,High,31.94
2026-08-01 21:00:00,Vellore,12.9165,79.1325,45.51,Moderate,36.93
2026-08-01 21:00:00,Erode,11.341,77.7172,39.3,Moderate,47.27
2026-08-01 22:00:00,Chennai,13.0827,80.2707,31.42,Moderate,43.15
2026-08-01 22:00:00,Coimbatore,11.0168,76.9558,22.53,Low,51.22
2026-08-01 22:00:00,Madurai,9.9252,78.1198,0.75,Low,58.19
2026-08-01 22:00:00,Trichy,10.7905,78.7047,27.61,Low,52.23
2026-08-01 22:00:00,Salem,11.6643,78.146,0.0,Low,63.75
2026-08-01 22:00:00,Tirunelveli,8.7139,77.7567,21.69,Low,52.03
2026-08-01 22:00:00,Vellore,12.9165,79.1325,33.37,Moderate,50.2
2026-08-01 22:00:00,Erode,11.341,77.7172,16.96,Low,50.45
2026-08-01 23:00:00,Chennai,13.0827,80.2707,11.58,Low,53.57
2026-08-01 23:00:00,Coimbatore,11.0168,76.9558,12.69,Low,60.65
2026-08-01 23:00:00,Madurai,9.9252,78.1198,0.0,Low,55.96
2026-08-01 23:00:00,Trichy,10.7905,78.7047,15.16,Low,48.86
2026-08-01 23:00:00,Salem,11.6643,78.146,2.76,Low,58.14
2026-08-01 23:00:00,Tirunelveli,8.7139,77.7567,6.99,Low,57.8
2026-08-01 23:00:00,Vellore,12.9165,79.1325,11.72,Low,49.51
2026-08-01 23:00:00,Erode,11.341,77.7172,22.59,Low,53.76
2026-08-02 00:00:00,Chennai,13.0827,80.2707,38.23,Moderate,45.15
2026-08-02 00:00:00,Coimbatore,11.0168,76.9558,11.31,Low,57.96
2026-08-02 00:00:00,Madurai,9.9252,78.1198,10.54,Low,55.36
2026-08-02 00:00:00,Trichy,10.7905,78.7047,14.3,Low,47.91
2026-08-02 00:00:00,Salem,11.6643,78.146,6.46,Low,56.02
2026-08-02 00:00:00,Tirunelveli,8.7139,77.7567,26.88,Low,54.85
2026-08-02 00:00:00,Vellore,12.9165,79.1325,17.77,Low,50.98
2026-08-02 00:00:00,Erode,11.341,77.7172,9.77,Low,56.15
2026-08-02 01:00:00,Chennai,13.0827,80.2707,23.96,Low,51.0
2026-08-02 01:00:00,Coimbatore,11.0168,76.9558,20.99,Low,50.55
2026-08-02 01:00:00,Madurai,9.9252,78.1198,8.33,Low,57.77
2026-08-02 01:00:00,Trichy,10.7905,78.7047,5.06,Low,57.03
2026-08-02 01:00:00,Salem,11.6643,78.146,2.24,Low,63.3
2026-08-02 01:00:00,Tirunelveli,8.7139,77.7567,10.4,Low,50.46
2026-08-02 01:00:00,Vellore,12.9165,79.1325,10.95,Low,58.07
2026-08-02 01:00:00,Erode,11.341,77.7172,14.17,Low,53.61
2026-08-02 02:00:00,Chennai,13.0827,80.2707,1.48,Low,61.69
2026-08-02 02:00:00,Coimbatore,11.0168,76.9558,28.73,Low,45.59
2026-08-02 02:00:00,Madurai,9.9252,78.1198,5.93,Low,59.16
2026-08-02 02:00:00,Trichy,10.7905,78.7047,22.24,Low,52.64
2026-08-02 02:00:00,Salem,11.6643,78.146,18.17,Low,52.8
2026-08-02 02:00:00,Tirunelveli,8.7139,77.7567,12.36,Low,53.7
2026-08-02 02:00:00,Vellore,12.9165,79.1325,13.54,Low,51.33
2026-08-02 02:00:00,Erode,11.341,77.7172,21.85,Low,45.11
2026-08-02 03:00:00,Chennai,13.0827,80.2707,27.23,Low,51.74
2026-08-02 03:00:00,Coimbatore,11.0168,76.9558,2.17,Low,60.72
2026-08-02 03:00:00,Madurai,9.9252,78.1198,17.66,Low,50.96
2026-08-02 03:00:00,Trichy,10.7905,78.7047,16.44,Low,55.42
2026-08-02 03:00:00,Salem,11.6643,78.146,25.3,Low,49.19
2026-08-02 03:00:00,Tirunelveli,8.7139,77.7567,25.62,Low,49.62
2026-08-02 03:00:00,Vellore,12.9165,79.1325,17.16,Low,50.15
2026-08-02 03:00:00,Erode,11.341,77.7172,18.18,Low,50.09
2026-08-02 04:00:00,Chennai,13.0827,80.2707,25.02,Low,52.23
2026-08-02 04:00:00,Coimbatore,11.0168,76.9558,2.46,Low,54.61
2026-08-02 04:00:00,Madurai,9.9252,78.1198,10.74,Low,55.89
2026-08-02 04:00:00,Trichy,10.7905,78.7047,0.11,Low,60.27
2026-08-02 04:00:00,Salem,11.6643,78.146,18.45,Low,51.95
2026-08-02 04:00:00,Tirunelveli,8.7139,77.7567,17.64,Low,54.03
2026-08-02 04:00:00,Vellore,12.9165,79.1325,29.14,Low,52.09
2026-08-02 04:00:00,Erode,11.341,77.7172,7.27,Low,61.69
2026-08-02 05:00:00,Chennai,13.0827,80.2707,43.27,Moderate,43.96
2026-08-02 05:00:00,Coimbatore,11.0168,76.9558,20.6,Low,53.93
2026-08-02 05:00:00,Madurai,9.9252,78.1198,18.16,Low,52.08
2026-08-02 05:00:00,Trichy,10.7905,78.7047,17.83,Low,60.01
2026-08-02 05:00:00,Salem,11.6643,78.146,9.49,Low,57.45
2026-08-02 05:00:00,Tirunelveli,8.7139,77.7567,6.12,Low,59.83
2026-08-02 05:00:00,Vellore,12.9165,79.1325,29.13,Low,42.91
2026-08-02 05:00:00,Erode,11.341,77.7172,33.67,Moderate,43.49
2026-08-02 06:00:00,Chennai,13.0827,80.2707,36.07,Moderate,46.63
2026-08-02 06:00:00,Coimbatore,11.0168,76.9558,2.17,Low,60.83
2026-08-02 06:00:00,Madurai,9.9252,78.1198,13.63,Low,51.54
2026-08-02 06:00:00,Trichy,10.7905,78.7047,22.68,Low,51.12
2026-08-02 06:00:00,Salem,11.6643,78.146,21.9,Low,47.22
2026-08-02 06:00:00,Tirunelveli,8.7139,77.7567,0.0,Low,60.04
2026-08-02 06:00:00,Vellore,12.9165,79.1325,7.48,Low,53.08
2026-08-02 06:00:00,Erode,11.341,77.7172,17.37,Low,48.33
2026-08-02 07:00:00,Chennai,13.0827,80.2707,81.29,Severe,27.2
2026-08-02 07:00:00,Coimbatore,11.0168,76.9558,41.71,Moderate,41.67
2026-08-02 07:00:00,Madurai,9.9252,78.1198,53.21,Moderate,37.55
2026-08-02 07:00:00,Trichy,10.7905,78.7047,46.88,Moderate,37.64
2026-08-02 07:00:00,Salem,11.6643,78.146,65.31,High,32.2
2026-08-02 07:00:00,Tirunelveli,8.7139,77.7567,67.62,High,37.16
2026-08-02 07:00:00,Vellore,12.9165,79.1325,69.99,High,29.49
2026-08-02 07:00:00,Erode,11.341,77.7172,40.13,Moderate,48.92
2026-08-02 08:00:00,Chennai,13.0827,80.2707,62.16,High,33.68
2026-08-02 08:00:00,Coimbatore,11.0168,76.9558,47.25,Moderate,45.54
2026-08-02 08:00:00,Madurai,9.9252,78.1198,53.85,Moderate,32.49
2026-08-02 08:00:00,Trichy,10.7905,78.7047,56.51,High,32.89
2026-08-02 08:00:00,Salem,11.6643,78.146,57.22,High,42.51
2026-08-02 08:00:00,Tirunelveli,8.7139,77.7567,52.64,Moderate,38.35
2026-08-02 08:00:00,Vellore,12.9165,79.1325,45.55,Moderate,45.08
2026-08-02 08:00:00,Erode,11.341,77.7172,63.77,High,31.17
2026-08-02 09:00:00,Chennai,13.0827,80.2707,72.45,High,31.18
2026-08-02 09:00:00,Coimbatore,11.0168,76.9558,52.89,Moderate,38.41
2026-08-02 09:00:00,Madurai,9.9252,78.1198,74.33,High,27.6
2026-08-02 09:00:00,Trichy,10.7905,78.7047,54.17,Moderate,37.74
2026-08-02 09:00:00,Salem,11.6643,78.146,62.92,High,34.61
2026-08-02 09:00:00,Tirunelveli,8.7139,77.7567,60.83,High,36.26
2026-08-02 09:00:00,Vellore,12.9165,79.1325,75.56,Severe,30.1
2026-08-02 09:00:00,Erode,11.341,77.7172,46.72,Moderate,40.47
2026-08-02 10:00:00,Chennai,13.0827,80.2707,73.6,High,27.24
2026-08-02 10:00:00,Coimbatore,11.0168,76.9558,62.54,High,35.67
2026-08-02 10:00:00,Madurai,9.9252,78.1198,52.98,Moderate,42.18
2026-08-02 10:00:00,Trichy,10.7905,78.7047,51.7,Moderate,39.73
2026-08-02 10:00:00,Salem,11.6643,78.146,61.46,High,31.32
2026-08-02 10:00:00,Tirunelveli,8.7139,77.7567,57.54,High,33.95
2026-08-02 10:00:00,Vellore,12.9165,79.1325,58.73,High,34.28
2026-08-02 10:00:00,Erode,11.341,77.7172,67.03,High,33.01
2026-08-02 11:00:00,Chennai,13.0827,80.2707,57.66,High,33.65
2026-08-02 11:00:00,Coimbatore,11.0168,76.9558,19.22,Low,51.16
2026-08-02 11:00:00,Madurai,9.9252,78.1198,36.41,Moderate,48.44
2026-08-02 11:00:00,Trichy,10.7905,78.7047,43.92,Moderate,39.66
2026-08-02 11:00:00,Salem,11.6643,78.146,34.21,Moderate,45.48
2026-08-02 11:00:00,Tirunelveli,8.7139,77.7567,34.94,Moderate,47.38
2026-08-02 11:00:00,Vellore,12.9165,79.1325,31.35,Moderate,44.66
2026-08-02 11:00:00,Erode,11.341,77.7172,40.67,Moderate,41.52
2026-08-02 12:00:00,Chennai,13.0827,80.2707,38.21,Moderate,49.0
2026-08-02 12:00:00,Coimbatore,11.0168,76.9558,25.57,Low,49.13
2026-08-02 12:00:00,Madurai,9.9252,78.1198,32.38,Moderate,50.7
2026-08-02 12:00:00,Trichy,10.7905,78.7047,22.94,Low,55.03
2026-08-02 12:00:00,Salem,11.6643,78.146,44.72,Moderate,39.31
2026-08-02 12:00:00,Tirunelveli,8.7139,77.7567,25.27,Low,48.31
2026-08-02 12:00:00,Vellore,12.9165,79.1325,36.27,Moderate,43.42
2026-08-02 12:00:00,Erode,11.341,77.7172,40.06,Moderate,45.02
2026-08-02 13:00:00,Chennai,13.0827,80.2707,39.72,Moderate,46.72
2026-08-02 13:00:00,Coimbatore,11.0168,76.9558,52.63,Moderate,36.93
2026-08-02 13:00:00,Madurai,9.9252,78.1198,37.15,Moderate,38.92
2026-08-02 13:00:00,Trichy,10.7905,78.7047,38.12,Moderate,39.7
2026-08-02 13:00:00,Salem,11.6643,78.146,44.23,Moderate,46.77
2026-08-02 13:00:00,Tirunelveli,8.7139,77.7567,38.24,Moderate,43.48
2026-08-02 13:00:00,Vellore,12.9165,79.1325,18.34,Low,49.05
2026-08-02 13:00:00,Erode,11.341,77.7172,23.67,Low,54.23
2026-08-02 14:00:00,Chennai,13.0827,80.2707,58.19,High,33.47
2026-08-02 14:00:00,Coimbatore,11.0168,76.9558,58.64,High,31.53
2026-08-02 14:00:00,Madurai,9.9252,78.1198,36.45,Moderate,39.45
2026-08-02 14:00:00,Trichy,10.7905,78.7047,30.45,Moderate,48.21
2026-08-02 14:00:00,Salem,11.6643,78.146,44.26,Moderate,41.15
2026-08-02 14:00:00,Tirunelveli,8.7139,77.7567,29.74,Low,46.08
2026-08-02 14:00:00,Vellore,12.9165,79.1325,50.33,Moderate,43.21
2026-08-02 14:00:00,Erode,11.341,77.7172,46.24,Moderate,41.8
2026-08-02 15:00:00,Chennai,13.0827,80.2707,84.94,Severe,27.51
2026-08-02 15:00:00,Coimbatore,11.0168,76.9558,40.2,Moderate,42.89
2026-08-02 15:00:00,Madurai,9.9252,78.1198,21.75,Low,49.28
2026-08-02 15:00:00,Trichy,10.7905,78.7047,28.99,Low,47.71
2026-08-02 15:00:00,Salem,11.6643,78.146,44.97,Moderate,41.45
2026-08-02 15:00:00,Tirunelveli,8.7139,77.7567,31.89,Moderate,44.73
2026-08-02 15:00:00,Vellore,12.9165,79.1325,30.27,Moderate,50.56
2026-08-02 15:00:00,Erode,11.341,77.7172,28.39,Low,52.36
2026-08-02 16:00:00,Chennai,13.0827,80.2707,50.79,Moderate,41.92
2026-08-02 16:00:00,Coimbatore,11.0168,76.9558,53.9,Moderate,36.97
2026-08-02 16:00:00,Madurai,9.9252,78.1198,47.79,Moderate,41.95
2026-08-02 16:00:00,Trichy,10.7905,78.7047,24.28,Low,50.59
2026-08-02 16:00:00,Salem,11.6643,78.146,17.5,Low,51.82
2026-08-02 16:00:00,Tirunelveli,8.7139,77.7567,49.6,Moderate,38.44
2026-08-02 16:00:00,Vellore,12.9165,79.1325,28.39,Low,45.19
2026-08-02 16:00:00,Erode,11.341,77.7172,25.74,Low,43.75
2026-08-02 17:00:00,Chennai,13.0827,80.2707,60.1,High,34.97
2026-08-02 17:00:00,Coimbatore,11.0168,76.9558,37.28,Moderate,38.83
2026-08-02 17:00:00,Madurai,9.9252,78.1198,75.51,Severe,24.86
2026-08-02 17:00:00,Trichy,10.7905,78.7047,58.36,High,34.95
2026-08-02 17:00:00,Salem,11.6643,78.146,46.4,Moderate,37.34
2026-08-02 17:00:00,Tirunelveli,8.7139,77.7567,53.46,Moderate,32.34
2026-08-02 17:00:00,Vellore,12.9165,79.1325,54.76,Moderate,40.18
2026-08-02 17:00:00,Erode,11.341,77.7172,49.64,Moderate,40.58
2026-08-02 18:00:00,Chennai,13.0827,80.2707,63.48,High,27.54
2026-08-02 18:00:00,Coimbatore,11.0168,76.9558,45.07,Moderate,39.12
2026-08-02 18:00:00,Madurai,9.9252,78.1198,53.22,Moderate,37.95
2026-08-02 18:00:00,Trichy,10.7905,78.7047,69.88,High,35.07
2026-08-02 18:00:00,Salem,11.6643,78.146,59.15,High,39.15
2026-08-02 18:00:00,Tirunelveli,8.7139,77.7567,60.02,High,26.37
2026-08-02 18:00:00,Vellore,12.9165,79.1325,53.07,Moderate,41.25
2026-08-02 18:00:00,Erode,11.341,77.7172,46.51,Moderate,41.3
2026-08-02 19:00:00,Chennai,13.0827,80.2707,71.42,High,33.87
2026-08-02 19:00:00,Coimbatore,11.0168,76.9558,61.74,High,29.91
2026-08-02 19:00:00,Madurai,9.9252,78.1198,45.31,Moderate,40.85
2026-08-02 19:00:00,Trichy,10.7905,78.7047,46.51,Moderate,35.04
2026-08-02 19:00:00,Salem,11.6643,78.146,53.52,Moderate,37.45
2026-08-02 19:00:00,Tirunelveli,8.7139,77.7567,46.43,Moderate,42.4
2026-08-02 19:00:00,Vellore,12.9165,79.1325,40.47,Moderate,43.84
2026-08-02 19:00:00,Erode,11.341,77.7172,52.43,Moderate,32.1
2026-08-02 20:00:00,Chennai,13.0827,80.2707,80.6,Severe,25.85
2026-08-02 20:00:00,Coimbatore,11.0168,76.9558,37.2,Moderate,41.1
2026-08-02 20:00:00,Madurai,9.9252,78.1198,71.55,High,28.86
2026-08-02 20:00:00,Trichy,10.7905,78.7047,50.06,Moderate,42.13
2026-08-02 20:00:00,Salem,11.6643,78.146,63.51,High,34.12
2026-08-02 20:00:00,Tirunelveli,8.7139,77.7567,58.01,High,37.23
2026-08-02 20:00:00,Vellore,12.9165,79.1325,45.63,Moderate,42.04
2026-08-02 20:00:00,Erode,11.341,77.7172,45.23,Moderate,42.27
2026-08-02 21:00:00,Chennai,13.0827,80.2707,75.53,Severe,28.86
2026-08-02 21:00:00,Coimbatore,11.0168,76.9558,57.17,High,35.84
2026-08-02 21:00:00,Madurai,9.9252,78.1198,64.14,High,35.73
2026-08-02 21:00:00,Trichy,10.7905,78.7047,62.91,High,31.8
2026-08-02 21:00:00,Salem,11.6643,78.146,51.89,Moderate,33.58
2026-08-02 21:00:00,Tirunelveli,8.7139,77.7567,66.73,High,38.96
2026-08-02 21:00:00,Vellore,12.9165,79.1325,47.61,Moderate,42.41
2026-08-02 21:00:00,Erode,11.341,77.7172,43.42,Moderate,39.4
2026-08-02 22:00:00,Chennai,13.0827,80.2707,24.23,Low,50.91
2026-08-02 22:00:00,Coimbatore,11.0168,76.9558,35.99,Moderate,44.44
2026-08-02 22:00:00,Madurai,9.9252,78.1198,13.79,Low,56.07
2026-08-02 22:00:00,Trichy,10.7905,78.7047,20.36,Low,48.28
2026-08-02 22:00:00,Salem,11.6643,78.146,52.84,Moderate,37.46
2026-08-02 22:00:00,Tirunelveli,8.7139,77.7567,17.94,Low,49.86
2026-08-02 22:00:00,Vellore,12.9165,79.1325,0.0,Low,57.7
2026-08-02 22:00:00,Erode,11.341,77.7172,12.25,Low,55.98
2026-08-02 23:00:00,Chennai,13.0827,80.2707,16.15,Low,46.6
2026-08-02 23:00:00,Coimbatore,11.0168,76.9558,24.19,Low,48.74
2026-08-02 23:00:00,Madurai,9.9252,78.1198,10.21,Low,59.06
2026-08-02 23:00:00,Trichy,10.7905,78.7047,5.6,Low,61.69
2026-08-02 23:00:00,Salem,11.6643,78.146,11.73,Low,53.33
2026-08-02 23:00:00,Tirunelveli,8.7139,77.7567,0.0,Low,58.14
2026-08-02 23:00:00,Vellore,12.9165,79.1325,23.7,Low,48.3
2026-08-02 23:00:00,Erode,11.341,77.7172,13.21,Low,55.48
2026-08-03 00:00:00,Chennai,13.0827,80.2707,41.72,Moderate,39.92
2026-08-03 00:00:00,Coimbatore,11.0168,76.9558,16.13,Low,48.89
2026-08-03 00:00:00,Madurai,9.9252,78.1198,11.38,Low,52.74
2026-08-03 00:00:00,Trichy,10.7905,78.7047,33.56,Moderate,44.24
2026-08-03 00:00:00,Salem,11.6643,78.146,30.99,Moderate,47.86
2026-08-03 00:00:00,Tirunelveli,8.7139,77.7567,33.22,Moderate,42.73
2026-08-03 00:00:00,Vellore,12.9165,79.1325,30.6,Moderate,47.26
2026-08-03 00:00:00,Erode,11.341,77.7172,38.93,Moderate,41.1
2026-08-03 01:00:00,Chennai,13.0827,80.2707,20.94,Low,53.95
2026-08-03 01:00:00,Coimbatore,11.0168,76.9558,7.94,Low,59.53
2026-08-03 01:00:00,Madurai,9.9252,78.1198,30.3,Moderate,44.16
2026-08-03 01:00:00,Trichy,10.7905,78.7047,26.01,Low,47.23
2026-08-03 01:00:00,Salem,11.6643,78.146,45.22,Moderate,40.15
2026-08-03 01:00:00,Tirunelveli,8.7139,77.7567,18.51,Low,48.04
2026-08-03 01:00:00,Vellore,12.9165,79.1325,28.8,Low,45.64
2026-08-03 01:00:00,Erode,11.341,77.7172,28.58,Low,51.74
2026-08-03 02:00:00,Chennai,13.0827,80.2707,62.21,High,35.37
2026-08-03 02:00:00,Coimbatore,11.0168,76.9558,47.25,Moderate,42.48
2026-08-03 02:00:00,Madurai,9.9252,78.1198,26.1,Low,44.77
2026-08-03 02:00:00,Trichy,10.7905,78.7047,31.41,Moderate,47.67
2026-08-03 02:00:00,Salem,11.6643,78.146,41.4,Moderate,38.46
2026-08-03 02:00:00,Tirunelveli,8.7139,77.7567,41.24,Moderate,43.66
2026-08-03 02:00:00,Vellore,12.9165,79.1325,21.83,Low,49.97
2026-08-03 02:00:00,Erode,11.341,77.7172,7.61,Low,52.23
2026-08-03 03:00:00,Chennai,13.0827,80.2707,44.18,Moderate,43.54
2026-08-03 03:00:00,Coimbatore,11.0168,76.9558,23.98,Low,56.06
2026-08-03 03:00:00,Madurai,9.9252,78.1198,31.84,Moderate,49.85
2026-08-03 03:00:00,Trichy,10.7905,78.7047,32.57,Moderate,47.72
2026-08-03 03:00:00,Salem,11.6643,78.146,16.64,Low,55.3
2026-08-03 03:00:00,Tirunelveli,8.7139,77.7567,24.13,Low,54.99
2026-08-03 03:00:00,Vellore,12.9165,79.1325,38.99,Moderate,46.84
2026-08-03 03:00:00,Erode,11.341,77.7172,23.29,Low,48.17
2026-08-03 04:00:00,Chennai,13.0827,80.2707,57.79,High,30.11
2026-08-03 04:00:00,Coimbatore,11.0168,76.9558,38.75,Moderate,47.18
2026-08-03 04:00:00,Madurai,9.9252,78.1198,51.31,Moderate,43.03
2026-08-03 04:00:00,Trichy,10.7905,78.7047,23.77,Low,52.45
2026-08-03 04:00:00,Salem,11.6643,78.146,0.0,Low,59.32
2026-08-03 04:00:00,Tirunelveli,8.7139,77.7567,33.63,Moderate,47.58
2026-08-03 04:00:00,Vellore,12.9165,79.1325,24.0,Low,53.26
2026-08-03 04:00:00,Erode,11.341,77.7172,20.03,Low,45.44
2026-08-03 05:00:00,Chennai,13.0827,80.2707,48.33,Moderate,45.81
2026-08-03 05:00:00,Coimbatore,11.0168,76.9558,33.26,Moderate,43.9
2026-08-03 05:00:00,Madurai,9.9252,78.1198,43.31,Moderate,41.17
2026-08-03 05:00:00,Trichy,10.7905,78.7047,28.84,Low,44.62
2026-08-03 05:00:00,Salem,11.6643,78.146,31.94,Moderate,46.19
2026-08-03 05:00:00,Tirunelveli,8.7139,77.7567,38.41,Moderate,48.77
2026-08-03 05:00:00,Vellore,12.9165,79.1325,39.43,Moderate,40.06
2026-08-03 05:00:00,Erode,11.341,77.7172,24.7,Low,50.09
2026-08-03 06:00:00,Chennai,13.0827,80.2707,43.05,Moderate,40.39
2026-08-03 06:00:00,Coimbatore,11.0168,76.9558,29.09,Low,51.06
2026-08-03 06:00:00,Madurai,9.9252,78.1198,31.82,Moderate,45.07
2026-08-03 06:00:00,Trichy,10.7905,78.7047,26.75,Low,49.31
2026-08-03 06:00:00,Salem,11.6643,78.146,19.8,Low,51.55
2026-08-03 06:00:00,Tirunelveli,8.7139,77.7567,0.0,Low,60.51
2026-08-03 06:00:00,Vellore,12.9165,79.1325,16.66,Low,56.05
2026-08-03 06:00:00,Erode,11.341,77.7172,41.09,Moderate,47.51
2026-08-03 07:00:00,Chennai,13.0827,80.2707,68.59,High,34.48
2026-08-03 07:00:00,Coimbatore,11.0168,76.9558,76.06,Severe,30.66
2026-08-03 07:00:00,Madurai,9.9252,78.1198,65.66,High,33.79
2026-08-03 07:00:00,Trichy,10.7905,78.7047,41.23,Moderate,39.01
2026-08-03 07:00:00,Salem,11.6643,78.146,69.58,High,23.8
2026-08-03 07:00:00,Tirunelveli,8.7139,77.7567,59.64,High,31.44
2026-08-03 07:00:00,Vellore,12.9165,79.1325,56.73,High,41.51
2026-08-03 07:00:00,Erode,11.341,77.7172,49.79,Moderate,41.11
2026-08-03 08:00:00,Chennai,13.0827,80.2707,85.5,Severe,20.68
2026-08-03 08:00:00,Coimbatore,11.0168,76.9558,67.02,High,35.67
2026-08-03 08:00:00,Madurai,9.9252,78.1198,76.28,Severe,30.64
2026-08-03 08:00:00,Trichy,10.7905,78.7047,70.58,High,34.89
2026-08-03 08:00:00,Salem,11.6643,78.146,72.48,High,31.03
2026-08-03 08:00:00,Tirunelveli,8.7139,77.7567,85.98,Severe,24.22
2026-08-03 08:00:00,Vellore,12.9165,79.1325,71.34,High,29.5
2026-08-03 08:00:00,Erode,11.341,77.7172,77.45,Severe,28.24
2026-08-03 09:00:00,Chennai,13.0827,80.2707,85.67,Severe,26.2
2026-08-03 09:00:00,Coimbatore,11.0168,76.9558,65.02,High,33.94
2026-08-03 09:00:00,Madurai,9.9252,78.1198,59.37,High,35.64
2026-08-03 09:00:00,Trichy,10.7905,78.7047,67.12,High,34.5
2026-08-03 09:00:00,Salem,11.6643,78.146,63.97,High,32.42
2026-08-03 09:00:00,Tirunelveli,8.7139,77.7567,64.92,High,37.38
2026-08-03 09:00:00,Vellore,12.9165,79.1325,72.3,High,29.28
2026-08-03 09:00:00,Erode,11.341,77.7172,67.25,High,28.42
2026-08-03 10:00:00,Chennai,13.0827,80.2707,76.85,Severe,28.69
2026-08-03 10:00:00,Coimbatore,11.0168,76.9558,64.24,High,37.48
2026-08-03 10:00:00,Madurai,9.9252,78.1198,66.13,High,39.19
2026-08-03 10:00:00,Trichy,10.7905,78.7047,70.73,High,28.98
2026-08-03 10:00:00,Salem,11.6643,78.146,64.76,High,27.19
2026-08-03 10:00:00,Tirunelveli,8.7139,77.7567,64.83,High,36.74
2026-08-03 10:00:00,Vellore,12.9165,79.1325,71.4,High,30.19
2026-08-03 10:00:00,Erode,11.341,77.7172,60.34,High,36.43
2026-08-03 11:00:00,Chennai,13.0827,80.2707,71.99,High,28.81
2026-08-03 11:00:00,Coimbatore,11.0168,76.9558,42.06,Moderate,39.77
2026-08-03 11:00:00,Madurai,9.9252,78.1198,46.01,Moderate,38.99
2026-08-03 11:00:00,Trichy,10.7905,78.7047,33.82,Moderate,41.03
2026-08-03 11:00:00,Salem,11.6643,78.146,58.29,High,38.68
2026-08-03 11:00:00,Tirunelveli,8.7139,77.7567,61.02,High,29.76
2026-08-03 11:00:00,Vellore,12.9165,79.1325,59.98,High,38.44
2026-08-03 11:00:00,Erode,11.341,77.7172,39.32,Moderate,40.84
2026-08-03 12:00:00,Chennai,13.0827,80.2707,59.83,High,31.68
2026-08-03 12:00:00,Coimbatore,11.0168,76.9558,47.8,Moderate,37.09
2026-08-03 12:00:00,Madurai,9.9252,78.1198,33.35,Moderate,45.47
2026-08-03 12:00:00,Trichy,10.7905,78.7047,53.56,Moderate,38.76
2026-08-03 12:00:00,Salem,11.6643,78.146,44.98,Moderate,44.24
2026-08-03 12:00:00,Tirunelveli,8.7139,77.7567,39.81,Moderate,40.73
2026-08-03 12:00:00,Vellore,12.9165,79.1325,49.29,Moderate,39.95
2026-08-03 12:00:00,Erode,11.341,77.7172,49.99,Moderate,33.48
2026-08-03 13:00:00,Chennai,13.0827,80.2707,59.3,High,39.1
2026-08-03 13:00:00,Coimbatore,11.0168,76.9558,58.14,High,38.3
2026-08-03 13:00:00,Madurai,9.9252,78.1198,67.32,High,32.5
2026-08-03 13:00:00,Trichy,10.7905,78.7047,29.47,Low,48.34
2026-08-03 13:00:00,Salem,11.6643,78.146,54.33,Moderate,39.09
2026-08-03 13:00:00,Tirunelveli,8.7139,77.7567,24.08,Low,51.9
2026-08-03 13:00:00,Vellore,12.9165,79.1325,19.88,Low,53.74
2026-08-03 13:00:00,Erode,11.341,77.7172,53.71,Moderate,41.01
2026-08-03 14:00:00,Chennai,13.0827,80.2707,65.28,High,28.36
2026-08-03 14:00:00,Coimbatore,11.0168,76.9558,29.56,Low,48.32
2026-08-03 14:00:00,Madurai,9.9252,78.1198,43.94,Moderate,43.66
2026-08-03 14:00:00,Trichy,10.7905,78.7047,33.97,Moderate,48.4
2026-08-03 14:00:00,Salem,11.6643,78.146,50.57,Moderate,39.6
2026-08-03 14:00:00,Tirunelveli,8.7139,77.7567,27.24,Low,47.47
2026-08-03 14:00:00,Vellore,12.9165,79.1325,39.87,Moderate,35.98
2026-08-03 14:00:00,Erode,11.341,77.7172,53.85,Moderate,35.9
2026-08-03 15:00:00,Chennai,13.0827,80.2707,74.91,High,29.68
2026-08-03 15:00:00,Coimbatore,11.0168,76.9558,49.34,Moderate,44.38
2026-08-03 15:00:00,Madurai,9.9252,78.1198,39.79,Moderate,42.42
2026-08-03 15:00:00,Trichy,10.7905,78.7047,31.47,Moderate,47.96
2026-08-03 15:00:00,Salem,11.6643,78.146,26.95,Low,47.85
2026-08-03 15:00:00,Tirunelveli,8.7139,77.7567,41.69,Moderate,40.71
2026-08-03 15:00:00,Vellore,12.9165,79.1325,51.58,Moderate,36.96
2026-08-03 15:00:00,Erode,11.341,77.7172,63.84,High,38.16
2026-08-03 16:00:00,Chennai,13.0827,80.2707,82.12,Severe,23.35
2026-08-03 16:00:00,Coimbatore,11.0168,76.9558,54.67,Moderate,41.68
2026-08-03 16:00:00,Madurai,9.9252,78.1198,47.15,Moderate,36.05
2026-08-03 16:00:00,Trichy,10.7905,78.7047,42.8,Moderate,42.84
2026-08-03 16:00:00,Salem,11.6643,78.146,56.34,High,25.73
2026-08-03 16:00:00,Tirunelveli,8.7139,77.7567,29.46,Low,47.37
2026-08-03 16:00:00,Vellore,12.9165,79.1325,45.51,Moderate,44.31
2026-08-03 16:00:00,Erode,11.341,77.7172,53.64,Moderate,37.74
2026-08-03 17:00:00,Chennai,13.0827,80.2707,88.23,Severe,20.58
2026-08-03 17:00:00,Coimbatore,11.0168,76.9558,67.45,High,37.05
2026-08-03 17:00:00,Madurai,9.9252,78.1198,62.18,High,39.09
2026-08-03 17:00:00,Trichy,10.7905,78.7047,64.92,High,34.84
2026-08-03 17:00:00,Salem,11.6643,78.146,78.74,Severe,26.28
2026-08-03 17:00:00,Tirunelveli,8.7139,77.7567,64.1,High,29.54
2026-08-03 17:00:00,Vellore,12.9165,79.1325,76.72,Severe,25.84
2026-08-03 17:00:00,Erode,11.341,77.7172,40.57,Moderate,37.72
2026-08-03 18:00:00,Chennai,13.0827,80.2707,85.49,Severe,16.94
2026-08-03 18:00:00,Coimbatore,11.0168,76.9558,64.95,High,26.1
2026-08-03 18:00:00,Madurai,9.9252,78.1198,70.11,High,30.53
2026-08-03 18:00:00,Trichy,10.7905,78.7047,62.54,High,28.56
2026-08-03 18:00:00,Salem,11.6643,78.146,76.19,Severe,31.16
2026-08-03 18:00:00,Tirunelveli,8.7139,77.7567,80.5,Severe,26.4
2026-08-03 18:00:00,Vellore,12.9165,79.1325,54.88,Moderate,40.77
2026-08-03 18:00:00,Erode,11.341,77.7172,49.25,Moderate,39.23
2026-08-03 19:00:00,Chennai,13.0827,80.2707,84.09,Severe,25.73
2026-08-03 19:00:00,Coimbatore,11.0168,76.9558,74.46,High,32.58
2026-08-03 19:00:00,Madurai,9.9252,78.1198,78.18,Severe,29.23
2026-08-03 19:00:00,Trichy,10.7905,78.7047,71.26,High,30.58
2026-08-03 19:00:00,Salem,11.6643,78.146,67.95,High,34.12
2026-08-03 19:00:00,Tirunelveli,8.7139,77.7567,59.18,High,29.69
2026-08-03 19:00:00,Vellore,12.9165,79.1325,73.06,High,33.58
2026-08-03 19:00:00,Erode,11.341,77.7172,80.57,Severe,19.64
2026-08-03 20:00:00,Chennai,13.0827,80.2707,89.23,Severe,23.22
2026-08-03 20:00:00,Coimbatore,11.0168,76.9558,54.25,Moderate,44.2
2026-08-03 20:00:00,Madurai,9.9252,78.1198,71.49,High,34.89
2026-08-03 20:00:00,Trichy,10.7905,78.7047,60.77,High,37.3
2026-08-03 20:00:00,Salem,11.6643,78.146,80.88,Severe,22.77
2026-08-03 20:00:00,Tirunelveli,8.7139,77.7567,56.44,High,27.87
2026-08-03 20:00:00,Vellore,12.9165,79.1325,54.92,Moderate,41.92
2026-08-03 20:00:00,Erode,11.341,77.7172,71.57,High,29.34
2026-08-03 21:00:00,Chennai,13.0827,80.2707,70.53,High,27.79
2026-08-03 21:00:00,Coimbatore,11.0168,76.9558,85.24,Severe,21.02
2026-08-03 21:00:00,Madurai,9.9252,78.1198,61.99,High,34.0
2026-08-03 21:00:00,Trichy,10.7905,78.7047,57.63,High,34.33
2026-08-03 21:00:00,Salem,11.6643,78.146,70.29,High,30.05
2026-08-03 21:00:00,Tirunelveli,8.7139,77.7567,63.14,High,35.21
2026-08-03 21:00:00,Vellore,12.9165,79.1325,70.68,High,28.99
2026-08-03 21:00:00,Erode,11.341,77.7172,71.94,High,31.57
2026-08-03 22:00:00,Chennai,13.0827,80.2707,28.77,Low,49.37
2026-08-03 22:00:00,Coimbatore,11.0168,76.9558,16.69,Low,60.13
2026-08-03 22:00:00,Madurai,9.9252,78.1198,15.82,Low,46.71
2026-08-03 22:00:00,Trichy,10.7905,78.7047,17.24,Low,51.16
2026-08-03 22:00:00,Salem,11.6643,78.146,24.19,Low,43.33
2026-08-03 22:00:00,Tirunelveli,8.7139,77.7567,30.84,Moderate,50.02
2026-08-03 22:00:00,Vellore,12.9165,79.1325,29.16,Low,45.96
2026-08-03 22:00:00,Erode,11.341,77.7172,18.46,Low,50.51
2026-08-03 23:00:00,Chennai,13.0827,80.2707,32.56,Moderate,47.82
2026-08-03 23:00:00,Coimbatore,11.0168,76.9558,28.63,Low,48.65
2026-08-03 23:00:00,Madurai,9.9252,78.1198,32.07,Moderate,42.96
2026-08-03 23:00:00,Trichy,10.7905,78.7047,13.97,Low,56.42
2026-08-03 23:00:00,Salem,11.6643,78.146,15.61,Low,49.64
2026-08-03 23:00:00,Tirunelveli,8.7139,77.7567,33.91,Moderate,46.07
2026-08-03 23:00:00,Vellore,12.9165,79.1325,24.87,Low,48.39
2026-08-03 23:00:00,Erode,11.341,77.7172,53.58,Moderate,38.5
2026-08-04 00:00:00,Chennai,13.0827,80.2707,47.23,Moderate,41.8
2026-08-04 00:00:00,Coimbatore,11.0168,76.9558,18.69,Low,53.01
2026-08-04 00:00:00,Madurai,9.9252,78.1198,23.4,Low,47.32
2026-08-04 00:00:00,Trichy,10.7905,78.7047,26.54,Low,53.89
2026-08-04 00:00:00,Salem,11.6643,78.146,18.52,Low,59.04
2026-08-04 00:00:00,Tirunelveli,8.7139,77.7567,15.78,Low,46.94
2026-08-04 00:00:00,Vellore,12.9165,79.1325,25.41,Low,45.59
2026-08-04 00:00:00,Erode,11.341,77.7172,21.84,Low,48.39
2026-08-04 01:00:00,Chennai,13.0827,80.2707,31.54,Moderate,46.03
2026-08-04 01:00:00,Coimbatore,11.0168,76.9558,25.32,Low,51.54
2026-08-04 01:00:00,Madurai,9.9252,78.1198,10.47,Low,56.15
2026-08-04 01:00:00,Trichy,10.7905,78.7047,19.3,Low,52.41
2026-08-04 01:00:00,Salem,11.6643,78.146,41.91,Moderate,41.85
2026-08-04 01:00:00,Tirunelveli,8.7139,77.7567,36.22,Moderate,44.6
2026-08-04 01:00:00,Vellore,12.9165,79.1325,14.03,Low,60.62
2026-08-04 01:00:00,Erode,11.341,77.7172,25.42,Low,53.06
2026-08-04 02:00:00,Chennai,13.0827,80.2707,36.21,Moderate,45.32
2026-08-04 02:00:00,Coimbatore,11.0168,76.9558,24.65,Low,56.37
2026-08-04 02:00:00,Madurai,9.9252,78.1198,16.78,Low,51.82
2026-08-04 02:00:00,Trichy,10.7905,78.7047,36.41,Moderate,46.4
2026-08-04 02:00:00,Salem,11.6643,78.146,31.15,Moderate,47.67
2026-08-04 02:00:00,Tirunelveli,8.7139,77.7567,30.65,Moderate,45.62
2026-08-04 02:00:00,Vellore,12.9165,79.1325,19.42,Low,51.95
2026-08-04 02:00:00,Erode,11.341,77.7172,31.64,Moderate,48.97
2026-08-04 03:00:00,Chennai,13.0827,80.2707,51.19,Moderate,40.3
2026-08-04 03:00:00,Coimbatore,11.0168,76.9558,21.13,Low,52.08
2026-08-04 03:00:00,Madurai,9.9252,78.1198,24.58,Low,55.03
2026-08-04 03:00:00,Trichy,10.7905,78.7047,26.79,Low,46.75
2026-08-04 03:00:00,Salem,11.6643,78.146,29.71,Low,47.33
2026-08-04 03:00:00,Tirunelveli,8.7139,77.7567,23.8,Low,54.36
2026-08-04 03:00:00,Vellore,12.9165,79.1325,12.9,Low,54.33
2026-08-04 03:00:00,Erode,11.341,77.7172,12.97,Low,62.65
2026-08-04 04:00:00,Chennai,13.0827,80.2707,47.55,Moderate,40.42
2026-08-04 04:00:00,Coimbatore,11.0168,76.9558,8.94,Low,55.5
2026-08-04 04:00:00,Madurai,9.9252,78.1198,25.83,Low,51.65
2026-08-04 04:00:00,Trichy,10.7905,78.7047,22.82,Low,47.27
2026-08-04 04:00:00,Salem,11.6643,78.146,15.79,Low,55.83
2026-08-04 04:00:00,Tirunelveli,8.7139,77.7567,37.24,Moderate,41.81
2026-08-04 04:00:00,Vellore,12.9165,79.1325,31.9,Moderate,45.65
2026-08-04 04:00:00,Erode,11.341,77.7172,32.2,Moderate,50.08
2026-08-04 05:00:00,Chennai,13.0827,80.2707,24.55,Low,51.31
2026-08-04 05:00:00,Coimbatore,11.0168,76.9558,38.07,Moderate,41.89
2026-08-04 05:00:00,Madurai,9.9252,78.1198,23.08,Low,45.51
2026-08-04 05:00:00,Trichy,10.7905,78.7047,19.38,Low,55.22
2026-08-04 05:00:00,Salem,11.6643,78.146,18.46,Low,51.82
2026-08-04 05:00:00,Tirunelveli,8.7139,77.7567,32.99,Moderate,46.26
2026-08-04 05:00:00,Vellore,12.9165,79.1325,16.2,Low,51.6
2026-08-04 05:00:00,Erode,11.341,77.7172,31.19,Moderate,50.15
2026-08-04 06:00:00,Chennai,13.0827,80.2707,63.3,High,35.6
2026-08-04 06:00:00,Coimbatore,11.0168,76.9558,32.59,Moderate,46.0
2026-08-04 06:00:00,Madurai,9.9252,78.1198,22.66,Low,48.84
2026-08-04 06:00:00,Trichy,10.7905,78.7047,35.06,Moderate,46.41
2026-08-04 06:00:00,Salem,11.6643,78.146,31.43,Moderate,47.85
2026-08-04 06:00:00,Tirunelveli,8.7139,77.7567,20.48,Low,44.58
2026-08-04 06:00:00,Vellore,12.9165,79.1325,35.62,Moderate,46.86
2026-08-04 06:00:00,Erode,11.341,77.7172,38.74,Moderate,41.42
2026-08-04 07:00:00,Chennai,13.0827,80.2707,87.68,Severe,26.4
2026-08-04 07:00:00,Coimbatore,11.0168,76.9558,62.36,High,34.16
2026-08-04 07:00:00,Madurai,9.9252,78.1198,70.28,High,31.32
2026-08-04 07:00:00,Trichy,10.7905,78.7047,71.27,High,29.52
2026-08-04 07:00:00,Salem,11.6643,78.146,70.49,High,30.45
2026-08-04 07:00:00,Tirunelveli,8.7139,77.7567,57.73,High,29.47
2026-08-04 07:00:00,Vellore,12.9165,79.1325,60.74,High,35.04
2026-08-04 07:00:00,Erode,11.341,77.7172,54.49,Moderate,38.1
2026-08-04 08:00:00,Chennai,13.0827,80.2707,70.82,High,34.36
2026-08-04 08:00:00,Coimbatore,11.0168,76.9558,68.75,High,32.95
2026-08-04 08:00:00,Madurai,9.9252,78.1198,74.57,High,29.53
2026-08-04 08:00:00,Trichy,10.7905,78.7047,62.23,High,33.68
2026-08-04 08:00:00,Salem,11.6643,78.146,54.12,Moderate,38.07
2026-08-04 08:00:00,Tirunelveli,8.7139,77.7567,57.92,High,40.13
2026-08-04 08:00:00,Vellore,12.9165,79.1325,60.09,High,29.19
2026-08-04 08:00:00,Erode,11.341,77.7172,67.63,High,28.66
2026-08-04 09:00:00,Chennai,13.0827,80.2707,77.99,Severe,28.38
2026-08-04 09:00:00,Coimbatore,11.0168,76.9558,73.53,High,24.65
2026-08-04 09:00:00,Madurai,9.9252,78.1198,67.55,High,32.6
2026-08-04 09:00:00,Trichy,10.7905,78.7047,64.31,High,31.67
2026-08-04 09:00:00,Salem,11.6643,78.146,60.51,High,34.51
2026-08-04 09:00:00,Tirunelveli,8.7139,77.7567,53.84,Moderate,40.3
2026-08-04 09:00:00,Vellore,12.9165,79.1325,48.91,Moderate,43.86
2026-08-04 09:00:00,Erode,11.341,77.7172,59.3,High,31.27
2026-08-04 10:00:00,Chennai,13.0827,80.2707,86.07,Severe,19.49
2026-08-04 10:00:00,Coimbatore,11.0168,76.9558,64.1,High,34.22
2026-08-04 10:00:00,Madurai,9.9252,78.1198,59.08,High,32.66
2026-08-04 10:00:00,Trichy,10.7905,78.7047,48.01,Moderate,42.51
2026-08-04 10:00:00,Salem,11.6643,78.146,70.87,High,34.62
2026-08-04 10:00:00,Tirunelveli,8.7139,77.7567,64.29,High,35.87
2026-08-04 10:00:00,Vellore,12.9165,79.1325,69.89,High,34.91
2026-08-04 10:00:00,Erode,11.341,77.7172,60.45,High,36.85
2026-08-04 11:00:00,Chennai,13.0827,80.2707,54.78,Moderate,32.49
2026-08-04 11:00:00,Coimbatore,11.0168,76.9558,28.61,Low,48.88
2026-08-04 11:00:00,Madurai,9.9252,78.1198,44.3,Moderate,42.64
2026-08-04 11:00:00,Trichy,10.7905,78.7047,52.26,Moderate,32.44
2026-08-04 11:00:00,Salem,11.6643,78.146,59.99,High,34.8
2026-08-04 11:00:00,Tirunelveli,8.7139,77.7567,41.36,Moderate,41.75
2026-08-04 11:00:00,Vellore,12.9165,79.1325,45.37,Moderate,40.99
2026-08-04 11:00:00,Erode,11.341,77.7172,32.61,Moderate,45.17
2026-08-04 12:00:00,Chennai,13.0827,80.2707,61.43,High,44.37
2026-08-04 12:00:00,Coimbatore,11.0168,76.9558,60.92,High,35.97
2026-08-04 12:00:00,Madurai,9.9252,78.1198,27.3,Low,46.28
2026-08-04 12:00:00,Trichy,10.7905,78.7047,57.71,High,37.15
2026-08-04 12:00:00,Salem,11.6643,78.146,34.59,Moderate,49.05
2026-08-04 12:00:00,Tirunelveli,8.7139,77.7567,46.21,Moderate,36.74
2026-08-04 12:00:00,Vellore,12.9165,79.1325,48.25,Moderate,37.09
2026-08-04 12:00:00,Erode,11.341,77.7172,32.02,Moderate,47.57
2026-08-04 13:00:00,Chennai,13.0827,80.2707,57.32,High,38.33
2026-08-04 13:00:00,Coimbatore,11.0168,76.9558,50.45,Moderate,40.99
2026-08-04 13:00:00,Madurai,9.9252,78.1198,37.11,Moderate,43.77
2026-08-04 13:00:00,Trichy,10.7905,78.7047,44.84,Moderate,40.25
2026-08-04 13:00:00,Salem,11.6643,78.146,42.15,Moderate,44.14
2026-08-04 13:00:00,Tirunelveli,8.7139,77.7567,67.02,High,30.14
2026-08-04 13:00:00,Vellore,12.9165,79.1325,32.79,Moderate,47.62
2026-08-04 13:00:00,Erode,11.341,77.7172,48.68,Moderate,37.98
2026-08-04 14:00:00,Chennai,13.0827,80.2707,56.68,High,40.2
2026-08-04 14:00:00,Coimbatore,11.0168,76.9558,33.96,Moderate,45.98
2026-08-04 14:00:00,Madurai,9.9252,78.1198,41.0,Moderate,41.54
2026-08-04 14:00:00,Trichy,10.7905,78.7047,29.68,Low,47.91
2026-08-04 14:00:00,Salem,11.6643,78.146,46.3,Moderate,40.13
2026-08-04 14:00:00,Tirunelveli,8.7139,77.7567,33.19,Moderate,47.66
2026-08-04 14:00:00,Vellore,12.9165,79.1325,32.09,Moderate,49.08
2026-08-04 14:00:00,Erode,11.341,77.7172,31.64,Moderate,53.47
2026-08-04 15:00:00,Chennai,13.0827,80.2707,58.76,High,39.29
2026-08-04 15:00:00,Coimbatore,11.0168,76.9558,33.21,Moderate,43.0
2026-08-04 15:00:00,Madurai,9.9252,78.1198,43.33,Moderate,36.93
2026-08-04 15:00:00,Trichy,10.7905,78.7047,45.15,Moderate,42.93
2026-08-04 15:00:00,Salem,11.6643,78.146,47.79,Moderate,39.09
2026-08-04 15:00:00,Tirunelveli,8.7139,77.7567,38.43,Moderate,46.1
2026-08-04 15:00:00,Vellore,12.9165,79.1325,43.53,Moderate,45.18
2026-08-04 15:00:00,Erode,11.341,77.7172,48.62,Moderate,38.13
2026-08-04 16:00:00,Chennai,13.0827,80.2707,35.13,Moderate,45.77
2026-08-04 16:00:00,Coimbatore,11.0168,76.9558,47.9,Moderate,35.56
2026-08-04 16:00:00,Madurai,9.9252,78.1198,41.13,Moderate,42.36
2026-08-04 16:00:00,Trichy,10.7905,78.7047,44.91,Moderate,47.15
2026-08-04 16:00:00,Salem,11.6643,78.146,35.11,Moderate,45.33
2026-08-04 16:00:00,Tirunelveli,8.7139,77.7567,53.84,Moderate,34.48
2026-08-04 16:00:00,Vellore,12.9165,79.1325,53.46,Moderate,36.04
2026-08-04 16:00:00,Erode,11.341,77.7172,35.62,Moderate,43.93
2026-08-04 17:00:00,Chennai,13.0827,80.2707,90.64,Severe,24.25
2026-08-04 17:00:00,Coimbatore,11.0168,76.9558,67.56,High,32.52
2026-08-04 17:00:00,Madurai,9.9252,78.1198,73.55,High,28.03
2026-08-04 17:00:00,Trichy,10.7905,78.7047,64.66,High,30.27
2026-08-04 17:00:00,Salem,11.6643,78.146,73.43,High,26.71
2026-08-04 17:00:00,Tirunelveli,8.7139,77.7567,83.39,Severe,24.0
2026-08-04 17:00:00,Vellore,12.9165,79.1325,61.64,High,33.55
2026-08-04 17:00:00,Erode,11.341,77.7172,60.3,High,29.74
2026-08-04 18:00:00,Chennai,13.0827,80.2707,68.86,High,30.1
2026-08-04 18:00:00,Coimbatore,11.0168,76.9558,59.1,High,34.53
2026-08-04 18:00:00,Madurai,9.9252,78.1198,57.34,High,39.39
2026-08-04 18:00:00,Trichy,10.7905,78.7047,72.96,High,33.89
2026-08-04 18:00:00,Salem,11.6643,78.146,70.81,High,26.87
2026-08-04 18:00:00,Tirunelveli,8.7139,77.7567,69.59,High,32.31
2026-08-04 18:00:00,Vellore,12.9165,79.1325,38.28,Moderate,42.53
2026-08-04 18:00:00,Erode,11.341,77.7172,78.72,Severe,24.32
2026-08-04 19:00:00,Chennai,13.0827,80.2707,91.56,Severe,22.3
2026-08-04 19:00:00,Coimbatore,11.0168,76.9558,59.4,High,38.1
2026-08-04 19:00:00,Madurai,9.9252,78.1198,63.91,High,33.77
2026-08-04 19:00:00,Trichy,10.7905,78.7047,61.45,High,33.77
2026-08-04 19:00:00,Salem,11.6643,78.146,69.14,High,33.73
2026-08-04 19:00:00,Tirunelveli,8.7139,77.7567,69.27,High,32.09
2026-08-04 19:00:00,Vellore,12.9165,79.1325,58.92,High,38.76
2026-08-04 19:00:00,Erode,11.341,77.7172,85.78,Severe,23.3
2026-08-04 20:00:00,Chennai,13.0827,80.2707,78.07,Severe,27.18
2026-08-04 20:00:00,Coimbatore,11.0168,76.9558,60.38,High,34.67
2026-08-04 20:00:00,Madurai,9.9252,78.1198,58.42,High,34.48
2026-08-04 20:00:00,Trichy,10.7905,78.7047,73.06,High,27.94
2026-08-04 20:00:00,Salem,11.6643,78.146,63.34,High,30.49
2026-08-04 20:00:00,Tirunelveli,8.7139,77.7567,71.25,High,24.2
2026-08-04 20:00:00,Vellore,12.9165,79.1325,62.16,High,33.86
2026-08-04 20:00:00,Erode,11.341,77.7172,75.51,Severe,27.72
2026-08-04 21:00:00,Chennai,13.0827,80.2707,80.73,Severe,22.33
2026-08-04 21:00:00,Coimbatore,11.0168,76.9558,61.86,High,32.71
2026-08-04 21:00:00,Madurai,9.9252,78.1198,69.94,High,31.59
2026-08-04 21:00:00,Trichy,10.7905,78.7047,70.28,High,31.24
2026-08-04 21:00:00,Salem,11.6643,78.146,77.49,Severe,23.66
2026-08-04 21:00:00,Tirunelveli,8.7139,77.7567,65.53,High,29.36
2026-08-04 21:00:00,Vellore,12.9165,79.1325,63.11,High,33.79
2026-08-04 21:00:00,Erode,11.341,77.7172,65.86,High,31.33
2026-08-04 22:00:00,Chennai,13.0827,80.2707,43.92,Moderate,44.94
2026-08-04 22:00:00,Coimbatore,11.0168,76.9558,5.36,Low,62.24
2026-08-04 22:00:00,Madurai,9.9252,78.1198,19.25,Low,46.74
2026-08-04 22:00:00,Trichy,10.7905,78.7047,11.08,Low,54.74
2026-08-04 22:00:00,Salem,11.6643,78.146,27.76,Low,48.87
2026-08-04 22:00:00,Tirunelveli,8.7139,77.7567,6.82,Low,58.16
2026-08-04 22:00:00,Vellore,12.9165,79.1325,24.87,Low,49.05
2026-08-04 22:00:00,Erode,11.341,77.7172,29.03,Low,45.54
2026-08-04 23:00:00,Chennai,13.0827,80.2707,41.53,Moderate,41.15
2026-08-04 23:00:00,Coimbatore,11.0168,76.9558,25.11,Low,44.91
2026-08-04 23:00:00,Madurai,9.9252,78.1198,10.63,Low,53.13
2026-08-04 23:00:00,Trichy,10.7905,78.7047,23.82,Low,48.95
2026-08-04 23:00:00,Salem,11.6643,78.146,13.89,Low,57.86
2026-08-04 23:00:00,Tirunelveli,8.7139,77.7567,36.96,Moderate,48.03
2026-08-04 23:00:00,Vellore,12.9165,79.1325,56.88,High,35.49
2026-08-04 23:00:00,Erode,11.341,77.7172,29.51,Low,51.34
2026-08-05 00:00:00,Chennai,13.0827,80.2707,39.44,Moderate,48.56
2026-08-05 00:00:00,Coimbatore,11.0168,76.9558,32.97,Moderate,42.09
2026-08-05 00:00:00,Madurai,9.9252,78.1198,22.42,Low,53.49
2026-08-05 00:00:00,Trichy,10.7905,78.7047,22.83,Low,46.85
2026-08-05 00:00:00,Salem,11.6643,78.146,41.94,Moderate,40.0
2026-08-05 00:00:00,Tirunelveli,8.7139,77.7567,11.93,Low,55.99
2026-08-05 00:00:00,Vellore,12.9165,79.1325,4.38,Low,56.32
2026-08-05 00:00:00,Erode,11.341,77.7172,38.77,Moderate,39.63
2026-08-05 01:00:00,Chennai,13.0827,80.2707,53.9,Moderate,40.18
2026-08-05 01:00:00,Coimbatore,11.0168,76.9558,11.29,Low,53.42
2026-08-05 01:00:00,Madurai,9.9252,78.1198,26.88,Low,39.48
2026-08-05 01:00:00,Trichy,10.7905,78.7047,22.9,Low,50.94
2026-08-05 01:00:00,Salem,11.6643,78.146,3.76,Low,61.11
2026-08-05 01:00:00,Tirunelveli,8.7139,77.7567,22.38,Low,53.55
2026-08-05 01:00:00,Vellore,12.9165,79.1325,31.92,Moderate,48.93
2026-08-05 01:00:00,Erode,11.341,77.7172,19.04,Low,53.31
2026-08-05 02:00:00,Chennai,13.0827,80.2707,46.54,Moderate,39.8
2026-08-05 02:00:00,Coimbatore,11.0168,76.9558,31.29,Moderate,48.51
2026-08-05 02:00:00,Madurai,9.9252,78.1198,5.97,Low,58.84
2026-08-05 02:00:00,Trichy,10.7905,78.7047,20.38,Low,51.25
2026-08-05 02:00:00,Salem,11.6643,78.146,26.37,Low,43.49
2026-08-05 02:00:00,Tirunelveli,8.7139,77.7567,29.55,Low,44.86
2026-08-05 02:00:00,Vellore,12.9165,79.1325,30.49,Moderate,44.78
2026-08-05 02:00:00,Erode,11.341,77.7172,24.73,Low,49.76
2026-08-05 03:00:00,Chennai,13.0827,80.2707,31.17,Moderate,51.71
2026-08-05 03:00:00,Coimbatore,11.0168,76.9558,29.66,Low,44.61
2026-08-05 03:00:00,Madurai,9.9252,78.1198,14.98,Low,53.33
2026-08-05 03:00:00,Trichy,10.7905,78.7047,35.51,Moderate,43.5
2026-08-05 03:00:00,Salem,11.6643,78.146,18.17,Low,51.72
2026-08-05 03:00:00,Tirunelveli,8.7139,77.7567,11.24,Low,58.9
2026-08-05 03:00:00,Vellore,12.9165,79.1325,10.93,Low,51.17
2026-08-05 03:00:00,Erode,11.341,77.7172,26.97,Low,49.39
2026-08-05 04:00:00,Chennai,13.0827,80.2707,24.78,Low,49.36
2026-08-05 04:00:00,Coimbatore,11.0168,76.9558,28.21,Low,48.86
2026-08-05 04:00:00,Madurai,9.9252,78.1198,21.27,Low,52.95
2026-08-05 04:00:00,Trichy,10.7905,78.7047,22.62,Low,48.17
2026-08-05 04:00:00,Salem,11.6643,78.146,25.45,Low,47.5
2026-08-05 04:00:00,Tirunelveli,8.7139,77.7567,35.32,Moderate,45.1
2026-08-05 04:00:00,Vellore,12.9165,79.1325,10.87,Low,53.73
2026-08-05 04:00:00,Erode,11.341,77.7172,35.71,Moderate,47.39
2026-08-05 05:00:00,Chennai,13.0827,80.2707,41.94,Moderate,47.45
2026-08-05 05:00:00,Coimbatore,11.0168,76.9558,32.62,Moderate,46.41
2026-08-05 05:00:00,Madurai,9.9252,78.1198,13.26,Low,57.31
2026-08-05 05:00:00,Trichy,10.7905,78.7047,23.25,Low,52.86
2026-08-05 05:00:00,Salem,11.6643,78.146,18.1,Low,46.97
2026-08-05 05:00:00,Tirunelveli,8.7139,77.7567,28.62,Low,50.72
2026-08-05 05:00:00,Vellore,12.9165,79.1325,26.22,Low,49.11
2026-08-05 05:00:00,Erode,11.341,77.7172,18.21,Low,51.61
2026-08-05 06:00:00,Chennai,13.0827,80.2707,52.94,Moderate,41.12
2026-08-05 06:00:00,Coimbatore,11.0168,76.9558,9.63,Low,56.69
2026-08-05 06:00:00,Madurai,9.9252,78.1198,23.11,Low,48.53
2026-08-05 06:00:00,Trichy,10.7905,78.7047,30.55,Moderate,52.81
2026-08-05 06:00:00,Salem,11.6643,78.146,31.72,Moderate,51.36
2026-08-05 06:00:00,Tirunelveli,8.7139,77.7567,31.96,Moderate,39.09
2026-08-05 06:00:00,Vellore,12.9165,79.1325,43.46,Moderate,38.73
2026-08-05 06:00:00,Erode,11.341,77.7172,29.74,Low,46.01
2026-08-05 07:00:00,Chennai,13.0827,80.2707,83.13,Severe,25.83
2026-08-05 07:00:00,Coimbatore,11.0168,76.9558,55.31,High,36.61
2026-08-05 07:00:00,Madurai,9.9252,78.1198,79.35,Severe,25.31
2026-08-05 07:00:00,Trichy,10.7905,78.7047,71.89,High,22.79
2026-08-05 07:00:00,Salem,11.6643,78.146,57.18,High,36.89
2026-08-05 07:00:00,Tirunelveli,8.7139,77.7567,61.13,High,35.83
2026-08-05 07:00:00,Vellore,12.9165,79.1325,78.97,Severe,27.97
2026-08-05 07:00:00,Erode,11.341,77.7172,68.79,High,30.46
2026-08-05 08:00:00,Chennai,13.0827,80.2707,88.39,Severe,30.85
2026-08-05 08:00:00,Coimbatore,11.0168,76.9558,73.8,High,30.11
2026-08-05 08:00:00,Madurai,9.9252,78.1198,83.86,Severe,30.11
2026-08-05 08:00:00,Trichy,10.7905,78.7047,55.94,High,38.79
2026-08-05 08:00:00,Salem,11.6643,78.146,52.69,Moderate,36.73
2026-08-05 08:00:00,Tirunelveli,8.7139,77.7567,64.85,High,31.66
2026-08-05 08:00:00,Vellore,12.9165,79.1325,55.63,High,42.13
2026-08-05 08:00:00,Erode,11.341,77.7172,68.52,High,31.13
2026-08-05 09:00:00,Chennai,13.0827,80.2707,92.86,Severe,24.85
2026-08-05 09:00:00,Coimbatore,11.0168,76.9558,55.01,High,38.11
2026-08-05 09:00:00,Madurai,9.9252,78.1198,52.6,Moderate,35.72
2026-08-05 09:00:00,Trichy,10.7905,78.7047,57.96,High,34.42
2026-08-05 09:00:00,Salem,11.6643,78.146,74.04,High,22.07
2026-08-05 09:00:00,Tirunelveli,8.7139,77.7567,42.99,Moderate,38.59
2026-08-05 09:00:00,Vellore,12.9165,79.1325,70.4,High,34.39
2026-08-05 09:00:00,Erode,11.341,77.7172,68.9,High,30.23
2026-08-05 10:00:00,Chennai,13.0827,80.2707,64.6,High,29.84
2026-08-05 10:00:00,Coimbatore,11.0168,76.9558,55.41,High,36.94
2026-08-05 10:00:00,Madurai,9.9252,78.1198,67.21,High,34.21
2026-08-05 10:00:00,Trichy,10.7905,78.7047,68.36,High,33.01
2026-08-05 10:00:00,Salem,11.6643,78.146,50.21,Moderate,36.92
2026-08-05 10:00:00,Tirunelveli,8.7139,77.7567,81.08,Severe,25.88
2026-08-05 10:00:00,Vellore,12.9165,79.1325,67.5,High,31.88
2026-08-05 10:00:00,Erode,11.341,77.7172,72.16,High,26.74
2026-08-05 11:00:00,Chennai,13.0827,80.2707,47.96,Moderate,47.17
2026-08-05 11:00:00,Coimbatore,11.0168,76.9558,31.45,Moderate,45.68
2026-08-05 11:00:00,Madurai,9.9252,78.1198,30.17,Moderate,47.1
2026-08-05 11:00:00,Trichy,10.7905,78.7047,33.93,Moderate,44.62
2026-08-05 11:00:00,Salem,11.6643,78.146,37.86,Moderate,43.76
2026-08-05 11:00:00,Tirunelveli,8.7139,77.7567,30.57,Moderate,49.86
2026-08-05 11:00:00,Vellore,12.9165,79.1325,47.99,Moderate,43.45
2026-08-05 11:00:00,Erode,11.341,77.7172,55.6,High,41.38
2026-08-05 12:00:00,Chennai,13.0827,80.2707,63.01,High,30.06
2026-08-05 12:00:00,Coimbatore,11.0168,76.9558,56.18,High,34.08
2026-08-05 12:00:00,Madurai,9.9252,78.1198,46.88,Moderate,38.9
2026-08-05 12:00:00,Trichy,10.7905,78.7047,51.08,Moderate,37.8
2026-08-05 12:00:00,Salem,11.6643,78.146,44.4,Moderate,37.03
2026-08-05 12:00:00,Tirunelveli,8.7139,77.7567,53.4,Moderate,36.93
2026-08-05 12:00:00,Vellore,12.9165,79.1325,33.52,Moderate,45.14
2026-08-05 12:00:00,Erode,11.341,77.7172,43.12,Moderate,39.1
2026-08-05 13:00:00,Chennai,13.0827,80.2707,78.51,Severe,27.61
2026-08-05 13:00:00,Coimbatore,11.0168,76.9558,39.24,Moderate,36.99
2026-08-05 13:00:00,Madurai,9.9252,78.1198,44.19,Moderate,43.57
2026-08-05 13:00:00,Trichy,10.7905,78.7047,41.94,Moderate,38.43
2026-08-05 13:00:00,Salem,11.6643,78.146,43.66,Moderate,41.3
2026-08-05 13:00:00,Tirunelveli,8.7139,77.7567,43.11,Moderate,43.44
2026-08-05 13:00:00,Vellore,12.9165,79.1325,39.44,Moderate,46.3
2026-08-05 13:00:00,Erode,11.341,77.7172,53.37,Moderate,37.11
2026-08-05 14:00:00,Chennai,13.0827,80.2707,52.1,Moderate,37.62
2026-08-05 14:00:00,Coimbatore,11.0168,76.9558,42.59,Moderate,41.95
2026-08-05 14:00:00,Madurai,9.9252,78.1198,54.1,Moderate,33.09
2026-08-05 14:00:00,Trichy,10.7905,78.7047,40.79,Moderate,45.43
2026-08-05 14:00:00,Salem,11.6643,78.146,48.17,Moderate,40.05
2026-08-05 14:00:00,Tirunelveli,8.7139,77.7567,44.88,Moderate,41.23
2026-08-05 14:00:00,Vellore,12.9165,79.1325,38.5,Moderate,44.12
2026-08-05 14:00:00,Erode,11.341,77.7172,41.84,Moderate,42.6
2026-08-05 15:00:00,Chennai,13.0827,80.2707,54.84,Moderate,36.01
2026-08-05 15:00:00,Coimbatore,11.0168,76.9558,50.02,Moderate,44.83
2026-08-05 15:00:00,Madurai,9.9252,78.1198,62.17,High,34.02
2026-08-05 15:00:00,Trichy,10.7905,78.7047,53.17,Moderate,44.57
2026-08-05 15:00:00,Salem,11.6643,78.146,49.87,Moderate,36.37
2026-08-05 15:00:00,Tirunelveli,8.7139,77.7567,53.67,Moderate,35.73
2026-08-05 15:00:00,Vellore,12.9165,79.1325,32.65,Moderate,41.8
2026-08-05 15:00:00,Erode,11.341,77.7172,38.65,Moderate,42.15
2026-08-05 16:00:00,Chennai,13.0827,80.2707,77.14,Severe,25.19
2026-08-05 16:00:00,Coimbatore,11.0168,76.9558,39.43,Moderate,38.38
2026-08-05 16:00:00,Madurai,9.9252,78.1198,46.12,Moderate,41.47
2026-08-05 16:00:00,Trichy,10.7905,78.7047,50.56,Moderate,41.91
2026-08-05 16:00:00,Salem,11.6643,78.146,45.5,Moderate,41.03
2026-08-05 16:00:00,Tirunelveli,8.7139,77.7567,47.91,Moderate,38.53
2026-08-05 16:00:00,Vellore,12.9165,79.1325,47.09,Moderate,36.52
2026-08-05 16:00:00,Erode,11.341,77.7172,46.51,Moderate,33.34
2026-08-05 17:00:00,Chennai,13.0827,80.2707,97.5,Severe,13.37
2026-08-05 17:00:00,Coimbatore,11.0168,76.9558,71.41,High,30.45
2026-08-05 17:00:00,Madurai,9.9252,78.1198,70.9,High,29.5
2026-08-05 17:00:00,Trichy,10.7905,78.7047,72.38,High,28.26
2026-08-05 17:00:00,Salem,11.6643,78.146,67.18,High,34.08
2026-08-05 17:00:00,Tirunelveli,8.7139,77.7567,67.95,High,32.46
2026-08-05 17:00:00,Vellore,12.9165,79.1325,57.01,High,33.94
2026-08-05 17:00:00,Erode,11.341,77.7172,64.64,High,31.72
2026-08-05 18:00:00,Chennai,13.0827,80.2707,67.62,High,32.75
2026-08-05 18:00:00,Coimbatore,11.0168,76.9558,70.61,High,31.34
2026-08-05 18:00:00,Madurai,9.9252,78.1198,74.95,High,26.05
2026-08-05 18:00:00,Trichy,10.7905,78.7047,66.89,High,37.2
2026-08-05 18:00:00,Salem,11.6643,78.146,74.86,High,31.05
2026-08-05 18:00:00,Tirunelveli,8.7139,77.7567,71.8,High,28.66
2026-08-05 18:00:00,Vellore,12.9165,79.1325,55.2,High,42.01
2026-08-05 18:00:00,Erode,11.341,77.7172,73.92,High,32.97
2026-08-05 19:00:00,Chennai,13.0827,80.2707,63.84,High,29.88
2026-08-05 19:00:00,Coimbatore,11.0168,76.9558,60.0,High,35.54
2026-08-05 19:00:00,Madurai,9.9252,78.1198,80.61,Severe,27.9
2026-08-05 19:00:00,Trichy,10.7905,78.7047,55.65,High,36.5
2026-08-05 19:00:00,Salem,11.6643,78.146,69.71,High,28.28
2026-08-05 19:00:00,Tirunelveli,8.7139,77.7567,62.94,High,34.98
2026-08-05 19:00:00,Vellore,12.9165,79.1325,71.81,High,28.52
2026-08-05 19:00:00,Erode,11.341,77.7172,61.27,High,36.21
2026-08-05 20:00:00,Chennai,13.0827,80.2707,85.51,Severe,29.34
2026-08-05 20:00:00,Coimbatore,11.0168,76.9558,57.96,High,28.92
2026-08-05 20:00:00,Madurai,9.9252,78.1198,71.56,High,35.62
2026-08-05 20:00:00,Trichy,10.7905,78.7047,44.08,Moderate,39.03
2026-08-05 20:00:00,Salem,11.6643,78.146,61.96,High,33.09
2026-08-05 20:00:00,Tirunelveli,8.7139,77.7567,68.92,High,29.8
2026-08-05 20:00:00,Vellore,12.9165,79.1325,73.13,High,29.12
2026-08-05 20:00:00,Erode,11.341,77.7172,65.07,High,35.05
2026-08-05 21:00:00,Chennai,13.0827,80.2707,83.87,Severe,24.78
2026-08-05 21:00:00,Coimbatore,11.0168,76.9558,51.73,Moderate,38.54
2026-08-05 21:00:00,Madurai,9.9252,78.1198,58.55,High,37.76
2026-08-05 21:00:00,Trichy,10.7905,78.7047,59.69,High,36.69
2026-08-05 21:00:00,Salem,11.6643,78.146,70.42,High,30.06
2026-08-05 21:00:00,Tirunelveli,8.7139,77.7567,57.25,High,31.15
2026-08-05 21:00:00,Vellore,12.9165,79.1325,83.05,Severe,23.61
2026-08-05 21:00:00,Erode,11.341,77.7172,72.0,High,28.66
2026-08-05 22:00:00,Chennai,13.0827,80.2707,33.62,Moderate,46.25
2026-08-05 22:00:00,Coimbatore,11.0168,76.9558,26.18,Low,49.52
2026-08-05 22:00:00,Madurai,9.9252,78.1198,37.87,Moderate,42.74
2026-08-05 22:00:00,Trichy,10.7905,78.7047,34.13,Moderate,44.49
2026-08-05 22:00:00,Salem,11.6643,78.146,20.75,Low,52.25
2026-08-05 22:00:00,Tirunelveli,8.7139,77.7567,31.07,Moderate,49.01
2026-08-05 22:00:00,Vellore,12.9165,79.1325,7.69,Low,58.53
2026-08-05 22:00:00,Erode,11.341,77.7172,21.45,Low,53.09
2026-08-05 23:00:00,Chennai,13.0827,80.2707,38.33,Moderate,40.04
2026-08-05 23:00:00,Coimbatore,11.0168,76.9558,18.06,Low,54.51
2026-08-05 23:00:00,Madurai,9.9252,78.1198,19.41,Low,48.29
2026-08-05 23:00:00,Trichy,10.7905,78.7047,15.71,Low,52.48
2026-08-05 23:00:00,Salem,11.6643,78.146,22.55,Low,44.95
2026-08-05 23:00:00,Tirunelveli,8.7139,77.7567,24.05,Low,47.09
2026-08-05 23:00:00,Vellore,12.9165,79.1325,17.06,Low,47.94
2026-08-05 23:00:00,Erode,11.341,77.7172,45.24,Moderate,40.59
2026-08-06 00:00:00,Chennai,13.0827,80.2707,32.35,Moderate,45.59
2026-08-06 00:00:00,Coimbatore,11.0168,76.9558,35.53,Moderate,43.33
2026-08-06 00:00:00,Madurai,9.9252,78.1198,22.94,Low,52.85
2026-08-06 00:00:00,Trichy,10.7905,78.7047,12.49,Low,50.74
2026-08-06 00:00:00,Salem,11.6643,78.146,33.03,Moderate,52.41
2026-08-06 00:00:00,Tirunelveli,8.7139,77.7567,18.76,Low,49.72
2026-08-06 00:00:00,Vellore,12.9165,79.1325,25.35,Low,48.35
2026-08-06 00:00:00,Erode,11.341,77.7172,27.25,Low,48.23
2026-08-06 01:00:00,Chennai,13.0827,80.2707,34.65,Moderate,46.17
2026-08-06 01:00:00,Coimbatore,11.0168,76.9558,31.51,Moderate,47.62
2026-08-06 01:00:00,Madurai,9.9252,78.1198,21.62,Low,53.2
2026-08-06 01:00:00,Trichy,10.7905,78.7047,23.56,Low,47.22
2026-08-06 01:00:00,Salem,11.6643,78.146,20.24,Low,49.72
2026-08-06 01:00:00,Tirunelveli,8.7139,77.7567,36.87,Moderate,43.19
2026-08-06 01:00:00,Vellore,12.9165,79.1325,32.27,Moderate,47.86
2026-08-06 01:00:00,Erode,11.341,77.7172,16.22,Low,55.07
2026-08-06 02:00:00,Chennai,13.0827,80.2707,37.61,Moderate,42.72
2026-08-06 02:00:00,Coimbatore,11.0168,76.9558,5.53,Low,53.79
2026-08-06 02:00:00,Madurai,9.9252,78.1198,12.56,Low,57.07
2026-08-06 02:00:00,Trichy,10.7905,78.7047,15.7,Low,50.17
2026-08-06 02:00:00,Salem,11.6643,78.146,13.11,Low,58.78
2026-08-06 02:00:00,Tirunelveli,8.7139,77.7567,2.6,Low,62.87
2026-08-06 02:00:00,Vellore,12.9165,79.1325,11.26,Low,50.29
2026-08-06 02:00:00,Erode,11.341,77.7172,26.11,Low,46.22
2026-08-06 03:00:00,Chennai,13.0827,80.2707,26.21,Low,51.57
2026-08-06 03:00:00,Coimbatore,11.0168,76.9558,17.94,Low,60.85
2026-08-06 03:00:00,Madurai,9.9252,78.1198,27.07,Low,49.39
2026-08-06 03:00:00,Trichy,10.7905,78.7047,27.28,Low,47.88
2026-08-06 03:00:00,Salem,11.6643,78.146,20.8,Low,54.59
2026-08-06 03:00:00,Tirunelveli,8.7139,77.7567,25.85,Low,52.1
2026-08-06 03:00:00,Vellore,12.9165,79.1325,35.83,Moderate,45.72
2026-08-06 03:00:00,Erode,11.341,77.7172,16.79,Low,57.52
2026-08-06 04:00:00,Chennai,13.0827,80.2707,34.94,Moderate,40.73
2026-08-06 04:00:00,Coimbatore,11.0168,76.9558,42.74,Moderate,38.33
2026-08-06 04:00:00,Madurai,9.9252,78.1198,33.38,Moderate,43.53
2026-08-06 04:00:00,Trichy,10.7905,78.7047,20.76,Low,48.0
2026-08-06 04:00:00,Salem,11.6643,78.146,18.75,Low,51.7
2026-08-06 04:00:00,Tirunelveli,8.7139,77.7567,9.45,Low,60.55
2026-08-06 04:00:00,Vellore,12.9165,79.1325,27.06,Low,53.79
2026-08-06 04:00:00,Erode,11.341,77.7172,14.22,Low,55.51
2026-08-06 05:00:00,Chennai,13.0827,80.2707,43.54,Moderate,38.59
2026-08-06 05:00:00,Coimbatore,11.0168,76.9558,25.89,Low,44.96
2026-08-06 05:00:00,Madurai,9.9252,78.1198,24.02,Low,50.96
2026-08-06 05:00:00,Trichy,10.7905,78.7047,41.21,Moderate,44.65
2026-08-06 05:00:00,Salem,11.6643,78.146,18.6,Low,57.33
2026-08-06 05:00:00,Tirunelveli,8.7139,77.7567,21.92,Low,47.06
2026-08-06 05:00:00,Vellore,12.9165,79.1325,33.83,Moderate,44.8
2026-08-06 05:00:00,Erode,11.341,77.7172,21.91,Low,51.35
2026-08-06 06:00:00,Chennai,13.0827,80.2707,25.49,Low,54.14
2026-08-06 06:00:00,Coimbatore,11.0168,76.9558,31.23,Moderate,44.01
2026-08-06 06:00:00,Madurai,9.9252,78.1198,21.8,Low,51.27
2026-08-06 06:00:00,Trichy,10.7905,78.7047,21.34,Low,46.89
2026-08-06 06:00:00,Salem,11.6643,78.146,28.89,Low,49.75
2026-08-06 06:00:00,Tirunelveli,8.7139,77.7567,19.7,Low,50.92
2026-08-06 06:00:00,Vellore,12.9165,79.1325,38.19,Moderate,37.51
2026-08-06 06:00:00,Erode,11.341,77.7172,5.5,Low,59.66
2026-08-06 07:00:00,Chennai,13.0827,80.2707,76.22,Severe,32.5
2026-08-06 07:00:00,Coimbatore,11.0168,76.9558,59.79,High,33.46
2026-08-06 07:00:00,Madurai,9.9252,78.1198,69.38,High,27.61
2026-08-06 07:00:00,Trichy,10.7905,78.7047,83.68,Severe,22.77
2026-08-06 07:00:00,Salem,11.6643,78.146,67.82,High,30.25
2026-08-06 07:00:00,Tirunelveli,8.7139,77.7567,66.17,High,27.64
2026-08-06 07:00:00,Vellore,12.9165,79.1325,80.18,Severe,26.2
2026-08-06 07:00:00,Erode,11.341,77.7172,67.38,High,34.31
2026-08-06 08:00:00,Chennai,13.0827,80.2707,78.54,Severe,27.94
2026-08-06 08:00:00,Coimbatore,11.0168,76.9558,55.25,High,36.22
2026-08-06 08:00:00,Madurai,9.9252,78.1198,74.1,High,22.99
2026-08-06 08:00:00,Trichy,10.7905,78.7047,49.82,Moderate,39.1
2026-08-06 08:00:00,Salem,11.6643,78.146,52.64,Moderate,40.18
2026-08-06 08:00:00,Tirunelveli,8.7139,77.7567,47.03,Moderate,38.35
2026-08-06 08:00:00,Vellore,12.9165,79.1325,87.79,Severe,26.13
2026-08-06 08:00:00,Erode,11.341,77.7172,65.27,High,33.24
2026-08-06 09:00:00,Chennai,13.0827,80.2707,70.91,High,30.79
2026-08-06 09:00:00,Coimbatore,11.0168,76.9558,57.63,High,35.16
2026-08-06 09:00:00,Madurai,9.9252,78.1198,58.63,High,33.28
2026-08-06 09:00:00,Trichy,10.7905,78.7047,61.07,High,37.08
2026-08-06 09:00:00,Salem,11.6643,78.146,86.11,Severe,27.22
2026-08-06 09:00:00,Tirunelveli,8.7139,77.7567,70.43,High,26.88
2026-08-06 09:00:00,Vellore,12.9165,79.1325,49.22,Moderate,34.27
2026-08-06 09:00:00,Erode,11.341,77.7172,60.48,High,35.22
2026-08-06 10:00:00,Chennai,13.0827,80.2707,81.2,Severe,25.82
2026-08-06 10:00:00,Coimbatore,11.0168,76.9558,88.72,Severe,27.44
2026-08-06 10:00:00,Madurai,9.9252,78.1198,53.22,Moderate,38.52
2026-08-06 10:00:00,Trichy,10.7905,78.7047,61.22,High,33.6
2026-08-06 10:00:00,Salem,11.6643,78.146,79.69,Severe,27.94
2026-08-06 10:00:00,Tirunelveli,8.7139,77.7567,59.49,High,34.9
2026-08-06 10:00:00,Vellore,12.9165,79.1325,56.21,High,32.84
2026-08-06 10:00:00,Erode,11.341,77.7172,65.17,High,30.85
2026-08-06 11:00:00,Chennai,13.0827,80.2707,49.38,Moderate,43.65
2026-08-06 11:00:00,Coimbatore,11.0168,76.9558,19.61,Low,54.42
2026-08-06 11:00:00,Madurai,9.9252,78.1198,27.57,Low,46.15
2026-08-06 11:00:00,Trichy,10.7905,78.7047,52.66,Moderate,34.04
2026-08-06 11:00:00,Salem,11.6643,78.146,30.46,Moderate,49.76
2026-08-06 11:00:00,Tirunelveli,8.7139,77.7567,31.84,Moderate,47.95
2026-08-06 11:00:00,Vellore,12.9165,79.1325,40.72,Moderate,44.73
2026-08-06 11:00:00,Erode,11.341,77.7172,39.85,Moderate,38.63
2026-08-06 12:00:00,Chennai,13.0827,80.2707,63.88,High,26.08
2026-08-06 12:00:00,Coimbatore,11.0168,76.9558,37.51,Moderate,42.5
2026-08-06 12:00:00,Madurai,9.9252,78.1198,39.3,Moderate,44.55
2026-08-06 12:00:00,Trichy,10.7905,78.7047,32.63,Moderate,48.4
2026-08-06 12:00:00,Salem,11.6643,78.146,62.39,High,33.33
2026-08-06 12:00:00,Tirunelveli,8.7139,77.7567,41.41,Moderate,43.91
2026-08-06 12:00:00,Vellore,12.9165,79.1325,49.94,Moderate,38.59
2026-08-06 12:00:00,Erode,11.341,77.7172,34.79,Moderate,45.32
2026-08-06 13:00:00,Chennai,13.0827,80.2707,48.0,Moderate,37.36
2026-08-06 13:00:00,Coimbatore,11.0168,76.9558,54.44,Moderate,38.62
2026-08-06 13:00:00,Madurai,9.9252,78.1198,38.91,Moderate,46.01
2026-08-06 13:00:00,Trichy,10.7905,78.7047,45.01,Moderate,42.5
2026-08-06 13:00:00,Salem,11.6643,78.146,54.35,Moderate,37.0
2026-08-06 13:00:00,Tirunelveli,8.7139,77.7567,30.24,Moderate,41.79
2026-08-06 13:00:00,Vellore,12.9165,79.1325,39.62,Moderate,42.77
2026-08-06 13:00:00,Erode,11.341,77.7172,31.52,Moderate,47.43
2026-08-06 14:00:00,Chennai,13.0827,80.2707,53.35,Moderate,35.77
2026-08-06 14:00:00,Coimbatore,11.0168,76.9558,51.51,Moderate,40.48
2026-08-06 14:00:00,Madurai,9.9252,78.1198,58.62,High,35.01
2026-08-06 14:00:00,Trichy,10.7905,78.7047,57.89,High,31.02
2026-08-06 14:00:00,Salem,11.6643,78.146,40.43,Moderate,40.98
2026-08-06 14:00:00,Tirunelveli,8.7139,77.7567,59.67,High,30.31
2026-08-06 14:00:00,Vellore,12.9165,79.1325,53.08,Moderate,39.44
2026-08-06 14:00:00,Erode,11.341,77.7172,45.77,Moderate,37.25
2026-08-06 15:00:00,Chennai,13.0827,80.2707,78.18,Severe,23.02
2026-08-06 15:00:00,Coimbatore,11.0168,76.9558,53.93,Moderate,41.74
2026-08-06 15:00:00,Madurai,9.9252,78.1198,55.8,High,40.04
2026-08-06 15:00:00,Trichy,10.7905,78.7047,46.86,Moderate,38.85
2026-08-06 15:00:00,Salem,11.6643,78.146,51.12,Moderate,41.66
2026-08-06 15:00:00,Tirunelveli,8.7139,77.7567,53.79,Moderate,41.83
2026-08-06 15:00:00,Vellore,12.9165,79.1325,54.58,Moderate,33.56
2026-08-06 15:00:00,Erode,11.341,77.7172,63.87,High,32.9
2026-08-06 16:00:00,Chennai,13.0827,80.2707,76.93,Severe,25.16
2026-08-06 16:00:00,Coimbatore,11.0168,76.9558,51.68,Moderate,36.4
2026-08-06 16:00:00,Madurai,9.9252,78.1198,50.31,Moderate,39.11
2026-08-06 16:00:00,Trichy,10.7905,78.7047,42.4,Moderate,43.16
2026-08-06 16:00:00,Salem,11.6643,78.146,36.94,Moderate,41.25
2026-08-06 16:00:00,Tirunelveli,8.7139,77.7567,21.14,Low,51.24
2026-08-06 16:00:00,Vellore,12.9165,79.1325,35.32,Moderate,45.54
2026-08-06 16:00:00,Erode,11.341,77.7172,51.43,Moderate,35.08
2026-08-06 17:00:00,Chennai,13.0827,80.2707,69.54,High,27.22
2026-08-06 17:00:00,Coimbatore,11.0168,76.9558,66.11,High,34.75
2026-08-06 17:00:00,Madurai,9.9252,78.1198,66.09,High,33.99
2026-08-06 17:00:00,Trichy,10.7905,78.7047,55.98,High,34.56
2026-08-06 17:00:00,Salem,11.6643,78.146,58.09,High,39.49
2026-08-06 17:00:00,Tirunelveli,8.7139,77.7567,65.25,High,36.19
2026-08-06 17:00:00,Vellore,12.9165,79.1325,57.84,High,36.26
2026-08-06 17:00:00,Erode,11.341,77.7172,65.68,High,31.74
2026-08-06 18:00:00,Chennai,13.0827,80.2707,59.52,High,29.79
2026-08-06 18:00:00,Coimbatore,11.0168,76.9558,55.23,High,35.08
2026-08-06 18:00:00,Madurai,9.9252,78.1198,76.07,Severe,26.12
2026-08-06 18:00:00,Trichy,10.7905,78.7047,57.11,High,41.19
2026-08-06 18:00:00,Salem,11.6643,78.146,75.75,Severe,26.29
2026-08-06 18:00:00,Tirunelveli,8.7139,77.7567,71.08,High,28.53
2026-08-06 18:00:00,Vellore,12.9165,79.1325,51.21,Moderate,34.09
2026-08-06 18:00:00,Erode,11.341,77.7172,59.61,High,36.46
2026-08-06 19:00:00,Chennai,13.0827,80.2707,71.93,High,23.61
2026-08-06 19:00:00,Coimbatore,11.0168,76.9558,73.42,High,30.29
2026-08-06 19:00:00,Madurai,9.9252,78.1198,57.34,High,33.28
2026-08-06 19:00:00,Trichy,10.7905,78.7047,72.77,High,25.94
2026-08-06 19:00:00,Salem,11.6643,78.146,53.89,Moderate,44.07
2026-08-06 19:00:00,Tirunelveli,8.7139,77.7567,78.59,Severe,24.93
2026-08-06 19:00:00,Vellore,12.9165,79.1325,55.46,High,34.57
2026-08-06 19:00:00,Erode,11.341,77.7172,72.59,High,30.59
2026-08-06 20:00:00,Chennai,13.0827,80.2707,85.32,Severe,14.17
2026-08-06 20:00:00,Coimbatore,11.0168,76.9558,80.49,Severe,22.54
2026-08-06 20:00:00,Madurai,9.9252,78.1198,40.73,Moderate,40.58
2026-08-06 20:00:00,Trichy,10.7905,78.7047,53.58,Moderate,36.17
2026-08-06 20:00:00,Salem,11.6643,78.146,58.75,High,36.66
2026-08-06 20:00:00,Tirunelveli,8.7139,77.7567,84.83,Severe,25.17
2026-08-06 20:00:00,Vellore,12.9165,79.1325,57.7,High,30.33
2026-08-06 20:00:00,Erode,11.341,77.7172,66.5,High,34.57
2026-08-06 21:00:00,Chennai,13.0827,80.2707,76.94,Severe,27.84
2026-08-06 21:00:00,Coimbatore,11.0168,76.9558,51.56,Moderate,36.78
2026-08-06 21:00:00,Madurai,9.9252,78.1198,58.76,High,36.38
2026-08-06 21:00:00,Trichy,10.7905,78.7047,78.18,Severe,29.94
2026-08-06 21:00:00,Salem,11.6643,78.146,74.53,High,28.13
2026-08-06 21:00:00,Tirunelveli,8.7139,77.7567,71.83,High,28.32
2026-08-06 21:00:00,Vellore,12.9165,79.1325,55.35,High,36.51
2026-08-06 21:00:00,Erode,11.341,77.7172,51.6,Moderate,35.56
2026-08-06 22:00:00,Chennai,13.0827,80.2707,28.46,Low,41.77
2026-08-06 22:00:00,Coimbatore,11.0168,76.9558,28.72,Low,50.65
2026-08-06 22:00:00,Madurai,9.9252,78.1198,29.41,Low,43.61
2026-08-06 22:00:00,Trichy,10.7905,78.7047,25.83,Low,52.3
2026-08-06 22:00:00,Salem,11.6643,78.146,25.65,Low,53.1
2026-08-06 22:00:00,Tirunelveli,8.7139,77.7567,9.95,Low,47.14
2026-08-06 22:00:00,Vellore,12.9165,79.1325,33.92,Moderate,44.0
2026-08-06 22:00:00,Erode,11.341,77.7172,35.0,Moderate,38.91
2026-08-06 23:00:00,Chennai,13.0827,80.2707,40.68,Moderate,48.19
2026-08-06 23:00:00,Coimbatore,11.0168,76.9558,39.2,Moderate,44.63
2026-08-06 23:00:00,Madurai,9.9252,78.1198,21.29,Low,56.86
2026-08-06 23:00:00,Trichy,10.7905,78.7047,33.12,Moderate,48.62
2026-08-06 23:00:00,Salem,11.6643,78.146,17.35,Low,60.11
2026-08-06 23:00:00,Tirunelveli,8.7139,77.7567,16.06,Low,48.25
2026-08-06 23:00:00,Vellore,12.9165,79.1325,23.55,Low,49.22
2026-08-06 23:00:00,Erode,11.341,77.7172,25.56,Low,48.62
2026-08-07 00:00:00,Chennai,13.0827,80.2707,36.59,Moderate,42.44
2026-08-07 00:00:00,Coimbatore,11.0168,76.9558,34.07,Moderate,44.34
2026-08-07 00:00:00,Madurai,9.9252,78.1198,22.18,Low,53.49
2026-08-07 00:00:00,Trichy,10.7905,78.7047,30.42,Moderate,55.17
2026-08-07 00:00:00,Salem,11.6643,78.146,29.16,Low,42.66
2026-08-07 00:00:00,Tirunelveli,8.7139,77.7567,8.01,Low,53.69
2026-08-07 00:00:00,Vellore,12.9165,79.1325,27.84,Low,46.31
2026-08-07 00:00:00,Erode,11.341,77.7172,35.49,Moderate,45.04
2026-08-07 01:00:00,Chennai,13.0827,80.2707,34.62,Moderate,51.3
2026-08-07 01:00:00,Coimbatore,11.0168,76.9558,16.8,Low,49.94
2026-08-07 01:00:00,Madurai,9.9252,78.1198,22.48,Low,49.58
2026-08-07 01:00:00,Trichy,10.7905,78.7047,31.33,Moderate,48.43
2026-08-07 01:00:00,Salem,11.6643,78.146,16.75,Low,53.04
2026-08-07 01:00:00,Tirunelveli,8.7139,77.7567,28.97,Low,48.39
2026-08-07 01:00:00,Vellore,12.9165,79.1325,17.92,Low,59.54
2026-08-07 01:00:00,Erode,11.341,77.7172,21.95,Low,48.71
2026-08-07 02:00:00,Chennai,13.0827,80.2707,36.19,Moderate,43.12
2026-08-07 02:00:00,Coimbatore,11.0168,76.9558,28.03,Low,47.19
2026-08-07 02:00:00,Madurai,9.9252,78.1198,17.4,Low,56.02
2026-08-07 02:00:00,Trichy,10.7905,78.7047,28.19,Low,49.12
2026-08-07 02:00:00,Salem,11.6643,78.146,21.89,Low,46.9
2026-08-07 02:00:00,Tirunelveli,8.7139,77.7567,6.06,Low,60.4
2026-08-07 02:00:00,Vellore,12.9165,79.1325,12.97,Low,55.17
2026-08-07 02:00:00,Erode,11.341,77.7172,13.8,Low,54.93
2026-08-07 03:00:00,Chennai,13.0827,80.2707,39.5,Moderate,43.29
2026-08-07 03:00:00,Coimbatore,11.0168,76.9558,28.35,Low,49.29
2026-08-07 03:00:00,Madurai,9.9252,78.1198,9.24,Low,57.04
2026-08-07 03:00:00,Trichy,10.7905,78.7047,20.61,Low,50.59
2026-08-07 03:00:00,Salem,11.6643,78.146,25.95,Low,50.19
2026-08-07 03:00:00,Tirunelveli,8.7139,77.7567,24.05,Low,46.73
2026-08-07 03:00:00,Vellore,12.9165,79.1325,19.72,Low,49.59
2026-08-07 03:00:00,Erode,11.341,77.7172,33.92,Moderate,43.99
2026-08-07 04:00:00,Chennai,13.0827,80.2707,37.69,Moderate,44.5
2026-08-07 04:00:00,Coimbatore,11.0168,76.9558,7.01,Low,58.29
2026-08-07 04:00:00,Madurai,9.9252,78.1198,27.46,Low,49.84
2026-08-07 04:00:00,Trichy,10.7905,78.7047,14.85,Low,47.45
2026-08-07 04:00:00,Salem,11.6643,78.146,18.28,Low,53.38
2026-08-07 04:00:00,Tirunelveli,8.7139,77.7567,21.88,Low,50.97
2026-08-07 04:00:00,Vellore,12.9165,79.1325,26.26,Low,46.78
2026-08-07 04:00:00,Erode,11.341,77.7172,14.75,Low,51.51
2026-08-07 05:00:00,Chennai,13.0827,80.2707,51.84,Moderate,40.42
2026-08-07 05:00:00,Coimbatore,11.0168,76.9558,15.45,Low,50.39
2026-08-07 05:00:00,Madurai,9.9252,78.1198,21.22,Low,51.75
2026-08-07 05:00:00,Trichy,10.7905,78.7047,21.64,Low,46.92
2026-08-07 05:00:00,Salem,11.6643,78.146,35.62,Moderate,42.27
2026-08-07 05:00:00,Tirunelveli,8.7139,77.7567,53.61,Moderate,30.79
2026-08-07 05:00:00,Vellore,12.9165,79.1325,14.34,Low,50.95
2026-08-07 05:00:00,Erode,11.341,77.7172,20.29,Low,52.44
2026-08-07 06:00:00,Chennai,13.0827,80.2707,50.74,Moderate,38.64
2026-08-07 06:00:00,Coimbatore,11.0168,76.9558,37.92,Moderate,43.57
2026-08-07 06:00:00,Madurai,9.9252,78.1198,20.56,Low,52.71
2026-08-07 06:00:00,Trichy,10.7905,78.7047,30.11,Moderate,45.03
2026-08-07 06:00:00,Salem,11.6643,78.146,23.79,Low,51.0
2026-08-07 06:00:00,Tirunelveli,8.7139,77.7567,21.77,Low,48.24
2026-08-07 06:00:00,Vellore,12.9165,79.1325,44.1,Moderate,41.28
2026-08-07 06:00:00,Erode,11.341,77.7172,17.86,Low,56.41
2026-08-07 07:00:00,Chennai,13.0827,80.2707,73.89,High,28.46
2026-08-07 07:00:00,Coimbatore,11.0168,76.9558,66.53,High,29.46
2026-08-07 07:00:00,Madurai,9.9252,78.1198,71.96,High,28.21
2026-08-07 07:00:00,Trichy,10.7905,78.7047,67.28,High,36.48
2026-08-07 07:00:00,Salem,11.6643,78.146,77.52,Severe,31.49
2026-08-07 07:00:00,Tirunelveli,8.7139,77.7567,53.88,Moderate,36.44
2026-08-07 07:00:00,Vellore,12.9165,79.1325,54.89,Moderate,35.59
2026-08-07 07:00:00,Erode,11.341,77.7172,63.67,High,36.89
2026-08-07 08:00:00,Chennai,13.0827,80.2707,86.5,Severe,23.29
2026-08-07 08:00:00,Coimbatore,11.0168,76.9558,54.28,Moderate,38.29
2026-08-07 08:00:00,Madurai,9.9252,78.1198,73.46,High,38.57
2026-08-07 08:00:00,Trichy,10.7905,78.7047,59.66,High,33.6
2026-08-07 08:00:00,Salem,11.6643,78.146,60.95,High,35.79
2026-08-07 08:00:00,Tirunelveli,8.7139,77.7567,57.3,High,36.96
2026-08-07 08:00:00,Vellore,12.9165,79.1325,56.22,High,32.26
2026-08-07 08:00:00,Erode,11.341,77.7172,67.15,High,32.58
2026-08-07 09:00:00,Chennai,13.0827,80.2707,91.61,Severe,17.22
2026-08-07 09:00:00,Coimbatore,11.0168,76.9558,74.43,High,28.83
2026-08-07 09:00:00,Madurai,9.9252,78.1198,57.36,High,33.17
2026-08-07 09:00:00,Trichy,10.7905,78.7047,68.93,High,29.5
2026-08-07 09:00:00,Salem,11.6643,78.146,67.0,High,29.13
2026-08-07 09:00:00,Tirunelveli,8.7139,77.7567,61.32,High,32.13
2026-08-07 09:00:00,Vellore,12.9165,79.1325,60.7,High,31.14
2026-08-07 09:00:00,Erode,11.341,77.7172,71.64,High,37.61
2026-08-07 10:00:00,Chennai,13.0827,80.2707,81.05,Severe,22.83
2026-08-07 10:00:00,Coimbatore,11.0168,76.9558,57.79,High,37.38
2026-08-07 10:00:00,Madurai,9.9252,78.1198,71.15,High,25.7
2026-08-07 10:00:00,Trichy,10.7905,78.7047,71.92,High,31.44
2026-08-07 10:00:00,Salem,11.6643,78.146,54.15,Moderate,39.99
2026-08-07 10:00:00,Tirunelveli,8.7139,77.7567,57.96,High,38.02
2026-08-07 10:00:00,Vellore,12.9165,79.1325,54.55,Moderate,41.32
2026-08-07 10:00:00,Erode,11.341,77.7172,66.99,High,35.75
2026-08-07 11:00:00,Chennai,13.0827,80.2707,60.62,High,30.75
2026-08-07 11:00:00,Coimbatore,11.0168,76.9558,45.7,Moderate,39.83
2026-08-07 11:00:00,Madurai,9.9252,78.1198,48.08,Moderate,38.72
2026-08-07 11:00:00,Trichy,10.7905,78.7047,41.27,Moderate,44.82
2026-08-07 11:00:00,Salem,11.6643,78.146,29.69,Low,47.39
2026-08-07 11:00:00,Tirunelveli,8.7139,77.7567,42.54,Moderate,42.47
2026-08-07 11:00:00,Vellore,12.9165,79.1325,50.5,Moderate,40.72
2026-08-07 11:00:00,Erode,11.341,77.7172,48.98,Moderate,40.17
2026-08-07 12:00:00,Chennai,13.0827,80.2707,58.89,High,36.34
2026-08-07 12:00:00,Coimbatore,11.0168,76.9558,56.87,High,38.95
2026-08-07 12:00:00,Madurai,9.9252,78.1198,58.36,High,37.96
2026-08-07 12:00:00,Trichy,10.7905,78.7047,38.44,Moderate,47.82
2026-08-07 12:00:00,Salem,11.6643,78.146,65.56,High,33.38
2026-08-07 12:00:00,Tirunelveli,8.7139,77.7567,22.79,Low,45.94
2026-08-07 12:00:00,Vellore,12.9165,79.1325,64.14,High,30.81
2026-08-07 12:00:00,Erode,11.341,77.7172,60.35,High,41.02
2026-08-07 13:00:00,Chennai,13.0827,80.2707,58.62,High,33.64
2026-08-07 13:00:00,Coimbatore,11.0168,76.9558,41.19,Moderate,40.13
2026-08-07 13:00:00,Madurai,9.9252,78.1198,46.0,Moderate,40.26
2026-08-07 13:00:00,Trichy,10.7905,78.7047,45.25,Moderate,44.79
2026-08-07 13:00:00,Salem,11.6643,78.146,38.19,Moderate,42.99
2026-08-07 13:00:00,Tirunelveli,8.7139,77.7567,34.74,Moderate,48.69
2026-08-07 13:00:00,Vellore,12.9165,79.1325,55.4,High,35.22
2026-08-07 13:00:00,Erode,11.341,77.7172,58.8,High,36.82
2026-08-07 14:00:00,Chennai,13.0827,80.2707,57.92,High,39.23
2026-08-07 14:00:00,Coimbatore,11.0168,76.9558,46.48,Moderate,41.08
2026-08-07 14:00:00,Madurai,9.9252,78.1198,42.3,Moderate,37.99
2026-08-07 14:00:00,Trichy,10.7905,78.7047,41.35,Moderate,36.7
2026-08-07 14:00:00,Salem,11.6643,78.146,67.05,High,33.83
2026-08-07 14:00:00,Tirunelveli,8.7139,77.7567,42.74,Moderate,41.87
2026-08-07 14:00:00,Vellore,12.9165,79.1325,45.49,Moderate,40.47
2026-08-07 14:00:00,Erode,11.341,77.7172,22.68,Low,53.63
2026-08-07 15:00:00,Chennai,13.0827,80.2707,44.36,Moderate,38.33
2026-08-07 15:00:00,Coimbatore,11.0168,76.9558,44.88,Moderate,43.47
2026-08-07 15:00:00,Madurai,9.9252,78.1198,56.6,High,34.62
2026-08-07 15:00:00,Trichy,10.7905,78.7047,36.13,Moderate,41.94
2026-08-07 15:00:00,Salem,11.6643,78.146,49.9,Moderate,41.44
2026-08-07 15:00:00,Tirunelveli,8.7139,77.7567,50.08,Moderate,37.75
2026-08-07 15:00:00,Vellore,12.9165,79.1325,30.71,Moderate,44.34
2026-08-07 15:00:00,Erode,11.341,77.7172,50.97,Moderate,39.59
2026-08-07 16:00:00,Chennai,13.0827,80.2707,63.33,High,33.8
2026-08-07 16:00:00,Coimbatore,11.0168,76.9558,69.53,High,30.59
2026-08-07 16:00:00,Madurai,9.9252,78.1198,44.06,Moderate,39.49
2026-08-07 16:00:00,Trichy,10.7905,78.7047,50.0,Moderate,36.12
2026-08-07 16:00:00,Salem,11.6643,78.146,48.8,Moderate,40.82
2026-08-07 16:00:00,Tirunelveli,8.7139,77.7567,52.46,Moderate,39.0
2026-08-07 16:00:00,Vellore,12.9165,79.1325,58.06,High,36.47
2026-08-07 16:00:00,Erode,11.341,77.7172,45.19,Moderate,41.39
2026-08-07 17:00:00,Chennai,13.0827,80.2707,72.77,High,28.54
2026-08-07 17:00:00,Coimbatore,11.0168,76.9558,62.63,High,34.07
2026-08-07 17:00:00,Madurai,9.9252,78.1198,69.02,High,31.14
2026-08-07 17:00:00,Trichy,10.7905,78.7047,69.07,High,35.32
2026-08-07 17:00:00,Salem,11.6643,78.146,79.5,Severe,25.3
2026-08-07 17:00:00,Tirunelveli,8.7139,77.7567,72.74,High,33.91
2026-08-07 17:00:00,Vellore,12.9165,79.1325,55.2,High,34.9
2026-08-07 17:00:00,Erode,11.341,77.7172,74.08,High,30.73
2026-08-07 18:00:00,Chennai,13.0827,80.2707,79.94,Severe,21.89
2026-08-07 18:00:00,Coimbatore,11.0168,76.9558,64.6,High,33.55
2026-08-07 18:00:00,Madurai,9.9252,78.1198,67.4,High,28.54
2026-08-07 18:00:00,Trichy,10.7905,78.7047,61.05,High,33.44
2026-08-07 18:00:00,Salem,11.6643,78.146,77.92,Severe,23.91
2026-08-07 18:00:00,Tirunelveli,8.7139,77.7567,73.27,High,27.76
2026-08-07 18:00:00,Vellore,12.9165,79.1325,63.43,High,38.0
2026-08-07 18:00:00,Erode,11.341,77.7172,64.87,High,31.69
2026-08-07 19:00:00,Chennai,13.0827,80.2707,75.95,Severe,24.81
2026-08-07 19:00:00,Coimbatore,11.0168,76.9558,79.61,Severe,30.19
2026-08-07 19:00:00,Madurai,9.9252,78.1198,70.99,High,28.45
2026-08-07 19:00:00,Trichy,10.7905,78.7047,49.75,Moderate,44.59
2026-08-07 19:00:00,Salem,11.6643,78.146,68.18,High,32.69
2026-08-07 19:00:00,Tirunelveli,8.7139,77.7567,58.04,High,36.62
2026-08-07 19:00:00,Vellore,12.9165,79.1325,76.34,Severe,28.61
2026-08-07 19:00:00,Erode,11.341,77.7172,56.07,High,32.86
2026-08-07 20:00:00,Chennai,13.0827,80.2707,78.48,Severe,26.04
2026-08-07 20:00:00,Coimbatore,11.0168,76.9558,74.54,High,30.84
2026-08-07 20:00:00,Madurai,9.9252,78.1198,63.72,High,31.78
2026-08-07 20:00:00,Trichy,10.7905,78.7047,62.5,High,39.55
2026-08-07 20:00:00,Salem,11.6643,78.146,65.52,High,28.49
2026-08-07 20:00:00,Tirunelveli,8.7139,77.7567,78.11,Severe,29.52
2026-08-07 20:00:00,Vellore,12.9165,79.1325,66.6,High,32.69
2026-08-07 20:00:00,Erode,11.341,77.7172,65.41,High,29.18
2026-08-07 21:00:00,Chennai,13.0827,80.2707,86.17,Severe,22.77
2026-08-07 21:00:00,Coimbatore,11.0168,76.9558,60.35,High,31.57
2026-08-07 21:00:00,Madurai,9.9252,78.1198,50.71,Moderate,36.17
2026-08-07 21:00:00,Trichy,10.7905,78.7047,67.47,High,33.39
2026-08-07 21:00:00,Salem,11.6643,78.146,67.12,High,34.22
2026-08-07 21:00:00,Tirunelveli,8.7139,77.7567,60.31,High,25.16
2026-08-07 21:00:00,Vellore,12.9165,79.1325,65.49,High,35.02
2026-08-07 21:00:00,Erode,11.341,77.7172,60.58,High,31.85
2026-08-07 22:00:00,Chennai,13.0827,80.2707,44.36,Moderate,39.05
2026-08-07 22:00:00,Coimbatore,11.0168,76.9558,14.85,Low,56.08
2026-08-07 22:00:00,Madurai,9.9252,78.1198,34.6,Moderate,46.84
2026-08-07 22:00:00,Trichy,10.7905,78.7047,17.92,Low,51.01
2026-08-07 22:00:00,Salem,11.6643,78.146,9.14,Low,51.28
2026-08-07 22:00:00,Tirunelveli,8.7139,77.7567,6.11,Low,57.79
2026-08-07 22:00:00,Vellore,12.9165,79.1325,31.24,Moderate,47.45
2026-08-07 22:00:00,Erode,11.341,77.7172,30.92,Moderate,46.49
2026-08-07 23:00:00,Chennai,13.0827,80.2707,51.23,Moderate,34.02
2026-08-07 23:00:00,Coimbatore,11.0168,76.9558,42.04,Moderate,43.34
2026-08-07 23:00:00,Madurai,9.9252,78.1198,28.08,Low,50.49
2026-08-07 23:00:00,Trichy,10.7905,78.7047,24.46,Low,46.4
2026-08-07 23:00:00,Salem,11.6643,78.146,10.3,Low,53.09
2026-08-07 23:00:00,Tirunelveli,8.7139,77.7567,7.11,Low,58.99
2026-08-07 23:00:00,Vellore,12.9165,79.1325,1.34,Low,60.37
2026-08-07 23:00:00,Erode,11.341,77.7172,36.74,Moderate,45.48
2026-08-08 00:00:00,Chennai,13.0827,80.2707,37.68,Moderate,46.46
2026-08-08 00:00:00,Coimbatore,11.0168,76.9558,17.82,Low,54.18
2026-08-08 00:00:00,Madurai,9.9252,78.1198,1.19,Low,65.0
2026-08-08 00:00:00,Trichy,10.7905,78.7047,6.51,Low,57.06
2026-08-08 00:00:00,Salem,11.6643,78.146,11.5,Low,53.42
2026-08-08 00:00:00,Tirunelveli,8.7139,77.7567,37.22,Moderate,44.34
2026-08-08 00:00:00,Vellore,12.9165,79.1325,6.37,Low,59.41
2026-08-08 00:00:00,Erode,11.341,77.7172,4.64,Low,52.84
2026-08-08 01:00:00,Chennai,13.0827,80.2707,34.53,Moderate,46.97
2026-08-08 01:00:00,Coimbatore,11.0168,76.9558,10.7,Low,60.2
2026-08-08 01:00:00,Madurai,9.9252,78.1198,8.46,Low,61.16
2026-08-08 01:00:00,Trichy,10.7905,78.7047,10.04,Low,60.74
2026-08-08 01:00:00,Salem,11.6643,78.146,4.48,Low,55.2
2026-08-08 01:00:00,Tirunelveli,8.7139,77.7567,9.98,Low,56.45
2026-08-08 01:00:00,Vellore,12.9165,79.1325,7.33,Low,56.15
2026-08-08 01:00:00,Erode,11.341,77.7172,17.89,Low,51.21
2026-08-08 02:00:00,Chennai,13.0827,80.2707,27.74,Low,53.39
2026-08-08 02:00:00,Coimbatore,11.0168,76.9558,1.01,Low,53.85
2026-08-08 02:00:00,Madurai,9.9252,78.1198,23.82,Low,49.56
2026-08-08 02:00:00,Trichy,10.7905,78.7047,10.18,Low,51.95
2026-08-08 02:00:00,Salem,11.6643,78.146,23.07,Low,54.05
2026-08-08 02:00:00,Tirunelveli,8.7139,77.7567,19.87,Low,52.58
2026-08-08 02:00:00,Vellore,12.9165,79.1325,0.0,Low,57.25
2026-08-08 02:00:00,Erode,11.341,77.7172,18.61,Low,52.01
2026-08-08 03:00:00,Chennai,13.0827,80.2707,26.24,Low,46.41
2026-08-08 03:00:00,Coimbatore,11.0168,76.9558,4.81,Low,58.82
2026-08-08 03:00:00,Madurai,9.9252,78.1198,29.42,Low,44.86
2026-08-08 03:00:00,Trichy,10.7905,78.7047,15.6,Low,52.75
2026-08-08 03:00:00,Salem,11.6643,78.146,13.79,Low,52.74
2026-08-08 03:00:00,Tirunelveli,8.7139,77.7567,2.34,Low,65.0
2026-08-08 03:00:00,Vellore,12.9165,79.1325,16.07,Low,54.35
2026-08-08 03:00:00,Erode,11.341,77.7172,4.73,Low,55.9
2026-08-08 04:00:00,Chennai,13.0827,80.2707,20.46,Low,49.14
2026-08-08 04:00:00,Coimbatore,11.0168,76.9558,12.73,Low,49.79
2026-08-08 04:00:00,Madurai,9.9252,78.1198,3.86,Low,59.35
2026-08-08 04:00:00,Trichy,10.7905,78.7047,12.29,Low,55.72
2026-08-08 04:00:00,Salem,11.6643,78.146,26.77,Low,48.58
2026-08-08 04:00:00,Tirunelveli,8.7139,77.7567,11.16,Low,59.94
2026-08-08 04:00:00,Vellore,12.9165,79.1325,15.14,Low,46.28
2026-08-08 04:00:00,Erode,11.341,77.7172,22.96,Low,53.91
2026-08-08 05:00:00,Chennai,13.0827,80.2707,24.24,Low,47.51
2026-08-08 05:00:00,Coimbatore,11.0168,76.9558,11.07,Low,56.04
2026-08-08 05:00:00,Madurai,9.9252,78.1198,10.4,Low,54.29
2026-08-08 05:00:00,Trichy,10.7905,78.7047,28.09,Low,48.65
2026-08-08 05:00:00,Salem,11.6643,78.146,3.15,Low,62.9
2026-08-08 05:00:00,Tirunelveli,8.7139,77.7567,20.58,Low,56.78
2026-08-08 05:00:00,Vellore,12.9165,79.1325,8.93,Low,57.01
2026-08-08 05:00:00,Erode,11.341,77.7172,35.97,Moderate,41.66
2026-08-08 06:00:00,Chennai,13.0827,80.2707,23.72,Low,47.37
2026-08-08 06:00:00,Coimbatore,11.0168,76.9558,33.47,Moderate,47.41
2026-08-08 06:00:00,Madurai,9.9252,78.1198,1.66,Low,62.09
2026-08-08 06:00:00,Trichy,10.7905,78.7047,33.37,Moderate,49.23
2026-08-08 06:00:00,Salem,11.6643,78.146,32.53,Moderate,46.28
2026-08-08 06:00:00,Tirunelveli,8.7139,77.7567,12.96,Low,51.55
2026-08-08 06:00:00,Vellore,12.9165,79.1325,0.0,Low,59.66
2026-08-08 06:00:00,Erode,11.341,77.7172,13.33,Low,52.8
2026-08-08 07:00:00,Chennai,13.0827,80.2707,72.26,High,30.17
2026-08-08 07:00:00,Coimbatore,11.0168,76.9558,64.23,High,33.73
2026-08-08 07:00:00,Madurai,9.9252,78.1198,61.33,High,32.79
2026-08-08 07:00:00,Trichy,10.7905,78.7047,60.41,High,35.82
2026-08-08 07:00:00,Salem,11.6643,78.146,46.87,Moderate,33.79
2026-08-08 07:00:00,Tirunelveli,8.7139,77.7567,59.56,High,34.37
2026-08-08 07:00:00,Vellore,12.9165,79.1325,57.64,High,39.25
2026-08-08 07:00:00,Erode,11.341,77.7172,52.5,Moderate,39.95
2026-08-08 08:00:00,Chennai,13.0827,80.2707,67.22,High,34.56
2026-08-08 08:00:00,Coimbatore,11.0168,76.9558,47.12,Moderate,34.54
2026-08-08 08:00:00,Madurai,9.9252,78.1198,67.55,High,30.5
2026-08-08 08:00:00,Trichy,10.7905,78.7047,44.43,Moderate,42.06
2026-08-08 08:00:00,Salem,11.6643,78.146,54.59,Moderate,43.91
2026-08-08 08:00:00,Tirunelveli,8.7139,77.7567,58.47,High,32.45
2026-08-08 08:00:00,Vellore,12.9165,79.1325,50.72,Moderate,37.72
2026-08-08 08:00:00,Erode,11.341,77.7172,46.52,Moderate,37.1
2026-08-08 09:00:00,Chennai,13.0827,80.2707,77.44,Severe,20.24
2026-08-08 09:00:00,Coimbatore,11.0168,76.9558,55.18,High,34.4
2026-08-08 09:00:00,Madurai,9.9252,78.1198,41.66,Moderate,41.65
2026-08-08 09:00:00,Trichy,10.7905,78.7047,56.82,High,33.0
2026-08-08 09:00:00,Salem,11.6643,78.146,52.18,Moderate,37.18
2026-08-08 09:00:00,Tirunelveli,8.7139,77.7567,57.84,High,32.28
2026-08-08 09:00:00,Vellore,12.9165,79.1325,37.82,Moderate,45.67
2026-08-08 09:00:00,Erode,11.341,77.7172,58.01,High,37.18
2026-08-08 10:00:00,Chennai,13.0827,80.2707,78.66,Severe,27.28
2026-08-08 10:00:00,Coimbatore,11.0168,76.9558,58.99,High,29.45
2026-08-08 10:00:00,Madurai,9.9252,78.1198,35.76,Moderate,44.71
2026-08-08 10:00:00,Trichy,10.7905,78.7047,61.68,High,34.93
2026-08-08 10:00:00,Salem,11.6643,78.146,61.59,High,34.11
2026-08-08 10:00:00,Tirunelveli,8.7139,77.7567,62.6,High,28.94
2026-08-08 10:00:00,Vellore,12.9165,79.1325,55.71,High,34.87
2026-08-08 10:00:00,Erode,11.341,77.7172,52.34,Moderate,32.73
2026-08-08 11:00:00,Chennai,13.0827,80.2707,49.49,Moderate,38.22
2026-08-08 11:00:00,Coimbatore,11.0168,76.9558,34.59,Moderate,44.9
2026-08-08 11:00:00,Madurai,9.9252,78.1198,36.83,Moderate,49.1
2026-08-08 11:00:00,Trichy,10.7905,78.7047,51.99,Moderate,38.05
2026-08-08 11:00:00,Salem,11.6643,78.146,40.08,Moderate,44.84
2026-08-08 11:00:00,Tirunelveli,8.7139,77.7567,37.56,Moderate,43.94
2026-08-08 11:00:00,Vellore,12.9165,79.1325,46.6,Moderate,42.89
2026-08-08 11:00:00,Erode,11.341,77.7172,32.92,Moderate,49.86
2026-08-08 12:00:00,Chennai,13.0827,80.2707,57.67,High,31.07
2026-08-08 12:00:00,Coimbatore,11.0168,76.9558,55.67,High,37.89
2026-08-08 12:00:00,Madurai,9.9252,78.1198,32.28,Moderate,43.08
2026-08-08 12:00:00,Trichy,10.7905,78.7047,39.82,Moderate,42.68
2026-08-08 12:00:00,Salem,11.6643,78.146,36.06,Moderate,45.63
2026-08-08 12:00:00,Tirunelveli,8.7139,77.7567,22.87,Low,54.6
2026-08-08 12:00:00,Vellore,12.9165,79.1325,46.44,Moderate,44.02
2026-08-08 12:00:00,Erode,11.341,77.7172,32.25,Moderate,48.6
2026-08-08 13:00:00,Chennai,13.0827,80.2707,44.53,Moderate,39.34
2026-08-08 13:00:00,Coimbatore,11.0168,76.9558,39.05,Moderate,48.42
2026-08-08 13:00:00,Madurai,9.9252,78.1198,31.78,Moderate,44.64
2026-08-08 13:00:00,Trichy,10.7905,78.7047,43.78,Moderate,39.88
2026-08-08 13:00:00,Salem,11.6643,78.146,51.14,Moderate,45.14
2026-08-08 13:00:00,Tirunelveli,8.7139,77.7567,36.53,Moderate,41.32
2026-08-08 13:00:00,Vellore,12.9165,79.1325,23.15,Low,50.89
2026-08-08 13:00:00,Erode,11.341,77.7172,31.08,Moderate,47.68
2026-08-08 14:00:00,Chennai,13.0827,80.2707,42.33,Moderate,39.21
2026-08-08 14:00:00,Coimbatore,11.0168,76.9558,35.95,Moderate,40.26
2026-08-08 14:00:00,Madurai,9.9252,78.1198,35.15,Moderate,50.46
2026-08-08 14:00:00,Trichy,10.7905,78.7047,36.09,Moderate,46.69
2026-08-08 14:00:00,Salem,11.6643,78.146,22.72,Low,51.92
2026-08-08 14:00:00,Tirunelveli,8.7139,77.7567,18.02,Low,47.19
2026-08-08 14:00:00,Vellore,12.9165,79.1325,14.03,Low,55.68
2026-08-08 14:00:00,Erode,11.341,77.7172,42.79,Moderate,39.66
2026-08-08 15:00:00,Chennai,13.0827,80.2707,57.99,High,30.51
2026-08-08 15:00:00,Coimbatore,11.0168,76.9558,13.85,Low,53.71
2026-08-08 15:00:00,Madurai,9.9252,78.1198,38.88,Moderate,41.93
2026-08-08 15:00:00,Trichy,10.7905,78.7047,35.87,Moderate,47.36
2026-08-08 15:00:00,Salem,11.6643,78.146,42.61,Moderate,43.12
2026-08-08 15:00:00,Tirunelveli,8.7139,77.7567,39.61,Moderate,41.37
2026-08-08 15:00:00,Vellore,12.9165,79.1325,36.88,Moderate,41.87
2026-08-08 15:00:00,Erode,11.341,77.7172,29.72,Low,45.24
2026-08-08 16:00:00,Chennai,13.0827,80.2707,61.11,High,34.7
2026-08-08 16:00:00,Coimbatore,11.0168,76.9558,28.17,Low,53.71
2026-08-08 16:00:00,Madurai,9.9252,78.1198,29.55,Low,51.79
2026-08-08 16:00:00,Trichy,10.7905,78.7047,50.94,Moderate,41.95
2026-08-08 16:00:00,Salem,11.6643,78.146,39.77,Moderate,40.66
2026-08-08 16:00:00,Tirunelveli,8.7139,77.7567,28.59,Low,55.51
2026-08-08 16:00:00,Vellore,12.9165,79.1325,31.83,Moderate,45.58
2026-08-08 16:00:00,Erode,11.341,77.7172,37.27,Moderate,42.11
2026-08-08 17:00:00,Chennai,13.0827,80.2707,69.87,High,31.7
2026-08-08 17:00:00,Coimbatore,11.0168,76.9558,62.43,High,33.76
2026-08-08 17:00:00,Madurai,9.9252,78.1198,79.4,Severe,25.98
2026-08-08 17:00:00,Trichy,10.7905,78.7047,57.42,High,39.27
2026-08-08 17:00:00,Salem,11.6643,78.146,46.79,Moderate,40.74
2026-08-08 17:00:00,Tirunelveli,8.7139,77.7567,36.5,Moderate,42.2
2026-08-08 17:00:00,Vellore,12.9165,79.1325,47.74,Moderate,35.33
2026-08-08 17:00:00,Erode,11.341,77.7172,59.79,High,32.52
2026-08-08 18:00:00,Chennai,13.0827,80.2707,59.31,High,39.01
2026-08-08 18:00:00,Coimbatore,11.0168,76.9558,50.71,Moderate,41.78
2026-08-08 18:00:00,Madurai,9.9252,78.1198,52.21,Moderate,42.88
2026-08-08 18:00:00,Trichy,10.7905,78.7047,63.93,High,37.13
2026-08-08 18:00:00,Salem,11.6643,78.146,42.49,Moderate,42.84
2026-08-08 18:00:00,Tirunelveli,8.7139,77.7567,62.29,High,40.8
2026-08-08 18:00:00,Vellore,12.9165,79.1325,64.48,High,34.8
2026-08-08 18:00:00,Erode,11.341,77.7172,41.49,Moderate,45.36
2026-08-08 19:00:00,Chennai,13.0827,80.2707,76.0,Severe,26.29
2026-08-08 19:00:00,Coimbatore,11.0168,76.9558,60.63,High,40.68
2026-08-08 19:00:00,Madurai,9.9252,78.1198,59.16,High,39.33
2026-08-08 19:00:00,Trichy,10.7905,78.7047,46.57,Moderate,40.97
2026-08-08 19:00:00,Salem,11.6643,78.146,52.73,Moderate,35.0
2026-08-08 19:00:00,Tirunelveli,8.7139,77.7567,59.46,High,35.07
2026-08-08 19:00:00,Vellore,12.9165,79.1325,47.71,Moderate,36.26
2026-08-08 19:00:00,Erode,11.341,77.7172,61.19,High,34.18
2026-08-08 20:00:00,Chennai,13.0827,80.2707,59.85,High,35.6
2026-08-08 20:00:00,Coimbatore,11.0168,76.9558,42.09,Moderate,46.45
2026-08-08 20:00:00,Madurai,9.9252,78.1198,50.05,Moderate,40.88
2026-08-08 20:00:00,Trichy,10.7905,78.7047,42.55,Moderate,40.86
2026-08-08 20:00:00,Salem,11.6643,78.146,45.83,Moderate,39.64
2026-08-08 20:00:00,Tirunelveli,8.7139,77.7567,31.42,Moderate,49.74
2026-08-08 20:00:00,Vellore,12.9165,79.1325,52.5,Moderate,36.89
2026-08-08 20:00:00,Erode,11.341,77.7172,70.96,High,36.02
2026-08-08 21:00:00,Chennai,13.0827,80.2707,62.95,High,30.9
2026-08-08 21:00:00,Coimbatore,11.0168,76.9558,32.56,Moderate,41.28
2026-08-08 21:00:00,Madurai,9.9252,78.1198,54.01,Moderate,38.41
2026-08-08 21:00:00,Trichy,10.7905,78.7047,49.78,Moderate,43.43
2026-08-08 21:00:00,Salem,11.6643,78.146,50.36,Moderate,34.53
2026-08-08 21:00:00,Tirunelveli,8.7139,77.7567,63.8,High,32.64
2026-08-08 21:00:00,Vellore,12.9165,79.1325,59.07,High,34.52
2026-08-08 21:00:00,Erode,11.341,77.7172,64.13,High,32.26
2026-08-08 22:00:00,Chennai,13.0827,80.2707,44.66,Moderate,35.41
2026-08-08 22:00:00,Coimbatore,11.0168,76.9558,0.0,Low,60.23
2026-08-08 22:00:00,Madurai,9.9252,78.1198,14.93,Low,53.66
2026-08-08 22:00:00,Trichy,10.7905,78.7047,21.73,Low,53.04
2026-08-08 22:00:00,Salem,11.6643,78.146,22.31,Low,50.2
2026-08-08 22:00:00,Tirunelveli,8.7139,77.7567,20.61,Low,46.04
2026-08-08 22:00:00,Vellore,12.9165,79.1325,31.91,Moderate,49.24
2026-08-08 22:00:00,Erode,11.341,77.7172,14.83,Low,47.3
2026-08-08 23:00:00,Chennai,13.0827,80.2707,27.66,Low,49.68
2026-08-08 23:00:00,Coimbatore,11.0168,76.9558,20.83,Low,49.03
2026-08-08 23:00:00,Madurai,9.9252,78.1198,12.08,Low,54.84
2026-08-08 23:00:00,Trichy,10.7905,78.7047,36.44,Moderate,44.12
2026-08-08 23:00:00,Salem,11.6643,78.146,0.0,Low,59.34
2026-08-08 23:00:00,Tirunelveli,8.7139,77.7567,8.7,Low,58.92
2026-08-08 23:00:00,Vellore,12.9165,79.1325,20.97,Low,48.12
2026-08-08 23:00:00,Erode,11.341,77.7172,13.37,Low,58.97
2026-08-09 00:00:00,Chennai,13.0827,80.2707,19.74,Low,51.65
2026-08-09 00:00:00,Coimbatore,11.0168,76.9558,17.78,Low,49.73
2026-08-09 00:00:00,Madurai,9.9252,78.1198,29.54,Low,44.67
2026-08-09 00:00:00,Trichy,10.7905,78.7047,8.91,Low,56.54
2026-08-09 00:00:00,Salem,11.6643,78.146,17.16,Low,54.7
2026-08-09 00:00:00,Tirunelveli,8.7139,77.7567,4.94,Low,63.46
2026-08-09 00:00:00,Vellore,12.9165,79.1325,19.08,Low,51.0
2026-08-09 00:00:00,Erode,11.341,77.7172,12.58,Low,47.07
2026-08-09 01:00:00,Chennai,13.0827,80.2707,27.89,Low,46.14
2026-08-09 01:00:00,Coimbatore,11.0168,76.9558,11.2,Low,53.63
2026-08-09 01:00:00,Madurai,9.9252,78.1198,33.06,Moderate,44.21
2026-08-09 01:00:00,Trichy,10.7905,78.7047,30.55,Moderate,40.59
2026-08-09 01:00:00,Salem,11.6643,78.146,23.81,Low,53.23
2026-08-09 01:00:00,Tirunelveli,8.7139,77.7567,4.44,Low,53.65
2026-08-09 01:00:00,Vellore,12.9165,79.1325,33.06,Moderate,39.78
2026-08-09 01:00:00,Erode,11.341,77.7172,9.17,Low,60.8
2026-08-09 02:00:00,Chennai,13.0827,80.2707,48.34,Moderate,41.27
2026-08-09 02:00:00,Coimbatore,11.0168,76.9558,2.92,Low,55.24
2026-08-09 02:00:00,Madurai,9.9252,78.1198,26.32,Low,51.66
2026-08-09 02:00:00,Trichy,10.7905,78.7047,3.55,Low,60.42
2026-08-09 02:00:00,Salem,11.6643,78.146,1.72,Low,60.36
2026-08-09 02:00:00,Tirunelveli,8.7139,77.7567,12.86,Low,53.22
2026-08-09 02:00:00,Vellore,12.9165,79.1325,9.3,Low,60.01
2026-08-09 02:00:00,Erode,11.341,77.7172,19.2,Low,52.29
2026-08-09 03:00:00,Chennai,13.0827,80.2707,29.12,Low,47.69
2026-08-09 03:00:00,Coimbatore,11.0168,76.9558,0.0,Low,60.22
2026-08-09 03:00:00,Madurai,9.9252,78.1198,13.99,Low,52.55
2026-08-09 03:00:00,Trichy,10.7905,78.7047,15.85,Low,57.71
2026-08-09 03:00:00,Salem,11.6643,78.146,23.55,Low,51.58
2026-08-09 03:00:00,Tirunelveli,8.7139,77.7567,22.16,Low,55.86
2026-08-09 03:00:00,Vellore,12.9165,79.1325,0.0,Low,58.14
2026-08-09 03:00:00,Erode,11.341,77.7172,11.92,Low,52.19
2026-08-09 04:00:00,Chennai,13.0827,80.2707,30.18,Moderate,43.94
2026-08-09 04:00:00,Coimbatore,11.0168,76.9558,30.47,Moderate,45.47
2026-08-09 04:00:00,Madurai,9.9252,78.1198,12.79,Low,59.18
2026-08-09 04:00:00,Trichy,10.7905,78.7047,2.23,Low,57.22
2026-08-09 04:00:00,Salem,11.6643,78.146,31.75,Moderate,49.11
2026-08-09 04:00:00,Tirunelveli,8.7139,77.7567,13.75,Low,54.39
2026-08-09 04:00:00,Vellore,12.9165,79.1325,0.0,Low,63.44
2026-08-09 04:00:00,Erode,11.341,77.7172,13.99,Low,54.66
2026-08-09 05:00:00,Chennai,13.0827,80.2707,17.92,Low,56.62
2026-08-09 05:00:00,Coimbatore,11.0168,76.9558,1.08,Low,59.66
2026-08-09 05:00:00,Madurai,9.9252,78.1198,5.9,Low,57.59
2026-08-09 05:00:00,Trichy,10.7905,78.7047,0.86,Low,62.19
2026-08-09 05:00:00,Salem,11.6643,78.146,9.59,Low,52.95
2026-08-09 05:00:00,Tirunelveli,8.7139,77.7567,14.73,Low,54.9
2026-08-09 05:00:00,Vellore,12.9165,79.1325,18.65,Low,54.3
2026-08-09 05:00:00,Erode,11.341,77.7172,19.4,Low,48.03
2026-08-09 06:00:00,Chennai,13.0827,80.2707,23.46,Low,52.92
2026-08-09 06:00:00,Coimbatore,11.0168,76.9558,9.43,Low,53.02
2026-08-09 06:00:00,Madurai,9.9252,78.1198,24.13,Low,51.47
2026-08-09 06:00:00,Trichy,10.7905,78.7047,11.89,Low,57.58
2026-08-09 06:00:00,Salem,11.6643,78.146,17.02,Low,48.57
2026-08-09 06:00:00,Tirunelveli,8.7139,77.7567,22.38,Low,49.0
2026-08-09 06:00:00,Vellore,12.9165,79.1325,5.59,Low,54.79
2026-08-09 06:00:00,Erode,11.341,77.7172,17.14,Low,55.91
2026-08-09 07:00:00,Chennai,13.0827,80.2707,71.12,High,30.88
2026-08-09 07:00:00,Coimbatore,11.0168,76.9558,52.68,Moderate,38.79
2026-08-09 07:00:00,Madurai,9.9252,78.1198,57.51,High,34.71
2026-08-09 07:00:00,Trichy,10.7905,78.7047,48.11,Moderate,42.2
2026-08-09 07:00:00,Salem,11.6643,78.146,59.02,High,38.24
2026-08-09 07:00:00,Tirunelveli,8.7139,77.7567,54.79,Moderate,42.64
2026-08-09 07:00:00,Vellore,12.9165,79.1325,62.92,High,38.18
2026-08-09 07:00:00,Erode,11.341,77.7172,65.8,High,28.78
2026-08-09 08:00:00,Chennai,13.0827,80.2707,65.08,High,34.54
2026-08-09 08:00:00,Coimbatore,11.0168,76.9558,74.34,High,26.67
2026-08-09 08:00:00,Madurai,9.9252,78.1198,51.12,Moderate,35.78
2026-08-09 08:00:00,Trichy,10.7905,78.7047,52.66,Moderate,38.8
2026-08-09 08:00:00,Salem,11.6643,78.146,47.01,Moderate,42.75
2026-08-09 08:00:00,Tirunelveli,8.7139,77.7567,64.72,High,38.36
2026-08-09 08:00:00,Vellore,12.9165,79.1325,46.74,Moderate,45.37
2026-08-09 08:00:00,Erode,11.341,77.7172,56.73,High,37.01
2026-08-09 09:00:00,Chennai,13.0827,80.2707,68.03,High,31.18
2026-08-09 09:00:00,Coimbatore,11.0168,76.9558,45.19,Moderate,50.67
2026-08-09 09:00:00,Madurai,9.9252,78.1198,50.17,Moderate,38.17
2026-08-09 09:00:00,Trichy,10.7905,78.7047,69.87,High,27.66
2026-08-09 09:00:00,Salem,11.6643,78.146,52.46,Moderate,42.88
2026-08-09 09:00:00,Tirunelveli,8.7139,77.7567,48.76,Moderate,40.95
2026-08-09 09:00:00,Vellore,12.9165,79.1325,44.8,Moderate,40.26
2026-08-09 09:00:00,Erode,11.341,77.7172,59.89,High,34.98
2026-08-09 10:00:00,Chennai,13.0827,80.2707,70.47,High,34.17
2026-08-09 10:00:00,Coimbatore,11.0168,76.9558,55.09,High,40.13
2026-08-09 10:00:00,Madurai,9.9252,78.1198,52.58,Moderate,38.95
2026-08-09 10:00:00,Trichy,10.7905,78.7047,75.28,Severe,31.59
2026-08-09 10:00:00,Salem,11.6643,78.146,48.07,Moderate,37.06
2026-08-09 10:00:00,Tirunelveli,8.7139,77.7567,57.13,High,34.07
2026-08-09 10:00:00,Vellore,12.9165,79.1325,51.94,Moderate,38.44
2026-08-09 10:00:00,Erode,11.341,77.7172,59.95,High,36.17
2026-08-09 11:00:00,Chennai,13.0827,80.2707,63.32,High,34.94
2026-08-09 11:00:00,Coimbatore,11.0168,76.9558,29.92,Low,46.17
2026-08-09 11:00:00,Madurai,9.9252,78.1198,42.16,Moderate,41.56
2026-08-09 11:00:00,Trichy,10.7905,78.7047,36.65,Moderate,44.04
2026-08-09 11:00:00,Salem,11.6643,78.146,32.46,Moderate,49.12
2026-08-09 11:00:00,Tirunelveli,8.7139,77.7567,26.96,Low,49.86
2026-08-09 11:00:00,Vellore,12.9165,79.1325,21.05,Low,52.46
2026-08-09 11:00:00,Erode,11.341,77.7172,27.33,Low,46.78
2026-08-09 12:00:00,Chennai,13.0827,80.2707,45.27,Moderate,46.95
2026-08-09 12:00:00,Coimbatore,11.0168,76.9558,35.41,Moderate,48.65
2026-08-09 12:00:00,Madurai,9.9252,78.1198,38.68,Moderate,45.42
2026-08-09 12:00:00,Trichy,10.7905,78.7047,29.02,Low,47.09
2026-08-09 12:00:00,Salem,11.6643,78.146,36.33,Moderate,47.54
2026-08-09 12:00:00,Tirunelveli,8.7139,77.7567,21.1,Low,52.17
2026-08-09 12:00:00,Vellore,12.9165,79.1325,30.67,Moderate,44.3
2026-08-09 12:00:00,Erode,11.341,77.7172,29.0,Low,48.28
2026-08-09 13:00:00,Chennai,13.0827,80.2707,50.19,Moderate,38.4
2026-08-09 13:00:00,Coimbatore,11.0168,76.9558,29.93,Low,53.36
2026-08-09 13:00:00,Madurai,9.9252,78.1198,22.41,Low,57.09
2026-08-09 13:00:00,Trichy,10.7905,78.7047,43.83,Moderate,37.21
2026-08-09 13:00:00,Salem,11.6643,78.146,40.83,Moderate,45.68
2026-08-09 13:00:00,Tirunelveli,8.7139,77.7567,39.74,Moderate,43.92
2026-08-09 13:00:00,Vellore,12.9165,79.1325,26.86,Low,53.85
2026-08-09 13:00:00,Erode,11.341,77.7172,31.52,Moderate,47.34
2026-08-09 14:00:00,Chennai,13.0827,80.2707,47.3,Moderate,42.65
2026-08-09 14:00:00,Coimbatore,11.0168,76.9558,33.48,Moderate,42.58
2026-08-09 14:00:00,Madurai,9.9252,78.1198,38.33,Moderate,49.01
2026-08-09 14:00:00,Trichy,10.7905,78.7047,31.77,Moderate,49.76
2026-08-09 14:00:00,Salem,11.6643,78.146,49.46,Moderate,35.67
2026-08-09 14:00:00,Tirunelveli,8.7139,77.7567,17.78,Low,51.38
2026-08-09 14:00:00,Vellore,12.9165,79.1325,39.24,Moderate,42.56
2026-08-09 14:00:00,Erode,11.341,77.7172,29.83,Low,47.84
2026-08-09 15:00:00,Chennai,13.0827,80.2707,52.34,Moderate,37.75
2026-08-09 15:00:00,Coimbatore,11.0168,76.9558,42.04,Moderate,35.67
2026-08-09 15:00:00,Madurai,9.9252,78.1198,31.09,Moderate,50.36
2026-08-09 15:00:00,Trichy,10.7905,78.7047,44.89,Moderate,39.71
2026-08-09 15:00:00,Salem,11.6643,78.146,29.79,Low,44.61
2026-08-09 15:00:00,Tirunelveli,8.7139,77.7567,39.12,Moderate,38.06
2026-08-09 15:00:00,Vellore,12.9165,79.1325,30.24,Moderate,46.24
2026-08-09 15:00:00,Erode,11.341,77.7172,24.39,Low,46.45
2026-08-09 16:00:00,Chennai,13.0827,80.2707,38.32,Moderate,46.15
2026-08-09 16:00:00,Coimbatore,11.0168,76.9558,33.82,Moderate,44.59
2026-08-09 16:00:00,Madurai,9.9252,78.1198,31.01,Moderate,45.69
2026-08-09 16:00:00,Trichy,10.7905,78.7047,48.14,Moderate,49.02
2026-08-09 16:00:00,Salem,11.6643,78.146,34.58,Moderate,44.03
2026-08-09 16:00:00,Tirunelveli,8.7139,77.7567,32.97,Moderate,45.25
2026-08-09 16:00:00,Vellore,12.9165,79.1325,38.94,Moderate,40.66
2026-08-09 16:00:00,Erode,11.341,77.7172,47.05,Moderate,41.5
2026-08-09 17:00:00,Chennai,13.0827,80.2707,66.88,High,34.21
2026-08-09 17:00:00,Coimbatore,11.0168,76.9558,61.85,High,31.89
2026-08-09 17:00:00,Madurai,9.9252,78.1198,70.13,High,30.1
2026-08-09 17:00:00,Trichy,10.7905,78.7047,61.57,High,35.92
2026-08-09 17:00:00,Salem,11.6643,78.146,52.5,Moderate,37.33
2026-08-09 17:00:00,Tirunelveli,8.7139,77.7567,60.61,High,34.14
2026-08-09 17:00:00,Vellore,12.9165,79.1325,52.37,Moderate,35.41
2026-08-09 17:00:00,Erode,11.341,77.7172,67.63,High,34.98
2026-08-09 18:00:00,Chennai,13.0827,80.2707,80.13,Severe,24.54
2026-08-09 18:00:00,Coimbatore,11.0168,76.9558,55.85,High,37.18
2026-08-09 18:00:00,Madurai,9.9252,78.1198,57.02,High,38.11
2026-08-09 18:00:00,Trichy,10.7905,78.7047,64.25,High,33.54
2026-08-09 18:00:00,Salem,11.6643,78.146,53.96,Moderate,34.91
2026-08-09 18:00:00,Tirunelveli,8.7139,77.7567,56.95,High,38.09
2026-08-09 18:00:00,Vellore,12.9165,79.1325,59.3,High,37.19
2026-08-09 18:00:00,Erode,11.341,77.7172,79.71,Severe,29.03
2026-08-09 19:00:00,Chennai,13.0827,80.2707,73.05,High,31.34
2026-08-09 19:00:00,Coimbatore,11.0168,76.9558,56.98,High,31.72
2026-08-09 19:00:00,Madurai,9.9252,78.1198,44.16,Moderate,42.46
2026-08-09 19:00:00,Trichy,10.7905,78.7047,50.53,Moderate,40.2
2026-08-09 19:00:00,Salem,11.6643,78.146,62.33,High,32.27
2026-08-09 19:00:00,Tirunelveli,8.7139,77.7567,55.12,High,34.15
2026-08-09 19:00:00,Vellore,12.9165,79.1325,60.41,High,37.42
2026-08-09 19:00:00,Erode,11.341,77.7172,57.09,High,35.18
2026-08-09 20:00:00,Chennai,13.0827,80.2707,60.52,High,32.25
2026-08-09 20:00:00,Coimbatore,11.0168,76.9558,48.06,Moderate,39.7
2026-08-09 20:00:00,Madurai,9.9252,78.1198,63.57,High,36.46
2026-08-09 20:00:00,Trichy,10.7905,78.7047,51.03,Moderate,34.58
2026-08-09 20:00:00,Salem,11.6643,78.146,51.04,Moderate,38.98
2026-08-09 20:00:00,Tirunelveli,8.7139,77.7567,44.47,Moderate,41.8
2026-08-09 20:00:00,Vellore,12.9165,79.1325,54.4,Moderate,40.67
2026-08-09 20:00:00,Erode,11.341,77.7172,62.63,High,33.85
2026-08-09 21:00:00,Chennai,13.0827,80.2707,77.96,Severe,29.51
2026-08-09 21:00:00,Coimbatore,11.0168,76.9558,43.44,Moderate,42.6
2026-08-09 21:00:00,Madurai,9.9252,78.1198,45.59,Moderate,39.5
2026-08-09 21:00:00,Trichy,10.7905,78.7047,49.71,Moderate,37.27
2026-08-09 21:00:00,Salem,11.6643,78.146,59.17,High,35.11
2026-08-09 21:00:00,Tirunelveli,8.7139,77.7567,52.83,Moderate,45.79
2026-08-09 21:00:00,Vellore,12.9165,79.1325,59.28,High,34.43
2026-08-09 21:00:00,Erode,11.341,77.7172,50.35,Moderate,42.86
2026-08-09 22:00:00,Chennai,13.0827,80.2707,12.4,Low,56.87
2026-08-09 22:00:00,Coimbatore,11.0168,76.9558,2.46,Low,57.97
2026-08-09 22:00:00,Madurai,9.9252,78.1198,23.94,Low,49.18
2026-08-09 22:00:00,Trichy,10.7905,78.7047,8.26,Low,61.56
2026-08-09 22:00:00,Salem,11.6643,78.146,11.47,Low,52.04
2026-08-09 22:00:00,Tirunelveli,8.7139,77.7567,15.9,Low,54.96
2026-08-09 22:00:00,Vellore,12.9165,79.1325,16.56,Low,52.04
2026-08-09 22:00:00,Erode,11.341,77.7172,16.1,Low,51.24
2026-08-09 23:00:00,Chennai,13.0827,80.2707,36.58,Moderate,46.63
2026-08-09 23:00:00,Coimbatore,11.0168,76.9558,4.87,Low,58.8
2026-08-09 23:00:00,Madurai,9.9252,78.1198,14.36,Low,54.6
2026-08-09 23:00:00,Trichy,10.7905,78.7047,2.5,Low,62.76
2026-08-09 23:00:00,Salem,11.6643,78.146,2.23,Low,54.93
2026-08-09 23:00:00,Tirunelveli,8.7139,77.7567,13.37,Low,52.44
2026-08-09 23:00:00,Vellore,12.9165,79.1325,20.84,Low,55.15
2026-08-09 23:00:00,Erode,11.341,77.7172,5.82,Low,58.18
2026-08-10 00:00:00,Chennai,13.0827,80.2707,38.37,Moderate,44.67
2026-08-10 00:00:00,Coimbatore,11.0168,76.9558,6.25,Low,54.38
2026-08-10 00:00:00,Madurai,9.9252,78.1198,12.98,Low,47.31
2026-08-10 00:00:00,Trichy,10.7905,78.7047,25.43,Low,45.58
2026-08-10 00:00:00,Salem,11.6643,78.146,15.57,Low,51.06
2026-08-10 00:00:00,Tirunelveli,8.7139,77.7567,20.74,Low,49.96
2026-08-10 00:00:00,Vellore,12.9165,79.1325,26.83,Low,50.06
2026-08-10 00:00:00,Erode,11.341,77.7172,28.52,Low,50.96
2026-08-10 01:00:00,Chennai,13.0827,80.2707,54.9,Moderate,38.31
2026-08-10 01:00:00,Coimbatore,11.0168,76.9558,28.32,Low,43.37
2026-08-10 01:00:00,Madurai,9.9252,78.1198,6.72,Low,53.58
2026-08-10 01:00:00,Trichy,10.7905,78.7047,22.27,Low,47.68
2026-08-10 01:00:00,Salem,11.6643,78.146,23.72,Low,51.14
2026-08-10 01:00:00,Tirunelveli,8.7139,77.7567,24.21,Low,48.98
2026-08-10 01:00:00,Vellore,12.9165,79.1325,35.14,Moderate,46.28
2026-08-10 01:00:00,Erode,11.341,77.7172,30.87,Moderate,47.87
2026-08-10 02:00:00,Chennai,13.0827,80.2707,27.04,Low,51.3
2026-08-10 02:00:00,Coimbatore,11.0168,76.9558,29.35,Low,45.5
2026-08-10 02:00:00,Madurai,9.9252,78.1198,19.69,Low,49.59
2026-08-10 02:00:00,Trichy,10.7905,78.7047,25.9,Low,52.25
2026-08-10 02:00:00,Salem,11.6643,78.146,15.79,Low,45.48
2026-08-10 02:00:00,Tirunelveli,8.7139,77.7567,35.12,Moderate,51.03
2026-08-10 02:00:00,Vellore,12.9165,79.1325,38.34,Moderate,45.36
2026-08-10 02:00:00,Erode,11.341,77.7172,30.81,Moderate,51.62
2026-08-10 03:00:00,Chennai,13.0827,80.2707,50.25,Moderate,39.31
2026-08-10 03:00:00,Coimbatore,11.0168,76.9558,35.9,Moderate,44.4
2026-08-10 03:00:00,Madurai,9.9252,78.1198,41.64,Moderate,45.0
2026-08-10 03:00:00,Trichy,10.7905,78.7047,33.26,Moderate,47.16
2026-08-10 03:00:00,Salem,11.6643,78.146,41.66,Moderate,48.74
2026-08-10 03:00:00,Tirunelveli,8.7139,77.7567,17.65,Low,50.9
2026-08-10 03:00:00,Vellore,12.9165,79.1325,33.41,Moderate,40.98
2026-08-10 03:00:00,Erode,11.341,77.7172,20.49,Low,53.58
2026-08-10 04:00:00,Chennai,13.0827,80.2707,26.47,Low,49.86
2026-08-10 04:00:00,Coimbatore,11.0168,76.9558,24.42,Low,48.11
2026-08-10 04:00:00,Madurai,9.9252,78.1198,29.51,Low,49.65
2026-08-10 04:00:00,Trichy,10.7905,78.7047,40.34,Moderate,44.79
2026-08-10 04:00:00,Salem,11.6643,78.146,26.58,Low,51.43
2026-08-10 04:00:00,Tirunelveli,8.7139,77.7567,37.54,Moderate,49.77
2026-08-10 04:00:00,Vellore,12.9165,79.1325,24.52,Low,55.17
2026-08-10 04:00:00,Erode,11.341,77.7172,31.13,Moderate,47.83
2026-08-10 05:00:00,Chennai,13.0827,80.2707,29.79,Low,44.29
2026-08-10 05:00:00,Coimbatore,11.0168,76.9558,41.18,Moderate,41.45
2026-08-10 05:00:00,Madurai,9.9252,78.1198,35.81,Moderate,46.76
2026-08-10 05:00:00,Trichy,10.7905,78.7047,16.5,Low,49.89
2026-08-10 05:00:00,Salem,11.6643,78.146,44.31,Moderate,40.1
2026-08-10 05:00:00,Tirunelveli,8.7139,77.7567,27.22,Low,52.07
2026-08-10 05:00:00,Vellore,12.9165,79.1325,25.46,Low,47.8
2026-08-10 05:00:00,Erode,11.341,77.7172,34.59,Moderate,47.36
2026-08-10 06:00:00,Chennai,13.0827,80.2707,47.03,Moderate,41.14
2026-08-10 06:00:00,Coimbatore,11.0168,76.9558,21.85,Low,45.99
2026-08-10 06:00:00,Madurai,9.9252,78.1198,22.27,Low,52.45
2026-08-10 06:00:00,Trichy,10.7905,78.7047,44.36,Moderate,45.15
2026-08-10 06:00:00,Salem,11.6643,78.146,25.05,Low,46.15
2026-08-10 06:00:00,Tirunelveli,8.7139,77.7567,17.42,Low,51.62
2026-08-10 06:00:00,Vellore,12.9165,79.1325,40.26,Moderate,37.93
2026-08-10 06:00:00,Erode,11.341,77.7172,25.17,Low,45.4
2026-08-10 07:00:00,Chennai,13.0827,80.2707,76.12,Severe,27.74
2026-08-10 07:00:00,Coimbatore,11.0168,76.9558,68.88,High,28.44
2026-08-10 07:00:00,Madurai,9.9252,78.1198,71.78,High,32.04
2026-08-10 07:00:00,Trichy,10.7905,78.7047,81.88,Severe,26.12
2026-08-10 07:00:00,Salem,11.6643,78.146,75.11,Severe,33.6
2026-08-10 07:00:00,Tirunelveli,8.7139,77.7567,67.65,High,28.56
2026-08-10 07:00:00,Vellore,12.9165,79.1325,57.87,High,40.98
2026-08-10 07:00:00,Erode,11.341,77.7172,68.05,High,29.25
2026-08-10 08:00:00,Chennai,13.0827,80.2707,75.1,Severe,29.83
2026-08-10 08:00:00,Coimbatore,11.0168,76.9558,69.77,High,25.75
2026-08-10 08:00:00,Madurai,9.9252,78.1198,73.44,High,26.01
2026-08-10 08:00:00,Trichy,10.7905,78.7047,62.22,High,31.25
2026-08-10 08:00:00,Salem,11.6643,78.146,73.94,High,29.16
2026-08-10 08:00:00,Tirunelveli,8.7139,77.7567,63.85,High,31.43
2026-08-10 08:00:00,Vellore,12.9165,79.1325,68.84,High,30.63
2026-08-10 08:00:00,Erode,11.341,77.7172,67.08,High,28.19
2026-08-10 09:00:00,Chennai,13.0827,80.2707,71.96,High,32.72
2026-08-10 09:00:00,Coimbatore,11.0168,76.9558,64.23,High,30.07
2026-08-10 09:00:00,Madurai,9.9252,78.1198,66.26,High,36.91
2026-08-10 09:00:00,Trichy,10.7905,78.7047,68.35,High,31.44
2026-08-10 09:00:00,Salem,11.6643,78.146,74.35,High,24.06
2026-08-10 09:00:00,Tirunelveli,8.7139,77.7567,66.99,High,26.97
2026-08-10 09:00:00,Vellore,12.9165,79.1325,47.02,Moderate,38.77
2026-08-10 09:00:00,Erode,11.341,77.7172,74.6,High,29.64
2026-08-10 10:00:00,Chennai,13.0827,80.2707,86.36,Severe,25.16
2026-08-10 10:00:00,Coimbatore,11.0168,76.9558,78.27,Severe,26.49
2026-08-10 10:00:00,Madurai,9.9252,78.1198,66.42,High,33.09
2026-08-10 10:00:00,Trichy,10.7905,78.7047,69.59,High,32.79
2026-08-10 10:00:00,Salem,11.6643,78.146,71.53,High,27.77
2026-08-10 10:00:00,Tirunelveli,8.7139,77.7567,45.44,Moderate,38.23
2026-08-10 10:00:00,Vellore,12.9165,79.1325,47.27,Moderate,42.58
2026-08-10 10:00:00,Erode,11.341,77.7172,74.75,High,28.83
2026-08-10 11:00:00,Chennai,13.0827,80.2707,55.46,High,44.26
2026-08-10 11:00:00,Coimbatore,11.0168,76.9558,43.0,Moderate,44.22
2026-08-10 11:00:00,Madurai,9.9252,78.1198,42.61,Moderate,41.12
2026-08-10 11:00:00,Trichy,10.7905,78.7047,68.45,High,30.28
2026-08-10 11:00:00,Salem,11.6643,78.146,61.37,High,35.56
2026-08-10 11:00:00,Tirunelveli,8.7139,77.7567,43.14,Moderate,49.53
2026-08-10 11:00:00,Vellore,12.9165,79.1325,36.33,Moderate,40.09
2026-08-10 11:00:00,Erode,11.341,77.7172,31.43,Moderate,48.68
2026-08-10 12:00:00,Chennai,13.0827,80.2707,63.59,High,35.52
2026-08-10 12:00:00,Coimbatore,11.0168,76.9558,22.04,Low,52.65
2026-08-10 12:00:00,Madurai,9.9252,78.1198,39.45,Moderate,38.8
2026-08-10 12:00:00,Trichy,10.7905,78.7047,40.4,Moderate,44.66
2026-08-10 12:00:00,Salem,11.6643,78.146,60.41,High,39.31
2026-08-10 12:00:00,Tirunelveli,8.7139,77.7567,46.59,Moderate,38.19
2026-08-10 12:00:00,Vellore,12.9165,79.1325,54.85,Moderate,32.98
2026-08-10 12:00:00,Erode,11.341,77.7172,57.28,High,36.81
2026-08-10 13:00:00,Chennai,13.0827,80.2707,52.03,Moderate,31.91
2026-08-10 13:00:00,Coimbatore,11.0168,76.9558,39.92,Moderate,45.59
2026-08-10 13:00:00,Madurai,9.9252,78.1198,25.74,Low,45.87
2026-08-10 13:00:00,Trichy,10.7905,78.7047,51.2,Moderate,36.77
2026-08-10 13:00:00,Salem,11.6643,78.146,55.29,High,36.67
2026-08-10 13:00:00,Tirunelveli,8.7139,77.7567,57.17,High,35.92
2026-08-10 13:00:00,Vellore,12.9165,79.1325,46.73,Moderate,39.64
2026-08-10 13:00:00,Erode,11.341,77.7172,52.72,Moderate,39.32
2026-08-10 14:00:00,Chennai,13.0827,80.2707,62.72,High,36.48
2026-08-10 14:00:00,Coimbatore,11.0168,76.9558,34.59,Moderate,51.21
2026-08-10 14:00:00,Madurai,9.9252,78.1198,46.3,Moderate,41.1
2026-08-10 14:00:00,Trichy,10.7905,78.7047,41.69,Moderate,45.99
2026-08-10 14:00:00,Salem,11.6643,78.146,26.52,Low,47.37
2026-08-10 14:00:00,Tirunelveli,8.7139,77.7567,41.31,Moderate,44.47
2026-08-10 14:00:00,Vellore,12.9165,79.1325,26.54,Low,53.78
2026-08-10 14:00:00,Erode,11.341,77.7172,47.82,Moderate,37.87
2026-08-10 15:00:00,Chennai,13.0827,80.2707,57.27,High,31.72
2026-08-10 15:00:00,Coimbatore,11.0168,76.9558,35.0,Moderate,42.0
2026-08-10 15:00:00,Madurai,9.9252,78.1198,46.75,Moderate,42.39
2026-08-10 15:00:00,Trichy,10.7905,78.7047,39.19,Moderate,45.18
2026-08-10 15:00:00,Salem,11.6643,78.146,26.69,Low,43.4
2026-08-10 15:00:00,Tirunelveli,8.7139,77.7567,28.76,Low,50.69
2026-08-10 15:00:00,Vellore,12.9165,79.1325,50.29,Moderate,37.5
2026-08-10 15:00:00,Erode,11.341,77.7172,39.34,Moderate,42.38
2026-08-10 16:00:00,Chennai,13.0827,80.2707,53.41,Moderate,39.04
2026-08-10 16:00:00,Coimbatore,11.0168,76.9558,51.12,Moderate,34.28
2026-08-10 16:00:00,Madurai,9.9252,78.1198,38.78,Moderate,45.63
2026-08-10 16:00:00,Trichy,10.7905,78.7047,29.97,Low,45.4
2026-08-10 16:00:00,Salem,11.6643,78.146,34.89,Moderate,43.18
2026-08-10 16:00:00,Tirunelveli,8.7139,77.7567,51.32,Moderate,37.92
2026-08-10 16:00:00,Vellore,12.9165,79.1325,39.12,Moderate,44.27
2026-08-10 16:00:00,Erode,11.341,77.7172,43.23,Moderate,37.84
2026-08-10 17:00:00,Chennai,13.0827,80.2707,72.4,High,33.98
2026-08-10 17:00:00,Coimbatore,11.0168,76.9558,80.23,Severe,24.13
2026-08-10 17:00:00,Madurai,9.9252,78.1198,65.78,High,33.48
2026-08-10 17:00:00,Trichy,10.7905,78.7047,66.41,High,35.77
2026-08-10 17:00:00,Salem,11.6643,78.146,85.24,Severe,28.1
2026-08-10 17:00:00,Tirunelveli,8.7139,77.7567,90.24,Severe,20.97
2026-08-10 17:00:00,Vellore,12.9165,79.1325,68.25,High,30.35
2026-08-10 17:00:00,Erode,11.341,77.7172,66.65,High,35.09
2026-08-10 18:00:00,Chennai,13.0827,80.2707,75.12,Severe,23.9
2026-08-10 18:00:00,Coimbatore,11.0168,76.9558,65.15,High,30.46
2026-08-10 18:00:00,Madurai,9.9252,78.1198,68.85,High,30.83
2026-08-10 18:00:00,Trichy,10.7905,78.7047,58.06,High,33.8
2026-08-10 18:00:00,Salem,11.6643,78.146,53.64,Moderate,39.04
2026-08-10 18:00:00,Tirunelveli,8.7139,77.7567,72.56,High,33.44
2026-08-10 18:00:00,Vellore,12.9165,79.1325,55.33,High,39.87
2026-08-10 18:00:00,Erode,11.341,77.7172,66.01,High,28.53
2026-08-10 19:00:00,Chennai,13.0827,80.2707,76.72,Severe,28.24
2026-08-10 19:00:00,Coimbatore,11.0168,76.9558,75.39,Severe,30.2
2026-08-10 19:00:00,Madurai,9.9252,78.1198,48.01,Moderate,37.49
2026-08-10 19:00:00,Trichy,10.7905,78.7047,96.29,Severe,19.51
2026-08-10 19:00:00,Salem,11.6643,78.146,73.55,High,30.86
2026-08-10 19:00:00,Tirunelveli,8.7139,77.7567,66.42,High,28.47
2026-08-10 19:00:00,Vellore,12.9165,79.1325,76.26,Severe,27.66
2026-08-10 19:00:00,Erode,11.341,77.7172,54.39,Moderate,37.05
2026-08-10 20:00:00,Chennai,13.0827,80.2707,74.39,High,30.3
2026-08-10 20:00:00,Coimbatore,11.0168,76.9558,76.66,Severe,23.96
2026-08-10 20:00:00,Madurai,9.9252,78.1198,73.11,High,31.7
2026-08-10 20:00:00,Trichy,10.7905,78.7047,73.02,High,33.01
2026-08-10 20:00:00,Salem,11.6643,78.146,74.8,High,30.89
2026-08-10 20:00:00,Tirunelveli,8.7139,77.7567,43.09,Moderate,35.71
2026-08-10 20:00:00,Vellore,12.9165,79.1325,78.16,Severe,26.82
2026-08-10 20:00:00,Erode,11.341,77.7172,71.53,High,32.02
2026-08-10 21:00:00,Chennai,13.0827,80.2707,85.65,Severe,24.06
2026-08-10 21:00:00,Coimbatore,11.0168,76.9558,41.32,Moderate,48.77
2026-08-10 21:00:00,Madurai,9.9252,78.1198,69.9,High,32.69
2026-08-10 21:00:00,Trichy,10.7905,78.7047,66.74,High,33.79
2026-08-10 21:00:00,Salem,11.6643,78.146,75.85,Severe,27.65
2026-08-10 21:00:00,Tirunelveli,8.7139,77.7567,59.45,High,33.62
2026-08-10 21:00:00,Vellore,12.9165,79.1325,63.21,High,34.7
2026-08-10 21:00:00,Erode,11.341,77.7172,49.55,Moderate,38.17
2026-08-10 22:00:00,Chennai,13.0827,80.2707,37.07,Moderate,47.49
2026-08-10 22:00:00,Coimbatore,11.0168,76.9558,27.29,Low,48.88
2026-08-10 22:00:00,Madurai,9.9252,78.1198,39.86,Moderate,46.77
2026-08-10 22:00:00,Trichy,10.7905,78.7047,35.19,Moderate,45.29
2026-08-10 22:00:00,Salem,11.6643,78.146,38.96,Moderate,52.38
2026-08-10 22:00:00,Tirunelveli,8.7139,77.7567,30.61,Moderate,43.67
2026-08-10 22:00:00,Vellore,12.9165,79.1325,17.18,Low,56.19
2026-08-10 22:00:00,Erode,11.341,77.7172,19.59,Low,49.13
2026-08-10 23:00:00,Chennai,13.0827,80.2707,25.65,Low,50.57
2026-08-10 23:00:00,Coimbatore,11.0168,76.9558,8.05,Low,56.81
2026-08-10 23:00:00,Madurai,9.9252,78.1198,34.81,Moderate,40.3
2026-08-10 23:00:00,Trichy,10.7905,78.7047,33.91,Moderate,43.08
2026-08-10 23:00:00,Salem,11.6643,78.146,28.13,Low,47.65
2026-08-10 23:00:00,Tirunelveli,8.7139,77.7567,24.1,Low,51.28
2026-08-10 23:00:00,Vellore,12.9165,79.1325,40.22,Moderate,39.77
2026-08-10 23:00:00,Erode,11.341,77.7172,24.31,Low,47.2
2026-08-11 00:00:00,Chennai,13.0827,80.2707,28.89,Low,44.57
2026-08-11 00:00:00,Coimbatore,11.0168,76.9558,28.19,Low,42.69
2026-08-11 00:00:00,Madurai,9.9252,78.1198,36.8,Moderate,40.58
2026-08-11 00:00:00,Trichy,10.7905,78.7047,24.35,Low,53.12
2026-08-11 00:00:00,Salem,11.6643,78.146,51.46,Moderate,34.24
2026-08-11 00:00:00,Tirunelveli,8.7139,77.7567,29.43,Low,51.74
2026-08-11 00:00:00,Vellore,12.9165,79.1325,14.53,Low,52.96
2026-08-11 00:00:00,Erode,11.341,77.7172,11.35,Low,51.42
2026-08-11 01:00:00,Chennai,13.0827,80.2707,28.45,Low,51.51
2026-08-11 01:00:00,Coimbatore,11.0168,76.9558,10.45,Low,51.28
2026-08-11 01:00:00,Madurai,9.9252,78.1198,28.93,Low,44.02
2026-08-11 01:00:00,Trichy,10.7905,78.7047,11.88,Low,57.64
2026-08-11 01:00:00,Salem,11.6643,78.146,31.14,Moderate,39.98
2026-08-11 01:00:00,Tirunelveli,8.7139,77.7567,17.66,Low,55.64
2026-08-11 01:00:00,Vellore,12.9165,79.1325,29.77,Low,47.01
2026-08-11 01:00:00,Erode,11.341,77.7172,42.85,Moderate,46.14
2026-08-11 02:00:00,Chennai,13.0827,80.2707,37.71,Moderate,46.83
2026-08-11 02:00:00,Coimbatore,11.0168,76.9558,48.44,Moderate,40.35
2026-08-11 02:00:00,Madurai,9.9252,78.1198,36.66,Moderate,45.61
2026-08-11 02:00:00,Trichy,10.7905,78.7047,40.52,Moderate,45.61
2026-08-11 02:00:00,Salem,11.6643,78.146,29.37,Low,51.16
2026-08-11 02:00:00,Tirunelveli,8.7139,77.7567,12.16,Low,56.47
2026-08-11 02:00:00,Vellore,12.9165,79.1325,27.88,Low,47.19
2026-08-11 02:00:00,Erode,11.341,77.7172,13.06,Low,52.31
2026-08-11 03:00:00,Chennai,13.0827,80.2707,42.83,Moderate,43.44
2026-08-11 03:00:00,Coimbatore,11.0168,76.9558,38.87,Moderate,46.41
2026-08-11 03:00:00,Madurai,9.9252,78.1198,32.23,Moderate,48.23
2026-08-11 03:00:00,Trichy,10.7905,78.7047,30.35,Moderate,45.55
2026-08-11 03:00:00,Salem,11.6643,78.146,31.36,Moderate,46.5
2026-08-11 03:00:00,Tirunelveli,8.7139,77.7567,20.19,Low,54.63
2026-08-11 03:00:00,Vellore,12.9165,79.1325,22.44,Low,44.41
2026-08-11 03:00:00,Erode,11.341,77.7172,29.07,Low,47.23
2026-08-11 04:00:00,Chennai,13.0827,80.2707,39.08,Moderate,41.07
2026-08-11 04:00:00,Coimbatore,11.0168,76.9558,18.04,Low,55.62
2026-08-11 04:00:00,Madurai,9.9252,78.1198,39.39,Moderate,46.53
2026-08-11 04:00:00,Trichy,10.7905,78.7047,38.08,Moderate,43.02
2026-08-11 04:00:00,Salem,11.6643,78.146,18.9,Low,53.22
2026-08-11 04:00:00,Tirunelveli,8.7139,77.7567,9.19,Low,55.86
2026-08-11 04:00:00,Vellore,12.9165,79.1325,39.59,Moderate,46.16
2026-08-11 04:00:00,Erode,11.341,77.7172,35.7,Moderate,43.45
2026-08-11 05:00:00,Chennai,13.0827,80.2707,36.64,Moderate,47.4
2026-08-11 05:00:00,Coimbatore,11.0168,76.9558,17.52,Low,51.3
2026-08-11 05:00:00,Madurai,9.9252,78.1198,31.99,Moderate,43.2
2026-08-11 05:00:00,Trichy,10.7905,78.7047,38.43,Moderate,39.25
2026-08-11 05:00:00,Salem,11.6643,78.146,38.11,Moderate,44.13
2026-08-11 05:00:00,Tirunelveli,8.7139,77.7567,7.26,Low,55.76
2026-08-11 05:00:00,Vellore,12.9165,79.1325,23.15,Low,52.19
2026-08-11 05:00:00,Erode,11.341,77.7172,15.41,Low,55.35
2026-08-11 06:00:00,Chennai,13.0827,80.2707,48.31,Moderate,40.91
2026-08-11 06:00:00,Coimbatore,11.0168,76.9558,18.39,Low,56.64
2026-08-11 06:00:00,Madurai,9.9252,78.1198,12.63,Low,56.62
2026-08-11 06:00:00,Trichy,10.7905,78.7047,14.09,Low,57.53
2026-08-11 06:00:00,Salem,11.6643,78.146,36.12,Moderate,45.3
2026-08-11 06:00:00,Tirunelveli,8.7139,77.7567,5.47,Low,56.85
2026-08-11 06:00:00,Vellore,12.9165,79.1325,22.58,Low,50.13
2026-08-11 06:00:00,Erode,11.341,77.7172,35.5,Moderate,47.75
2026-08-11 07:00:00,Chennai,13.0827,80.2707,87.99,Severe,19.47
2026-08-11 07:00:00,Coimbatore,11.0168,76.9558,54.04,Moderate,39.94
2026-08-11 07:00:00,Madurai,9.9252,78.1198,65.92,High,41.15
2026-08-11 07:00:00,Trichy,10.7905,78.7047,74.14,High,32.81
2026-08-11 07:00:00,Salem,11.6643,78.146,36.51,Moderate,38.73
2026-08-11 07:00:00,Tirunelveli,8.7139,77.7567,78.63,Severe,26.74
2026-08-11 07:00:00,Vellore,12.9165,79.1325,71.88,High,31.98
2026-08-11 07:00:00,Erode,11.341,77.7172,69.95,High,29.91
2026-08-11 08:00:00,Chennai,13.0827,80.2707,87.5,Severe,20.45
2026-08-11 08:00:00,Coimbatore,11.0168,76.9558,50.98,Moderate,35.26
2026-08-11 08:00:00,Madurai,9.9252,78.1198,68.52,High,36.11
2026-08-11 08:00:00,Trichy,10.7905,78.7047,50.18,Moderate,39.83
2026-08-11 08:00:00,Salem,11.6643,78.146,75.47,Severe,21.86
2026-08-11 08:00:00,Tirunelveli,8.7139,77.7567,61.7,High,34.09
2026-08-11 08:00:00,Vellore,12.9165,79.1325,64.87,High,31.25
2026-08-11 08:00:00,Erode,11.341,77.7172,91.98,Severe,23.21
2026-08-11 09:00:00,Chennai,13.0827,80.2707,82.1,Severe,23.49
2026-08-11 09:00:00,Coimbatore,11.0168,76.9558,86.58,Severe,28.63
2026-08-11 09:00:00,Madurai,9.9252,78.1198,47.81,Moderate,36.48
2026-08-11 09:00:00,Trichy,10.7905,78.7047,69.88,High,29.14
2026-08-11 09:00:00,Salem,11.6643,78.146,80.21,Severe,23.08
2026-08-11 09:00:00,Tirunelveli,8.7139,77.7567,73.62,High,33.3
2026-08-11 09:00:00,Vellore,12.9165,79.1325,79.14,Severe,26.16
2026-08-11 09:00:00,Erode,11.341,77.7172,62.4,High,36.28
2026-08-11 10:00:00,Chennai,13.0827,80.2707,79.38,Severe,27.06
2026-08-11 10:00:00,Coimbatore,11.0168,76.9558,66.57,High,31.34
2026-08-11 10:00:00,Madurai,9.9252,78.1198,67.5,High,31.33
2026-08-11 10:00:00,Trichy,10.7905,78.7047,83.48,Severe,33.29
2026-08-11 10:00:00,Salem,11.6643,78.146,77.23,Severe,27.25
2026-08-11 10:00:00,Tirunelveli,8.7139,77.7567,70.83,High,26.34
2026-08-11 10:00:00,Vellore,12.9165,79.1325,63.36,High,31.47
2026-08-11 10:00:00,Erode,11.341,77.7172,59.42,High,34.79
2026-08-11 11:00:00,Chennai,13.0827,80.2707,65.24,High,28.86
2026-08-11 11:00:00,Coimbatore,11.0168,76.9558,32.56,Moderate,49.17
2026-08-11 11:00:00,Madurai,9.9252,78.1198,48.25,Moderate,35.46
2026-08-11 11:00:00,Trichy,10.7905,78.7047,68.53,High,24.16
2026-08-11 11:00:00,Salem,11.6643,78.146,24.81,Low,48.93
2026-08-11 11:00:00,Tirunelveli,8.7139,77.7567,44.87,Moderate,42.59
2026-08-11 11:00:00,Vellore,12.9165,79.1325,21.05,Low,50.57
2026-08-11 11:00:00,Erode,11.341,77.7172,37.15,Moderate,45.2
2026-08-11 12:00:00,Chennai,13.0827,80.2707,58.9,High,38.04
2026-08-11 12:00:00,Coimbatore,11.0168,76.9558,42.89,Moderate,35.57
2026-08-11 12:00:00,Madurai,9.9252,78.1198,32.49,Moderate,44.25
2026-08-11 12:00:00,Trichy,10.7905,78.7047,49.76,Moderate,38.01
2026-08-11 12:00:00,Salem,11.6643,78.146,54.65,Moderate,38.36
2026-08-11 12:00:00,Tirunelveli,8.7139,77.7567,24.58,Low,49.06
2026-08-11 12:00:00,Vellore,12.9165,79.1325,51.9,Moderate,39.85
2026-08-11 12:00:00,Erode,11.341,77.7172,51.17,Moderate,43.72
2026-08-11 13:00:00,Chennai,13.0827,80.2707,68.67,High,31.49
2026-08-11 13:00:00,Coimbatore,11.0168,76.9558,49.06,Moderate,38.51
2026-08-11 13:00:00,Madurai,9.9252,78.1198,40.98,Moderate,43.36
2026-08-11 13:00:00,Trichy,10.7905,78.7047,31.59,Moderate,50.22
2026-08-11 13:00:00,Salem,11.6643,78.146,49.32,Moderate,35.69
2026-08-11 13:00:00,Tirunelveli,8.7139,77.7567,47.41,Moderate,38.85
2026-08-11 13:00:00,Vellore,12.9165,79.1325,38.69,Moderate,41.89
2026-08-11 13:00:00,Erode,11.341,77.7172,38.74,Moderate,46.63
2026-08-11 14:00:00,Chennai,13.0827,80.2707,47.25,Moderate,41.24
2026-08-11 14:00:00,Coimbatore,11.0168,76.9558,58.97,High,40.11
2026-08-11 14:00:00,Madurai,9.9252,78.1198,42.17,Moderate,43.17
2026-08-11 14:00:00,Trichy,10.7905,78.7047,39.8,Moderate,47.1
2026-08-11 14:00:00,Salem,11.6643,78.146,44.42,Moderate,38.19
2026-08-11 14:00:00,Tirunelveli,8.7139,77.7567,50.41,Moderate,41.94
2026-08-11 14:00:00,Vellore,12.9165,79.1325,51.05,Moderate,42.88
2026-08-11 14:00:00,Erode,11.341,77.7172,38.76,Moderate,46.06
2026-08-11 15:00:00,Chennai,13.0827,80.2707,57.76,High,31.44
2026-08-11 15:00:00,Coimbatore,11.0168,76.9558,61.67,High,35.89
2026-08-11 15:00:00,Madurai,9.9252,78.1198,56.77,High,35.55
2026-08-11 15:00:00,Trichy,10.7905,78.7047,41.37,Moderate,41.25
2026-08-11 15:00:00,Salem,11.6643,78.146,48.19,Moderate,39.25
2026-08-11 15:00:00,Tirunelveli,8.7139,77.7567,40.37,Moderate,44.18
2026-08-11 15:00:00,Vellore,12.9165,79.1325,50.93,Moderate,37.66
2026-08-11 15:00:00,Erode,11.341,77.7172,45.94,Moderate,42.47
2026-08-11 16:00:00,Chennai,13.0827,80.2707,46.95,Moderate,41.89
2026-08-11 16:00:00,Coimbatore,11.0168,76.9558,42.47,Moderate,42.98
2026-08-11 16:00:00,Madurai,9.9252,78.1198,53.36,Moderate,37.24
2026-08-11 16:00:00,Trichy,10.7905,78.7047,58.33,High,40.01
2026-08-11 16:00:00,Salem,11.6643,78.146,48.93,Moderate,38.4
2026-08-11 16:00:00,Tirunelveli,8.7139,77.7567,36.18,Moderate,45.55
2026-08-11 16:00:00,Vellore,12.9165,79.1325,43.77,Moderate,38.8
2026-08-11 16:00:00,Erode,11.341,77.7172,55.6,High,34.96
2026-08-11 17:00:00,Chennai,13.0827,80.2707,80.47,Severe,23.92
2026-08-11 17:00:00,Coimbatore,11.0168,76.9558,47.35,Moderate,41.43
2026-08-11 17:00:00,Madurai,9.9252,78.1198,65.11,High,37.0
2026-08-11 17:00:00,Trichy,10.7905,78.7047,69.87,High,28.36
2026-08-11 17:00:00,Salem,11.6643,78.146,63.29,High,31.03
2026-08-11 17:00:00,Tirunelveli,8.7139,77.7567,59.6,High,32.16
2026-08-11 17:00:00,Vellore,12.9165,79.1325,69.29,High,33.36
2026-08-11 17:00:00,Erode,11.341,77.7172,70.59,High,33.28
2026-08-11 18:00:00,Chennai,13.0827,80.2707,74.38,High,30.02
2026-08-11 18:00:00,Coimbatore,11.0168,76.9558,67.82,High,29.21
2026-08-11 18:00:00,Madurai,9.9252,78.1198,59.67,High,41.29
2026-08-11 18:00:00,Trichy,10.7905,78.7047,53.97,Moderate,37.88
2026-08-11 18:00:00,Salem,11.6643,78.146,47.87,Moderate,38.23
2026-08-11 18:00:00,Tirunelveli,8.7139,77.7567,73.53,High,30.62
2026-08-11 18:00:00,Vellore,12.9165,79.1325,80.82,Severe,17.92
2026-08-11 18:00:00,Erode,11.341,77.7172,58.66,High,35.83
2026-08-11 19:00:00,Chennai,13.0827,80.2707,85.96,Severe,21.68
2026-08-11 19:00:00,Coimbatore,11.0168,76.9558,83.03,Severe,23.6
2026-08-11 19:00:00,Madurai,9.9252,78.1198,53.58,Moderate,34.46
2026-08-11 19:00:00,Trichy,10.7905,78.7047,82.31,Severe,22.4
2026-08-11 19:00:00,Salem,11.6643,78.146,73.85,High,27.98
2026-08-11 19:00:00,Tirunelveli,8.7139,77.7567,55.62,High,37.5
2026-08-11 19:00:00,Vellore,12.9165,79.1325,61.98,High,27.74
2026-08-11 19:00:00,Erode,11.341,77.7172,77.03,Severe,27.83
2026-08-11 20:00:00,Chennai,13.0827,80.2707,71.91,High,29.5
2026-08-11 20:00:00,Coimbatore,11.0168,76.9558,57.11,High,33.37
2026-08-11 20:00:00,Madurai,9.9252,78.1198,58.44,High,33.52
2026-08-11 20:00:00,Trichy,10.7905,78.7047,75.46,Severe,29.8
2026-08-11 20:00:00,Salem,11.6643,78.146,45.63,Moderate,42.61
2026-08-11 20:00:00,Tirunelveli,8.7139,77.7567,63.89,High,35.68
2026-08-11 20:00:00,Vellore,12.9165,79.1325,69.8,High,32.69
2026-08-11 20:00:00,Erode,11.341,77.7172,77.26,Severe,32.81
2026-08-11 21:00:00,Chennai,13.0827,80.2707,73.33,High,23.94
2026-08-11 21:00:00,Coimbatore,11.0168,76.9558,74.68,High,25.79
2026-08-11 21:00:00,Madurai,9.9252,78.1198,74.4,High,27.54
2026-08-11 21:00:00,Trichy,10.7905,78.7047,64.99,High,38.17
2026-08-11 21:00:00,Salem,11.6643,78.146,55.81,High,31.74
2026-08-11 21:00:00,Tirunelveli,8.7139,77.7567,50.82,Moderate,37.71
2026-08-11 21:00:00,Vellore,12.9165,79.1325,78.18,Severe,27.1
2026-08-11 21:00:00,Erode,11.341,77.7172,63.51,High,31.2
2026-08-11 22:00:00,Chennai,13.0827,80.2707,42.35,Moderate,43.28
2026-08-11 22:00:00,Coimbatore,11.0168,76.9558,34.22,Moderate,42.61
2026-08-11 22:00:00,Madurai,9.9252,78.1198,27.7,Low,49.17
2026-08-11 22:00:00,Trichy,10.7905,78.7047,24.96,Low,48.13
2026-08-11 22:00:00,Salem,11.6643,78.146,18.97,Low,53.12
2026-08-11 22:00:00,Tirunelveli,8.7139,77.7567,46.98,Moderate,43.12
2026-08-11 22:00:00,Vellore,12.9165,79.1325,12.55,Low,50.58
2026-08-11 22:00:00,Erode,11.341,77.7172,46.89,Moderate,46.01
2026-08-11 23:00:00,Chennai,13.0827,80.2707,48.4,Moderate,43.66
2026-08-11 23:00:00,Coimbatore,11.0168,76.9558,30.14,Moderate,45.66
2026-08-11 23:00:00,Madurai,9.9252,78.1198,13.87,Low,55.3
2026-08-11 23:00:00,Trichy,10.7905,78.7047,42.39,Moderate,42.8
2026-08-11 23:00:00,Salem,11.6643,78.146,6.01,Low,49.83
2026-08-11 23:00:00,Tirunelveli,8.7139,77.7567,19.36,Low,51.85
2026-08-11 23:00:00,Vellore,12.9165,79.1325,36.42,Moderate,39.04
2026-08-11 23:00:00,Erode,11.341,77.7172,26.39,Low,45.61
2026-08-12 00:00:00,Chennai,13.0827,80.2707,28.23,Low,49.07
2026-08-12 00:00:00,Coimbatore,11.0168,76.9558,25.87,Low,52.31
2026-08-12 00:00:00,Madurai,9.9252,78.1198,0.26,Low,58.49
2026-08-12 00:00:00,Trichy,10.7905,78.7047,7.88,Low,54.8
2026-08-12 00:00:00,Salem,11.6643,78.146,23.25,Low,45.0
2026-08-12 00:00:00,Tirunelveli,8.7139,77.7567,36.86,Moderate,47.8
2026-08-12 00:00:00,Vellore,12.9165,79.1325,22.27,Low,47.12
2026-08-12 00:00:00,Erode,11.341,77.7172,32.51,Moderate,42.72
2026-08-12 01:00:00,Chennai,13.0827,80.2707,51.64,Moderate,35.41
2026-08-12 01:00:00,Coimbatore,11.0168,76.9558,21.82,Low,50.52
2026-08-12 01:00:00,Madurai,9.9252,78.1198,18.34,Low,54.63
2026-08-12 01:00:00,Trichy,10.7905,78.7047,13.91,Low,47.54
2026-08-12 01:00:00,Salem,11.6643,78.146,29.15,Low,48.78
2026-08-12 01:00:00,Tirunelveli,8.7139,77.7567,24.65,Low,55.01
2026-08-12 01:00:00,Vellore,12.9165,79.1325,15.16,Low,58.61
2026-08-12 01:00:00,Erode,11.341,77.7172,18.34,Low,54.96
2026-08-12 02:00:00,Chennai,13.0827,80.2707,47.62,Moderate,38.29
2026-08-12 02:00:00,Coimbatore,11.0168,76.9558,14.6,Low,54.8
2026-08-12 02:00:00,Madurai,9.9252,78.1198,34.45,Moderate,48.13
2026-08-12 02:00:00,Trichy,10.7905,78.7047,19.69,Low,52.25
2026-08-12 02:00:00,Salem,11.6643,78.146,18.67,Low,51.69
2026-08-12 02:00:00,Tirunelveli,8.7139,77.7567,26.32,Low,50.0
2026-08-12 02:00:00,Vellore,12.9165,79.1325,30.11,Moderate,43.93
2026-08-12 02:00:00,Erode,11.341,77.7172,12.38,Low,57.15
2026-08-12 03:00:00,Chennai,13.0827,80.2707,36.53,Moderate,44.13
2026-08-12 03:00:00,Coimbatore,11.0168,76.9558,30.47,Moderate,52.39
2026-08-12 03:00:00,Madurai,9.9252,78.1198,36.69,Moderate,39.52
2026-08-12 03:00:00,Trichy,10.7905,78.7047,19.32,Low,58.84
2026-08-12 03:00:00,Salem,11.6643,78.146,25.53,Low,52.96
2026-08-12 03:00:00,Tirunelveli,8.7139,77.7567,24.44,Low,50.42
2026-08-12 03:00:00,Vellore,12.9165,79.1325,19.41,Low,52.77
2026-08-12 03:00:00,Erode,11.341,77.7172,30.94,Moderate,49.89
2026-08-12 04:00:00,Chennai,13.0827,80.2707,40.63,Moderate,39.62
2026-08-12 04:00:00,Coimbatore,11.0168,76.9558,33.43,Moderate,49.27
2026-08-12 04:00:00,Madurai,9.9252,78.1198,23.21,Low,51.84
2026-08-12 04:00:00,Trichy,10.7905,78.7047,21.67,Low,51.5
2026-08-12 04:00:00,Salem,11.6643,78.146,56.66,High,37.56
2026-08-12 04:00:00,Tirunelveli,8.7139,77.7567,37.77,Moderate,50.48
2026-08-12 04:00:00,Vellore,12.9165,79.1325,21.68,Low,47.83
2026-08-12 04:00:00,Erode,11.341,77.7172,38.57,Moderate,45.12
2026-08-12 05:00:00,Chennai,13.0827,80.2707,41.78,Moderate,42.63
2026-08-12 05:00:00,Coimbatore,11.0168,76.9558,41.21,Moderate,45.35
2026-08-12 05:00:00,Madurai,9.9252,78.1198,29.12,Low,45.01
2026-08-12 05:00:00,Trichy,10.7905,78.7047,32.59,Moderate,42.27
2026-08-12 05:00:00,Salem,11.6643,78.146,11.08,Low,59.81
2026-08-12 05:00:00,Tirunelveli,8.7139,77.7567,13.44,Low,50.05
2026-08-12 05:00:00,Vellore,12.9165,79.1325,10.69,Low,50.99
2026-08-12 05:00:00,Erode,11.341,77.7172,29.78,Low,50.72
2026-08-12 06:00:00,Chennai,13.0827,80.2707,44.53,Moderate,39.15
2026-08-12 06:00:00,Coimbatore,11.0168,76.9558,22.96,Low,50.25
2026-08-12 06:00:00,Madurai,9.9252,78.1198,30.47,Moderate,47.54
2026-08-12 06:00:00,Trichy,10.7905,78.7047,31.68,Moderate,45.95
2026-08-12 06:00:00,Salem,11.6643,78.146,35.61,Moderate,43.97
2026-08-12 06:00:00,Tirunelveli,8.7139,77.7567,31.18,Moderate,49.03
2026-08-12 06:00:00,Vellore,12.9165,79.1325,28.28,Low,44.89
2026-08-12 06:00:00,Erode,11.341,77.7172,30.03,Moderate,51.38
2026-08-12 07:00:00,Chennai,13.0827,80.2707,74.33,High,32.95
2026-08-12 07:00:00,Coimbatore,11.0168,76.9558,69.72,High,31.46
2026-08-12 07:00:00,Madurai,9.9252,78.1198,67.45,High,32.12
2026-08-12 07:00:00,Trichy,10.7905,78.7047,66.83,High,27.99
2026-08-12 07:00:00,Salem,11.6643,78.146,79.32,Severe,22.38
2026-08-12 07:00:00,Tirunelveli,8.7139,77.7567,57.91,High,32.11
2026-08-12 07:00:00,Vellore,12.9165,79.1325,60.95,High,30.96
2026-08-12 07:00:00,Erode,11.341,77.7172,74.12,High,28.88
2026-08-12 08:00:00,Chennai,13.0827,80.2707,93.42,Severe,23.3
2026-08-12 08:00:00,Coimbatore,11.0168,76.9558,59.5,High,34.91
2026-08-12 08:00:00,Madurai,9.9252,78.1198,74.4,High,25.48
2026-08-12 08:00:00,Trichy,10.7905,78.7047,66.18,High,30.06
2026-08-12 08:00:00,Salem,11.6643,78.146,72.85,High,29.28
2026-08-12 08:00:00,Tirunelveli,8.7139,77.7567,50.71,Moderate,41.32
2026-08-12 08:00:00,Vellore,12.9165,79.1325,56.31,High,33.35
2026-08-12 08:00:00,Erode,11.341,77.7172,49.67,Moderate,40.61
2026-08-12 09:00:00,Chennai,13.0827,80.2707,85.5,Severe,25.76
2026-08-12 09:00:00,Coimbatore,11.0168,76.9558,54.46,Moderate,32.18
2026-08-12 09:00:00,Madurai,9.9252,78.1198,52.44,Moderate,38.02
2026-08-12 09:00:00,Trichy,10.7905,78.7047,68.6,High,30.64
2026-08-12 09:00:00,Salem,11.6643,78.146,61.05,High,36.05
2026-08-12 09:00:00,Tirunelveli,8.7139,77.7567,54.84,Moderate,39.37
2026-08-12 09:00:00,Vellore,12.9165,79.1325,70.01,High,31.19
2026-08-12 09:00:00,Erode,11.341,77.7172,73.56,High,26.18
2026-08-12 10:00:00,Chennai,13.0827,80.2707,93.65,Severe,18.65
2026-08-12 10:00:00,Coimbatore,11.0168,76.9558,77.5,Severe,19.26
2026-08-12 10:00:00,Madurai,9.9252,78.1198,65.2,High,30.23
2026-08-12 10:00:00,Trichy,10.7905,78.7047,55.27,High,40.57
2026-08-12 10:00:00,Salem,11.6643,78.146,64.87,High,33.24
2026-08-12 10:00:00,Tirunelveli,8.7139,77.7567,65.83,High,32.56
2026-08-12 10:00:00,Vellore,12.9165,79.1325,66.19,High,29.53
2026-08-12 10:00:00,Erode,11.341,77.7172,70.37,High,28.83
2026-08-12 11:00:00,Chennai,13.0827,80.2707,82.97,Severe,22.46
2026-08-12 11:00:00,Coimbatore,11.0168,76.9558,56.94,High,41.97
2026-08-12 11:00:00,Madurai,9.9252,78.1198,30.69,Moderate,46.3
2026-08-12 11:00:00,Trichy,10.7905,78.7047,37.42,Moderate,43.67
2026-08-12 11:00:00,Salem,11.6643,78.146,40.33,Moderate,43.38
2026-08-12 11:00:00,Tirunelveli,8.7139,77.7567,47.77,Moderate,44.08
2026-08-12 11:00:00,Vellore,12.9165,79.1325,50.6,Moderate,33.87
2026-08-12 11:00:00,Erode,11.341,77.7172,43.56,Moderate,42.49
2026-08-12 12:00:00,Chennai,13.0827,80.2707,61.5,High,37.59
2026-08-12 12:00:00,Coimbatore,11.0168,76.9558,33.49,Moderate,43.7
2026-08-12 12:00:00,Madurai,9.9252,78.1198,37.68,Moderate,38.54
2026-08-12 12:00:00,Trichy,10.7905,78.7047,44.25,Moderate,44.9
2026-08-12 12:00:00,Salem,11.6643,78.146,54.1,Moderate,35.07
2026-08-12 12:00:00,Tirunelveli,8.7139,77.7567,72.29,High,31.26
2026-08-12 12:00:00,Vellore,12.9165,79.1325,54.81,Moderate,33.61
2026-08-12 12:00:00,Erode,11.341,77.7172,51.91,Moderate,41.38
2026-08-12 13:00:00,Chennai,13.0827,80.2707,56.72,High,31.29
2026-08-12 13:00:00,Coimbatore,11.0168,76.9558,19.85,Low,49.0
2026-08-12 13:00:00,Madurai,9.9252,78.1198,45.04,Moderate,36.14
2026-08-12 13:00:00,Trichy,10.7905,78.7047,39.94,Moderate,38.51
2026-08-12 13:00:00,Salem,11.6643,78.146,25.8,Low,49.13
2026-08-12 13:00:00,Tirunelveli,8.7139,77.7567,56.27,High,37.21
2026-08-12 13:00:00,Vellore,12.9165,79.1325,50.49,Moderate,35.07
2026-08-12 13:00:00,Erode,11.341,77.7172,47.16,Moderate,37.87
2026-08-12 14:00:00,Chennai,13.0827,80.2707,63.49,High,37.49
2026-08-12 14:00:00,Coimbatore,11.0168,76.9558,66.64,High,34.38
2026-08-12 14:00:00,Madurai,9.9252,78.1198,58.52,High,37.76
2026-08-12 14:00:00,Trichy,10.7905,78.7047,45.62,Moderate,43.69
2026-08-12 14:00:00,Salem,11.6643,78.146,55.84,High,34.3
2026-08-12 14:00:00,Tirunelveli,8.7139,77.7567,54.5,Moderate,33.05
2026-08-12 14:00:00,Vellore,12.9165,79.1325,36.56,Moderate,42.2
2026-08-12 14:00:00,Erode,11.341,77.7172,66.89,High,23.76
2026-08-12 15:00:00,Chennai,13.0827,80.2707,62.34,High,34.72
2026-08-12 15:00:00,Coimbatore,11.0168,76.9558,53.5,Moderate,38.42
2026-08-12 15:00:00,Madurai,9.9252,78.1198,54.58,Moderate,37.66
2026-08-12 15:00:00,Trichy,10.7905,78.7047,43.97,Moderate,42.25
2026-08-12 15:00:00,Salem,11.6643,78.146,43.73,Moderate,38.54
2026-08-12 15:00:00,Tirunelveli,8.7139,77.7567,63.37,High,28.49
2026-08-12 15:00:00,Vellore,12.9165,79.1325,50.37,Moderate,34.04
2026-08-12 15:00:00,Erode,11.341,77.7172,34.31,Moderate,46.71
2026-08-12 16:00:00,Chennai,13.0827,80.2707,55.24,High,39.06
2026-08-12 16:00:00,Coimbatore,11.0168,76.9558,33.74,Moderate,46.83
2026-08-12 16:00:00,Madurai,9.9252,78.1198,55.09,High,35.21
2026-08-12 16:00:00,Trichy,10.7905,78.7047,37.81,Moderate,43.33
2026-08-12 16:00:00,Salem,11.6643,78.146,43.41,Moderate,44.04
2026-08-12 16:00:00,Tirunelveli,8.7139,77.7567,60.18,High,37.43
2026-08-12 16:00:00,Vellore,12.9165,79.1325,30.16,Moderate,45.12
2026-08-12 16:00:00,Erode,11.341,77.7172,33.05,Moderate,48.68
2026-08-12 17:00:00,Chennai,13.0827,80.2707,98.44,Severe,13.73
2026-08-12 17:00:00,Coimbatore,11.0168,76.9558,62.42,High,33.12
2026-08-12 17:00:00,Madurai,9.9252,78.1198,59.04,High,38.11
2026-08-12 17:00:00,Trichy,10.7905,78.7047,48.72,Moderate,43.66
2026-08-12 17:00:00,Salem,11.6643,78.146,69.03,High,31.38
2026-08-12 17:00:00,Tirunelveli,8.7139,77.7567,54.05,Moderate,39.3
2026-08-12 17:00:00,Vellore,12.9165,79.1325,64.82,High,32.58
2026-08-12 17:00:00,Erode,11.341,77.7172,44.81,Moderate,41.32
2026-08-12 18:00:00,Chennai,13.0827,80.2707,88.48,Severe,26.94
2026-08-12 18:00:00,Coimbatore,11.0168,76.9558,57.44,High,38.56
2026-08-12 18:00:00,Madurai,9.9252,78.1198,57.53,High,38.32
2026-08-12 18:00:00,Trichy,10.7905,78.7047,72.9,High,30.69
2026-08-12 18:00:00,Salem,11.6643,78.146,60.34,High,28.75
2026-08-12 18:00:00,Tirunelveli,8.7139,77.7567,61.69,High,37.0
2026-08-12 18:00:00,Vellore,12.9165,79.1325,67.63,High,31.75
2026-08-12 18:00:00,Erode,11.341,77.7172,76.77,Severe,30.35
2026-08-12 19:00:00,Chennai,13.0827,80.2707,70.13,High,30.47
2026-08-12 19:00:00,Coimbatore,11.0168,76.9558,62.3,High,35.44
2026-08-12 19:00:00,Madurai,9.9252,78.1198,80.7,Severe,28.17
2026-08-12 19:00:00,Trichy,10.7905,78.7047,54.8,Moderate,32.73
2026-08-12 19:00:00,Salem,11.6643,78.146,54.12,Moderate,35.58
2026-08-12 19:00:00,Tirunelveli,8.7139,77.7567,75.0,High,32.09
2026-08-12 19:00:00,Vellore,12.9165,79.1325,56.88,High,37.16
2026-08-12 19:00:00,Erode,11.341,77.7172,74.73,High,29.05
2026-08-12 20:00:00,Chennai,13.0827,80.2707,93.87,Severe,23.86
2026-08-12 20:00:00,Coimbatore,11.0168,76.9558,67.59,High,30.45
2026-08-12 20:00:00,Madurai,9.9252,78.1198,49.27,Moderate,38.72
2026-08-12 20:00:00,Trichy,10.7905,78.7047,66.36,High,33.16
2026-08-12 20:00:00,Salem,11.6643,78.146,79.57,Severe,33.59
2026-08-12 20:00:00,Tirunelveli,8.7139,77.7567,62.59,High,32.04
2026-08-12 20:00:00,Vellore,12.9165,79.1325,59.71,High,35.0
2026-08-12 20:00:00,Erode,11.341,77.7172,75.48,Severe,30.81
2026-08-12 21:00:00,Chennai,13.0827,80.2707,79.57,Severe,24.74
2026-08-12 21:00:00,Coimbatore,11.0168,76.9558,60.38,High,35.12
2026-08-12 21:00:00,Madurai,9.9252,78.1198,68.98,High,30.38
2026-08-12 21:00:00,Trichy,10.7905,78.7047,62.37,High,32.59
2026-08-12 21:00:00,Salem,11.6643,78.146,49.13,Moderate,36.57
2026-08-12 21:00:00,Tirunelveli,8.7139,77.7567,80.86,Severe,21.17
2026-08-12 21:00:00,Vellore,12.9165,79.1325,56.04,High,34.99
2026-08-12 21:00:00,Erode,11.341,77.7172,66.06,High,30.43
2026-08-12 22:00:00,Chennai,13.0827,80.2707,44.92,Moderate,37.64
2026-08-12 22:00:00,Coimbatore,11.0168,76.9558,13.3,Low,56.39
2026-08-12 22:00:00,Madurai,9.9252,78.1198,12.53,Low,56.64
2026-08-12 22:00:00,Trichy,10.7905,78.7047,28.22,Low,55.1
2026-08-12 22:00:00,Salem,11.6643,78.146,20.65,Low,54.86
2026-08-12 22:00:00,Tirunelveli,8.7139,77.7567,19.84,Low,49.07
2026-08-12 22:00:00,Vellore,12.9165,79.1325,33.34,Moderate,39.56
2026-08-12 22:00:00,Erode,11.341,77.7172,44.4,Moderate,41.82
2026-08-12 23:00:00,Chennai,13.0827,80.2707,47.1,Moderate,42.48
2026-08-12 23:00:00,Coimbatore,11.0168,76.9558,18.19,Low,54.91
2026-08-12 23:00:00,Madurai,9.9252,78.1198,34.1,Moderate,47.18
2026-08-12 23:00:00,Trichy,10.7905,78.7047,31.69,Moderate,48.99
2026-08-12 23:00:00,Salem,11.6643,78.146,8.24,Low,51.66
2026-08-12 23:00:00,Tirunelveli,8.7139,77.7567,20.08,Low,56.67
2026-08-12 23:00:00,Vellore,12.9165,79.1325,28.96,Low,45.23
2026-08-12 23:00:00,Erode,11.341,77.7172,14.46,Low,55.47
2026-08-13 00:00:00,Chennai,13.0827,80.2707,38.73,Moderate,42.58
2026-08-13 00:00:00,Coimbatore,11.0168,76.9558,28.2,Low,41.83
2026-08-13 00:00:00,Madurai,9.9252,78.1198,19.24,Low,52.96
2026-08-13 00:00:00,Trichy,10.7905,78.7047,10.41,Low,51.33
2026-08-13 00:00:00,Salem,11.6643,78.146,21.24,Low,54.17
2026-08-13 00:00:00,Tirunelveli,8.7139,77.7567,27.76,Low,47.98
2026-08-13 00:00:00,Vellore,12.9165,79.1325,18.45,Low,48.9
2026-08-13 00:00:00,Erode,11.341,77.7172,14.81,Low,51.32
2026-08-13 01:00:00,Chennai,13.0827,80.2707,34.28,Moderate,40.52
2026-08-13 01:00:00,Coimbatore,11.0168,76.9558,19.25,Low,55.46
2026-08-13 01:00:00,Madurai,9.9252,78.1198,42.63,Moderate,43.3
2026-08-13 01:00:00,Trichy,10.7905,78.7047,36.73,Moderate,49.31
2026-08-13 01:00:00,Salem,11.6643,78.146,19.31,Low,47.5
2026-08-13 01:00:00,Tirunelveli,8.7139,77.7567,22.35,Low,48.87
2026-08-13 01:00:00,Vellore,12.9165,79.1325,23.46,Low,48.62
2026-08-13 01:00:00,Erode,11.341,77.7172,26.59,Low,51.27
2026-08-13 02:00:00,Chennai,13.0827,80.2707,40.52,Moderate,40.05
2026-08-13 02:00:00,Coimbatore,11.0168,76.9558,15.95,Low,57.09
2026-08-13 02:00:00,Madurai,9.9252,78.1198,29.51,Low,47.07
2026-08-13 02:00:00,Trichy,10.7905,78.7047,20.38,Low,49.51
2026-08-13 02:00:00,Salem,11.6643,78.146,27.56,Low,44.93
2026-08-13 02:00:00,Tirunelveli,8.7139,77.7567,28.46,Low,53.88
2026-08-13 02:00:00,Vellore,12.9165,79.1325,25.96,Low,45.69
2026-08-13 02:00:00,Erode,11.341,77.7172,11.63,Low,52.57
2026-08-13 03:00:00,Chennai,13.0827,80.2707,47.84,Moderate,41.38
2026-08-13 03:00:00,Coimbatore,11.0168,76.9558,39.75,Moderate,43.63
2026-08-13 03:00:00,Madurai,9.9252,78.1198,18.99,Low,51.54
2026-08-13 03:00:00,Trichy,10.7905,78.7047,28.97,Low,50.32
2026-08-13 03:00:00,Salem,11.6643,78.146,12.06,Low,52.3
2026-08-13 03:00:00,Tirunelveli,8.7139,77.7567,25.11,Low,49.8
2026-08-13 03:00:00,Vellore,12.9165,79.1325,22.35,Low,49.47
2026-08-13 03:00:00,Erode,11.341,77.7172,33.56,Moderate,47.81
2026-08-13 04:00:00,Chennai,13.0827,80.2707,65.27,High,32.04
2026-08-13 04:00:00,Coimbatore,11.0168,76.9558,31.86,Moderate,45.24
2026-08-13 04:00:00,Madurai,9.9252,78.1198,23.29,Low,55.29
2026-08-13 04:00:00,Trichy,10.7905,78.7047,31.75,Moderate,51.77
2026-08-13 04:00:00,Salem,11.6643,78.146,28.58,Low,52.5
2026-08-13 04:00:00,Tirunelveli,8.7139,77.7567,45.43,Moderate,35.25
2026-08-13 04:00:00,Vellore,12.9165,79.1325,8.74,Low,53.18
2026-08-13 04:00:00,Erode,11.341,77.7172,22.81,Low,52.32
2026-08-13 05:00:00,Chennai,13.0827,80.2707,33.77,Moderate,46.75
2026-08-13 05:00:00,Coimbatore,11.0168,76.9558,37.59,Moderate,43.21
2026-08-13 05:00:00,Madurai,9.9252,78.1198,27.22,Low,51.88
2026-08-13 05:00:00,Trichy,10.7905,78.7047,32.22,Moderate,48.06
2026-08-13 05:00:00,Salem,11.6643,78.146,17.59,Low,51.13
2026-08-13 05:00:00,Tirunelveli,8.7139,77.7567,30.27,Moderate,47.63
2026-08-13 05:00:00,Vellore,12.9165,79.1325,30.31,Moderate,46.38
2026-08-13 05:00:00,Erode,11.341,77.7172,30.87,Moderate,44.47
2026-08-13 06:00:00,Chennai,13.0827,80.2707,44.47,Moderate,42.77
2026-08-13 06:00:00,Coimbatore,11.0168,76.9558,34.81,Moderate,44.64
2026-08-13 06:00:00,Madurai,9.9252,78.1198,17.95,Low,54.71
2026-08-13 06:00:00,Trichy,10.7905,78.7047,1.63,Low,59.38
2026-08-13 06:00:00,Salem,11.6643,78.146,14.63,Low,53.43
2026-08-13 06:00:00,Tirunelveli,8.7139,77.7567,19.57,Low,51.83
2026-08-13 06:00:00,Vellore,12.9165,79.1325,33.36,Moderate,48.04
2026-08-13 06:00:00,Erode,11.341,77.7172,5.01,Low,60.83
2026-08-13 07:00:00,Chennai,13.0827,80.2707,88.18,Severe,22.62
2026-08-13 07:00:00,Coimbatore,11.0168,76.9558,74.25,High,29.25
2026-08-13 07:00:00,Madurai,9.9252,78.1198,57.93,High,41.95
2026-08-13 07:00:00,Trichy,10.7905,78.7047,61.21,High,31.94
2026-08-13 07:00:00,Salem,11.6643,78.146,55.3,High,35.18
2026-08-13 07:00:00,Tirunelveli,8.7139,77.7567,51.82,Moderate,36.17
2026-08-13 07:00:00,Vellore,12.9165,79.1325,51.93,Moderate,30.88
2026-08-13 07:00:00,Erode,11.341,77.7172,68.78,High,29.94
2026-08-13 08:00:00,Chennai,13.0827,80.2707,83.3,Severe,16.4
2026-08-13 08:00:00,Coimbatore,11.0168,76.9558,79.0,Severe,22.84
2026-08-13 08:00:00,Madurai,9.9252,78.1198,57.12,High,36.83
2026-08-13 08:00:00,Trichy,10.7905,78.7047,57.55,High,38.38
2026-08-13 08:00:00,Salem,11.6643,78.146,73.71,High,25.95
2026-08-13 08:00:00,Tirunelveli,8.7139,77.7567,60.33,High,37.44
2026-08-13 08:00:00,Vellore,12.9165,79.1325,67.17,High,32.01
2026-08-13 08:00:00,Erode,11.341,77.7172,52.63,Moderate,36.23
2026-08-13 09:00:00,Chennai,13.0827,80.2707,66.58,High,30.9
2026-08-13 09:00:00,Coimbatore,11.0168,76.9558,59.72,High,34.3
2026-08-13 09:00:00,Madurai,9.9252,78.1198,77.97,Severe,27.5
2026-08-13 09:00:00,Trichy,10.7905,78.7047,66.76,High,32.12
2026-08-13 09:00:00,Salem,11.6643,78.146,74.48,High,28.73
2026-08-13 09:00:00,Tirunelveli,8.7139,77.7567,77.2,Severe,27.64
2026-08-13 09:00:00,Vellore,12.9165,79.1325,64.11,High,29.96
2026-08-13 09:00:00,Erode,11.341,77.7172,83.46,Severe,27.79
2026-08-13 10:00:00,Chennai,13.0827,80.2707,78.58,Severe,29.14
2026-08-13 10:00:00,Coimbatore,11.0168,76.9558,44.36,Moderate,38.65
2026-08-13 10:00:00,Madurai,9.9252,78.1198,55.19,High,40.81
2026-08-13 10:00:00,Trichy,10.7905,78.7047,79.19,Severe,27.03
2026-08-13 10:00:00,Salem,11.6643,78.146,73.61,High,27.66
2026-08-13 10:00:00,Tirunelveli,8.7139,77.7567,77.83,Severe,26.57
2026-08-13 10:00:00,Vellore,12.9165,79.1325,57.46,High,36.5
2026-08-13 10:00:00,Erode,11.341,77.7172,82.83,Severe,25.66
2026-08-13 11:00:00,Chennai,13.0827,80.2707,62.53,High,36.16
2026-08-13 11:00:00,Coimbatore,11.0168,76.9558,48.24,Moderate,41.23
2026-08-13 11:00:00,Madurai,9.9252,78.1198,51.64,Moderate,37.89
2026-08-13 11:00:00,Trichy,10.7905,78.7047,62.53,High,31.65
2026-08-13 11:00:00,Salem,11.6643,78.146,18.83,Low,53.28
2026-08-13 11:00:00,Tirunelveli,8.7139,77.7567,61.06,High,36.77
2026-08-13 11:00:00,Vellore,12.9165,79.1325,42.54,Moderate,46.96
2026-08-13 11:00:00,Erode,11.341,77.7172,53.88,Moderate,39.98
2026-08-13 12:00:00,Chennai,13.0827,80.2707,40.97,Moderate,44.92
2026-08-13 12:00:00,Coimbatore,11.0168,76.9558,40.12,Moderate,42.44
2026-08-13 12:00:00,Madurai,9.9252,78.1198,57.85,High,36.19
2026-08-13 12:00:00,Trichy,10.7905,78.7047,61.56,High,35.08
2026-08-13 12:00:00,Salem,11.6643,78.146,55.42,High,37.28
2026-08-13 12:00:00,Tirunelveli,8.7139,77.7567,49.08,Moderate,42.84
2026-08-13 12:00:00,Vellore,12.9165,79.1325,46.54,Moderate,39.03
2026-08-13 12:00:00,Erode,11.341,77.7172,56.41,High,35.71
2026-08-13 13:00:00,Chennai,13.0827,80.2707,66.4,High,32.47
2026-08-13 13:00:00,Coimbatore,11.0168,76.9558,51.49,Moderate,38.93
2026-08-13 13:00:00,Madurai,9.9252,78.1198,44.49,Moderate,40.96
2026-08-13 13:00:00,Trichy,10.7905,78.7047,55.82,High,36.19
2026-08-13 13:00:00,Salem,11.6643,78.146,28.91,Low,49.45
2026-08-13 13:00:00,Tirunelveli,8.7139,77.7567,25.78,Low,51.51
2026-08-13 13:00:00,Vellore,12.9165,79.1325,57.75,High,34.27
2026-08-13 13:00:00,Erode,11.341,77.7172,29.47,Low,47.79
2026-08-13 14:00:00,Chennai,13.0827,80.2707,74.38,High,31.42
2026-08-13 14:00:00,Coimbatore,11.0168,76.9558,45.28,Moderate,46.31
2026-08-13 14:00:00,Madurai,9.9252,78.1198,52.33,Moderate,39.5
2026-08-13 14:00:00,Trichy,10.7905,78.7047,48.21,Moderate,37.33
2026-08-13 14:00:00,Salem,11.6643,78.146,51.86,Moderate,34.57
2026-08-13 14:00:00,Tirunelveli,8.7139,77.7567,35.98,Moderate,47.71
2026-08-13 14:00:00,Vellore,12.9165,79.1325,39.76,Moderate,42.22
2026-08-13 14:00:00,Erode,11.341,77.7172,27.38,Low,46.31
2026-08-13 15:00:00,Chennai,13.0827,80.2707,67.78,High,25.32
2026-08-13 15:00:00,Coimbatore,11.0168,76.9558,33.43,Moderate,42.91
2026-08-13 15:00:00,Madurai,9.9252,78.1198,38.37,Moderate,41.81
2026-08-13 15:00:00,Trichy,10.7905,78.7047,39.77,Moderate,45.88
2026-08-13 15:00:00,Salem,11.6643,78.146,39.19,Moderate,45.05
2026-08-13 15:00:00,Tirunelveli,8.7139,77.7567,24.0,Low,54.49
2026-08-13 15:00:00,Vellore,12.9165,79.1325,44.14,Moderate,43.54
2026-08-13 15:00:00,Erode,11.341,77.7172,21.81,Low,51.02
2026-08-13 16:00:00,Chennai,13.0827,80.2707,51.48,Moderate,44.92
2026-08-13 16:00:00,Coimbatore,11.0168,76.9558,41.78,Moderate,41.65
2026-08-13 16:00:00,Madurai,9.9252,78.1198,50.44,Moderate,36.28
2026-08-13 16:00:00,Trichy,10.7905,78.7047,54.69,Moderate,37.63
2026-08-13 16:00:00,Salem,11.6643,78.146,37.3,Moderate,43.14
2026-08-13 16:00:00,Tirunelveli,8.7139,77.7567,41.28,Moderate,44.02
2026-08-13 16:00:00,Vellore,12.9165,79.1325,34.91,Moderate,43.48
2026-08-13 16:00:00,Erode,11.341,77.7172,54.93,Moderate,37.82
2026-08-13 17:00:00,Chennai,13.0827,80.2707,73.69,High,28.74
2026-08-13 17:00:00,Coimbatore,11.0168,76.9558,56.61,High,32.37
2026-08-13 17:00:00,Madurai,9.9252,78.1198,71.71,High,29.03
2026-08-13 17:00:00,Trichy,10.7905,78.7047,55.49,High,34.86
2026-08-13 17:00:00,Salem,11.6643,78.146,75.85,Severe,30.74
2026-08-13 17:00:00,Tirunelveli,8.7139,77.7567,57.97,High,37.16
2026-08-13 17:00:00,Vellore,12.9165,79.1325,76.4,Severe,27.5
2026-08-13 17:00:00,Erode,11.341,77.7172,63.56,High,31.77
2026-08-13 18:00:00,Chennai,13.0827,80.2707,63.81,High,26.45
2026-08-13 18:00:00,Coimbatore,11.0168,76.9558,72.73,High,27.39
2026-08-13 18:00:00,Madurai,9.9252,78.1198,54.45,Moderate,40.32
2026-08-13 18:00:00,Trichy,10.7905,78.7047,54.19,Moderate,39.08
2026-08-13 18:00:00,Salem,11.6643,78.146,65.93,High,34.29
2026-08-13 18:00:00,Tirunelveli,8.7139,77.7567,66.59,High,30.35
2026-08-13 18:00:00,Vellore,12.9165,79.1325,64.16,High,33.02
2026-08-13 18:00:00,Erode,11.341,77.7172,59.82,High,34.7
2026-08-13 19:00:00,Chennai,13.0827,80.2707,74.89,High,29.93
2026-08-13 19:00:00,Coimbatore,11.0168,76.9558,59.39,High,35.78
2026-08-13 19:00:00,Madurai,9.9252,78.1198,71.13,High,31.45
2026-08-13 19:00:00,Trichy,10.7905,78.7047,50.29,Moderate,40.58
2026-08-13 19:00:00,Salem,11.6643,78.146,65.38,High,35.07
2026-08-13 19:00:00,Tirunelveli,8.7139,77.7567,63.42,High,29.45
2026-08-13 19:00:00,Vellore,12.9165,79.1325,62.94,High,33.26
2026-08-13 19:00:00,Erode,11.341,77.7172,79.08,Severe,28.41
2026-08-13 20:00:00,Chennai,13.0827,80.2707,73.92,High,26.62
2026-08-13 20:00:00,Coimbatore,11.0168,76.9558,65.84,High,30.6
2026-08-13 20:00:00,Madurai,9.9252,78.1198,56.67,High,35.13
2026-08-13 20:00:00,Trichy,10.7905,78.7047,47.87,Moderate,40.9
2026-08-13 20:00:00,Salem,11.6643,78.146,61.45,High,29.95
2026-08-13 20:00:00,Tirunelveli,8.7139,77.7567,84.78,Severe,25.44
2026-08-13 20:00:00,Vellore,12.9165,79.1325,58.87,High,33.54
2026-08-13 20:00:00,Erode,11.341,77.7172,69.81,High,30.82
2026-08-13 21:00:00,Chennai,13.0827,80.2707,79.3,Severe,25.9
2026-08-13 21:00:00,Coimbatore,11.0168,76.9558,61.8,High,37.32
2026-08-13 21:00:00,Madurai,9.9252,78.1198,71.93,High,31.31
2026-08-13 21:00:00,Trichy,10.7905,78.7047,63.82,High,35.78
2026-08-13 21:00:00,Salem,11.6643,78.146,73.11,High,30.13
2026-08-13 21:00:00,Tirunelveli,8.7139,77.7567,79.32,Severe,28.63
2026-08-13 21:00:00,Vellore,12.9165,79.1325,80.31,Severe,26.06
2026-08-13 21:00:00,Erode,11.341,77.7172,70.01,High,27.95
2026-08-13 22:00:00,Chennai,13.0827,80.2707,63.44,High,34.64
2026-08-13 22:00:00,Coimbatore,11.0168,76.9558,42.26,Moderate,45.4
2026-08-13 22:00:00,Madurai,9.9252,78.1198,42.23,Moderate,33.3
2026-08-13 22:00:00,Trichy,10.7905,78.7047,40.77,Moderate,41.55
2026-08-13 22:00:00,Salem,11.6643,78.146,32.04,Moderate,50.28
2026-08-13 22:00:00,Tirunelveli,8.7139,77.7567,26.56,Low,49.04
2026-08-13 22:00:00,Vellore,12.9165,79.1325,28.02,Low,51.12
2026-08-13 22:00:00,Erode,11.341,77.7172,25.94,Low,47.63
2026-08-13 23:00:00,Chennai,13.0827,80.2707,31.24,Moderate,49.71
2026-08-13 23:00:00,Coimbatore,11.0168,76.9558,37.97,Moderate,42.08
2026-08-13 23:00:00,Madurai,9.9252,78.1198,37.37,Moderate,44.24
2026-08-13 23:00:00,Trichy,10.7905,78.7047,25.59,Low,50.08
2026-08-13 23:00:00,Salem,11.6643,78.146,38.93,Moderate,47.88
2026-08-13 23:00:00,Tirunelveli,8.7139,77.7567,25.93,Low,51.19
2026-08-13 23:00:00,Vellore,12.9165,79.1325,39.7,Moderate,43.01
2026-08-13 23:00:00,Erode,11.341,77.7172,37.19,Moderate,43.93
2026-08-14 00:00:00,Chennai,13.0827,80.2707,42.66,Moderate,39.67
2026-08-14 00:00:00,Coimbatore,11.0168,76.9558,26.36,Low,49.94
2026-08-14 00:00:00,Madurai,9.9252,78.1198,42.93,Moderate,38.73
2026-08-14 00:00:00,Trichy,10.7905,78.7047,34.18,Moderate,40.11
2026-08-14 00:00:00,Salem,11.6643,78.146,13.03,Low,52.64
2026-08-14 00:00:00,Tirunelveli,8.7139,77.7567,31.39,Moderate,49.62
2026-08-14 00:00:00,Vellore,12.9165,79.1325,11.99,Low,58.39
2026-08-14 00:00:00,Erode,11.341,77.7172,8.83,Low,60.32
2026-08-14 01:00:00,Chennai,13.0827,80.2707,59.39,High,35.63
2026-08-14 01:00:00,Coimbatore,11.0168,76.9558,19.77,Low,48.98
2026-08-14 01:00:00,Madurai,9.9252,78.1198,30.13,Moderate,43.72
2026-08-14 01:00:00,Trichy,10.7905,78.7047,43.07,Moderate,39.5
2026-08-14 01:00:00,Salem,11.6643,78.146,22.37,Low,53.28
2026-08-14 01:00:00,Tirunelveli,8.7139,77.7567,30.09,Moderate,50.15
2026-08-14 01:00:00,Vellore,12.9165,79.1325,13.29,Low,53.76
2026-08-14 01:00:00,Erode,11.341,77.7172,30.28,Moderate,48.26
2026-08-14 02:00:00,Chennai,13.0827,80.2707,29.39,Low,47.18
2026-08-14 02:00:00,Coimbatore,11.0168,76.9558,26.42,Low,47.07
2026-08-14 02:00:00,Madurai,9.9252,78.1198,32.12,Moderate,47.19
2026-08-14 02:00:00,Trichy,10.7905,78.7047,27.44,Low,47.07
2026-08-14 02:00:00,Salem,11.6643,78.146,27.96,Low,47.04
2026-08-14 02:00:00,Tirunelveli,8.7139,77.7567,51.14,Moderate,40.88
2026-08-14 02:00:00,Vellore,12.9165,79.1325,28.21,Low,51.97
2026-08-14 02:00:00,Erode,11.341,77.7172,35.38,Moderate,45.58
2026-08-14 03:00:00,Chennai,13.0827,80.2707,40.2,Moderate,42.25
2026-08-14 03:00:00,Coimbatore,11.0168,76.9558,11.73,Low,50.75
2026-08-14 03:00:00,Madurai,9.9252,78.1198,2.89,Low,57.18
2026-08-14 03:00:00,Trichy,10.7905,78.7047,32.38,Moderate,47.31
2026-08-14 03:00:00,Salem,11.6643,78.146,7.38,Low,55.71
2026-08-14 03:00:00,Tirunelveli,8.7139,77.7567,14.34,Low,54.8
2026-08-14 03:00:00,Vellore,12.9165,79.1325,22.46,Low,50.92
2026-08-14 03:00:00,Erode,11.341,77.7172,20.42,Low,52.48
2026-08-14 04:00:00,Chennai,13.0827,80.2707,46.57,Moderate,43.52
2026-08-14 04:00:00,Coimbatore,11.0168,76.9558,26.2,Low,45.12
2026-08-14 04:00:00,Madurai,9.9252,78.1198,24.72,Low,50.33
2026-08-14 04:00:00,Trichy,10.7905,78.7047,22.83,Low,48.67
2026-08-14 04:00:00,Salem,11.6643,78.146,38.98,Moderate,43.3
2026-08-14 04:00:00,Tirunelveli,8.7139,77.7567,22.52,Low,51.32
2026-08-14 04:00:00,Vellore,12.9165,79.1325,5.4,Low,61.71
2026-08-14 04:00:00,Erode,11.341,77.7172,30.73,Moderate,45.33
2026-08-14 05:00:00,Chennai,13.0827,80.2707,35.42,Moderate,41.15
2026-08-14 05:00:00,Coimbatore,11.0168,76.9558,16.81,Low,54.24
2026-08-14 05:00:00,Madurai,9.9252,78.1198,20.14,Low,52.96
2026-08-14 05:00:00,Trichy,10.7905,78.7047,20.79,Low,46.75
2026-08-14 05:00:00,Salem,11.6643,78.146,29.24,Low,44.07
2026-08-14 05:00:00,Tirunelveli,8.7139,77.7567,27.98,Low,45.98
2026-08-14 05:00:00,Vellore,12.9165,79.1325,3.11,Low,52.63
2026-08-14 05:00:00,Erode,11.341,77.7172,24.87,Low,50.78
2026-08-14 06:00:00,Chennai,13.0827,80.2707,32.34,Moderate,44.89
2026-08-14 06:00:00,Coimbatore,11.0168,76.9558,26.86,Low,47.73
2026-08-14 06:00:00,Madurai,9.9252,78.1198,30.14,Moderate,52.93
2026-08-14 06:00:00,Trichy,10.7905,78.7047,29.88,Low,48.73
2026-08-14 06:00:00,Salem,11.6643,78.146,31.39,Moderate,42.52
2026-08-14 06:00:00,Tirunelveli,8.7139,77.7567,26.7,Low,55.87
2026-08-14 06:00:00,Vellore,12.9165,79.1325,4.83,Low,60.96
2026-08-14 06:00:00,Erode,11.341,77.7172,35.72,Moderate,47.02
2026-08-14 07:00:00,Chennai,13.0827,80.2707,80.42,Severe,26.96
2026-08-14 07:00:00,Coimbatore,11.0168,76.9558,70.87,High,29.95
2026-08-14 07:00:00,Madurai,9.9252,78.1198,63.76,High,36.16
2026-08-14 07:00:00,Trichy,10.7905,78.7047,96.15,Severe,17.18
2026-08-14 07:00:00,Salem,11.6643,78.146,57.43,High,36.57
2026-08-14 07:00:00,Tirunelveli,8.7139,77.7567,69.26,High,26.47
2026-08-14 07:00:00,Vellore,12.9165,79.1325,64.79,High,30.28
2026-08-14 07:00:00,Erode,11.341,77.7172,72.82,High,25.46
2026-08-14 08:00:00,Chennai,13.0827,80.2707,86.09,Severe,26.32
2026-08-14 08:00:00,Coimbatore,11.0168,76.9558,62.07,High,36.7
2026-08-14 08:00:00,Madurai,9.9252,78.1198,59.89,High,38.3
2026-08-14 08:00:00,Trichy,10.7905,78.7047,39.92,Moderate,44.06
2026-08-14 08:00:00,Salem,11.6643,78.146,59.74,High,34.43
2026-08-14 08:00:00,Tirunelveli,8.7139,77.7567,59.13,High,32.15
2026-08-14 08:00:00,Vellore,12.9165,79.1325,67.58,High,33.13
2026-08-14 08:00:00,Erode,11.341,77.7172,63.0,High,34.68
2026-08-14 09:00:00,Chennai,13.0827,80.2707,81.43,Severe,24.95
2026-08-14 09:00:00,Coimbatore,11.0168,76.9558,71.62,High,31.78
2026-08-14 09:00:00,Madurai,9.9252,78.1198,58.23,High,36.69
2026-08-14 09:00:00,Trichy,10.7905,78.7047,70.5,High,29.21
2026-08-14 09:00:00,Salem,11.6643,78.146,69.61,High,28.3
2026-08-14 09:00:00,Tirunelveli,8.7139,77.7567,70.51,High,27.75
2026-08-14 09:00:00,Vellore,12.9165,79.1325,69.45,High,29.51
2026-08-14 09:00:00,Erode,11.341,77.7172,50.27,Moderate,40.58
2026-08-14 10:00:00,Chennai,13.0827,80.2707,76.57,Severe,23.7
2026-08-14 10:00:00,Coimbatore,11.0168,76.9558,62.27,High,36.49
2026-08-14 10:00:00,Madurai,9.9252,78.1198,71.77,High,30.45
2026-08-14 10:00:00,Trichy,10.7905,78.7047,62.73,High,32.69
2026-08-14 10:00:00,Salem,11.6643,78.146,66.38,High,33.49
2026-08-14 10:00:00,Tirunelveli,8.7139,77.7567,72.38,High,25.46
2026-08-14 10:00:00,Vellore,12.9165,79.1325,66.25,High,37.42
2026-08-14 10:00:00,Erode,11.341,77.7172,52.71,Moderate,39.68
2026-08-14 11:00:00,Chennai,13.0827,80.2707,48.34,Moderate,39.69
2026-08-14 11:00:00,Coimbatore,11.0168,76.9558,60.47,High,42.29
2026-08-14 11:00:00,Madurai,9.9252,78.1198,38.15,Moderate,43.08
2026-08-14 11:00:00,Trichy,10.7905,78.7047,41.43,Moderate,40.2
2026-08-14 11:00:00,Salem,11.6643,78.146,46.69,Moderate,45.9
2026-08-14 11:00:00,Tirunelveli,8.7139,77.7567,43.49,Moderate,40.91
2026-08-14 11:00:00,Vellore,12.9165,79.1325,46.19,Moderate,38.89
2026-08-14 11:00:00,Erode,11.341,77.7172,50.97,Moderate,40.88
2026-08-14 12:00:00,Chennai,13.0827,80.2707,53.59,Moderate,35.53
2026-08-14 12:00:00,Coimbatore,11.0168,76.9558,28.13,Low,43.23
2026-08-14 12:00:00,Madurai,9.9252,78.1198,48.61,Moderate,38.81
2026-08-14 12:00:00,Trichy,10.7905,78.7047,58.0,High,38.86
2026-08-14 12:00:00,Salem,11.6643,78.146,44.24,Moderate,41.94
2026-08-14 12:00:00,Tirunelveli,8.7139,77.7567,45.36,Moderate,37.44
2026-08-14 12:00:00,Vellore,12.9165,79.1325,36.48,Moderate,47.18
2026-08-14 12:00:00,Erode,11.341,77.7172,47.22,Moderate,38.96
2026-08-14 13:00:00,Chennai,13.0827,80.2707,63.03,High,35.91
2026-08-14 13:00:00,Coimbatore,11.0168,76.9558,29.62,Low,44.59
2026-08-14 13:00:00,Madurai,9.9252,78.1198,44.9,Moderate,41.01
2026-08-14 13:00:00,Trichy,10.7905,78.7047,30.02,Moderate,43.63
2026-08-14 13:00:00,Salem,11.6643,78.146,51.46,Moderate,33.46
2026-08-14 13:00:00,Tirunelveli,8.7139,77.7567,37.59,Moderate,46.65
2026-08-14 13:00:00,Vellore,12.9165,79.1325,60.53,High,36.92
2026-08-14 13:00:00,Erode,11.341,77.7172,46.53,Moderate,40.58
2026-08-14 14:00:00,Chennai,13.0827,80.2707,71.39,High,29.22
2026-08-14 14:00:00,Coimbatore,11.0168,76.9558,40.51,Moderate,43.4
2026-08-14 14:00:00,Madurai,9.9252,78.1198,40.88,Moderate,41.44
2026-08-14 14:00:00,Trichy,10.7905,78.7047,26.33,Low,51.28
2026-08-14 14:00:00,Salem,11.6643,78.146,53.41,Moderate,42.06
2026-08-14 14:00:00,Tirunelveli,8.7139,77.7567,44.3,Moderate,42.48
2026-08-14 14:00:00,Vellore,12.9165,79.1325,27.37,Low,47.15
2026-08-14 14:00:00,Erode,11.341,77.7172,55.44,High,30.73
2026-08-14 15:00:00,Chennai,13.0827,80.2707,62.01,High,32.34
2026-08-14 15:00:00,Coimbatore,11.0168,76.9558,58.77,High,39.15
2026-08-14 15:00:00,Madurai,9.9252,78.1198,41.02,Moderate,46.68
2026-08-14 15:00:00,Trichy,10.7905,78.7047,17.77,Low,53.15
2026-08-14 15:00:00,Salem,11.6643,78.146,56.12,High,38.74
2026-08-14 15:00:00,Tirunelveli,8.7139,77.7567,44.89,Moderate,47.26
2026-08-14 15:00:00,Vellore,12.9165,79.1325,58.0,High,37.48
2026-08-14 15:00:00,Erode,11.341,77.7172,60.52,High,39.84
2026-08-14 16:00:00,Chennai,13.0827,80.2707,73.52,High,32.15
2026-08-14 16:00:00,Coimbatore,11.0168,76.9558,51.62,Moderate,35.3
2026-08-14 16:00:00,Madurai,9.9252,78.1198,30.49,Moderate,46.85
2026-08-14 16:00:00,Trichy,10.7905,78.7047,39.19,Moderate,42.69
2026-08-14 16:00:00,Salem,11.6643,78.146,44.92,Moderate,43.08
2026-08-14 16:00:00,Tirunelveli,8.7139,77.7567,65.23,High,26.36
2026-08-14 16:00:00,Vellore,12.9165,79.1325,41.23,Moderate,43.95
2026-08-14 16:00:00,Erode,11.341,77.7172,48.88,Moderate,36.44
2026-08-14 17:00:00,Chennai,13.0827,80.2707,76.07,Severe,29.69
2026-08-14 17:00:00,Coimbatore,11.0168,76.9558,55.11,High,37.84
2026-08-14 17:00:00,Madurai,9.9252,78.1198,54.86,Moderate,36.1
2026-08-14 17:00:00,Trichy,10.7905,78.7047,70.57,High,29.42
2026-08-14 17:00:00,Salem,11.6643,78.146,55.95,High,36.74
2026-08-14 17:00:00,Tirunelveli,8.7139,77.7567,56.13,High,41.51
2026-08-14 17:00:00,Vellore,12.9165,79.1325,73.97,High,26.89
2026-08-14 17:00:00,Erode,11.341,77.7172,59.97,High,36.06
2026-08-14 18:00:00,Chennai,13.0827,80.2707,83.34,Severe,26.06
2026-08-14 18:00:00,Coimbatore,11.0168,76.9558,63.89,High,30.88
2026-08-14 18:00:00,Madurai,9.9252,78.1198,68.3,High,29.9
2026-08-14 18:00:00,Trichy,10.7905,78.7047,58.54,High,34.38
2026-08-14 18:00:00,Salem,11.6643,78.146,71.52,High,31.83
2026-08-14 18:00:00,Tirunelveli,8.7139,77.7567,70.85,High,31.19
2026-08-14 18:00:00,Vellore,12.9165,79.1325,38.08,Moderate,43.41
2026-08-14 18:00:00,Erode,11.341,77.7172,86.95,Severe,24.28
2026-08-14 19:00:00,Chennai,13.0827,80.2707,95.27,Severe,20.85
2026-08-14 19:00:00,Coimbatore,11.0168,76.9558,69.82,High,28.92
2026-08-14 19:00:00,Madurai,9.9252,78.1198,60.07,High,36.81
2026-08-14 19:00:00,Trichy,10.7905,78.7047,50.05,Moderate,35.97
2026-08-14 19:00:00,Salem,11.6643,78.146,63.65,High,32.82
2026-08-14 19:00:00,Tirunelveli,8.7139,77.7567,73.97,High,32.09
2026-08-14 19:00:00,Vellore,12.9165,79.1325,55.79,High,32.71
2026-08-14 19:00:00,Erode,11.341,77.7172,68.47,High,26.27
2026-08-14 20:00:00,Chennai,13.0827,80.2707,83.28,Severe,25.66
2026-08-14 20:00:00,Coimbatore,11.0168,76.9558,57.47,High,36.68
2026-08-14 20:00:00,Madurai,9.9252,78.1198,62.1,High,33.54
2026-08-14 20:00:00,Trichy,10.7905,78.7047,70.83,High,28.95
2026-08-14 20:00:00,Salem,11.6643,78.146,69.96,High,31.6
2026-08-14 20:00:00,Tirunelveli,8.7139,77.7567,57.75,High,34.04
2026-08-14 20:00:00,Vellore,12.9165,79.1325,71.39,High,26.66
2026-08-14 20:00:00,Erode,11.341,77.7172,60.03,High,34.92
2026-08-14 21:00:00,Chennai,13.0827,80.2707,61.39,High,34.73
2026-08-14 21:00:00,Coimbatore,11.0168,76.9558,58.61,High,36.74
2026-08-14 21:00:00,Madurai,9.9252,78.1198,57.35,High,34.34
2026-08-14 21:00:00,Trichy,10.7905,78.7047,78.45,Severe,22.44
2026-08-14 21:00:00,Salem,11.6643,78.146,66.2,High,30.35
2026-08-14 21:00:00,Tirunelveli,8.7139,77.7567,89.14,Severe,24.39
2026-08-14 21:00:00,Vellore,12.9165,79.1325,74.62,High,36.24
2026-08-14 21:00:00,Erode,11.341,77.7172,72.75,High,31.44
2026-08-14 22:00:00,Chennai,13.0827,80.2707,30.89,Moderate,43.64
2026-08-14 22:00:00,Coimbatore,11.0168,76.9558,2.86,Low,57.29
2026-08-14 22:00:00,Madurai,9.9252,78.1198,25.58,Low,47.58
2026-08-14 22:00:00,Trichy,10.7905,78.7047,16.45,Low,49.53
2026-08-14 22:00:00,Salem,11.6643,78.146,18.96,Low,51.76
2026-08-14 22:00:00,Tirunelveli,8.7139,77.7567,40.62,Moderate,41.89
2026-08-14 22:00:00,Vellore,12.9165,79.1325,43.48,Moderate,39.44
2026-08-14 22:00:00,Erode,11.341,77.7172,26.56,Low,52.05
2026-08-14 23:00:00,Chennai,13.0827,80.2707,43.65,Moderate,46.34
2026-08-14 23:00:00,Coimbatore,11.0168,76.9558,21.0,Low,54.86
2026-08-14 23:00:00,Madurai,9.9252,78.1198,23.61,Low,50.65
2026-08-14 23:00:00,Trichy,10.7905,78.7047,15.14,Low,51.44
2026-08-14 23:00:00,Salem,11.6643,78.146,9.21,Low,62.57
2026-08-14 23:00:00,Tirunelveli,8.7139,77.7567,24.74,Low,48.16
2026-08-14 23:00:00,Vellore,12.9165,79.1325,18.39,Low,53.36
2026-08-14 23:00:00,Erode,11.341,77.7172,20.05,Low,52.07
2026-08-15 00:00:00,Chennai,13.0827,80.2707,20.04,Low,49.56
2026-08-15 00:00:00,Coimbatore,11.0168,76.9558,15.26,Low,48.91
2026-08-15 00:00:00,Madurai,9.9252,78.1198,3.9,Low,57.1
2026-08-15 00:00:00,Trichy,10.7905,78.7047,25.91,Low,52.66
2026-08-15 00:00:00,Salem,11.6643,78.146,0.0,Low,62.82
2026-08-15 00:00:00,Tirunelveli,8.7139,77.7567,20.07,Low,50.82
2026-08-15 00:00:00,Vellore,12.9165,79.1325,21.22,Low,50.3
2026-08-15 00:00:00,Erode,11.341,77.7172,0.0,Low,62.75
2026-08-15 01:00:00,Chennai,13.0827,80.2707,27.78,Low,47.26
2026-08-15 01:00:00,Coimbatore,11.0168,76.9558,32.13,Moderate,42.76
2026-08-15 01:00:00,Madurai,9.9252,78.1198,10.12,Low,58.73
2026-08-15 01:00:00,Trichy,10.7905,78.7047,3.88,Low,55.67
2026-08-15 01:00:00,Salem,11.6643,78.146,17.0,Low,55.21
2026-08-15 01:00:00,Tirunelveli,8.7139,77.7567,21.32,Low,50.67
2026-08-15 01:00:00,Vellore,12.9165,79.1325,11.58,Low,57.07
2026-08-15 01:00:00,Erode,11.341,77.7172,0.0,Low,60.3
2026-08-15 02:00:00,Chennai,13.0827,80.2707,45.45,Moderate,41.1
2026-08-15 02:00:00,Coimbatore,11.0168,76.9558,0.0,Low,59.37
2026-08-15 02:00:00,Madurai,9.9252,78.1198,25.72,Low,45.61
2026-08-15 02:00:00,Trichy,10.7905,78.7047,25.45,Low,45.49
2026-08-15 02:00:00,Salem,11.6643,78.146,26.12,Low,45.79
2026-08-15 02:00:00,Tirunelveli,8.7139,77.7567,15.03,Low,53.0
2026-08-15 02:00:00,Vellore,12.9165,79.1325,0.0,Low,62.58
2026-08-15 02:00:00,Erode,11.341,77.7172,13.28,Low,56.99
2026-08-15 03:00:00,Chennai,13.0827,80.2707,25.3,Low,48.92
2026-08-15 03:00:00,Coimbatore,11.0168,76.9558,12.95,Low,50.25
2026-08-15 03:00:00,Madurai,9.9252,78.1198,14.43,Low,54.74
2026-08-15 03:00:00,Trichy,10.7905,78.7047,14.1,Low,57.54
2026-08-15 03:00:00,Salem,11.6643,78.146,31.52,Moderate,42.66
2026-08-15 03:00:00,Tirunelveli,8.7139,77.7567,21.92,Low,52.52
2026-08-15 03:00:00,Vellore,12.9165,79.1325,21.35,Low,53.81
2026-08-15 03:00:00,Erode,11.341,77.7172,9.88,Low,51.9
2026-08-15 04:00:00,Chennai,13.0827,80.2707,19.7,Low,47.96
2026-08-15 04:00:00,Coimbatore,11.0168,76.9558,30.32,Moderate,45.7
2026-08-15 04:00:00,Madurai,9.9252,78.1198,15.44,Low,47.49
2026-08-15 04:00:00,Trichy,10.7905,78.7047,30.45,Moderate,48.74
2026-08-15 04:00:00,Salem,11.6643,78.146,1.74,Low,55.89
2026-08-15 04:00:00,Tirunelveli,8.7139,77.7567,4.68,Low,60.75
2026-08-15 04:00:00,Vellore,12.9165,79.1325,22.77,Low,53.47
2026-08-15 04:00:00,Erode,11.341,77.7172,0.63,Low,65.0
2026-08-15 05:00:00,Chennai,13.0827,80.2707,25.41,Low,48.45
2026-08-15 05:00:00,Coimbatore,11.0168,76.9558,0.0,Low,60.71
2026-08-15 05:00:00,Madurai,9.9252,78.1198,8.12,Low,62.74
2026-08-15 05:00:00,Trichy,10.7905,78.7047,17.14,Low,50.2
2026-08-15 05:00:00,Salem,11.6643,78.146,27.96,Low,49.1
2026-08-15 05:00:00,Tirunelveli,8.7139,77.7567,17.7,Low,46.92
2026-08-15 05:00:00,Vellore,12.9165,79.1325,24.58,Low,50.67
2026-08-15 05:00:00,Erode,11.341,77.7172,17.53,Low,54.51
2026-08-15 06:00:00,Chennai,13.0827,80.2707,40.53,Moderate,47.69
2026-08-15 06:00:00,Coimbatore,11.0168,76.9558,12.37,Low,58.98
2026-08-15 06:00:00,Madurai,9.9252,78.1198,11.41,Low,50.3
2026-08-15 06:00:00,Trichy,10.7905,78.7047,7.95,Low,61.78
2026-08-15 06:00:00,Salem,11.6643,78.146,20.29,Low,54.36
2026-08-15 06:00:00,Tirunelveli,8.7139,77.7567,26.57,Low,49.96
2026-08-15 06:00:00,Vellore,12.9165,79.1325,25.45,Low,49.65
2026-08-15 06:00:00,Erode,11.341,77.7172,22.28,Low,51.04
2026-08-15 07:00:00,Chennai,13.0827,80.2707,44.9,Moderate,35.97
2026-08-15 07:00:00,Coimbatore,11.0168,76.9558,43.54,Moderate,38.57
2026-08-15 07:00:00,Madurai,9.9252,78.1198,50.35,Moderate,37.85
2026-08-15 07:00:00,Trichy,10.7905,78.7047,47.85,Moderate,41.84
2026-08-15 07:00:00,Salem,11.6643,78.146,81.26,Severe,24.83
2026-08-15 07:00:00,Tirunelveli,8.7139,77.7567,62.17,High,32.47
2026-08-15 07:00:00,Vellore,12.9165,79.1325,62.03,High,33.57
2026-08-15 07:00:00,Erode,11.341,77.7172,58.86,High,32.23
2026-08-15 08:00:00,Chennai,13.0827,80.2707,74.42,High,29.68
2026-08-15 08:00:00,Coimbatore,11.0168,76.9558,56.1,High,30.04
2026-08-15 08:00:00,Madurai,9.9252,78.1198,59.99,High,31.83
2026-08-15 08:00:00,Trichy,10.7905,78.7047,69.17,High,29.2
2026-08-15 08:00:00,Salem,11.6643,78.146,33.27,Moderate,54.38
2026-08-15 08:00:00,Tirunelveli,8.7139,77.7567,64.97,High,36.07
2026-08-15 08:00:00,Vellore,12.9165,79.1325,48.51,Moderate,35.71
2026-08-15 08:00:00,Erode,11.341,77.7172,47.12,Moderate,39.88
2026-08-15 09:00:00,Chennai,13.0827,80.2707,55.12,High,38.19
2026-08-15 09:00:00,Coimbatore,11.0168,76.9558,50.65,Moderate,38.92
2026-08-15 09:00:00,Madurai,9.9252,78.1198,59.0,High,34.63
2026-08-15 09:00:00,Trichy,10.7905,78.7047,39.47,Moderate,40.69
2026-08-15 09:00:00,Salem,11.6643,78.146,58.25,High,26.77
2026-08-15 09:00:00,Tirunelveli,8.7139,77.7567,55.8,High,37.02
2026-08-15 09:00:00,Vellore,12.9165,79.1325,47.68,Moderate,41.07
2026-08-15 09:00:00,Erode,11.341,77.7172,42.36,Moderate,44.16
2026-08-15 10:00:00,Chennai,13.0827,80.2707,79.74,Severe,31.96
2026-08-15 10:00:00,Coimbatore,11.0168,76.9558,54.68,Moderate,38.17
2026-08-15 10:00:00,Madurai,9.9252,78.1198,61.23,High,32.08
2026-08-15 10:00:00,Trichy,10.7905,78.7047,39.1,Moderate,37.95
2026-08-15 10:00:00,Salem,11.6643,78.146,47.84,Moderate,35.71
2026-08-15 10:00:00,Tirunelveli,8.7139,77.7567,45.6,Moderate,44.22
2026-08-15 10:00:00,Vellore,12.9165,79.1325,52.16,Moderate,37.69
2026-08-15 10:00:00,Erode,11.341,77.7172,47.01,Moderate,44.21
2026-08-15 11:00:00,Chennai,13.0827,80.2707,50.01,Moderate,35.08
2026-08-15 11:00:00,Coimbatore,11.0168,76.9558,25.81,Low,49.1
2026-08-15 11:00:00,Madurai,9.9252,78.1198,39.88,Moderate,43.05
2026-08-15 11:00:00,Trichy,10.7905,78.7047,51.97,Moderate,41.38
2026-08-15 11:00:00,Salem,11.6643,78.146,33.21,Moderate,46.06
2026-08-15 11:00:00,Tirunelveli,8.7139,77.7567,17.52,Low,53.82
2026-08-15 11:00:00,Vellore,12.9165,79.1325,23.32,Low,44.41
2026-08-15 11:00:00,Erode,11.341,77.7172,42.22,Moderate,41.98
2026-08-15 12:00:00,Chennai,13.0827,80.2707,52.63,Moderate,36.72
2026-08-15 12:00:00,Coimbatore,11.0168,76.9558,35.33,Moderate,47.17
2026-08-15 12:00:00,Madurai,9.9252,78.1198,43.43,Moderate,46.3
2026-08-15 12:00:00,Trichy,10.7905,78.7047,32.16,Moderate,49.56
2026-08-15 12:00:00,Salem,11.6643,78.146,43.19,Moderate,41.0
2026-08-15 12:00:00,Tirunelveli,8.7139,77.7567,39.97,Moderate,43.91
2026-08-15 12:00:00,Vellore,12.9165,79.1325,54.9,Moderate,37.76
2026-08-15 12:00:00,Erode,11.341,77.7172,28.9,Low,47.56
2026-08-15 13:00:00,Chennai,13.0827,80.2707,64.48,High,30.87
2026-08-15 13:00:00,Coimbatore,11.0168,76.9558,38.18,Moderate,44.63
2026-08-15 13:00:00,Madurai,9.9252,78.1198,24.31,Low,49.18
2026-08-15 13:00:00,Trichy,10.7905,78.7047,24.73,Low,53.37
2026-08-15 13:00:00,Salem,11.6643,78.146,33.8,Moderate,41.34
2026-08-15 13:00:00,Tirunelveli,8.7139,77.7567,12.54,Low,54.68
2026-08-15 13:00:00,Vellore,12.9165,79.1325,33.81,Moderate,45.23
2026-08-15 13:00:00,Erode,11.341,77.7172,43.27,Moderate,40.49
2026-08-15 14:00:00,Chennai,13.0827,80.2707,50.36,Moderate,42.06
2026-08-15 14:00:00,Coimbatore,11.0168,76.9558,20.28,Low,53.59
2026-08-15 14:00:00,Madurai,9.9252,78.1198,41.17,Moderate,46.73
2026-08-15 14:00:00,Trichy,10.7905,78.7047,55.14,High,37.58
2026-08-15 14:00:00,Salem,11.6643,78.146,42.37,Moderate,42.85
2026-08-15 14:00:00,Tirunelveli,8.7139,77.7567,51.84,Moderate,36.69
2026-08-15 14:00:00,Vellore,12.9165,79.1325,28.13,Low,49.8
2026-08-15 14:00:00,Erode,11.341,77.7172,45.35,Moderate,41.48
2026-08-15 15:00:00,Chennai,13.0827,80.2707,56.25,High,36.69
2026-08-15 15:00:00,Coimbatore,11.0168,76.9558,42.26,Moderate,40.85
2026-08-15 15:00:00,Madurai,9.9252,78.1198,25.85,Low,45.43
2026-08-15 15:00:00,Trichy,10.7905,78.7047,54.97,Moderate,35.57
2026-08-15 15:00:00,Salem,11.6643,78.146,41.75,Moderate,42.92
2026-08-15 15:00:00,Tirunelveli,8.7139,77.7567,26.02,Low,49.65
2026-08-15 15:00:00,Vellore,12.9165,79.1325,23.08,Low,48.14
2026-08-15 15:00:00,Erode,11.341,77.7172,40.14,Moderate,43.49
2026-08-15 16:00:00,Chennai,13.0827,80.2707,49.34,Moderate,36.25
2026-08-15 16:00:00,Coimbatore,11.0168,76.9558,39.13,Moderate,41.21
2026-08-15 16:00:00,Madurai,9.9252,78.1198,40.4,Moderate,47.12
2026-08-15 16:00:00,Trichy,10.7905,78.7047,47.89,Moderate,40.35
2026-08-15 16:00:00,Salem,11.6643,78.146,22.29,Low,47.61
2026-08-15 16:00:00,Tirunelveli,8.7139,77.7567,34.9,Moderate,44.9
2026-08-15 16:00:00,Vellore,12.9165,79.1325,33.5,Moderate,43.76
2026-08-15 16:00:00,Erode,11.341,77.7172,51.91,Moderate,37.86
2026-08-15 17:00:00,Chennai,13.0827,80.2707,68.0,High,32.51
2026-08-15 17:00:00,Coimbatore,11.0168,76.9558,45.77,Moderate,41.65
2026-08-15 17:00:00,Madurai,9.9252,78.1198,41.82,Moderate,40.35
2026-08-15 17:00:00,Trichy,10.7905,78.7047,40.87,Moderate,41.03
2026-08-15 17:00:00,Salem,11.6643,78.146,51.11,Moderate,40.2
2026-08-15 17:00:00,Tirunelveli,8.7139,77.7567,54.11,Moderate,38.11
2026-08-15 17:00:00,Vellore,12.9165,79.1325,59.4,High,35.53
2026-08-15 17:00:00,Erode,11.341,77.7172,51.26,Moderate,42.73
2026-08-15 18:00:00,Chennai,13.0827,80.2707,68.99,High,32.97
2026-08-15 18:00:00,Coimbatore,11.0168,76.9558,50.52,Moderate,37.82
2026-08-15 18:00:00,Madurai,9.9252,78.1198,66.26,High,32.73
2026-08-15 18:00:00,Trichy,10.7905,78.7047,58.86,High,28.54
2026-08-15 18:00:00,Salem,11.6643,78.146,33.99,Moderate,43.32
2026-08-15 18:00:00,Tirunelveli,8.7139,77.7567,29.6,Low,43.32
2026-08-15 18:00:00,Vellore,12.9165,79.1325,59.05,High,33.46
2026-08-15 18:00:00,Erode,11.341,77.7172,68.08,High,28.56
2026-08-15 19:00:00,Chennai,13.0827,80.2707,64.38,High,37.29
2026-08-15 19:00:00,Coimbatore,11.0168,76.9558,61.51,High,32.94
2026-08-15 19:00:00,Madurai,9.9252,78.1198,62.91,High,34.73
2026-08-15 19:00:00,Trichy,10.7905,78.7047,47.54,Moderate,35.0
2026-08-15 19:00:00,Salem,11.6643,78.146,66.83,High,35.04
2026-08-15 19:00:00,Tirunelveli,8.7139,77.7567,60.49,High,35.15
2026-08-15 19:00:00,Vellore,12.9165,79.1325,44.58,Moderate,35.28
2026-08-15 19:00:00,Erode,11.341,77.7172,62.21,High,35.85
2026-08-15 20:00:00,Chennai,13.0827,80.2707,73.37,High,32.62
2026-08-15 20:00:00,Coimbatore,11.0168,76.9558,50.9,Moderate,36.99
2026-08-15 20:00:00,Madurai,9.9252,78.1198,45.91,Moderate,44.72
2026-08-15 20:00:00,Trichy,10.7905,78.7047,62.27,High,30.91
2026-08-15 20:00:00,Salem,11.6643,78.146,54.72,Moderate,37.2
2026-08-15 20:00:00,Tirunelveli,8.7139,77.7567,66.88,High,33.28
2026-08-15 20:00:00,Vellore,12.9165,79.1325,54.49,Moderate,36.84
2026-08-15 20:00:00,Erode,11.341,77.7172,71.25,High,28.9
2026-08-15 21:00:00,Chennai,13.0827,80.2707,80.25,Severe,24.64
2026-08-15 21:00:00,Coimbatore,11.0168,76.9558,67.1,High,36.75
2026-08-15 21:00:00,Madurai,9.9252,78.1198,67.5,High,25.54
2026-08-15 21:00:00,Trichy,10.7905,78.7047,63.47,High,41.53
2026-08-15 21:00:00,Salem,11.6643,78.146,59.78,High,31.89
2026-08-15 21:00:00,Tirunelveli,8.7139,77.7567,50.94,Moderate,36.86
2026-08-15 21:00:00,Vellore,12.9165,79.1325,60.18,High,34.92
2026-08-15 21:00:00,Erode,11.341,77.7172,62.86,High,35.39
2026-08-15 22:00:00,Chennai,13.0827,80.2707,27.92,Low,43.65
2026-08-15 22:00:00,Coimbatore,11.0168,76.9558,24.98,Low,47.94
2026-08-15 22:00:00,Madurai,9.9252,78.1198,6.54,Low,56.84
2026-08-15 22:00:00,Trichy,10.7905,78.7047,13.57,Low,55.22
2026-08-15 22:00:00,Salem,11.6643,78.146,20.35,Low,51.95
2026-08-15 22:00:00,Tirunelveli,8.7139,77.7567,19.91,Low,52.73
2026-08-15 22:00:00,Vellore,12.9165,79.1325,19.72,Low,52.23
2026-08-15 22:00:00,Erode,11.341,77.7172,16.56,Low,56.42
2026-08-15 23:00:00,Chennai,13.0827,80.2707,25.81,Low,49.3
2026-08-15 23:00:00,Coimbatore,11.0168,76.9558,12.29,Low,55.17
2026-08-15 23:00:00,Madurai,9.9252,78.1198,2.28,Low,57.63
2026-08-15 23:00:00,Trichy,10.7905,78.7047,11.45,Low,50.37
2026-08-15 23:00:00,Salem,11.6643,78.146,24.92,Low,51.7
2026-08-15 23:00:00,Tirunelveli,8.7139,77.7567,32.24,Moderate,54.64
2026-08-15 23:00:00,Vellore,12.9165,79.1325,22.18,Low,50.44
2026-08-15 23:00:00,Erode,11.341,77.7172,11.58,Low,55.7
2026-08-16 00:00:00,Chennai,13.0827,80.2707,34.98,Moderate,47.27
2026-08-16 00:00:00,Coimbatore,11.0168,76.9558,4.72,Low,59.37
2026-08-16 00:00:00,Madurai,9.9252,78.1198,8.84,Low,59.09
2026-08-16 00:00:00,Trichy,10.7905,78.7047,13.79,Low,58.04
2026-08-16 00:00:00,Salem,11.6643,78.146,11.27,Low,56.63
2026-08-16 00:00:00,Tirunelveli,8.7139,77.7567,12.07,Low,61.92
2026-08-16 00:00:00,Vellore,12.9165,79.1325,5.21,Low,57.57
2026-08-16 00:00:00,Erode,11.341,77.7172,0.29,Low,61.29
2026-08-16 01:00:00,Chennai,13.0827,80.2707,31.36,Moderate,46.24
2026-08-16 01:00:00,Coimbatore,11.0168,76.9558,22.24,Low,50.85
2026-08-16 01:00:00,Madurai,9.9252,78.1198,26.81,Low,47.5
2026-08-16 01:00:00,Trichy,10.7905,78.7047,4.14,Low,63.22
2026-08-16 01:00:00,Salem,11.6643,78.146,6.5,Low,61.6
2026-08-16 01:00:00,Tirunelveli,8.7139,77.7567,14.16,Low,52.01
2026-08-16 01:00:00,Vellore,12.9165,79.1325,6.37,Low,61.76
2026-08-16 01:00:00,Erode,11.341,77.7172,6.87,Low,53.44
2026-08-16 02:00:00,Chennai,13.0827,80.2707,13.58,Low,57.04
2026-08-16 02:00:00,Coimbatore,11.0168,76.9558,36.34,Moderate,42.71
2026-08-16 02:00:00,Madurai,9.9252,78.1198,10.38,Low,53.05
2026-08-16 02:00:00,Trichy,10.7905,78.7047,11.44,Low,56.79
2026-08-16 02:00:00,Salem,11.6643,78.146,5.38,Low,57.64
2026-08-16 02:00:00,Tirunelveli,8.7139,77.7567,11.56,Low,61.18
2026-08-16 02:00:00,Vellore,12.9165,79.1325,13.51,Low,50.94
2026-08-16 02:00:00,Erode,11.341,77.7172,9.39,Low,59.48
2026-08-16 03:00:00,Chennai,13.0827,80.2707,31.69,Moderate,43.49
2026-08-16 03:00:00,Coimbatore,11.0168,76.9558,19.42,Low,52.68
2026-08-16 03:00:00,Madurai,9.9252,78.1198,9.05,Low,57.17
2026-08-16 03:00:00,Trichy,10.7905,78.7047,9.92,Low,49.17
2026-08-16 03:00:00,Salem,11.6643,78.146,26.93,Low,48.98
2026-08-16 03:00:00,Tirunelveli,8.7139,77.7567,13.68,Low,56.51
2026-08-16 03:00:00,Vellore,12.9165,79.1325,13.97,Low,55.37
2026-08-16 03:00:00,Erode,11.341,77.7172,0.0,Low,61.19
2026-08-16 04:00:00,Chennai,13.0827,80.2707,29.27,Low,50.36
2026-08-16 04:00:00,Coimbatore,11.0168,76.9558,4.33,Low,63.06
2026-08-16 04:00:00,Madurai,9.9252,78.1198,15.28,Low,55.53
2026-08-16 04:00:00,Trichy,10.7905,78.7047,29.13,Low,44.69
2026-08-16 04:00:00,Salem,11.6643,78.146,13.41,Low,55.08
2026-08-16 04:00:00,Tirunelveli,8.7139,77.7567,28.11,Low,47.14
2026-08-16 04:00:00,Vellore,12.9165,79.1325,19.49,Low,48.94
2026-08-16 04:00:00,Erode,11.341,77.7172,6.88,Low,55.85
2026-08-16 05:00:00,Chennai,13.0827,80.2707,30.89,Moderate,51.77
2026-08-16 05:00:00,Coimbatore,11.0168,76.9558,5.74,Low,56.9
2026-08-16 05:00:00,Madurai,9.9252,78.1198,9.01,Low,56.83
2026-08-16 05:00:00,Trichy,10.7905,78.7047,30.5,Moderate,49.38
2026-08-16 05:00:00,Salem,11.6643,78.146,6.75,Low,61.46
2026-08-16 05:00:00,Tirunelveli,8.7139,77.7567,21.78,Low,48.95
2026-08-16 05:00:00,Vellore,12.9165,79.1325,0.0,Low,62.71
2026-08-16 05:00:00,Erode,11.341,77.7172,14.1,Low,54.82
2026-08-16 06:00:00,Chennai,13.0827,80.2707,44.33,Moderate,41.05
2026-08-16 06:00:00,Coimbatore,11.0168,76.9558,2.33,Low,57.39
2026-08-16 06:00:00,Madurai,9.9252,78.1198,10.37,Low,53.63
2026-08-16 06:00:00,Trichy,10.7905,78.7047,31.23,Moderate,51.25
2026-08-16 06:00:00,Salem,11.6643,78.146,30.21,Moderate,47.58
2026-08-16 06:00:00,Tirunelveli,8.7139,77.7567,7.69,Low,54.09
2026-08-16 06:00:00,Vellore,12.9165,79.1325,11.53,Low,55.41
2026-08-16 06:00:00,Erode,11.341,77.7172,12.7,Low,56.3
2026-08-16 07:00:00,Chennai,13.0827,80.2707,73.5,High,29.72
2026-08-16 07:00:00,Coimbatore,11.0168,76.9558,50.96,Moderate,41.63
2026-08-16 07:00:00,Madurai,9.9252,78.1198,40.6,Moderate,44.19
2026-08-16 07:00:00,Trichy,10.7905,78.7047,56.98,High,36.48
2026-08-16 07:00:00,Salem,11.6643,78.146,50.95,Moderate,33.54
2026-08-16 07:00:00,Tirunelveli,8.7139,77.7567,65.03,High,29.71
2026-08-16 07:00:00,Vellore,12.9165,79.1325,40.25,Moderate,39.51
2026-08-16 07:00:00,Erode,11.341,77.7172,62.22,High,34.54
2026-08-16 08:00:00,Chennai,13.0827,80.2707,63.68,High,33.46
2026-08-16 08:00:00,Coimbatore,11.0168,76.9558,62.19,High,36.98
2026-08-16 08:00:00,Madurai,9.9252,78.1198,54.53,Moderate,35.2
2026-08-16 08:00:00,Trichy,10.7905,78.7047,65.83,High,32.83
2026-08-16 08:00:00,Salem,11.6643,78.146,66.94,High,31.57
2026-08-16 08:00:00,Tirunelveli,8.7139,77.7567,53.67,Moderate,29.15
2026-08-16 08:00:00,Vellore,12.9165,79.1325,55.57,High,36.17
2026-08-16 08:00:00,Erode,11.341,77.7172,52.05,Moderate,33.83
2026-08-16 09:00:00,Chennai,13.0827,80.2707,88.82,Severe,21.38
2026-08-16 09:00:00,Coimbatore,11.0168,76.9558,65.46,High,31.93
2026-08-16 09:00:00,Madurai,9.9252,78.1198,60.7,High,38.06
2026-08-16 09:00:00,Trichy,10.7905,78.7047,47.29,Moderate,45.6
2026-08-16 09:00:00,Salem,11.6643,78.146,52.94,Moderate,33.74
2026-08-16 09:00:00,Tirunelveli,8.7139,77.7567,56.53,High,35.89
2026-08-16 09:00:00,Vellore,12.9165,79.1325,60.16,High,35.53
2026-08-16 09:00:00,Erode,11.341,77.7172,44.95,Moderate,39.65
2026-08-16 10:00:00,Chennai,13.0827,80.2707,73.84,High,28.47
2026-08-16 10:00:00,Coimbatore,11.0168,76.9558,66.19,High,29.63
2026-08-16 10:00:00,Madurai,9.9252,78.1198,39.97,Moderate,41.59
2026-08-16 10:00:00,Trichy,10.7905,78.7047,37.62,Moderate,43.88
2026-08-16 10:00:00,Salem,11.6643,78.146,72.17,High,31.36
2026-08-16 10:00:00,Tirunelveli,8.7139,77.7567,71.95,High,31.0
2026-08-16 10:00:00,Vellore,12.9165,79.1325,46.13,Moderate,35.13
2026-08-16 10:00:00,Erode,11.341,77.7172,54.48,Moderate,37.06
2026-08-16 11:00:00,Chennai,13.0827,80.2707,46.89,Moderate,44.48
2026-08-16 11:00:00,Coimbatore,11.0168,76.9558,31.04,Moderate,46.58
2026-08-16 11:00:00,Madurai,9.9252,78.1198,24.63,Low,54.11
2026-08-16 11:00:00,Trichy,10.7905,78.7047,25.09,Low,48.52
2026-08-16 11:00:00,Salem,11.6643,78.146,28.0,Low,47.05
2026-08-16 11:00:00,Tirunelveli,8.7139,77.7567,20.81,Low,52.74
2026-08-16 11:00:00,Vellore,12.9165,79.1325,22.57,Low,47.94
2026-08-16 11:00:00,Erode,11.341,77.7172,29.17,Low,48.81
2026-08-16 12:00:00,Chennai,13.0827,80.2707,47.73,Moderate,41.41
2026-08-16 12:00:00,Coimbatore,11.0168,76.9558,32.67,Moderate,47.06
2026-08-16 12:00:00,Madurai,9.9252,78.1198,33.59,Moderate,49.13
2026-08-16 12:00:00,Trichy,10.7905,78.7047,41.83,Moderate,42.43
2026-08-16 12:00:00,Salem,11.6643,78.146,35.04,Moderate,46.63
2026-08-16 12:00:00,Tirunelveli,8.7139,77.7567,29.79,Low,48.98
2026-08-16 12:00:00,Vellore,12.9165,79.1325,26.99,Low,46.17
2026-08-16 12:00:00,Erode,11.341,77.7172,50.23,Moderate,40.53
2026-08-16 13:00:00,Chennai,13.0827,80.2707,43.97,Moderate,38.34
2026-08-16 13:00:00,Coimbatore,11.0168,76.9558,23.7,Low,45.53
2026-08-16 13:00:00,Madurai,9.9252,78.1198,35.96,Moderate,51.05
2026-08-16 13:00:00,Trichy,10.7905,78.7047,19.35,Low,50.13
2026-08-16 13:00:00,Salem,11.6643,78.146,29.77,Low,47.04
2026-08-16 13:00:00,Tirunelveli,8.7139,77.7567,20.67,Low,49.38
2026-08-16 13:00:00,Vellore,12.9165,79.1325,27.71,Low,50.7
2026-08-16 13:00:00,Erode,11.341,77.7172,47.75,Moderate,34.26
2026-08-16 14:00:00,Chennai,13.0827,80.2707,45.5,Moderate,37.85
2026-08-16 14:00:00,Coimbatore,11.0168,76.9558,6.6,Low,58.21
2026-08-16 14:00:00,Madurai,9.9252,78.1198,42.26,Moderate,39.23
2026-08-16 14:00:00,Trichy,10.7905,78.7047,41.08,Moderate,38.39
2026-08-16 14:00:00,Salem,11.6643,78.146,47.61,Moderate,42.06
2026-08-16 14:00:00,Tirunelveli,8.7139,77.7567,26.32,Low,53.51
2026-08-16 14:00:00,Vellore,12.9165,79.1325,35.6,Moderate,43.28
2026-08-16 14:00:00,Erode,11.341,77.7172,40.75,Moderate,43.05
2026-08-16 15:00:00,Chennai,13.0827,80.2707,55.97,High,39.4
2026-08-16 15:00:00,Coimbatore,11.0168,76.9558,25.04,Low,48.22
2026-08-16 15:00:00,Madurai,9.9252,78.1198,40.02,Moderate,41.56
2026-08-16 15:00:00,Trichy,10.7905,78.7047,47.13,Moderate,41.91
2026-08-16 15:00:00,Salem,11.6643,78.146,46.77,Moderate,39.35
2026-08-16 15:00:00,Tirunelveli,8.7139,77.7567,36.03,Moderate,47.38
2026-08-16 15:00:00,Vellore,12.9165,79.1325,21.25,Low,44.6
2026-08-16 15:00:00,Erode,11.341,77.7172,43.38,Moderate,37.74
2026-08-16 16:00:00,Chennai,13.0827,80.2707,44.05,Moderate,42.57
2026-08-16 16:00:00,Coimbatore,11.0168,76.9558,21.41,Low,46.58
2026-08-16 16:00:00,Madurai,9.9252,78.1198,10.84,Low,54.69
2026-08-16 16:00:00,Trichy,10.7905,78.7047,20.41,Low,54.25
2026-08-16 16:00:00,Salem,11.6643,78.146,39.78,Moderate,49.82
2026-08-16 16:00:00,Tirunelveli,8.7139,77.7567,51.18,Moderate,29.21
2026-08-16 16:00:00,Vellore,12.9165,79.1325,24.16,Low,52.74
2026-08-16 16:00:00,Erode,11.341,77.7172,62.02,High,35.95
2026-08-16 17:00:00,Chennai,13.0827,80.2707,65.57,High,31.13
2026-08-16 17:00:00,Coimbatore,11.0168,76.9558,61.91,High,35.65
2026-08-16 17:00:00,Madurai,9.9252,78.1198,62.79,High,34.96
2026-08-16 17:00:00,Trichy,10.7905,78.7047,52.22,Moderate,43.52
2026-08-16 17:00:00,Salem,11.6643,78.146,59.98,High,32.98
2026-08-16 17:00:00,Tirunelveli,8.7139,77.7567,63.18,High,32.76
2026-08-16 17:00:00,Vellore,12.9165,79.1325,65.79,High,28.83
2026-08-16 17:00:00,Erode,11.341,77.7172,79.15,Severe,26.76
2026-08-16 18:00:00,Chennai,13.0827,80.2707,71.88,High,32.03
2026-08-16 18:00:00,Coimbatore,11.0168,76.9558,38.23,Moderate,42.38
2026-08-16 18:00:00,Madurai,9.9252,78.1198,42.28,Moderate,43.9
2026-08-16 18:00:00,Trichy,10.7905,78.7047,56.73,High,41.17
2026-08-16 18:00:00,Salem,11.6643,78.146,43.91,Moderate,43.08
2026-08-16 18:00:00,Tirunelveli,8.7139,77.7567,52.28,Moderate,35.81
2026-08-16 18:00:00,Vellore,12.9165,79.1325,76.83,Severe,26.36
2026-08-16 18:00:00,Erode,11.341,77.7172,52.65,Moderate,33.69
2026-08-16 19:00:00,Chennai,13.0827,80.2707,73.78,High,32.8
2026-08-16 19:00:00,Coimbatore,11.0168,76.9558,62.22,High,35.62
2026-08-16 19:00:00,Madurai,9.9252,78.1198,57.59,High,37.62
2026-08-16 19:00:00,Trichy,10.7905,78.7047,53.21,Moderate,40.61
2026-08-16 19:00:00,Salem,11.6643,78.146,46.78,Moderate,37.25
2026-08-16 19:00:00,Tirunelveli,8.7139,77.7567,61.24,High,38.21
2026-08-16 19:00:00,Vellore,12.9165,79.1325,45.0,Moderate,39.11
2026-08-16 19:00:00,Erode,11.341,77.7172,48.19,Moderate,38.75
2026-08-16 20:00:00,Chennai,13.0827,80.2707,74.68,High,30.97
2026-08-16 20:00:00,Coimbatore,11.0168,76.9558,56.02,High,38.93
2026-08-16 20:00:00,Madurai,9.9252,78.1198,47.21,Moderate,43.11
2026-08-16 20:00:00,Trichy,10.7905,78.7047,45.21,Moderate,41.93
2026-08-16 20:00:00,Salem,11.6643,78.146,59.75,High,39.72
2026-08-16 20:00:00,Tirunelveli,8.7139,77.7567,42.87,Moderate,41.01
2026-08-16 20:00:00,Vellore,12.9165,79.1325,35.08,Moderate,43.14
2026-08-16 20:00:00,Erode,11.341,77.7172,54.85,Moderate,36.8
2026-08-16 21:00:00,Chennai,13.0827,80.2707,64.89,High,30.49
2026-08-16 21:00:00,Coimbatore,11.0168,76.9558,43.47,Moderate,43.86
2026-08-16 21:00:00,Madurai,9.9252,78.1198,27.63,Low,49.4
2026-08-16 21:00:00,Trichy,10.7905,78.7047,59.64,High,35.54
2026-08-16 21:00:00,Salem,11.6643,78.146,50.61,Moderate,39.59
2026-08-16 21:00:00,Tirunelveli,8.7139,77.7567,51.39,Moderate,37.02
2026-08-16 21:00:00,Vellore,12.9165,79.1325,59.76,High,29.25
2026-08-16 21:00:00,Erode,11.341,77.7172,48.83,Moderate,40.3
2026-08-16 22:00:00,Chennai,13.0827,80.2707,25.49,Low,47.3
2026-08-16 22:00:00,Coimbatore,11.0168,76.9558,0.0,Low,65.0
2026-08-16 22:00:00,Madurai,9.9252,78.1198,4.65,Low,54.54
2026-08-16 22:00:00,Trichy,10.7905,78.7047,0.0,Low,60.47
2026-08-16 22:00:00,Salem,11.6643,78.146,19.48,Low,51.62
2026-08-16 22:00:00,Tirunelveli,8.7139,77.7567,8.79,Low,52.78
2026-08-16 22:00:00,Vellore,12.9165,79.1325,22.67,Low,48.17
2026-08-16 22:00:00,Erode,11.341,77.7172,15.0,Low,54.31
2026-08-16 23:00:00,Chennai,13.0827,80.2707,20.87,Low,57.09
2026-08-16 23:00:00,Coimbatore,11.0168,76.9558,4.05,Low,58.38
2026-08-16 23:00:00,Madurai,9.9252,78.1198,23.9,Low,46.84
2026-08-16 23:00:00,Trichy,10.7905,78.7047,27.02,Low,52.91
2026-08-16 23:00:00,Salem,11.6643,78.146,5.81,Low,53.57
2026-08-16 23:00:00,Tirunelveli,8.7139,77.7567,29.52,Low,52.39
2026-08-16 23:00:00,Vellore,12.9165,79.1325,24.71,Low,49.92
2026-08-16 23:00:00,Erode,11.341,77.7172,0.0,Low,56.27
2026-08-17 00:00:00,Chennai,13.0827,80.2707,21.0,Low,53.59
2026-08-17 00:00:00,Coimbatore,11.0168,76.9558,33.86,Moderate,45.03
2026-08-17 00:00:00,Madurai,9.9252,78.1198,12.67,Low,51.36
2026-08-17 00:00:00,Trichy,10.7905,78.7047,43.55,Moderate,46.22
2026-08-17 00:00:00,Salem,11.6643,78.146,35.91,Moderate,44.13
2026-08-17 00:00:00,Tirunelveli,8.7139,77.7567,21.5,Low,52.71
2026-08-17 00:00:00,Vellore,12.9165,79.1325,36.42,Moderate,48.72
2026-08-17 00:00:00,Erode,11.341,77.7172,30.27,Moderate,46.65
2026-08-17 01:00:00,Chennai,13.0827,80.2707,33.32,Moderate,44.41
2026-08-17 01:00:00,Coimbatore,11.0168,76.9558,19.22,Low,49.99
2026-08-17 01:00:00,Madurai,9.9252,78.1198,17.33,Low,52.08
2026-08-17 01:00:00,Trichy,10.7905,78.7047,37.06,Moderate,44.77
2026-08-17 01:00:00,Salem,11.6643,78.146,7.04,Low,53.29
2026-08-17 01:00:00,Tirunelveli,8.7139,77.7567,30.21,Moderate,42.93
2026-08-17 01:00:00,Vellore,12.9165,79.1325,35.04,Moderate,42.66
2026-08-17 01:00:00,Erode,11.341,77.7172,29.46,Low,47.8
2026-08-17 02:00:00,Chennai,13.0827,80.2707,57.27,High,34.24
2026-08-17 02:00:00,Coimbatore,11.0168,76.9558,18.5,Low,55.92
2026-08-17 02:00:00,Madurai,9.9252,78.1198,32.12,Moderate,48.25
2026-08-17 02:00:00,Trichy,10.7905,78.7047,22.91,Low,44.88
2026-08-17 02:00:00,Salem,11.6643,78.146,32.51,Moderate,52.51
2026-08-17 02:00:00,Tirunelveli,8.7139,77.7567,35.48,Moderate,50.16
2026-08-17 02:00:00,Vellore,12.9165,79.1325,21.39,Low,45.55
2026-08-17 02:00:00,Erode,11.341,77.7172,29.24,Low,47.85
2026-08-17 03:00:00,Chennai,13.0827,80.2707,46.43,Moderate,40.33
2026-08-17 03:00:00,Coimbatore,11.0168,76.9558,26.15,Low,50.28
2026-08-17 03:00:00,Madurai,9.9252,78.1198,18.87,Low,53.08
2026-08-17 03:00:00,Trichy,10.7905,78.7047,44.03,Moderate,41.37
2026-08-17 03:00:00,Salem,11.6643,78.146,37.22,Moderate,40.42
2026-08-17 03:00:00,Tirunelveli,8.7139,77.7567,27.76,Low,47.74
2026-08-17 03:00:00,Vellore,12.9165,79.1325,27.03,Low,49.07
2026-08-17 03:00:00,Erode,11.341,77.7172,29.11,Low,47.01
2026-08-17 04:00:00,Chennai,13.0827,80.2707,31.99,Moderate,44.18
2026-08-17 04:00:00,Coimbatore,11.0168,76.9558,45.12,Moderate,42.02
2026-08-17 04:00:00,Madurai,9.9252,78.1198,9.24,Low,57.16
2026-08-17 04:00:00,Trichy,10.7905,78.7047,19.06,Low,49.5
2026-08-17 04:00:00,Salem,11.6643,78.146,35.87,Moderate,48.74
2026-08-17 04:00:00,Tirunelveli,8.7139,77.7567,34.4,Moderate,47.23
2026-08-17 04:00:00,Vellore,12.9165,79.1325,2.26,Low,57.44
2026-08-17 04:00:00,Erode,11.341,77.7172,21.9,Low,48.68
2026-08-17 05:00:00,Chennai,13.0827,80.2707,37.4,Moderate,44.0
2026-08-17 05:00:00,Coimbatore,11.0168,76.9558,8.4,Low,60.58
2026-08-17 05:00:00,Madurai,9.9252,78.1198,14.29,Low,52.48
2026-08-17 05:00:00,Trichy,10.7905,78.7047,6.16,Low,57.99
2026-08-17 05:00:00,Salem,11.6643,78.146,18.69,Low,57.55
2026-08-17 05:00:00,Tirunelveli,8.7139,77.7567,16.87,Low,55.85
2026-08-17 05:00:00,Vellore,12.9165,79.1325,25.12,Low,43.52
2026-08-17 05:00:00,Erode,11.341,77.7172,22.6,Low,51.3
2026-08-17 06:00:00,Chennai,13.0827,80.2707,33.56,Moderate,49.34
2026-08-17 06:00:00,Coimbatore,11.0168,76.9558,24.97,Low,50.71
2026-08-17 06:00:00,Madurai,9.9252,78.1198,26.1,Low,45.92
2026-08-17 06:00:00,Trichy,10.7905,78.7047,11.15,Low,53.31
2026-08-17 06:00:00,Salem,11.6643,78.146,22.11,Low,52.68
2026-08-17 06:00:00,Tirunelveli,8.7139,77.7567,15.95,Low,52.71
2026-08-17 06:00:00,Vellore,12.9165,79.1325,39.41,Moderate,47.77
2026-08-17 06:00:00,Erode,11.341,77.7172,39.97,Moderate,43.07
2026-08-17 07:00:00,Chennai,13.0827,80.2707,88.13,Severe,25.43
2026-08-17 07:00:00,Coimbatore,11.0168,76.9558,80.28,Severe,29.84
2026-08-17 07:00:00,Madurai,9.9252,78.1198,57.44,High,34.34
2026-08-17 07:00:00,Trichy,10.7905,78.7047,61.59,High,31.71
2026-08-17 07:00:00,Salem,11.6643,78.146,57.77,High,41.31
2026-08-17 07:00:00,Tirunelveli,8.7139,77.7567,60.59,High,36.4
2026-08-17 07:00:00,Vellore,12.9165,79.1325,56.56,High,38.69
2026-08-17 07:00:00,Erode,11.341,77.7172,71.69,High,36.82
2026-08-17 08:00:00,Chennai,13.0827,80.2707,80.45,Severe,20.3
2026-08-17 08:00:00,Coimbatore,11.0168,76.9558,52.82,Moderate,34.38
2026-08-17 08:00:00,Madurai,9.9252,78.1198,51.36,Moderate,41.7
2026-08-17 08:00:00,Trichy,10.7905,78.7047,62.22,High,34.1
2026-08-17 08:00:00,Salem,11.6643,78.146,64.41,High,32.78
2026-08-17 08:00:00,Tirunelveli,8.7139,77.7567,52.82,Moderate,35.29
2026-08-17 08:00:00,Vellore,12.9165,79.1325,72.02,High,28.86
2026-08-17 08:00:00,Erode,11.341,77.7172,59.82,High,34.7
2026-08-17 09:00:00,Chennai,13.0827,80.2707,74.6,High,25.4
2026-08-17 09:00:00,Coimbatore,11.0168,76.9558,53.27,Moderate,39.81
2026-08-17 09:00:00,Madurai,9.9252,78.1198,59.43,High,34.2
2026-08-17 09:00:00,Trichy,10.7905,78.7047,65.48,High,37.71
2026-08-17 09:00:00,Salem,11.6643,78.146,66.57,High,29.14
2026-08-17 09:00:00,Tirunelveli,8.7139,77.7567,72.64,High,23.71
2026-08-17 09:00:00,Vellore,12.9165,79.1325,64.78,High,35.39
2026-08-17 09:00:00,Erode,11.341,77.7172,62.87,High,37.01
2026-08-17 10:00:00,Chennai,13.0827,80.2707,71.75,High,28.78
2026-08-17 10:00:00,Coimbatore,11.0168,76.9558,70.14,High,29.79
2026-08-17 10:00:00,Madurai,9.9252,78.1198,64.82,High,34.95
2026-08-17 10:00:00,Trichy,10.7905,78.7047,54.93,Moderate,42.58
2026-08-17 10:00:00,Salem,11.6643,78.146,57.69,High,35.81
2026-08-17 10:00:00,Tirunelveli,8.7139,77.7567,71.91,High,33.01
2026-08-17 10:00:00,Vellore,12.9165,79.1325,63.14,High,37.06
2026-08-17 10:00:00,Erode,11.341,77.7172,76.56,Severe,29.05
2026-08-17 11:00:00,Chennai,13.0827,80.2707,72.74,High,25.69
2026-08-17 11:00:00,Coimbatore,11.0168,76.9558,35.76,Moderate,43.99
2026-08-17 11:00:00,Madurai,9.9252,78.1198,51.79,Moderate,39.44
2026-08-17 11:00:00,Trichy,10.7905,78.7047,29.7,Low,49.7
2026-08-17 11:00:00,Salem,11.6643,78.146,56.54,High,37.58
2026-08-17 11:00:00,Tirunelveli,8.7139,77.7567,35.77,Moderate,45.12
2026-08-17 11:00:00,Vellore,12.9165,79.1325,26.79,Low,47.07
2026-08-17 11:00:00,Erode,11.341,77.7172,34.17,Moderate,45.2
2026-08-17 12:00:00,Chennai,13.0827,80.2707,71.94,High,24.7
2026-08-17 12:00:00,Coimbatore,11.0168,76.9558,52.2,Moderate,43.52
2026-08-17 12:00:00,Madurai,9.9252,78.1198,26.32,Low,47.56
2026-08-17 12:00:00,Trichy,10.7905,78.7047,41.76,Moderate,36.62
2026-08-17 12:00:00,Salem,11.6643,78.146,27.48,Low,46.49
2026-08-17 12:00:00,Tirunelveli,8.7139,77.7567,30.6,Moderate,44.04
2026-08-17 12:00:00,Vellore,12.9165,79.1325,54.16,Moderate,41.0
2026-08-17 12:00:00,Erode,11.341,77.7172,38.51,Moderate,40.0
2026-08-17 13:00:00,Chennai,13.0827,80.2707,73.29,High,29.71
2026-08-17 13:00:00,Coimbatore,11.0168,76.9558,39.22,Moderate,38.46
2026-08-17 13:00:00,Madurai,9.9252,78.1198,45.45,Moderate,44.72
2026-08-17 13:00:00,Trichy,10.7905,78.7047,30.28,Moderate,45.28
2026-08-17 13:00:00,Salem,11.6643,78.146,58.82,High,38.8
2026-08-17 13:00:00,Tirunelveli,8.7139,77.7567,48.42,Moderate,40.04
2026-08-17 13:00:00,Vellore,12.9165,79.1325,38.7,Moderate,41.09
2026-08-17 13:00:00,Erode,11.341,77.7172,55.12,High,37.37
2026-08-17 14:00:00,Chennai,13.0827,80.2707,59.19,High,38.86
2026-08-17 14:00:00,Coimbatore,11.0168,76.9558,59.75,High,36.06
2026-08-17 14:00:00,Madurai,9.9252,78.1198,40.86,Moderate,33.79
2026-08-17 14:00:00,Trichy,10.7905,78.7047,36.2,Moderate,46.43
2026-08-17 14:00:00,Salem,11.6643,78.146,50.89,Moderate,38.61
2026-08-17 14:00:00,Tirunelveli,8.7139,77.7567,42.51,Moderate,39.16
2026-08-17 14:00:00,Vellore,12.9165,79.1325,43.47,Moderate,42.35
2026-08-17 14:00:00,Erode,11.341,77.7172,57.31,High,36.2
2026-08-17 15:00:00,Chennai,13.0827,80.2707,48.21,Moderate,41.14
2026-08-17 15:00:00,Coimbatore,11.0168,76.9558,66.93,High,33.31
2026-08-17 15:00:00,Madurai,9.9252,78.1198,47.1,Moderate,40.09
2026-08-17 15:00:00,Trichy,10.7905,78.7047,43.56,Moderate,37.83
2026-08-17 15:00:00,Salem,11.6643,78.146,47.46,Moderate,43.01
2026-08-17 15:00:00,Tirunelveli,8.7139,77.7567,34.71,Moderate,47.39
2026-08-17 15:00:00,Vellore,12.9165,79.1325,35.89,Moderate,44.11
2026-08-17 15:00:00,Erode,11.341,77.7172,40.03,Moderate,41.64
2026-08-17 16:00:00,Chennai,13.0827,80.2707,39.65,Moderate,41.27
2026-08-17 16:00:00,Coimbatore,11.0168,76.9558,55.29,High,42.51
2026-08-17 16:00:00,Madurai,9.9252,78.1198,56.89,High,35.11
2026-08-17 16:00:00,Trichy,10.7905,78.7047,34.23,Moderate,42.2
2026-08-17 16:00:00,Salem,11.6643,78.146,50.21,Moderate,35.73
2026-08-17 16:00:00,Tirunelveli,8.7139,77.7567,30.17,Moderate,47.22
2026-08-17 16:00:00,Vellore,12.9165,79.1325,48.19,Moderate,36.25
2026-08-17 16:00:00,Erode,11.341,77.7172,48.25,Moderate,42.82
2026-08-17 17:00:00,Chennai,13.0827,80.2707,75.92,Severe,29.0
2026-08-17 17:00:00,Coimbatore,11.0168,76.9558,58.27,High,35.87
2026-08-17 17:00:00,Madurai,9.9252,78.1198,81.87,Severe,23.05
2026-08-17 17:00:00,Trichy,10.7905,78.7047,60.92,High,31.9
2026-08-17 17:00:00,Salem,11.6643,78.146,64.16,High,30.85
2026-08-17 17:00:00,Tirunelveli,8.7139,77.7567,56.03,High,38.73
2026-08-17 17:00:00,Vellore,12.9165,79.1325,54.89,Moderate,33.32
2026-08-17 17:00:00,Erode,11.341,77.7172,69.58,High,30.02
2026-08-17 18:00:00,Chennai,13.0827,80.2707,73.39,High,33.4
2026-08-17 18:00:00,Coimbatore,11.0168,76.9558,42.66,Moderate,44.96
2026-08-17 18:00:00,Madurai,9.9252,78.1198,47.04,Moderate,42.29
2026-08-17 18:00:00,Trichy,10.7905,78.7047,50.75,Moderate,38.82
2026-08-17 18:00:00,Salem,11.6643,78.146,67.58,High,31.17
2026-08-17 18:00:00,Tirunelveli,8.7139,77.7567,79.49,Severe,26.95
2026-08-17 18:00:00,Vellore,12.9165,79.1325,74.13,High,31.26
2026-08-17 18:00:00,Erode,11.341,77.7172,63.77,High,30.47
2026-08-17 19:00:00,Chennai,13.0827,80.2707,72.39,High,30.17
2026-08-17 19:00:00,Coimbatore,11.0168,76.9558,73.38,High,30.26
2026-08-17 19:00:00,Madurai,9.9252,78.1198,60.53,High,34.72
2026-08-17 19:00:00,Trichy,10.7905,78.7047,62.21,High,31.44
2026-08-17 19:00:00,Salem,11.6643,78.146,74.82,High,30.83
2026-08-17 19:00:00,Tirunelveli,8.7139,77.7567,56.68,High,35.88
2026-08-17 19:00:00,Vellore,12.9165,79.1325,63.71,High,34.48
2026-08-17 19:00:00,Erode,11.341,77.7172,53.32,Moderate,34.34
2026-08-17 20:00:00,Chennai,13.0827,80.2707,93.53,Severe,21.8
2026-08-17 20:00:00,Coimbatore,11.0168,76.9558,65.88,High,29.28
2026-08-17 20:00:00,Madurai,9.9252,78.1198,59.63,High,38.72
2026-08-17 20:00:00,Trichy,10.7905,78.7047,62.55,High,39.42
2026-08-17 20:00:00,Salem,11.6643,78.146,47.94,Moderate,41.11
2026-08-17 20:00:00,Tirunelveli,8.7139,77.7567,55.84,High,33.78
2026-08-17 20:00:00,Vellore,12.9165,79.1325,57.14,High,27.56
2026-08-17 20:00:00,Erode,11.341,77.7172,71.84,High,28.73
2026-08-17 21:00:00,Chennai,13.0827,80.2707,62.27,High,35.78
2026-08-17 21:00:00,Coimbatore,11.0168,76.9558,64.91,High,32.81
2026-08-17 21:00:00,Madurai,9.9252,78.1198,68.74,High,32.74
2026-08-17 21:00:00,Trichy,10.7905,78.7047,66.88,High,36.94
2026-08-17 21:00:00,Salem,11.6643,78.146,75.14,Severe,26.94
2026-08-17 21:00:00,Tirunelveli,8.7139,77.7567,58.48,High,37.17
2026-08-17 21:00:00,Vellore,12.9165,79.1325,57.48,High,35.94
2026-08-17 21:00:00,Erode,11.341,77.7172,49.81,Moderate,41.09
2026-08-17 22:00:00,Chennai,13.0827,80.2707,42.29,Moderate,39.25
2026-08-17 22:00:00,Coimbatore,11.0168,76.9558,23.88,Low,43.06
2026-08-17 22:00:00,Madurai,9.9252,78.1198,25.7,Low,46.03
2026-08-17 22:00:00,Trichy,10.7905,78.7047,37.29,Moderate,46.53
2026-08-17 22:00:00,Salem,11.6643,78.146,37.35,Moderate,41.55
2026-08-17 22:00:00,Tirunelveli,8.7139,77.7567,4.2,Low,57.11
2026-08-17 22:00:00,Vellore,12.9165,79.1325,33.72,Moderate,48.59
2026-08-17 22:00:00,Erode,11.341,77.7172,61.32,High,32.42
2026-08-17 23:00:00,Chennai,13.0827,80.2707,42.31,Moderate,40.95
2026-08-17 23:00:00,Coimbatore,11.0168,76.9558,6.82,Low,52.94
2026-08-17 23:00:00,Madurai,9.9252,78.1198,2.09,Low,61.15
2026-08-17 23:00:00,Trichy,10.7905,78.7047,12.32,Low,59.31
2026-08-17 23:00:00,Salem,11.6643,78.146,42.69,Moderate,44.57
2026-08-17 23:00:00,Tirunelveli,8.7139,77.7567,20.56,Low,52.97
2026-08-17 23:00:00,Vellore,12.9165,79.1325,27.55,Low,52.38
2026-08-17 23:00:00,Erode,11.341,77.7172,27.94,Low,51.48
2026-08-18 00:00:00,Chennai,13.0827,80.2707,47.65,Moderate,41.27
2026-08-18 00:00:00,Coimbatore,11.0168,76.9558,32.29,Moderate,53.24
2026-08-18 00:00:00,Madurai,9.9252,78.1198,17.3,Low,54.75
2026-08-18 00:00:00,Trichy,10.7905,78.7047,11.93,Low,53.8
2026-08-18 00:00:00,Salem,11.6643,78.146,39.71,Moderate,48.85
2026-08-18 00:00:00,Tirunelveli,8.7139,77.7567,28.07,Low,51.83
2026-08-18 00:00:00,Vellore,12.9165,79.1325,8.27,Low,55.6
2026-08-18 00:00:00,Erode,11.341,77.7172,27.12,Low,49.46
2026-08-18 01:00:00,Chennai,13.0827,80.2707,41.15,Moderate,44.03
2026-08-18 01:00:00,Coimbatore,11.0168,76.9558,19.11,Low,47.07
2026-08-18 01:00:00,Madurai,9.9252,78.1198,23.72,Low,45.06
2026-08-18 01:00:00,Trichy,10.7905,78.7047,48.3,Moderate,33.78
2026-08-18 01:00:00,Salem,11.6643,78.146,24.41,Low,49.05
2026-08-18 01:00:00,Tirunelveli,8.7139,77.7567,24.35,Low,49.25
2026-08-18 01:00:00,Vellore,12.9165,79.1325,16.99,Low,54.07
2026-08-18 01:00:00,Erode,11.341,77.7172,30.71,Moderate,46.89
2026-08-18 02:00:00,Chennai,13.0827,80.2707,32.37,Moderate,48.4
2026-08-18 02:00:00,Coimbatore,11.0168,76.9558,20.39,Low,51.92
2026-08-18 02:00:00,Madurai,9.9252,78.1198,21.33,Low,49.3
2026-08-18 02:00:00,Trichy,10.7905,78.7047,17.15,Low,49.83
2026-08-18 02:00:00,Salem,11.6643,78.146,32.42,Moderate,51.39
2026-08-18 02:00:00,Tirunelveli,8.7139,77.7567,33.25,Moderate,40.09
2026-08-18 02:00:00,Vellore,12.9165,79.1325,34.02,Moderate,43.37
2026-08-18 02:00:00,Erode,11.341,77.7172,23.72,Low,50.74
2026-08-18 03:00:00,Chennai,13.0827,80.2707,41.34,Moderate,35.59
2026-08-18 03:00:00,Coimbatore,11.0168,76.9558,31.5,Moderate,45.1
2026-08-18 03:00:00,Madurai,9.9252,78.1198,22.2,Low,43.59
2026-08-18 03:00:00,Trichy,10.7905,78.7047,41.09,Moderate,49.79
2026-08-18 03:00:00,Salem,11.6643,78.146,30.46,Moderate,44.45
2026-08-18 03:00:00,Tirunelveli,8.7139,77.7567,27.0,Low,55.8
2026-08-18 03:00:00,Vellore,12.9165,79.1325,26.12,Low,47.63
2026-08-18 03:00:00,Erode,11.341,77.7172,26.94,Low,50.09
2026-08-18 04:00:00,Chennai,13.0827,80.2707,30.3,Moderate,43.22
2026-08-18 04:00:00,Coimbatore,11.0168,76.9558,19.05,Low,48.66
2026-08-18 04:00:00,Madurai,9.9252,78.1198,23.56,Low,51.33
2026-08-18 04:00:00,Trichy,10.7905,78.7047,36.81,Moderate,42.75
2026-08-18 04:00:00,Salem,11.6643,78.146,39.87,Moderate,40.98
2026-08-18 04:00:00,Tirunelveli,8.7139,77.7567,19.14,Low,53.27
2026-08-18 04:00:00,Vellore,12.9165,79.1325,24.93,Low,51.78
2026-08-18 04:00:00,Erode,11.341,77.7172,23.84,Low,53.72
2026-08-18 05:00:00,Chennai,13.0827,80.2707,57.46,High,38.39
2026-08-18 05:00:00,Coimbatore,11.0168,76.9558,24.62,Low,47.95
2026-08-18 05:00:00,Madurai,9.9252,78.1198,33.31,Moderate,48.45
2026-08-18 05:00:00,Trichy,10.7905,78.7047,35.86,Moderate,43.56
2026-08-18 05:00:00,Salem,11.6643,78.146,17.47,Low,52.21
2026-08-18 05:00:00,Tirunelveli,8.7139,77.7567,24.37,Low,50.03
2026-08-18 05:00:00,Vellore,12.9165,79.1325,23.3,Low,51.2
2026-08-18 05:00:00,Erode,11.341,77.7172,29.88,Low,54.12
2026-08-18 06:00:00,Chennai,13.0827,80.2707,52.92,Moderate,36.19
2026-08-18 06:00:00,Coimbatore,11.0168,76.9558,31.48,Moderate,40.51
2026-08-18 06:00:00,Madurai,9.9252,78.1198,7.19,Low,62.03
2026-08-18 06:00:00,Trichy,10.7905,78.7047,23.87,Low,49.32
2026-08-18 06:00:00,Salem,11.6643,78.146,29.0,Low,49.95
2026-08-18 06:00:00,Tirunelveli,8.7139,77.7567,38.94,Moderate,41.38
2026-08-18 06:00:00,Vellore,12.9165,79.1325,21.24,Low,49.97
2026-08-18 06:00:00,Erode,11.341,77.7172,37.09,Moderate,48.21
2026-08-18 07:00:00,Chennai,13.0827,80.2707,78.29,Severe,29.65
2026-08-18 07:00:00,Coimbatore,11.0168,76.9558,59.89,High,33.91
2026-08-18 07:00:00,Madurai,9.9252,78.1198,55.66,High,36.55
2026-08-18 07:00:00,Trichy,10.7905,78.7047,60.67,High,36.97
2026-08-18 07:00:00,Salem,11.6643,78.146,57.28,High,41.4
2026-08-18 07:00:00,Tirunelveli,8.7139,77.7567,71.07,High,24.9
2026-08-18 07:00:00,Vellore,12.9165,79.1325,73.54,High,24.38
2026-08-18 07:00:00,Erode,11.341,77.7172,51.61,Moderate,34.21
2026-08-18 08:00:00,Chennai,13.0827,80.2707,81.38,Severe,22.82
2026-08-18 08:00:00,Coimbatore,11.0168,76.9558,61.15,High,34.8
2026-08-18 08:00:00,Madurai,9.9252,78.1198,48.63,Moderate,41.12
2026-08-18 08:00:00,Trichy,10.7905,78.7047,55.84,High,39.83
2026-08-18 08:00:00,Salem,11.6643,78.146,46.26,Moderate,38.73
2026-08-18 08:00:00,Tirunelveli,8.7139,77.7567,68.93,High,28.25
2026-08-18 08:00:00,Vellore,12.9165,79.1325,51.59,Moderate,42.1
2026-08-18 08:00:00,Erode,11.341,77.7172,73.81,High,34.79
2026-08-18 09:00:00,Chennai,13.0827,80.2707,88.73,Severe,26.59
2026-08-18 09:00:00,Coimbatore,11.0168,76.9558,56.62,High,41.53
2026-08-18 09:00:00,Madurai,9.9252,78.1198,59.9,High,41.73
2026-08-18 09:00:00,Trichy,10.7905,78.7047,66.09,High,33.44
2026-08-18 09:00:00,Salem,11.6643,78.146,70.44,High,31.15
2026-08-18 09:00:00,Tirunelveli,8.7139,77.7567,65.23,High,31.13
2026-08-18 09:00:00,Vellore,12.9165,79.1325,69.48,High,31.06
2026-08-18 09:00:00,Erode,11.341,77.7172,69.22,High,35.38
2026-08-18 10:00:00,Chennai,13.0827,80.2707,82.96,Severe,22.04
2026-08-18 10:00:00,Coimbatore,11.0168,76.9558,87.88,Severe,22.68
2026-08-18 10:00:00,Madurai,9.9252,78.1198,66.67,High,30.56
2026-08-18 10:00:00,Trichy,10.7905,78.7047,58.8,High,36.0
2026-08-18 10:00:00,Salem,11.6643,78.146,71.06,High,35.35
2026-08-18 10:00:00,Tirunelveli,8.7139,77.7567,64.46,High,34.61
2026-08-18 10:00:00,Vellore,12.9165,79.1325,68.46,High,27.08
2026-08-18 10:00:00,Erode,11.341,77.7172,76.99,Severe,25.74
2026-08-18 11:00:00,Chennai,13.0827,80.2707,59.3,High,35.81
2026-08-18 11:00:00,Coimbatore,11.0168,76.9558,47.94,Moderate,38.5
2026-08-18 11:00:00,Madurai,9.9252,78.1198,56.98,High,32.55
2026-08-18 11:00:00,Trichy,10.7905,78.7047,41.87,Moderate,43.65
2026-08-18 11:00:00,Salem,11.6643,78.146,46.22,Moderate,39.29
2026-08-18 11:00:00,Tirunelveli,8.7139,77.7567,36.77,Moderate,43.98
2026-08-18 11:00:00,Vellore,12.9165,79.1325,19.67,Low,49.43
2026-08-18 11:00:00,Erode,11.341,77.7172,52.44,Moderate,37.32
2026-08-18 12:00:00,Chennai,13.0827,80.2707,63.68,High,26.87
2026-08-18 12:00:00,Coimbatore,11.0168,76.9558,39.17,Moderate,43.5
2026-08-18 12:00:00,Madurai,9.9252,78.1198,35.73,Moderate,44.18
2026-08-18 12:00:00,Trichy,10.7905,78.7047,32.61,Moderate,43.12
2026-08-18 12:00:00,Salem,11.6643,78.146,61.13,High,33.33
2026-08-18 12:00:00,Tirunelveli,8.7139,77.7567,63.55,High,36.08
2026-08-18 12:00:00,Vellore,12.9165,79.1325,59.08,High,29.86
2026-08-18 12:00:00,Erode,11.341,77.7172,49.3,Moderate,40.01
2026-08-18 13:00:00,Chennai,13.0827,80.2707,55.73,High,39.89
2026-08-18 13:00:00,Coimbatore,11.0168,76.9558,55.9,High,36.71
2026-08-18 13:00:00,Madurai,9.9252,78.1198,49.38,Moderate,39.36
2026-08-18 13:00:00,Trichy,10.7905,78.7047,33.22,Moderate,43.19
2026-08-18 13:00:00,Salem,11.6643,78.146,54.05,Moderate,31.37
2026-08-18 13:00:00,Tirunelveli,8.7139,77.7567,34.45,Moderate,43.87
2026-08-18 13:00:00,Vellore,12.9165,79.1325,44.69,Moderate,41.92
2026-08-18 13:00:00,Erode,11.341,77.7172,51.67,Moderate,38.24
2026-08-18 14:00:00,Chennai,13.0827,80.2707,51.54,Moderate,29.47
2026-08-18 14:00:00,Coimbatore,11.0168,76.9558,36.78,Moderate,46.08
2026-08-18 14:00:00,Madurai,9.9252,78.1198,32.31,Moderate,51.19
2026-08-18 14:00:00,Trichy,10.7905,78.7047,63.75,High,36.29
2026-08-18 14:00:00,Salem,11.6643,78.146,40.78,Moderate,39.92
2026-08-18 14:00:00,Tirunelveli,8.7139,77.7567,51.13,Moderate,37.9
2026-08-18 14:00:00,Vellore,12.9165,79.1325,56.51,High,38.19
2026-08-18 14:00:00,Erode,11.341,77.7172,67.07,High,26.25
2026-08-18 15:00:00,Chennai,13.0827,80.2707,81.43,Severe,26.14
2026-08-18 15:00:00,Coimbatore,11.0168,76.9558,31.99,Moderate,47.71
2026-08-18 15:00:00,Madurai,9.9252,78.1198,70.95,High,26.11
2026-08-18 15:00:00,Trichy,10.7905,78.7047,53.71,Moderate,35.2
2026-08-18 15:00:00,Salem,11.6643,78.146,50.83,Moderate,35.4
2026-08-18 15:00:00,Tirunelveli,8.7139,77.7567,46.76,Moderate,43.66
2026-08-18 15:00:00,Vellore,12.9165,79.1325,59.59,High,28.08
2026-08-18 15:00:00,Erode,11.341,77.7172,42.35,Moderate,41.12
2026-08-18 16:00:00,Chennai,13.0827,80.2707,66.38,High,29.69
2026-08-18 16:00:00,Coimbatore,11.0168,76.9558,50.57,Moderate,40.49
2026-08-18 16:00:00,Madurai,9.9252,78.1198,36.88,Moderate,44.71
2026-08-18 16:00:00,Trichy,10.7905,78.7047,48.11,Moderate,40.42
2026-08-18 16:00:00,Salem,11.6643,78.146,30.99,Moderate,47.27
2026-08-18 16:00:00,Tirunelveli,8.7139,77.7567,35.27,Moderate,49.69
2026-08-18 16:00:00,Vellore,12.9165,79.1325,47.52,Moderate,35.98
2026-08-18 16:00:00,Erode,11.341,77.7172,45.72,Moderate,38.34
2026-08-18 17:00:00,Chennai,13.0827,80.2707,78.54,Severe,25.95
2026-08-18 17:00:00,Coimbatore,11.0168,76.9558,57.37,High,36.04
2026-08-18 17:00:00,Madurai,9.9252,78.1198,48.08,Moderate,44.0
2026-08-18 17:00:00,Trichy,10.7905,78.7047,65.04,High,36.34
2026-08-18 17:00:00,Salem,11.6643,78.146,61.0,High,32.72
2026-08-18 17:00:00,Tirunelveli,8.7139,77.7567,61.04,High,40.53
2026-08-18 17:00:00,Vellore,12.9165,79.1325,73.29,High,25.28
2026-08-18 17:00:00,Erode,11.341,77.7172,64.86,High,40.15
2026-08-18 18:00:00,Chennai,13.0827,80.2707,93.13,Severe,20.47
2026-08-18 18:00:00,Coimbatore,11.0168,76.9558,73.35,High,29.93
2026-08-18 18:00:00,Madurai,9.9252,78.1198,67.61,High,33.9
2026-08-18 18:00:00,Trichy,10.7905,78.7047,37.98,Moderate,46.5
2026-08-18 18:00:00,Salem,11.6643,78.146,40.81,Moderate,44.96
2026-08-18 18:00:00,Tirunelveli,8.7139,77.7567,51.94,Moderate,39.82
2026-08-18 18:00:00,Vellore,12.9165,79.1325,70.14,High,27.07
2026-08-18 18:00:00,Erode,11.341,77.7172,51.7,Moderate,38.42
2026-08-18 19:00:00,Chennai,13.0827,80.2707,74.61,High,30.66
2026-08-18 19:00:00,Coimbatore,11.0168,76.9558,58.93,High,36.42
2026-08-18 19:00:00,Madurai,9.9252,78.1198,70.15,High,27.09
2026-08-18 19:00:00,Trichy,10.7905,78.7047,46.56,Moderate,43.16
2026-08-18 19:00:00,Salem,11.6643,78.146,61.4,High,31.86
2026-08-18 19:00:00,Tirunelveli,8.7139,77.7567,62.71,High,37.89
2026-08-18 19:00:00,Vellore,12.9165,79.1325,69.62,High,32.17
2026-08-18 19:00:00,Erode,11.341,77.7172,64.99,High,34.76
2026-08-18 20:00:00,Chennai,13.0827,80.2707,70.5,High,26.33
2026-08-18 20:00:00,Coimbatore,11.0168,76.9558,52.43,Moderate,34.52
2026-08-18 20:00:00,Madurai,9.9252,78.1198,82.65,Severe,28.59
2026-08-18 20:00:00,Trichy,10.7905,78.7047,64.22,High,31.61
2026-08-18 20:00:00,Salem,11.6643,78.146,58.79,High,32.21
2026-08-18 20:00:00,Tirunelveli,8.7139,77.7567,47.71,Moderate,37.69
2026-08-18 20:00:00,Vellore,12.9165,79.1325,53.34,Moderate,37.68
2026-08-18 20:00:00,Erode,11.341,77.7172,72.48,High,26.62
2026-08-18 21:00:00,Chennai,13.0827,80.2707,86.18,Severe,24.83
2026-08-18 21:00:00,Coimbatore,11.0168,76.9558,61.91,High,36.66
2026-08-18 21:00:00,Madurai,9.9252,78.1198,45.0,Moderate,40.95
2026-08-18 21:00:00,Trichy,10.7905,78.7047,77.0,Severe,28.68
2026-08-18 21:00:00,Salem,11.6643,78.146,73.24,High,31.37
2026-08-18 21:00:00,Tirunelveli,8.7139,77.7567,66.83,High,31.18
2026-08-18 21:00:00,Vellore,12.9165,79.1325,62.6,High,34.2
2026-08-18 21:00:00,Erode,11.341,77.7172,75.19,Severe,28.63
2026-08-18 22:00:00,Chennai,13.0827,80.2707,35.87,Moderate,50.52
2026-08-18 22:00:00,Coimbatore,11.0168,76.9558,20.53,Low,50.34
2026-08-18 22:00:00,Madurai,9.9252,78.1198,38.2,Moderate,42.83
2026-08-18 22:00:00,Trichy,10.7905,78.7047,24.76,Low,46.77
2026-08-18 22:00:00,Salem,11.6643,78.146,25.64,Low,52.49
2026-08-18 22:00:00,Tirunelveli,8.7139,77.7567,35.71,Moderate,44.0
2026-08-18 22:00:00,Vellore,12.9165,79.1325,17.27,Low,52.73
2026-08-18 22:00:00,Erode,11.341,77.7172,7.97,Low,56.14
2026-08-18 23:00:00,Chennai,13.0827,80.2707,38.71,Moderate,46.38
2026-08-18 23:00:00,Coimbatore,11.0168,76.9558,43.89,Moderate,46.64
2026-08-18 23:00:00,Madurai,9.9252,78.1198,24.74,Low,49.49
2026-08-18 23:00:00,Trichy,10.7905,78.7047,28.12,Low,53.14
2026-08-18 23:00:00,Salem,11.6643,78.146,6.13,Low,57.17
2026-08-18 23:00:00,Tirunelveli,8.7139,77.7567,8.08,Low,54.43
2026-08-18 23:00:00,Vellore,12.9165,79.1325,17.45,Low,49.1
2026-08-18 23:00:00,Erode,11.341,77.7172,20.68,Low,48.69
2026-08-19 00:00:00,Chennai,13.0827,80.2707,38.0,Moderate,40.51
2026-08-19 00:00:00,Coimbatore,11.0168,76.9558,35.07,Moderate,48.79
2026-08-19 00:00:00,Madurai,9.9252,78.1198,13.62,Low,57.9
2026-08-19 00:00:00,Trichy,10.7905,78.7047,22.99,Low,41.84
2026-08-19 00:00:00,Salem,11.6643,78.146,19.31,Low,53.76
2026-08-19 00:00:00,Tirunelveli,8.7139,77.7567,21.66,Low,55.78
2026-08-19 00:00:00,Vellore,12.9165,79.1325,13.23,Low,54.35
2026-08-19 00:00:00,Erode,11.341,77.7172,30.41,Moderate,45.35
2026-08-19 01:00:00,Chennai,13.0827,80.2707,49.81,Moderate,40.23
2026-08-19 01:00:00,Coimbatore,11.0168,76.9558,30.37,Moderate,43.15
2026-08-19 01:00:00,Madurai,9.9252,78.1198,22.59,Low,53.83
2026-08-19 01:00:00,Trichy,10.7905,78.7047,16.56,Low,49.75
2026-08-19 01:00:00,Salem,11.6643,78.146,27.78,Low,46.64
2026-08-19 01:00:00,Tirunelveli,8.7139,77.7567,34.13,Moderate,48.03
2026-08-19 01:00:00,Vellore,12.9165,79.1325,29.76,Low,49.74
2026-08-19 01:00:00,Erode,11.341,77.7172,20.03,Low,53.44
2026-08-19 02:00:00,Chennai,13.0827,80.2707,47.73,Moderate,38.55
2026-08-19 02:00:00,Coimbatore,11.0168,76.9558,40.1,Moderate,46.52
2026-08-19 02:00:00,Madurai,9.9252,78.1198,19.48,Low,54.03
2026-08-19 02:00:00,Trichy,10.7905,78.7047,16.36,Low,55.02
2026-08-19 02:00:00,Salem,11.6643,78.146,24.71,Low,49.64
2026-08-19 02:00:00,Tirunelveli,8.7139,77.7567,33.94,Moderate,47.74
2026-08-19 02:00:00,Vellore,12.9165,79.1325,12.85,Low,52.53
2026-08-19 02:00:00,Erode,11.341,77.7172,20.7,Low,56.91
2026-08-19 03:00:00,Chennai,13.0827,80.2707,51.12,Moderate,33.97
2026-08-19 03:00:00,Coimbatore,11.0168,76.9558,20.42,Low,52.14
2026-08-19 03:00:00,Madurai,9.9252,78.1198,18.65,Low,52.17
2026-08-19 03:00:00,Trichy,10.7905,78.7047,9.77,Low,54.93
2026-08-19 03:00:00,Salem,11.6643,78.146,43.04,Moderate,40.16
2026-08-19 03:00:00,Tirunelveli,8.7139,77.7567,30.66,Moderate,46.68
2026-08-19 03:00:00,Vellore,12.9165,79.1325,28.72,Low,45.66
2026-08-19 03:00:00,Erode,11.341,77.7172,31.47,Moderate,48.45
2026-08-19 04:00:00,Chennai,13.0827,80.2707,38.77,Moderate,40.22
2026-08-19 04:00:00,Coimbatore,11.0168,76.9558,11.66,Low,54.83
2026-08-19 04:00:00,Madurai,9.9252,78.1198,35.93,Moderate,41.45
2026-08-19 04:00:00,Trichy,10.7905,78.7047,25.08,Low,44.99
2026-08-19 04:00:00,Salem,11.6643,78.146,24.21,Low,53.36
2026-08-19 04:00:00,Tirunelveli,8.7139,77.7567,32.97,Moderate,46.59
2026-08-19 04:00:00,Vellore,12.9165,79.1325,13.09,Low,51.52
2026-08-19 04:00:00,Erode,11.341,77.7172,22.85,Low,50.19
2026-08-19 05:00:00,Chennai,13.0827,80.2707,26.52,Low,50.02
2026-08-19 05:00:00,Coimbatore,11.0168,76.9558,25.86,Low,54.88
2026-08-19 05:00:00,Madurai,9.9252,78.1198,29.44,Low,48.25
2026-08-19 05:00:00,Trichy,10.7905,78.7047,29.03,Low,48.9
2026-08-19 05:00:00,Salem,11.6643,78.146,18.8,Low,50.59
2026-08-19 05:00:00,Tirunelveli,8.7139,77.7567,22.05,Low,52.88
2026-08-19 05:00:00,Vellore,12.9165,79.1325,38.11,Moderate,43.27
2026-08-19 05:00:00,Erode,11.341,77.7172,12.34,Low,56.28
2026-08-19 06:00:00,Chennai,13.0827,80.2707,33.91,Moderate,49.63
2026-08-19 06:00:00,Coimbatore,11.0168,76.9558,26.46,Low,51.8
2026-08-19 06:00:00,Madurai,9.9252,78.1198,15.02,Low,53.77
2026-08-19 06:00:00,Trichy,10.7905,78.7047,9.76,Low,54.39
2026-08-19 06:00:00,Salem,11.6643,78.146,27.27,Low,51.53
2026-08-19 06:00:00,Tirunelveli,8.7139,77.7567,20.82,Low,55.51
2026-08-19 06:00:00,Vellore,12.9165,79.1325,21.21,Low,55.5
2026-08-19 06:00:00,Erode,11.341,77.7172,1.88,Low,60.8
2026-08-19 07:00:00,Chennai,13.0827,80.2707,90.5,Severe,20.05
2026-08-19 07:00:00,Coimbatore,11.0168,76.9558,64.95,High,27.4
2026-08-19 07:00:00,Madurai,9.9252,78.1198,67.68,High,35.4
2026-08-19 07:00:00,Trichy,10.7905,78.7047,60.36,High,42.86
2026-08-19 07:00:00,Salem,11.6643,78.146,56.55,High,36.67
2026-08-19 07:00:00,Tirunelveli,8.7139,77.7567,38.68,Moderate,39.97
2026-08-19 07:00:00,Vellore,12.9165,79.1325,59.4,High,40.12
2026-08-19 07:00:00,Erode,11.341,77.7172,59.27,High,37.86
2026-08-19 08:00:00,Chennai,13.0827,80.2707,76.3,Severe,35.74
2026-08-19 08:00:00,Coimbatore,11.0168,76.9558,68.38,High,32.28
2026-08-19 08:00:00,Madurai,9.9252,78.1198,63.81,High,39.12
2026-08-19 08:00:00,Trichy,10.7905,78.7047,72.77,High,21.65
2026-08-19 08:00:00,Salem,11.6643,78.146,62.4,High,36.15
2026-08-19 08:00:00,Tirunelveli,8.7139,77.7567,58.59,High,37.65
2026-08-19 08:00:00,Vellore,12.9165,79.1325,67.97,High,31.83
2026-08-19 08:00:00,Erode,11.341,77.7172,66.42,High,34.1
2026-08-19 09:00:00,Chennai,13.0827,80.2707,81.16,Severe,24.15
2026-08-19 09:00:00,Coimbatore,11.0168,76.9558,63.85,High,27.1
2026-08-19 09:00:00,Madurai,9.9252,78.1198,62.75,High,31.79
2026-08-19 09:00:00,Trichy,10.7905,78.7047,65.59,High,34.16
2026-08-19 09:00:00,Salem,11.6643,78.146,63.28,High,33.74
2026-08-19 09:00:00,Tirunelveli,8.7139,77.7567,51.33,Moderate,49.13
2026-08-19 09:00:00,Vellore,12.9165,79.1325,78.69,Severe,24.4
2026-08-19 09:00:00,Erode,11.341,77.7172,49.75,Moderate,40.33
2026-08-19 10:00:00,Chennai,13.0827,80.2707,77.7,Severe,24.8
2026-08-19 10:00:00,Coimbatore,11.0168,76.9558,61.79,High,32.7
2026-08-19 10:00:00,Madurai,9.9252,78.1198,69.51,High,42.26
2026-08-19 10:00:00,Trichy,10.7905,78.7047,75.19,Severe,27.79
2026-08-19 10:00:00,Salem,11.6643,78.146,70.35,High,29.55
2026-08-19 10:00:00,Tirunelveli,8.7139,77.7567,60.65,High,31.45
2026-08-19 10:00:00,Vellore,12.9165,79.1325,62.64,High,29.06
2026-08-19 10:00:00,Erode,11.341,77.7172,59.0,High,38.09
2026-08-19 11:00:00,Chennai,13.0827,80.2707,51.16,Moderate,37.55
2026-08-19 11:00:00,Coimbatore,11.0168,76.9558,53.64,Moderate,40.5
2026-08-19 11:00:00,Madurai,9.9252,78.1198,45.85,Moderate,43.12
2026-08-19 11:00:00,Trichy,10.7905,78.7047,39.01,Moderate,39.77
2026-08-19 11:00:00,Salem,11.6643,78.146,52.52,Moderate,35.87
2026-08-19 11:00:00,Tirunelveli,8.7139,77.7567,56.49,High,34.18
2026-08-19 11:00:00,Vellore,12.9165,79.1325,59.62,High,30.99
2026-08-19 11:00:00,Erode,11.341,77.7172,48.68,Moderate,37.79
2026-08-19 12:00:00,Chennai,13.0827,80.2707,60.47,High,38.73
2026-08-19 12:00:00,Coimbatore,11.0168,76.9558,47.67,Moderate,36.01
2026-08-19 12:00:00,Madurai,9.9252,78.1198,67.18,High,34.55
2026-08-19 12:00:00,Trichy,10.7905,78.7047,31.82,Moderate,51.0
2026-08-19 12:00:00,Salem,11.6643,78.146,32.9,Moderate,51.03
2026-08-19 12:00:00,Tirunelveli,8.7139,77.7567,40.89,Moderate,38.31
2026-08-19 12:00:00,Vellore,12.9165,79.1325,49.95,Moderate,41.74
2026-08-19 12:00:00,Erode,11.341,77.7172,40.24,Moderate,43.74
2026-08-19 13:00:00,Chennai,13.0827,80.2707,57.57,High,39.02
2026-08-19 13:00:00,Coimbatore,11.0168,76.9558,33.05,Moderate,50.67
2026-08-19 13:00:00,Madurai,9.9252,78.1198,54.39,Moderate,35.34
2026-08-19 13:00:00,Trichy,10.7905,78.7047,35.78,Moderate,40.38
2026-08-19 13:00:00,Salem,11.6643,78.146,32.34,Moderate,44.8
2026-08-19 13:00:00,Tirunelveli,8.7139,77.7567,23.33,Low,49.42
2026-08-19 13:00:00,Vellore,12.9165,79.1325,49.6,Moderate,39.12
2026-08-19 13:00:00,Erode,11.341,77.7172,29.25,Low,45.07
2026-08-19 14:00:00,Chennai,13.0827,80.2707,60.69,High,37.06
2026-08-19 14:00:00,Coimbatore,11.0168,76.9558,47.96,Moderate,38.95
2026-08-19 14:00:00,Madurai,9.9252,78.1198,36.05,Moderate,41.98
2026-08-19 14:00:00,Trichy,10.7905,78.7047,45.68,Moderate,39.77
2026-08-19 14:00:00,Salem,11.6643,78.146,43.75,Moderate,37.07
2026-08-19 14:00:00,Tirunelveli,8.7139,77.7567,43.09,Moderate,36.9
2026-08-19 14:00:00,Vellore,12.9165,79.1325,47.3,Moderate,40.33
2026-08-19 14:00:00,Erode,11.341,77.7172,49.57,Moderate,37.82
2026-08-19 15:00:00,Chennai,13.0827,80.2707,51.54,Moderate,36.05
2026-08-19 15:00:00,Coimbatore,11.0168,76.9558,54.62,Moderate,41.65
2026-08-19 15:00:00,Madurai,9.9252,78.1198,60.82,High,32.93
2026-08-19 15:00:00,Trichy,10.7905,78.7047,54.97,Moderate,35.54
2026-08-19 15:00:00,Salem,11.6643,78.146,64.48,High,36.38
2026-08-19 15:00:00,Tirunelveli,8.7139,77.7567,23.25,Low,56.07
2026-08-19 15:00:00,Vellore,12.9165,79.1325,60.85,High,30.2
2026-08-19 15:00:00,Erode,11.341,77.7172,42.28,Moderate,40.3
2026-08-19 16:00:00,Chennai,13.0827,80.2707,66.5,High,31.86
2026-08-19 16:00:00,Coimbatore,11.0168,76.9558,50.33,Moderate,35.2
2026-08-19 16:00:00,Madurai,9.9252,78.1198,44.99,Moderate,42.05
2026-08-19 16:00:00,Trichy,10.7905,78.7047,48.86,Moderate,36.64
2026-08-19 16:00:00,Salem,11.6643,78.146,35.93,Moderate,49.84
2026-08-19 16:00:00,Tirunelveli,8.7139,77.7567,54.89,Moderate,38.04
2026-08-19 16:00:00,Vellore,12.9165,79.1325,46.65,Moderate,36.78
2026-08-19 16:00:00,Erode,11.341,77.7172,45.7,Moderate,40.69
2026-08-19 17:00:00,Chennai,13.0827,80.2707,80.74,Severe,23.4
2026-08-19 17:00:00,Coimbatore,11.0168,76.9558,62.12,High,37.67
2026-08-19 17:00:00,Madurai,9.9252,78.1198,61.25,High,34.11
2026-08-19 17:00:00,Trichy,10.7905,78.7047,47.68,Moderate,43.99
2026-08-19 17:00:00,Salem,11.6643,78.146,75.11,Severe,31.06
2026-08-19 17:00:00,Tirunelveli,8.7139,77.7567,62.26,High,35.98
2026-08-19 17:00:00,Vellore,12.9165,79.1325,63.03,High,30.19
2026-08-19 17:00:00,Erode,11.341,77.7172,48.45,Moderate,46.28
2026-08-19 18:00:00,Chennai,13.0827,80.2707,97.33,Severe,22.95
2026-08-19 18:00:00,Coimbatore,11.0168,76.9558,57.11,High,31.14
2026-08-19 18:00:00,Madurai,9.9252,78.1198,70.18,High,32.37
2026-08-19 18:00:00,Trichy,10.7905,78.7047,68.16,High,32.91
2026-08-19 18:00:00,Salem,11.6643,78.146,71.97,High,32.96
2026-08-19 18:00:00,Tirunelveli,8.7139,77.7567,75.2,Severe,27.0
2026-08-19 18:00:00,Vellore,12.9165,79.1325,56.76,High,41.54
2026-08-19 18:00:00,Erode,11.341,77.7172,58.32,High,33.41
2026-08-19 19:00:00,Chennai,13.0827,80.2707,69.3,High,30.35
2026-08-19 19:00:00,Coimbatore,11.0168,76.9558,65.91,High,29.68
2026-08-19 19:00:00,Madurai,9.9252,78.1198,77.11,Severe,29.73
2026-08-19 19:00:00,Trichy,10.7905,78.7047,55.06,High,36.08
2026-08-19 19:00:00,Salem,11.6643,78.146,57.24,High,42.43
2026-08-19 19:00:00,Tirunelveli,8.7139,77.7567,47.86,Moderate,39.74
2026-08-19 19:00:00,Vellore,12.9165,79.1325,71.17,High,34.25
2026-08-19 19:00:00,Erode,11.341,77.7172,58.75,High,38.96
2026-08-19 20:00:00,Chennai,13.0827,80.2707,68.06,High,29.97
2026-08-19 20:00:00,Coimbatore,11.0168,76.9558,73.67,High,30.91
2026-08-19 20:00:00,Madurai,9.9252,78.1198,40.13,Moderate,45.5
2026-08-19 20:00:00,Trichy,10.7905,78.7047,65.36,High,26.92
2026-08-19 20:00:00,Salem,11.6643,78.146,68.0,High,26.51
2026-08-19 20:00:00,Tirunelveli,8.7139,77.7567,68.14,High,32.44
2026-08-19 20:00:00,Vellore,12.9165,79.1325,69.71,High,35.31
2026-08-19 20:00:00,Erode,11.341,77.7172,59.91,High,31.78
2026-08-19 21:00:00,Chennai,13.0827,80.2707,77.49,Severe,26.31
2026-08-19 21:00:00,Coimbatore,11.0168,76.9558,58.22,High,38.57
2026-08-19 21:00:00,Madurai,9.9252,78.1198,68.32,High,32.26
2026-08-19 21:00:00,Trichy,10.7905,78.7047,68.21,High,28.01
2026-08-19 21:00:00,Salem,11.6643,78.146,62.06,High,37.85
2026-08-19 21:00:00,Tirunelveli,8.7139,77.7567,86.16,Severe,25.55
2026-08-19 21:00:00,Vellore,12.9165,79.1325,48.78,Moderate,42.74
2026-08-19 21:00:00,Erode,11.341,77.7172,60.7,High,36.44
2026-08-19 22:00:00,Chennai,13.0827,80.2707,40.56,Moderate,49.34
2026-08-19 22:00:00,Coimbatore,11.0168,76.9558,48.81,Moderate,43.4
2026-08-19 22:00:00,Madurai,9.9252,78.1198,29.47,Low,45.11
2026-08-19 22:00:00,Trichy,10.7905,78.7047,22.85,Low,53.43
2026-08-19 22:00:00,Salem,11.6643,78.146,13.78,Low,49.88
2026-08-19 22:00:00,Tirunelveli,8.7139,77.7567,26.38,Low,46.08
2026-08-19 22:00:00,Vellore,12.9165,79.1325,29.97,Low,47.36
2026-08-19 22:00:00,Erode,11.341,77.7172,29.84,Low,49.49
2026-08-19 23:00:00,Chennai,13.0827,80.2707,26.08,Low,50.39
2026-08-19 23:00:00,Coimbatore,11.0168,76.9558,27.49,Low,51.84
2026-08-19 23:00:00,Madurai,9.9252,78.1198,29.06,Low,52.76
2026-08-19 23:00:00,Trichy,10.7905,78.7047,29.07,Low,53.27
2026-08-19 23:00:00,Salem,11.6643,78.146,32.64,Moderate,45.91
2026-08-19 23:00:00,Tirunelveli,8.7139,77.7567,49.23,Moderate,37.42
2026-08-19 23:00:00,Vellore,12.9165,79.1325,21.48,Low,50.28
2026-08-19 23:00:00,Erode,11.341,77.7172,30.75,Moderate,44.45
2026-08-20 00:00:00,Chennai,13.0827,80.2707,52.92,Moderate,38.14
2026-08-20 00:00:00,Coimbatore,11.0168,76.9558,13.91,Low,54.85
2026-08-20 00:00:00,Madurai,9.9252,78.1198,25.41,Low,51.52
2026-08-20 00:00:00,Trichy,10.7905,78.7047,19.87,Low,51.24
2026-08-20 00:00:00,Salem,11.6643,78.146,11.77,Low,56.5
2026-08-20 00:00:00,Tirunelveli,8.7139,77.7567,39.27,Moderate,45.77
2026-08-20 00:00:00,Vellore,12.9165,79.1325,25.41,Low,52.19
2026-08-20 00:00:00,Erode,11.341,77.7172,12.61,Low,57.2
2026-08-20 01:00:00,Chennai,13.0827,80.2707,37.53,Moderate,45.41
2026-08-20 01:00:00,Coimbatore,11.0168,76.9558,53.98,Moderate,33.37
2026-08-20 01:00:00,Madurai,9.9252,78.1198,24.41,Low,55.78
2026-08-20 01:00:00,Trichy,10.7905,78.7047,22.81,Low,55.01
2026-08-20 01:00:00,Salem,11.6643,78.146,28.41,Low,46.55
2026-08-20 01:00:00,Tirunelveli,8.7139,77.7567,0.11,Low,64.26
2026-08-20 01:00:00,Vellore,12.9165,79.1325,21.25,Low,49.5
2026-08-20 01:00:00,Erode,11.341,77.7172,2.33,Low,55.83
2026-08-20 02:00:00,Chennai,13.0827,80.2707,33.28,Moderate,43.21
2026-08-20 02:00:00,Coimbatore,11.0168,76.9558,37.98,Moderate,42.93
2026-08-20 02:00:00,Madurai,9.9252,78.1198,19.83,Low,54.36
2026-08-20 02:00:00,Trichy,10.7905,78.7047,24.38,Low,47.8
2026-08-20 02:00:00,Salem,11.6643,78.146,30.5,Moderate,44.94
2026-08-20 02:00:00,Tirunelveli,8.7139,77.7567,19.6,Low,56.11
2026-08-20 02:00:00,Vellore,12.9165,79.1325,10.81,Low,55.61
2026-08-20 02:00:00,Erode,11.341,77.7172,13.86,Low,55.37
2026-08-20 03:00:00,Chennai,13.0827,80.2707,56.18,High,37.46
2026-08-20 03:00:00,Coimbatore,11.0168,76.9558,22.51,Low,50.13
2026-08-20 03:00:00,Madurai,9.9252,78.1198,16.68,Low,55.14
2026-08-20 03:00:00,Trichy,10.7905,78.7047,26.16,Low,54.31
2026-08-20 03:00:00,Salem,11.6643,78.146,23.15,Low,51.49
2026-08-20 03:00:00,Tirunelveli,8.7139,77.7567,18.36,Low,50.56
2026-08-20 03:00:00,Vellore,12.9165,79.1325,40.86,Moderate,40.52
2026-08-20 03:00:00,Erode,11.341,77.7172,24.47,Low,51.07
2026-08-20 04:00:00,Chennai,13.0827,80.2707,38.64,Moderate,42.12
2026-08-20 04:00:00,Coimbatore,11.0168,76.9558,24.97,Low,49.85
2026-08-20 04:00:00,Madurai,9.9252,78.1198,37.12,Moderate,43.43
2026-08-20 04:00:00,Trichy,10.7905,78.7047,37.37,Moderate,42.37
2026-08-20 04:00:00,Salem,11.6643,78.146,36.45,Moderate,39.61
2026-08-20 04:00:00,Tirunelveli,8.7139,77.7567,19.09,Low,52.72
2026-08-20 04:00:00,Vellore,12.9165,79.1325,16.55,Low,57.9
2026-08-20 04:00:00,Erode,11.341,77.7172,31.1,Moderate,47.31
2026-08-20 05:00:00,Chennai,13.0827,80.2707,47.77,Moderate,42.45
2026-08-20 05:00:00,Coimbatore,11.0168,76.9558,17.27,Low,55.96
2026-08-20 05:00:00,Madurai,9.9252,78.1198,17.46,Low,53.16
2026-08-20 05:00:00,Trichy,10.7905,78.7047,37.02,Moderate,46.62
2026-08-20 05:00:00,Salem,11.6643,78.146,32.36,Moderate,46.92
2026-08-20 05:00:00,Tirunelveli,8.7139,77.7567,16.48,Low,51.3
2026-08-20 05:00:00,Vellore,12.9165,79.1325,29.99,Low,47.15
2026-08-20 05:00:00,Erode,11.341,77.7172,39.26,Moderate,41.87
2026-08-20 06:00:00,Chennai,13.0827,80.2707,31.23,Moderate,50.96
2026-08-20 06:00:00,Coimbatore,11.0168,76.9558,18.63,Low,58.32
2026-08-20 06:00:00,Madurai,9.9252,78.1198,34.84,Moderate,44.57
2026-08-20 06:00:00,Trichy,10.7905,78.7047,32.35,Moderate,50.43
2026-08-20 06:00:00,Salem,11.6643,78.146,15.54,Low,56.37
2026-08-20 06:00:00,Tirunelveli,8.7139,77.7567,21.45,Low,50.34
2026-08-20 06:00:00,Vellore,12.9165,79.1325,34.18,Moderate,47.03
2026-08-20 06:00:00,Erode,11.341,77.7172,41.0,Moderate,38.56
2026-08-20 07:00:00,Chennai,13.0827,80.2707,93.35,Severe,20.36
2026-08-20 07:00:00,Coimbatore,11.0168,76.9558,52.79,Moderate,36.1
2026-08-20 07:00:00,Madurai,9.9252,78.1198,72.92,High,29.91
2026-08-20 07:00:00,Trichy,10.7905,78.7047,63.66,High,33.72
2026-08-20 07:00:00,Salem,11.6643,78.146,69.9,High,28.66
2026-08-20 07:00:00,Tirunelveli,8.7139,77.7567,54.32,Moderate,37.56
2026-08-20 07:00:00,Vellore,12.9165,79.1325,54.84,Moderate,38.59
2026-08-20 07:00:00,Erode,11.341,77.7172,55.97,High,36.85
2026-08-20 08:00:00,Chennai,13.0827,80.2707,76.81,Severe,29.65
2026-08-20 08:00:00,Coimbatore,11.0168,76.9558,75.57,Severe,24.58
2026-08-20 08:00:00,Madurai,9.9252,78.1198,80.13,Severe,24.49
2026-08-20 08:00:00,Trichy,10.7905,78.7047,81.37,Severe,27.37
2026-08-20 08:00:00,Salem,11.6643,78.146,75.12,Severe,22.71
2026-08-20 08:00:00,Tirunelveli,8.7139,77.7567,77.41,Severe,26.02
2026-08-20 08:00:00,Vellore,12.9165,79.1325,61.83,High,33.13
2026-08-20 08:00:00,Erode,11.341,77.7172,55.74,High,28.88
2026-08-20 09:00:00,Chennai,13.0827,80.2707,71.27,High,20.1
2026-08-20 09:00:00,Coimbatore,11.0168,76.9558,73.95,High,29.54
2026-08-20 09:00:00,Madurai,9.9252,78.1198,66.17,High,34.71
2026-08-20 09:00:00,Trichy,10.7905,78.7047,63.26,High,33.66
2026-08-20 09:00:00,Salem,11.6643,78.146,77.51,Severe,24.28
2026-08-20 09:00:00,Tirunelveli,8.7139,77.7567,71.14,High,26.98
2026-08-20 09:00:00,Vellore,12.9165,79.1325,69.66,High,30.39
2026-08-20 09:00:00,Erode,11.341,77.7172,73.63,High,22.84
2026-08-20 10:00:00,Chennai,13.0827,80.2707,89.95,Severe,24.21
2026-08-20 10:00:00,Coimbatore,11.0168,76.9558,58.89,High,38.55
2026-08-20 10:00:00,Madurai,9.9252,78.1198,80.86,Severe,24.0
2026-08-20 10:00:00,Trichy,10.7905,78.7047,65.36,High,30.68
2026-08-20 10:00:00,Salem,11.6643,78.146,62.53,High,35.16
2026-08-20 10:00:00,Tirunelveli,8.7139,77.7567,73.49,High,29.84
2026-08-20 10:00:00,Vellore,12.9165,79.1325,74.61,High,29.5
2026-08-20 10:00:00,Erode,11.341,77.7172,55.11,High,31.28
2026-08-20 11:00:00,Chennai,13.0827,80.2707,63.97,High,34.4
2026-08-20 11:00:00,Coimbatore,11.0168,76.9558,53.94,Moderate,35.64
2026-08-20 11:00:00,Madurai,9.9252,78.1198,38.94,Moderate,44.62
2026-08-20 11:00:00,Trichy,10.7905,78.7047,49.33,Moderate,36.99
2026-08-20 11:00:00,Salem,11.6643,78.146,38.14,Moderate,45.98
2026-08-20 11:00:00,Tirunelveli,8.7139,77.7567,46.16,Moderate,37.01
2026-08-20 11:00:00,Vellore,12.9165,79.1325,38.1,Moderate,46.85
2026-08-20 11:00:00,Erode,11.341,77.7172,56.69,High,41.89
2026-08-20 12:00:00,Chennai,13.0827,80.2707,71.13,High,27.4
2026-08-20 12:00:00,Coimbatore,11.0168,76.9558,50.78,Moderate,38.91
2026-08-20 12:00:00,Madurai,9.9252,78.1198,31.68,Moderate,43.98
2026-08-20 12:00:00,Trichy,10.7905,78.7047,34.42,Moderate,44.99
2026-08-20 12:00:00,Salem,11.6643,78.146,47.86,Moderate,39.04
2026-08-20 12:00:00,Tirunelveli,8.7139,77.7567,50.98,Moderate,43.18
2026-08-20 12:00:00,Vellore,12.9165,79.1325,41.33,Moderate,41.37
2026-08-20 12:00:00,Erode,11.341,77.7172,16.64,Low,54.07
2026-08-20 13:00:00,Chennai,13.0827,80.2707,66.14,High,35.51
2026-08-20 13:00:00,Coimbatore,11.0168,76.9558,40.51,Moderate,42.93
2026-08-20 13:00:00,Madurai,9.9252,78.1198,51.11,Moderate,37.87
2026-08-20 13:00:00,Trichy,10.7905,78.7047,45.97,Moderate,38.02
2026-08-20 13:00:00,Salem,11.6643,78.146,39.91,Moderate,39.93
2026-08-20 13:00:00,Tirunelveli,8.7139,77.7567,47.63,Moderate,40.47
2026-08-20 13:00:00,Vellore,12.9165,79.1325,41.76,Moderate,41.17
2026-08-20 13:00:00,Erode,11.341,77.7172,47.95,Moderate,44.24
2026-08-20 14:00:00,Chennai,13.0827,80.2707,64.42,High,29.71
2026-08-20 14:00:00,Coimbatore,11.0168,76.9558,38.36,Moderate,42.22
2026-08-20 14:00:00,Madurai,9.9252,78.1198,65.85,High,28.7
2026-08-20 14:00:00,Trichy,10.7905,78.7047,46.31,Moderate,41.76
2026-08-20 14:00:00,Salem,11.6643,78.146,35.16,Moderate,40.33
2026-08-20 14:00:00,Tirunelveli,8.7139,77.7567,50.64,Moderate,40.33
2026-08-20 14:00:00,Vellore,12.9165,79.1325,32.58,Moderate,49.3
2026-08-20 14:00:00,Erode,11.341,77.7172,34.04,Moderate,45.44
2026-08-20 15:00:00,Chennai,13.0827,80.2707,60.96,High,34.67
2026-08-20 15:00:00,Coimbatore,11.0168,76.9558,57.0,High,33.63
2026-08-20 15:00:00,Madurai,9.9252,78.1198,28.65,Low,43.93
2026-08-20 15:00:00,Trichy,10.7905,78.7047,57.03,High,38.05
2026-08-20 15:00:00,Salem,11.6643,78.146,44.78,Moderate,48.67
2026-08-20 15:00:00,Tirunelveli,8.7139,77.7567,51.71,Moderate,38.27
2026-08-20 15:00:00,Vellore,12.9165,79.1325,25.73,Low,50.56
2026-08-20 15:00:00,Erode,11.341,77.7172,28.46,Low,46.15
2026-08-20 16:00:00,Chennai,13.0827,80.2707,49.98,Moderate,32.69
2026-08-20 16:00:00,Coimbatore,11.0168,76.9558,32.43,Moderate,41.49
2026-08-20 16:00:00,Madurai,9.9252,78.1198,57.92,High,34.39
2026-08-20 16:00:00,Trichy,10.7905,78.7047,34.83,Moderate,47.21
2026-08-20 16:00:00,Salem,11.6643,78.146,63.4,High,32.16
2026-08-20 16:00:00,Tirunelveli,8.7139,77.7567,36.77,Moderate,42.29
2026-08-20 16:00:00,Vellore,12.9165,79.1325,49.24,Moderate,41.99
2026-08-20 16:00:00,Erode,11.341,77.7172,29.39,Low,51.58
2026-08-20 17:00:00,Chennai,13.0827,80.2707,87.5,Severe,19.3
2026-08-20 17:00:00,Coimbatore,11.0168,76.9558,62.26,High,37.61
2026-08-20 17:00:00,Madurai,9.9252,78.1198,68.16,High,28.26
2026-08-20 17:00:00,Trichy,10.7905,78.7047,69.93,High,27.99
2026-08-20 17:00:00,Salem,11.6643,78.146,71.38,High,26.8
2026-08-20 17:00:00,Tirunelveli,8.7139,77.7567,69.54,High,32.8
2026-08-20 17:00:00,Vellore,12.9165,79.1325,38.03,Moderate,40.82
2026-08-20 17:00:00,Erode,11.341,77.7172,58.82,High,33.18
2026-08-20 18:00:00,Chennai,13.0827,80.2707,79.43,Severe,27.36
2026-08-20 18:00:00,Coimbatore,11.0168,76.9558,60.47,High,34.69
2026-08-20 18:00:00,Madurai,9.9252,78.1198,56.32,High,36.91
2026-08-20 18:00:00,Trichy,10.7905,78.7047,62.58,High,30.5
2026-08-20 18:00:00,Salem,11.6643,78.146,61.76,High,40.03
2026-08-20 18:00:00,Tirunelveli,8.7139,77.7567,63.8,High,38.55
2026-08-20 18:00:00,Vellore,12.9165,79.1325,75.02,Severe,26.07
2026-08-20 18:00:00,Erode,11.341,77.7172,46.62,Moderate,39.05
2026-08-20 19:00:00,Chennai,13.0827,80.2707,100.0,Severe,21.91
2026-08-20 19:00:00,Coimbatore,11.0168,76.9558,57.14,High,38.75
2026-08-20 19:00:00,Madurai,9.9252,78.1198,73.82,High,28.67
2026-08-20 19:00:00,Trichy,10.7905,78.7047,64.74,High,29.8
2026-08-20 19:00:00,Salem,11.6643,78.146,62.02,High,35.61
2026-08-20 19:00:00,Tirunelveli,8.7139,77.7567,75.58,Severe,24.05
2026-08-20 19:00:00,Vellore,12.9165,79.1325,70.3,High,33.29
2026-08-20 19:00:00,Erode,11.341,77.7172,50.49,Moderate,36.39
2026-08-20 20:00:00,Chennai,13.0827,80.2707,79.41,Severe,28.79
2026-08-20 20:00:00,Coimbatore,11.0168,76.9558,61.57,High,33.28
2026-08-20 20:00:00,Madurai,9.9252,78.1198,54.32,Moderate,35.36
2026-08-20 20:00:00,Trichy,10.7905,78.7047,50.37,Moderate,39.46
2026-08-20 20:00:00,Salem,11.6643,78.146,83.03,Severe,22.59
2026-08-20 20:00:00,Tirunelveli,8.7139,77.7567,74.23,High,30.02
2026-08-20 20:00:00,Vellore,12.9165,79.1325,54.47,Moderate,34.66
2026-08-20 20:00:00,Erode,11.341,77.7172,72.3,High,26.3
2026-08-20 21:00:00,Chennai,13.0827,80.2707,82.8,Severe,22.53
2026-08-20 21:00:00,Coimbatore,11.0168,76.9558,56.87,High,36.38
2026-08-20 21:00:00,Madurai,9.9252,78.1198,68.94,High,32.19
2026-08-20 21:00:00,Trichy,10.7905,78.7047,54.64,Moderate,43.13
2026-08-20 21:00:00,Salem,11.6643,78.146,74.75,High,27.03
2026-08-20 21:00:00,Tirunelveli,8.7139,77.7567,62.7,High,33.53
2026-08-20 21:00:00,Vellore,12.9165,79.1325,53.06,Moderate,39.87
2026-08-20 21:00:00,Erode,11.341,77.7172,66.47,High,36.94
2026-08-20 22:00:00,Chennai,13.0827,80.2707,51.16,Moderate,32.32
2026-08-20 22:00:00,Coimbatore,11.0168,76.9558,21.09,Low,51.27
2026-08-20 22:00:00,Madurai,9.9252,78.1198,21.49,Low,51.04
2026-08-20 22:00:00,Trichy,10.7905,78.7047,23.3,Low,50.83
2026-08-20 22:00:00,Salem,11.6643,78.146,26.61,Low,49.66
2026-08-20 22:00:00,Tirunelveli,8.7139,77.7567,15.81,Low,53.48
2026-08-20 22:00:00,Vellore,12.9165,79.1325,23.65,Low,51.79
2026-08-20 22:00:00,Erode,11.341,77.7172,27.62,Low,48.62
2026-08-20 23:00:00,Chennai,13.0827,80.2707,49.99,Moderate,36.38
2026-08-20 23:00:00,Coimbatore,11.0168,76.9558,10.28,Low,54.42
2026-08-20 23:00:00,Madurai,9.9252,78.1198,33.62,Moderate,44.35
2026-08-20 23:00:00,Trichy,10.7905,78.7047,35.54,Moderate,44.56
2026-08-20 23:00:00,Salem,11.6643,78.146,25.91,Low,52.05
2026-08-20 23:00:00,Tirunelveli,8.7139,77.7567,26.64,Low,48.77
2026-08-20 23:00:00,Vellore,12.9165,79.1325,21.28,Low,54.54
2026-08-20 23:00:00,Erode,11.341,77.7172,28.41,Low,44.56
2026-08-21 00:00:00,Chennai,13.0827,80.2707,36.8,Moderate,49.4
2026-08-21 00:00:00,Coimbatore,11.0168,76.9558,31.34,Moderate,45.8
2026-08-21 00:00:00,Madurai,9.9252,78.1198,29.54,Low,46.64
2026-08-21 00:00:00,Trichy,10.7905,78.7047,21.8,Low,50.82
2026-08-21 00:00:00,Salem,11.6643,78.146,17.39,Low,51.63
2026-08-21 00:00:00,Tirunelveli,8.7139,77.7567,30.35,Moderate,44.74
2026-08-21 00:00:00,Vellore,12.9165,79.1325,33.52,Moderate,43.38
2026-08-21 00:00:00,Erode,11.341,77.7172,13.71,Low,55.16
2026-08-21 01:00:00,Chennai,13.0827,80.2707,37.2,Moderate,44.22
2026-08-21 01:00:00,Coimbatore,11.0168,76.9558,24.61,Low,50.14
2026-08-21 01:00:00,Madurai,9.9252,78.1198,26.19,Low,48.55
2026-08-21 01:00:00,Trichy,10.7905,78.7047,26.0,Low,53.47
2026-08-21 01:00:00,Salem,11.6643,78.146,25.85,Low,45.24
2026-08-21 01:00:00,Tirunelveli,8.7139,77.7567,27.42,Low,46.73
2026-08-21 01:00:00,Vellore,12.9165,79.1325,14.74,Low,54.22
2026-08-21 01:00:00,Erode,11.341,77.7172,24.79,Low,47.09
2026-08-21 02:00:00,Chennai,13.0827,80.2707,25.23,Low,51.49
2026-08-21 02:00:00,Coimbatore,11.0168,76.9558,40.14,Moderate,43.06
2026-08-21 02:00:00,Madurai,9.9252,78.1198,31.62,Moderate,49.07
2026-08-21 02:00:00,Trichy,10.7905,78.7047,27.44,Low,46.51
2026-08-21 02:00:00,Salem,11.6643,78.146,27.49,Low,52.45
2026-08-21 02:00:00,Tirunelveli,8.7139,77.7567,32.5,Moderate,46.51
2026-08-21 02:00:00,Vellore,12.9165,79.1325,5.66,Low,55.54
2026-08-21 02:00:00,Erode,11.341,77.7172,17.67,Low,51.56
2026-08-21 03:00:00,Chennai,13.0827,80.2707,51.78,Moderate,39.93
2026-08-21 03:00:00,Coimbatore,11.0168,76.9558,50.6,Moderate,37.22
2026-08-21 03:00:00,Madurai,9.9252,78.1198,23.37,Low,47.04
2026-08-21 03:00:00,Trichy,10.7905,78.7047,25.19,Low,55.28
2026-08-21 03:00:00,Salem,11.6643,78.146,18.13,Low,55.8
2026-08-21 03:00:00,Tirunelveli,8.7139,77.7567,23.71,Low,44.16
2026-08-21 03:00:00,Vellore,12.9165,79.1325,13.1,Low,54.86
2026-08-21 03:00:00,Erode,11.341,77.7172,24.71,Low,51.49
2026-08-21 04:00:00,Chennai,13.0827,80.2707,33.34,Moderate,46.84
2026-08-21 04:00:00,Coimbatore,11.0168,76.9558,38.51,Moderate,40.03
2026-08-21 04:00:00,Madurai,9.9252,78.1198,14.07,Low,46.4
2026-08-21 04:00:00,Trichy,10.7905,78.7047,18.98,Low,51.2
2026-08-21 04:00:00,Salem,11.6643,78.146,16.17,Low,49.95
2026-08-21 04:00:00,Tirunelveli,8.7139,77.7567,19.36,Low,52.23
2026-08-21 04:00:00,Vellore,12.9165,79.1325,21.77,Low,48.94
2026-08-21 04:00:00,Erode,11.341,77.7172,27.81,Low,44.53
2026-08-21 05:00:00,Chennai,13.0827,80.2707,35.53,Moderate,47.79
2026-08-21 05:00:00,Coimbatore,11.0168,76.9558,24.67,Low,44.6
2026-08-21 05:00:00,Madurai,9.9252,78.1198,43.9,Moderate,43.08
2026-08-21 05:00:00,Trichy,10.7905,78.7047,39.0,Moderate,45.54
2026-08-21 05:00:00,Salem,11.6643,78.146,13.78,Low,51.87
2026-08-21 05:00:00,Tirunelveli,8.7139,77.7567,28.02,Low,50.67
2026-08-21 05:00:00,Vellore,12.9165,79.1325,21.02,Low,50.04
2026-08-21 05:00:00,Erode,11.341,77.7172,10.58,Low,58.48
2026-08-21 06:00:00,Chennai,13.0827,80.2707,43.7,Moderate,44.29
2026-08-21 06:00:00,Coimbatore,11.0168,76.9558,28.31,Low,50.29
2026-08-21 06:00:00,Madurai,9.9252,78.1198,23.17,Low,50.64
2026-08-21 06:00:00,Trichy,10.7905,78.7047,35.83,Moderate,38.25
2026-08-21 06:00:00,Salem,11.6643,78.146,20.06,Low,58.87
2026-08-21 06:00:00,Tirunelveli,8.7139,77.7567,39.21,Moderate,39.53
2026-08-21 06:00:00,Vellore,12.9165,79.1325,19.63,Low,51.88
2026-08-21 06:00:00,Erode,11.341,77.7172,21.91,Low,52.92
2026-08-21 07:00:00,Chennai,13.0827,80.2707,83.29,Severe,25.95
2026-08-21 07:00:00,Coimbatore,11.0168,76.9558,61.33,High,35.36
2026-08-21 07:00:00,Madurai,9.9252,78.1198,62.48,High,31.84
2026-08-21 07:00:00,Trichy,10.7905,78.7047,73.94,High,31.22
2026-08-21 07:00:00,Salem,11.6643,78.146,63.93,High,25.36
2026-08-21 07:00:00,Tirunelveli,8.7139,77.7567,70.62,High,34.9
2026-08-21 07:00:00,Vellore,12.9165,79.1325,61.99,High,39.21
2026-08-21 07:00:00,Erode,11.341,77.7172,67.14,High,33.93
2026-08-21 08:00:00,Chennai,13.0827,80.2707,74.43,High,32.48
2026-08-21 08:00:00,Coimbatore,11.0168,76.9558,78.28,Severe,24.58
2026-08-21 08:00:00,Madurai,9.9252,78.1198,56.9,High,36.05
2026-08-21 08:00:00,Trichy,10.7905,78.7047,51.35,Moderate,39.84
2026-08-21 08:00:00,Salem,11.6643,78.146,64.78,High,29.27
2026-08-21 08:00:00,Tirunelveli,8.7139,77.7567,75.26,Severe,29.17
2026-08-21 08:00:00,Vellore,12.9165,79.1325,50.14,Moderate,34.75
2026-08-21 08:00:00,Erode,11.341,77.7172,73.02,High,28.69
2026-08-21 09:00:00,Chennai,13.0827,80.2707,64.89,High,33.69
2026-08-21 09:00:00,Coimbatore,11.0168,76.9558,73.4,High,25.48
2026-08-21 09:00:00,Madurai,9.9252,78.1198,64.19,High,34.0
2026-08-21 09:00:00,Trichy,10.7905,78.7047,63.04,High,36.03
2026-08-21 09:00:00,Salem,11.6643,78.146,64.42,High,41.04
2026-08-21 09:00:00,Tirunelveli,8.7139,77.7567,69.68,High,31.03
2026-08-21 09:00:00,Vellore,12.9165,79.1325,68.59,High,29.04
2026-08-21 09:00:00,Erode,11.341,77.7172,70.31,High,31.21
2026-08-21 10:00:00,Chennai,13.0827,80.2707,100.0,Severe,19.1
2026-08-21 10:00:00,Coimbatore,11.0168,76.9558,83.63,Severe,28.95
2026-08-21 10:00:00,Madurai,9.9252,78.1198,57.47,High,33.82
2026-08-21 10:00:00,Trichy,10.7905,78.7047,66.64,High,35.08
2026-08-21 10:00:00,Salem,11.6643,78.146,61.29,High,35.26
2026-08-21 10:00:00,Tirunelveli,8.7139,77.7567,74.35,High,27.89
2026-08-21 10:00:00,Vellore,12.9165,79.1325,64.98,High,36.94
2026-08-21 10:00:00,Erode,11.341,77.7172,66.0,High,33.21
2026-08-21 11:00:00,Chennai,13.0827,80.2707,56.79,High,35.5
2026-08-21 11:00:00,Coimbatore,11.0168,76.9558,40.6,Moderate,40.24
2026-08-21 11:00:00,Madurai,9.9252,78.1198,32.88,Moderate,41.37
2026-08-21 11:00:00,Trichy,10.7905,78.7047,49.18,Moderate,43.99
2026-08-21 11:00:00,Salem,11.6643,78.146,37.25,Moderate,47.41
2026-08-21 11:00:00,Tirunelveli,8.7139,77.7567,47.2,Moderate,44.2
2026-08-21 11:00:00,Vellore,12.9165,79.1325,40.64,Moderate,40.51
2026-08-21 11:00:00,Erode,11.341,77.7172,37.27,Moderate,39.77
2026-08-21 12:00:00,Chennai,13.0827,80.2707,54.49,Moderate,33.6
2026-08-21 12:00:00,Coimbatore,11.0168,76.9558,56.47,High,35.9
2026-08-21 12:00:00,Madurai,9.9252,78.1198,41.21,Moderate,46.13
2026-08-21 12:00:00,Trichy,10.7905,78.7047,51.05,Moderate,35.32
2026-08-21 12:00:00,Salem,11.6643,78.146,42.38,Moderate,42.96
2026-08-21 12:00:00,Tirunelveli,8.7139,77.7567,58.48,High,33.22
2026-08-21 12:00:00,Vellore,12.9165,79.1325,40.29,Moderate,41.47
2026-08-21 12:00:00,Erode,11.341,77.7172,44.69,Moderate,40.61
2026-08-21 13:00:00,Chennai,13.0827,80.2707,62.18,High,29.36
2026-08-21 13:00:00,Coimbatore,11.0168,76.9558,50.25,Moderate,37.73
2026-08-21 13:00:00,Madurai,9.9252,78.1198,52.47,Moderate,41.87
2026-08-21 13:00:00,Trichy,10.7905,78.7047,44.88,Moderate,41.82
2026-08-21 13:00:00,Salem,11.6643,78.146,47.38,Moderate,37.17
2026-08-21 13:00:00,Tirunelveli,8.7139,77.7567,43.5,Moderate,40.51
2026-08-21 13:00:00,Vellore,12.9165,79.1325,42.75,Moderate,42.03
2026-08-21 13:00:00,Erode,11.341,77.7172,47.7,Moderate,38.91
2026-08-21 14:00:00,Chennai,13.0827,80.2707,63.34,High,30.96
2026-08-21 14:00:00,Coimbatore,11.0168,76.9558,39.09,Moderate,41.37
2026-08-21 14:00:00,Madurai,9.9252,78.1198,43.03,Moderate,41.82
2026-08-21 14:00:00,Trichy,10.7905,78.7047,45.56,Moderate,40.3
2026-08-21 14:00:00,Salem,11.6643,78.146,62.52,High,34.01
2026-08-21 14:00:00,Tirunelveli,8.7139,77.7567,37.76,Moderate,43.95
2026-08-21 14:00:00,Vellore,12.9165,79.1325,53.52,Moderate,38.88
2026-08-21 14:00:00,Erode,11.341,77.7172,45.93,Moderate,39.31
2026-08-21 15:00:00,Chennai,13.0827,80.2707,49.84,Moderate,37.99
2026-08-21 15:00:00,Coimbatore,11.0168,76.9558,24.67,Low,50.83
2026-08-21 15:00:00,Madurai,9.9252,78.1198,40.29,Moderate,47.77
2026-08-21 15:00:00,Trichy,10.7905,78.7047,44.18,Moderate,43.64
2026-08-21 15:00:00,Salem,11.6643,78.146,47.63,Moderate,39.25
2026-08-21 15:00:00,Tirunelveli,8.7139,77.7567,41.41,Moderate,44.57
2026-08-21 15:00:00,Vellore,12.9165,79.1325,45.19,Moderate,39.61
2026-08-21 15:00:00,Erode,11.341,77.7172,38.62,Moderate,41.1
2026-08-21 16:00:00,Chennai,13.0827,80.2707,56.32,High,41.49
2026-08-21 16:00:00,Coimbatore,11.0168,76.9558,37.94,Moderate,41.55
2026-08-21 16:00:00,Madurai,9.9252,78.1198,40.53,Moderate,40.33
2026-08-21 16:00:00,Trichy,10.7905,78.7047,41.91,Moderate,40.29
2026-08-21 16:00:00,Salem,11.6643,78.146,34.05,Moderate,43.38
2026-08-21 16:00:00,Tirunelveli,8.7139,77.7567,53.23,Moderate,34.94
2026-08-21 16:00:00,Vellore,12.9165,79.1325,27.9,Low,45.57
2026-08-21 16:00:00,Erode,11.341,77.7172,47.48,Moderate,39.65
2026-08-21 17:00:00,Chennai,13.0827,80.2707,69.97,High,29.21
2026-08-21 17:00:00,Coimbatore,11.0168,76.9558,72.27,High,33.34
2026-08-21 17:00:00,Madurai,9.9252,78.1198,65.02,High,32.81
2026-08-21 17:00:00,Trichy,10.7905,78.7047,77.91,Severe,24.18
2026-08-21 17:00:00,Salem,11.6643,78.146,81.31,Severe,24.53
2026-08-21 17:00:00,Tirunelveli,8.7139,77.7567,63.11,High,32.95
2026-08-21 17:00:00,Vellore,12.9165,79.1325,64.37,High,33.2
2026-08-21 17:00:00,Erode,11.341,77.7172,65.27,High,33.77
2026-08-21 18:00:00,Chennai,13.0827,80.2707,92.45,Severe,22.5
2026-08-21 18:00:00,Coimbatore,11.0168,76.9558,75.79,Severe,28.97
2026-08-21 18:00:00,Madurai,9.9252,78.1198,77.3,Severe,25.39
2026-08-21 18:00:00,Trichy,10.7905,78.7047,66.83,High,27.84
2026-08-21 18:00:00,Salem,11.6643,78.146,81.61,Severe,28.0
2026-08-21 18:00:00,Tirunelveli,8.7139,77.7567,72.42,High,30.25
2026-08-21 18:00:00,Vellore,12.9165,79.1325,58.61,High,33.22
2026-08-21 18:00:00,Erode,11.341,77.7172,60.3,High,36.68
2026-08-21 19:00:00,Chennai,13.0827,80.2707,84.88,Severe,20.28
2026-08-21 19:00:00,Coimbatore,11.0168,76.9558,69.89,High,30.63
2026-08-21 19:00:00,Madurai,9.9252,78.1198,67.11,High,35.95
2026-08-21 19:00:00,Trichy,10.7905,78.7047,64.73,High,35.93
2026-08-21 19:00:00,Salem,11.6643,78.146,58.34,High,37.82
2026-08-21 19:00:00,Tirunelveli,8.7139,77.7567,54.19,Moderate,38.9
2026-08-21 19:00:00,Vellore,12.9165,79.1325,61.66,High,31.99
2026-08-21 19:00:00,Erode,11.341,77.7172,53.06,Moderate,38.28
2026-08-21 20:00:00,Chennai,13.0827,80.2707,82.16,Severe,28.29
2026-08-21 20:00:00,Coimbatore,11.0168,76.9558,67.82,High,33.61
2026-08-21 20:00:00,Madurai,9.9252,78.1198,62.34,High,34.17
2026-08-21 20:00:00,Trichy,10.7905,78.7047,81.33,Severe,31.66
2026-08-21 20:00:00,Salem,11.6643,78.146,68.42,High,33.32
2026-08-21 20:00:00,Tirunelveli,8.7139,77.7567,53.25,Moderate,40.59
2026-08-21 20:00:00,Vellore,12.9165,79.1325,44.37,Moderate,41.55
2026-08-21 20:00:00,Erode,11.341,77.7172,60.37,High,33.29
2026-08-21 21:00:00,Chennai,13.0827,80.2707,80.32,Severe,28.08
2026-08-21 21:00:00,Coimbatore,11.0168,76.9558,63.4,High,31.29
2026-08-21 21:00:00,Madurai,9.9252,78.1198,74.43,High,23.23
2026-08-21 21:00:00,Trichy,10.7905,78.7047,68.16,High,28.55
2026-08-21 21:00:00,Salem,11.6643,78.146,70.47,High,31.61
2026-08-21 21:00:00,Tirunelveli,8.7139,77.7567,73.06,High,33.0
2026-08-21 21:00:00,Vellore,12.9165,79.1325,74.57,High,30.07
2026-08-21 21:00:00,Erode,11.341,77.7172,55.07,High,35.05
2026-08-21 22:00:00,Chennai,13.0827,80.2707,50.94,Moderate,44.25
2026-08-21 22:00:00,Coimbatore,11.0168,76.9558,31.6,Moderate,47.67
2026-08-21 22:00:00,Madurai,9.9252,78.1198,15.81,Low,52.84
2026-08-21 22:00:00,Trichy,10.7905,78.7047,22.71,Low,51.5
2026-08-21 22:00:00,Salem,11.6643,78.146,29.12,Low,51.71
2026-08-21 22:00:00,Tirunelveli,8.7139,77.7567,16.69,Low,55.92
2026-08-21 22:00:00,Vellore,12.9165,79.1325,35.8,Moderate,41.93
2026-08-21 22:00:00,Erode,11.341,77.7172,13.36,Low,51.52
2026-08-21 23:00:00,Chennai,13.0827,80.2707,21.59,Low,55.17
2026-08-21 23:00:00,Coimbatore,11.0168,76.9558,28.54,Low,49.67
2026-08-21 23:00:00,Madurai,9.9252,78.1198,20.8,Low,55.92
2026-08-21 23:00:00,Trichy,10.7905,78.7047,31.27,Moderate,50.91
2026-08-21 23:00:00,Salem,11.6643,78.146,13.7,Low,53.04
2026-08-21 23:00:00,Tirunelveli,8.7139,77.7567,20.14,Low,48.79
2026-08-21 23:00:00,Vellore,12.9165,79.1325,23.73,Low,52.38
2026-08-21 23:00:00,Erode,11.341,77.7172,29.87,Low,45.77
2026-08-22 00:00:00,Chennai,13.0827,80.2707,25.9,Low,50.2
2026-08-22 00:00:00,Coimbatore,11.0168,76.9558,16.28,Low,53.09
2026-08-22 00:00:00,Madurai,9.9252,78.1198,10.74,Low,59.77
2026-08-22 00:00:00,Trichy,10.7905,78.7047,35.6,Moderate,44.47
2026-08-22 00:00:00,Salem,11.6643,78.146,8.29,Low,55.93
2026-08-22 00:00:00,Tirunelveli,8.7139,77.7567,28.41,Low,48.71
2026-08-22 00:00:00,Vellore,12.9165,79.1325,24.69,Low,45.8
2026-08-22 00:00:00,Erode,11.341,77.7172,20.76,Low,53.58
2026-08-22 01:00:00,Chennai,13.0827,80.2707,26.38,Low,50.28
2026-08-22 01:00:00,Coimbatore,11.0168,76.9558,28.42,Low,50.24
2026-08-22 01:00:00,Madurai,9.9252,78.1198,22.01,Low,52.45
2026-08-22 01:00:00,Trichy,10.7905,78.7047,15.9,Low,54.98
2026-08-22 01:00:00,Salem,11.6643,78.146,13.22,Low,54.12
2026-08-22 01:00:00,Tirunelveli,8.7139,77.7567,10.15,Low,56.76
2026-08-22 01:00:00,Vellore,12.9165,79.1325,25.34,Low,51.42
2026-08-22 01:00:00,Erode,11.341,77.7172,27.74,Low,47.57
2026-08-22 02:00:00,Chennai,13.0827,80.2707,46.28,Moderate,44.11
2026-08-22 02:00:00,Coimbatore,11.0168,76.9558,0.0,Low,60.24
2026-08-22 02:00:00,Madurai,9.9252,78.1198,47.89,Moderate,42.62
2026-08-22 02:00:00,Trichy,10.7905,78.7047,20.33,Low,50.63
2026-08-22 02:00:00,Salem,11.6643,78.146,9.99,Low,58.09
2026-08-22 02:00:00,Tirunelveli,8.7139,77.7567,25.23,Low,47.87
2026-08-22 02:00:00,Vellore,12.9165,79.1325,7.06,Low,53.97
2026-08-22 02:00:00,Erode,11.341,77.7172,9.15,Low,57.77
2026-08-22 03:00:00,Chennai,13.0827,80.2707,10.55,Low,60.73
2026-08-22 03:00:00,Coimbatore,11.0168,76.9558,9.81,Low,54.84
2026-08-22 03:00:00,Madurai,9.9252,78.1198,23.71,Low,51.81
2026-08-22 03:00:00,Trichy,10.7905,78.7047,0.0,Low,54.9
2026-08-22 03:00:00,Salem,11.6643,78.146,8.59,Low,54.9
2026-08-22 03:00:00,Tirunelveli,8.7139,77.7567,14.4,Low,54.91
2026-08-22 03:00:00,Vellore,12.9165,79.1325,24.65,Low,50.2
2026-08-22 03:00:00,Erode,11.341,77.7172,10.9,Low,51.97
2026-08-22 04:00:00,Chennai,13.0827,80.2707,24.15,Low,52.61
2026-08-22 04:00:00,Coimbatore,11.0168,76.9558,15.07,Low,55.43
2026-08-22 04:00:00,Madurai,9.9252,78.1198,6.51,Low,60.84
2026-08-22 04:00:00,Trichy,10.7905,78.7047,0.0,Low,59.67
2026-08-22 04:00:00,Salem,11.6643,78.146,16.1,Low,53.03
2026-08-22 04:00:00,Tirunelveli,8.7139,77.7567,13.75,Low,54.34
2026-08-22 04:00:00,Vellore,12.9165,79.1325,1.33,Low,63.98
2026-08-22 04:00:00,Erode,11.341,77.7172,18.25,Low,60.65
2026-08-22 05:00:00,Chennai,13.0827,80.2707,28.78,Low,49.91
2026-08-22 05:00:00,Coimbatore,11.0168,76.9558,15.89,Low,59.66
2026-08-22 05:00:00,Madurai,9.9252,78.1198,26.35,Low,47.53
2026-08-22 05:00:00,Trichy,10.7905,78.7047,19.77,Low,50.43
2026-08-22 05:00:00,Salem,11.6643,78.146,24.93,Low,50.63
2026-08-22 05:00:00,Tirunelveli,8.7139,77.7567,20.44,Low,49.98
2026-08-22 05:00:00,Vellore,12.9165,79.1325,5.47,Low,54.37
2026-08-22 05:00:00,Erode,11.341,77.7172,13.26,Low,59.06
2026-08-22 06:00:00,Chennai,13.0827,80.2707,24.09,Low,49.29
2026-08-22 06:00:00,Coimbatore,11.0168,76.9558,21.25,Low,49.75
2026-08-22 06:00:00,Madurai,9.9252,78.1198,16.74,Low,54.42
2026-08-22 06:00:00,Trichy,10.7905,78.7047,12.77,Low,49.86
2026-08-22 06:00:00,Salem,11.6643,78.146,28.53,Low,48.0
2026-08-22 06:00:00,Tirunelveli,8.7139,77.7567,4.0,Low,59.64
2026-08-22 06:00:00,Vellore,12.9165,79.1325,13.05,Low,59.84
2026-08-22 06:00:00,Erode,11.341,77.7172,8.19,Low,60.31
2026-08-22 07:00:00,Chennai,13.0827,80.2707,78.78,Severe,26.76
2026-08-22 07:00:00,Coimbatore,11.0168,76.9558,53.36,Moderate,37.16
2026-08-22 07:00:00,Madurai,9.9252,78.1198,53.51,Moderate,38.1
2026-08-22 07:00:00,Trichy,10.7905,78.7047,61.59,High,35.46
2026-08-22 07:00:00,Salem,11.6643,78.146,35.62,Moderate,46.99
2026-08-22 07:00:00,Tirunelveli,8.7139,77.7567,60.3,High,38.46
2026-08-22 07:00:00,Vellore,12.9165,79.1325,90.86,Severe,22.51
2026-08-22 07:00:00,Erode,11.341,77.7172,47.81,Moderate,39.92
2026-08-22 08:00:00,Chennai,13.0827,80.2707,79.37,Severe,23.38
2026-08-22 08:00:00,Coimbatore,11.0168,76.9558,52.52,Moderate,33.51
2026-08-22 08:00:00,Madurai,9.9252,78.1198,39.12,Moderate,46.39
2026-08-22 08:00:00,Trichy,10.7905,78.7047,63.24,High,40.12
2026-08-22 08:00:00,Salem,11.6643,78.146,55.8,High,34.21
2026-08-22 08:00:00,Tirunelveli,8.7139,77.7567,68.87,High,33.26
2026-08-22 08:00:00,Vellore,12.9165,79.1325,54.6,Moderate,30.73
2026-08-22 08:00:00,Erode,11.341,77.7172,66.49,High,39.43
2026-08-22 09:00:00,Chennai,13.0827,80.2707,58.55,High,38.43
2026-08-22 09:00:00,Coimbatore,11.0168,76.9558,62.8,High,34.49
2026-08-22 09:00:00,Madurai,9.9252,78.1198,57.1,High,33.18
2026-08-22 09:00:00,Trichy,10.7905,78.7047,64.34,High,32.18
2026-08-22 09:00:00,Salem,11.6643,78.146,42.43,Moderate,40.07
2026-08-22 09:00:00,Tirunelveli,8.7139,77.7567,68.06,High,34.66
2026-08-22 09:00:00,Vellore,12.9165,79.1325,62.39,High,32.13
2026-08-22 09:00:00,Erode,11.341,77.7172,58.14,High,37.25
2026-08-22 10:00:00,Chennai,13.0827,80.2707,62.9,High,33.35
2026-08-22 10:00:00,Coimbatore,11.0168,76.9558,68.28,High,29.95
2026-08-22 10:00:00,Madurai,9.9252,78.1198,59.94,High,31.83
2026-08-22 10:00:00,Trichy,10.7905,78.7047,49.7,Moderate,39.21
2026-08-22 10:00:00,Salem,11.6643,78.146,61.29,High,34.73
2026-08-22 10:00:00,Tirunelveli,8.7139,77.7567,71.1,High,29.16
2026-08-22 10:00:00,Vellore,12.9165,79.1325,54.77,Moderate,39.44
2026-08-22 10:00:00,Erode,11.341,77.7172,52.06,Moderate,37.53
2026-08-22 11:00:00,Chennai,13.0827,80.2707,68.61,High,26.14
2026-08-22 11:00:00,Coimbatore,11.0168,76.9558,30.68,Moderate,48.29
2026-08-22 11:00:00,Madurai,9.9252,78.1198,37.8,Moderate,37.79
2026-08-22 11:00:00,Trichy,10.7905,78.7047,16.56,Low,53.6
2026-08-22 11:00:00,Salem,11.6643,78.146,29.83,Low,47.87
2026-08-22 11:00:00,Tirunelveli,8.7139,77.7567,30.06,Moderate,44.16
2026-08-22 11:00:00,Vellore,12.9165,79.1325,26.23,Low,49.1
2026-08-22 11:00:00,Erode,11.341,77.7172,44.09,Moderate,38.65
2026-08-22 12:00:00,Chennai,13.0827,80.2707,48.65,Moderate,41.82
2026-08-22 12:00:00,Coimbatore,11.0168,76.9558,28.68,Low,48.92
2026-08-22 12:00:00,Madurai,9.9252,78.1198,30.0,Moderate,47.27
2026-08-22 12:00:00,Trichy,10.7905,78.7047,16.48,Low,48.64
2026-08-22 12:00:00,Salem,11.6643,78.146,45.59,Moderate,38.86
2026-08-22 12:00:00,Tirunelveli,8.7139,77.7567,43.59,Moderate,44.09
2026-08-22 12:00:00,Vellore,12.9165,79.1325,20.52,Low,52.47
2026-08-22 12:00:00,Erode,11.341,77.7172,25.4,Low,42.64
2026-08-22 13:00:00,Chennai,13.0827,80.2707,67.92,High,32.45
2026-08-22 13:00:00,Coimbatore,11.0168,76.9558,19.88,Low,50.19
2026-08-22 13:00:00,Madurai,9.9252,78.1198,38.02,Moderate,39.7
2026-08-22 13:00:00,Trichy,10.7905,78.7047,36.46,Moderate,41.0
2026-08-22 13:00:00,Salem,11.6643,78.146,24.78,Low,52.24
2026-08-22 13:00:00,Tirunelveli,8.7139,77.7567,45.28,Moderate,39.29
2026-08-22 13:00:00,Vellore,12.9165,79.1325,28.64,Low,54.36
2026-08-22 13:00:00,Erode,11.341,77.7172,35.48,Moderate,41.89
2026-08-22 14:00:00,Chennai,13.0827,80.2707,46.94,Moderate,42.22
2026-08-22 14:00:00,Coimbatore,11.0168,76.9558,37.55,Moderate,43.34
2026-08-22 14:00:00,Madurai,9.9252,78.1198,19.02,Low,49.57
2026-08-22 14:00:00,Trichy,10.7905,78.7047,45.06,Moderate,47.38
2026-08-22 14:00:00,Salem,11.6643,78.146,24.58,Low,46.63
2026-08-22 14:00:00,Tirunelveli,8.7139,77.7567,41.93,Moderate,42.59
2026-08-22 14:00:00,Vellore,12.9165,79.1325,18.94,Low,51.05
2026-08-22 14:00:00,Erode,11.341,77.7172,45.37,Moderate,39.07
2026-08-22 15:00:00,Chennai,13.0827,80.2707,48.73,Moderate,40.29
2026-08-22 15:00:00,Coimbatore,11.0168,76.9558,49.87,Moderate,36.84
2026-08-22 15:00:00,Madurai,9.9252,78.1198,35.7,Moderate,44.4
2026-08-22 15:00:00,Trichy,10.7905,78.7047,49.83,Moderate,40.56
2026-08-22 15:00:00,Salem,11.6643,78.146,30.87,Moderate,49.42
2026-08-22 15:00:00,Tirunelveli,8.7139,77.7567,35.86,Moderate,43.49
2026-08-22 15:00:00,Vellore,12.9165,79.1325,32.27,Moderate,43.54
2026-08-22 15:00:00,Erode,11.341,77.7172,28.67,Low,53.13
2026-08-22 16:00:00,Chennai,13.0827,80.2707,70.55,High,28.98
2026-08-22 16:00:00,Coimbatore,11.0168,76.9558,35.67,Moderate,43.09
2026-08-22 16:00:00,Madurai,9.9252,78.1198,31.9,Moderate,48.25
2026-08-22 16:00:00,Trichy,10.7905,78.7047,26.65,Low,48.86
2026-08-22 16:00:00,Salem,11.6643,78.146,41.98,Moderate,42.34
2026-08-22 16:00:00,Tirunelveli,8.7139,77.7567,34.71,Moderate,53.84
2026-08-22 16:00:00,Vellore,12.9165,79.1325,38.99,Moderate,40.32
2026-08-22 16:00:00,Erode,11.341,77.7172,28.43,Low,51.43
2026-08-22 17:00:00,Chennai,13.0827,80.2707,55.61,High,38.61
2026-08-22 17:00:00,Coimbatore,11.0168,76.9558,57.68,High,36.92
2026-08-22 17:00:00,Madurai,9.9252,78.1198,48.3,Moderate,39.76
2026-08-22 17:00:00,Trichy,10.7905,78.7047,46.25,Moderate,45.13
2026-08-22 17:00:00,Salem,11.6643,78.146,63.27,High,34.56
2026-08-22 17:00:00,Tirunelveli,8.7139,77.7567,53.18,Moderate,38.16
2026-08-22 17:00:00,Vellore,12.9165,79.1325,60.31,High,32.22
2026-08-22 17:00:00,Erode,11.341,77.7172,37.38,Moderate,41.55
2026-08-22 18:00:00,Chennai,13.0827,80.2707,74.74,High,27.44
2026-08-22 18:00:00,Coimbatore,11.0168,76.9558,65.75,High,33.17
2026-08-22 18:00:00,Madurai,9.9252,78.1198,52.36,Moderate,35.62
2026-08-22 18:00:00,Trichy,10.7905,78.7047,46.48,Moderate,43.6
2026-08-22 18:00:00,Salem,11.6643,78.146,70.4,High,34.87
2026-08-22 18:00:00,Tirunelveli,8.7139,77.7567,71.4,High,27.83
2026-08-22 18:00:00,Vellore,12.9165,79.1325,56.42,High,43.08
2026-08-22 18:00:00,Erode,11.341,77.7172,50.57,Moderate,41.43
2026-08-22 19:00:00,Chennai,13.0827,80.2707,67.06,High,30.12
2026-08-22 19:00:00,Coimbatore,11.0168,76.9558,50.57,Moderate,39.48
2026-08-22 19:00:00,Madurai,9.9252,78.1198,51.05,Moderate,41.37
2026-08-22 19:00:00,Trichy,10.7905,78.7047,56.15,High,34.84
2026-08-22 19:00:00,Salem,11.6643,78.146,73.7,High,29.35
2026-08-22 19:00:00,Tirunelveli,8.7139,77.7567,52.5,Moderate,39.69
2026-08-22 19:00:00,Vellore,12.9165,79.1325,63.01,High,32.55
2026-08-22 19:00:00,Erode,11.341,77.7172,44.29,Moderate,45.09
2026-08-22 20:00:00,Chennai,13.0827,80.2707,78.54,Severe,29.12
2026-08-22 20:00:00,Coimbatore,11.0168,76.9558,57.2,High,35.98
2026-08-22 20:00:00,Madurai,9.9252,78.1198,58.36,High,26.43
2026-08-22 20:00:00,Trichy,10.7905,78.7047,49.43,Moderate,46.84
2026-08-22 20:00:00,Salem,11.6643,78.146,66.49,High,32.34
2026-08-22 20:00:00,Tirunelveli,8.7139,77.7567,60.02,High,35.9
2026-08-22 20:00:00,Vellore,12.9165,79.1325,43.51,Moderate,41.51
2026-08-22 20:00:00,Erode,11.341,77.7172,51.2,Moderate,43.08
2026-08-22 21:00:00,Chennai,13.0827,80.2707,72.41,High,30.0
2026-08-22 21:00:00,Coimbatore,11.0168,76.9558,61.23,High,28.8
2026-08-22 21:00:00,Madurai,9.9252,78.1198,61.31,High,33.41
2026-08-22 21:00:00,Trichy,10.7905,78.7047,61.52,High,31.4
2026-08-22 21:00:00,Salem,11.6643,78.146,39.18,Moderate,46.24
2026-08-22 21:00:00,Tirunelveli,8.7139,77.7567,32.33,Moderate,48.12
2026-08-22 21:00:00,Vellore,12.9165,79.1325,53.11,Moderate,35.35
2026-08-22 21:00:00,Erode,11.341,77.7172,58.04,High,31.45
2026-08-22 22:00:00,Chennai,13.0827,80.2707,22.89,Low,48.91
2026-08-22 22:00:00,Coimbatore,11.0168,76.9558,16.75,Low,50.68
2026-08-22 22:00:00,Madurai,9.9252,78.1198,0.0,Low,56.2
2026-08-22 22:00:00,Trichy,10.7905,78.7047,6.53,Low,58.52
2026-08-22 22:00:00,Salem,11.6643,78.146,2.36,Low,61.22
2026-08-22 22:00:00,Tirunelveli,8.7139,77.7567,24.38,Low,53.73
2026-08-22 22:00:00,Vellore,12.9165,79.1325,24.19,Low,52.8
2026-08-22 22:00:00,Erode,11.341,77.7172,18.35,Low,56.43
2026-08-22 23:00:00,Chennai,13.0827,80.2707,9.62,Low,63.35
2026-08-22 23:00:00,Coimbatore,11.0168,76.9558,0.0,Low,57.68
2026-08-22 23:00:00,Madurai,9.9252,78.1198,17.49,Low,48.62
2026-08-22 23:00:00,Trichy,10.7905,78.7047,17.35,Low,57.11
2026-08-22 23:00:00,Salem,11.6643,78.146,0.27,Low,58.38
2026-08-22 23:00:00,Tirunelveli,8.7139,77.7567,25.88,Low,50.35
2026-08-22 23:00:00,Vellore,12.9165,79.1325,9.63,Low,65.0
2026-08-22 23:00:00,Erode,11.341,77.7172,20.13,Low,49.91
2026-08-23 00:00:00,Chennai,13.0827,80.2707,21.69,Low,52.52
2026-08-23 00:00:00,Coimbatore,11.0168,76.9558,9.15,Low,57.54
2026-08-23 00:00:00,Madurai,9.9252,78.1198,0.0,Low,57.73
2026-08-23 00:00:00,Trichy,10.7905,78.7047,2.14,Low,59.16
2026-08-23 00:00:00,Salem,11.6643,78.146,27.75,Low,49.57
2026-08-23 00:00:00,Tirunelveli,8.7139,77.7567,0.0,Low,56.33
2026-08-23 00:00:00,Vellore,12.9165,79.1325,0.0,Low,59.03
2026-08-23 00:00:00,Erode,11.341,77.7172,23.01,Low,50.73
2026-08-23 01:00:00,Chennai,13.0827,80.2707,0.67,Low,58.47
2026-08-23 01:00:00,Coimbatore,11.0168,76.9558,0.0,Low,60.43
2026-08-23 01:00:00,Madurai,9.9252,78.1198,16.71,Low,50.97
2026-08-23 01:00:00,Trichy,10.7905,78.7047,7.46,Low,60.66
2026-08-23 01:00:00,Salem,11.6643,78.146,17.45,Low,54.33
2026-08-23 01:00:00,Tirunelveli,8.7139,77.7567,14.43,Low,59.62
2026-08-23 01:00:00,Vellore,12.9165,79.1325,10.69,Low,54.39
2026-08-23 01:00:00,Erode,11.341,77.7172,4.97,Low,51.73
2026-08-23 02:00:00,Chennai,13.0827,80.2707,38.52,Moderate,49.57
2026-08-23 02:00:00,Coimbatore,11.0168,76.9558,29.89,Low,43.11
2026-08-23 02:00:00,Madurai,9.9252,78.1198,14.13,Low,51.33
2026-08-23 02:00:00,Trichy,10.7905,78.7047,0.0,Low,65.0
2026-08-23 02:00:00,Salem,11.6643,78.146,0.0,Low,65.0
2026-08-23 02:00:00,Tirunelveli,8.7139,77.7567,20.86,Low,47.41
2026-08-23 02:00:00,Vellore,12.9165,79.1325,17.67,Low,53.94
2026-08-23 02:00:00,Erode,11.341,77.7172,16.94,Low,58.0
2026-08-23 03:00:00,Chennai,13.0827,80.2707,48.74,Moderate,37.97
2026-08-23 03:00:00,Coimbatore,11.0168,76.9558,18.13,Low,56.96
2026-08-23 03:00:00,Madurai,9.9252,78.1198,11.23,Low,54.24
2026-08-23 03:00:00,Trichy,10.7905,78.7047,3.41,Low,55.02
2026-08-23 03:00:00,Salem,11.6643,78.146,13.69,Low,54.4
2026-08-23 03:00:00,Tirunelveli,8.7139,77.7567,13.84,Low,53.04
2026-08-23 03:00:00,Vellore,12.9165,79.1325,2.41,Low,58.59
2026-08-23 03:00:00,Erode,11.341,77.7172,20.92,Low,52.16
2026-08-23 04:00:00,Chennai,13.0827,80.2707,35.56,Moderate,46.43
2026-08-23 04:00:00,Coimbatore,11.0168,76.9558,24.17,Low,45.86
2026-08-23 04:00:00,Madurai,9.9252,78.1198,17.81,Low,59.72
2026-08-23 04:00:00,Trichy,10.7905,78.7047,7.05,Low,60.06
2026-08-23 04:00:00,Salem,11.6643,78.146,0.0,Low,60.35
2026-08-23 04:00:00,Tirunelveli,8.7139,77.7567,0.0,Low,58.61
2026-08-23 04:00:00,Vellore,12.9165,79.1325,9.29,Low,57.41
2026-08-23 04:00:00,Erode,11.341,77.7172,12.43,Low,55.67
2026-08-23 05:00:00,Chennai,13.0827,80.2707,22.45,Low,51.71
2026-08-23 05:00:00,Coimbatore,11.0168,76.9558,18.3,Low,55.05
2026-08-23 05:00:00,Madurai,9.9252,78.1198,26.03,Low,49.14
2026-08-23 05:00:00,Trichy,10.7905,78.7047,10.64,Low,59.64
2026-08-23 05:00:00,Salem,11.6643,78.146,9.72,Low,55.07
2026-08-23 05:00:00,Tirunelveli,8.7139,77.7567,33.77,Moderate,44.41
2026-08-23 05:00:00,Vellore,12.9165,79.1325,27.23,Low,49.53
2026-08-23 05:00:00,Erode,11.341,77.7172,21.96,Low,49.29
2026-08-23 06:00:00,Chennai,13.0827,80.2707,12.78,Low,53.48
2026-08-23 06:00:00,Coimbatore,11.0168,76.9558,13.11,Low,54.21
2026-08-23 06:00:00,Madurai,9.9252,78.1198,20.97,Low,53.34
2026-08-23 06:00:00,Trichy,10.7905,78.7047,23.24,Low,51.37
2026-08-23 06:00:00,Salem,11.6643,78.146,25.09,Low,51.16
2026-08-23 06:00:00,Tirunelveli,8.7139,77.7567,7.24,Low,58.19
2026-08-23 06:00:00,Vellore,12.9165,79.1325,0.0,Low,61.26
2026-08-23 06:00:00,Erode,11.341,77.7172,6.56,Low,54.69
2026-08-23 07:00:00,Chennai,13.0827,80.2707,63.35,High,36.97
2026-08-23 07:00:00,Coimbatore,11.0168,76.9558,61.82,High,32.35
2026-08-23 07:00:00,Madurai,9.9252,78.1198,57.22,High,33.28
2026-08-23 07:00:00,Trichy,10.7905,78.7047,62.74,High,34.75
2026-08-23 07:00:00,Salem,11.6643,78.146,64.65,High,27.84
2026-08-23 07:00:00,Tirunelveli,8.7139,77.7567,59.92,High,33.1
2026-08-23 07:00:00,Vellore,12.9165,79.1325,57.8,High,34.96
2026-08-23 07:00:00,Erode,11.341,77.7172,46.2,Moderate,39.36
2026-08-23 08:00:00,Chennai,13.0827,80.2707,76.62,Severe,30.86
2026-08-23 08:00:00,Coimbatore,11.0168,76.9558,47.05,Moderate,47.47
2026-08-23 08:00:00,Madurai,9.9252,78.1198,36.37,Moderate,45.84
2026-08-23 08:00:00,Trichy,10.7905,78.7047,59.48,High,39.88
2026-08-23 08:00:00,Salem,11.6643,78.146,68.58,High,33.78
2026-08-23 08:00:00,Tirunelveli,8.7139,77.7567,46.52,Moderate,45.65
2026-08-23 08:00:00,Vellore,12.9165,79.1325,35.71,Moderate,46.0
2026-08-23 08:00:00,Erode,11.341,77.7172,47.33,Moderate,35.93
2026-08-23 09:00:00,Chennai,13.0827,80.2707,73.96,High,25.34
2026-08-23 09:00:00,Coimbatore,11.0168,76.9558,54.27,Moderate,40.82
2026-08-23 09:00:00,Madurai,9.9252,78.1198,56.9,High,35.71
2026-08-23 09:00:00,Trichy,10.7905,78.7047,63.55,High,33.51
2026-08-23 09:00:00,Salem,11.6643,78.146,47.71,Moderate,40.67
2026-08-23 09:00:00,Tirunelveli,8.7139,77.7567,55.84,High,34.16
2026-08-23 09:00:00,Vellore,12.9165,79.1325,51.43,Moderate,32.69
2026-08-23 09:00:00,Erode,11.341,77.7172,59.47,High,35.32
2026-08-23 10:00:00,Chennai,13.0827,80.2707,61.57,High,36.41
2026-08-23 10:00:00,Coimbatore,11.0168,76.9558,42.72,Moderate,46.67
2026-08-23 10:00:00,Madurai,9.9252,78.1198,38.14,Moderate,41.31
2026-08-23 10:00:00,Trichy,10.7905,78.7047,47.08,Moderate,43.6
2026-08-23 10:00:00,Salem,11.6643,78.146,70.71,High,33.57
2026-08-23 10:00:00,Tirunelveli,8.7139,77.7567,57.14,High,36.03
2026-08-23 10:00:00,Vellore,12.9165,79.1325,47.73,Moderate,45.62
2026-08-23 10:00:00,Erode,11.341,77.7172,51.02,Moderate,43.16
2026-08-23 11:00:00,Chennai,13.0827,80.2707,71.54,High,31.58
2026-08-23 11:00:00,Coimbatore,11.0168,76.9558,31.6,Moderate,48.62
2026-08-23 11:00:00,Madurai,9.9252,78.1198,34.13,Moderate,41.7
2026-08-23 11:00:00,Trichy,10.7905,78.7047,35.54,Moderate,41.99
2026-08-23 11:00:00,Salem,11.6643,78.146,35.97,Moderate,47.99
2026-08-23 11:00:00,Tirunelveli,8.7139,77.7567,36.48,Moderate,46.17
2026-08-23 11:00:00,Vellore,12.9165,79.1325,28.55,Low,49.48
2026-08-23 11:00:00,Erode,11.341,77.7172,24.59,Low,50.55
2026-08-23 12:00:00,Chennai,13.0827,80.2707,49.72,Moderate,33.88
2026-08-23 12:00:00,Coimbatore,11.0168,76.9558,31.49,Moderate,47.1
2026-08-23 12:00:00,Madurai,9.9252,78.1198,39.49,Moderate,43.52
2026-08-23 12:00:00,Trichy,10.7905,78.7047,23.62,Low,48.28
2026-08-23 12:00:00,Salem,11.6643,78.146,48.45,Moderate,35.4
2026-08-23 12:00:00,Tirunelveli,8.7139,77.7567,37.24,Moderate,45.07
2026-08-23 12:00:00,Vellore,12.9165,79.1325,55.14,High,35.4
2026-08-23 12:00:00,Erode,11.341,77.7172,39.61,Moderate,38.92
2026-08-23 13:00:00,Chennai,13.0827,80.2707,50.8,Moderate,46.66
2026-08-23 13:00:00,Coimbatore,11.0168,76.9558,25.84,Low,48.37
2026-08-23 13:00:00,Madurai,9.9252,78.1198,42.78,Moderate,43.99
2026-08-23 13:00:00,Trichy,10.7905,78.7047,55.11,High,35.61
2026-08-23 13:00:00,Salem,11.6643,78.146,47.5,Moderate,39.84
2026-08-23 13:00:00,Tirunelveli,8.7139,77.7567,27.79,Low,46.37
2026-08-23 13:00:00,Vellore,12.9165,79.1325,27.36,Low,47.02
2026-08-23 13:00:00,Erode,11.341,77.7172,25.8,Low,46.15
2026-08-23 14:00:00,Chennai,13.0827,80.2707,53.32,Moderate,30.39
2026-08-23 14:00:00,Coimbatore,11.0168,76.9558,36.91,Moderate,44.99
2026-08-23 14:00:00,Madurai,9.9252,78.1198,39.81,Moderate,40.75
2026-08-23 14:00:00,Trichy,10.7905,78.7047,38.84,Moderate,43.66
2026-08-23 14:00:00,Salem,11.6643,78.146,34.5,Moderate,43.91
2026-08-23 14:00:00,Tirunelveli,8.7139,77.7567,29.12,Low,46.99
2026-08-23 14:00:00,Vellore,12.9165,79.1325,44.46,Moderate,40.03
2026-08-23 14:00:00,Erode,11.341,77.7172,47.31,Moderate,38.09
2026-08-23 15:00:00,Chennai,13.0827,80.2707,50.72,Moderate,39.22
2026-08-23 15:00:00,Coimbatore,11.0168,76.9558,34.87,Moderate,43.12
2026-08-23 15:00:00,Madurai,9.9252,78.1198,29.91,Low,49.47
2026-08-23 15:00:00,Trichy,10.7905,78.7047,30.51,Moderate,43.62
2026-08-23 15:00:00,Salem,11.6643,78.146,35.99,Moderate,48.45
2026-08-23 15:00:00,Tirunelveli,8.7139,77.7567,38.02,Moderate,47.01
2026-08-23 15:00:00,Vellore,12.9165,79.1325,43.39,Moderate,42.51
2026-08-23 15:00:00,Erode,11.341,77.7172,50.92,Moderate,40.39
2026-08-23 16:00:00,Chennai,13.0827,80.2707,64.7,High,40.18
2026-08-23 16:00:00,Coimbatore,11.0168,76.9558,25.38,Low,47.81
2026-08-23 16:00:00,Madurai,9.9252,78.1198,36.32,Moderate,47.24
2026-08-23 16:00:00,Trichy,10.7905,78.7047,20.97,Low,54.23
2026-08-23 16:00:00,Salem,11.6643,78.146,30.66,Moderate,45.25
2026-08-23 16:00:00,Tirunelveli,8.7139,77.7567,50.24,Moderate,37.94
2026-08-23 16:00:00,Vellore,12.9165,79.1325,45.45,Moderate,37.92
2026-08-23 16:00:00,Erode,11.341,77.7172,39.93,Moderate,44.17
2026-08-23 17:00:00,Chennai,13.0827,80.2707,73.59,High,25.21
2026-08-23 17:00:00,Coimbatore,11.0168,76.9558,48.65,Moderate,36.44
2026-08-23 17:00:00,Madurai,9.9252,78.1198,44.33,Moderate,42.06
2026-08-23 17:00:00,Trichy,10.7905,78.7047,50.04,Moderate,45.44
2026-08-23 17:00:00,Salem,11.6643,78.146,52.13,Moderate,38.9
2026-08-23 17:00:00,Tirunelveli,8.7139,77.7567,49.57,Moderate,41.21
2026-08-23 17:00:00,Vellore,12.9165,79.1325,74.1,High,29.11
2026-08-23 17:00:00,Erode,11.341,77.7172,65.24,High,33.53
2026-08-23 18:00:00,Chennai,13.0827,80.2707,70.44,High,30.95
2026-08-23 18:00:00,Coimbatore,11.0168,76.9558,41.12,Moderate,41.67
2026-08-23 18:00:00,Madurai,9.9252,78.1198,54.03,Moderate,38.76
2026-08-23 18:00:00,Trichy,10.7905,78.7047,56.49,High,36.48
2026-08-23 18:00:00,Salem,11.6643,78.146,53.72,Moderate,35.87
2026-08-23 18:00:00,Tirunelveli,8.7139,77.7567,42.79,Moderate,40.99
2026-08-23 18:00:00,Vellore,12.9165,79.1325,48.41,Moderate,41.27
2026-08-23 18:00:00,Erode,11.341,77.7172,47.06,Moderate,40.94
2026-08-23 19:00:00,Chennai,13.0827,80.2707,60.26,High,37.23
2026-08-23 19:00:00,Coimbatore,11.0168,76.9558,49.71,Moderate,39.1
2026-08-23 19:00:00,Madurai,9.9252,78.1198,64.57,High,31.01
2026-08-23 19:00:00,Trichy,10.7905,78.7047,69.19,High,31.06
2026-08-23 19:00:00,Salem,11.6643,78.146,55.64,High,40.05
2026-08-23 19:00:00,Tirunelveli,8.7139,77.7567,52.06,Moderate,43.78
2026-08-23 19:00:00,Vellore,12.9165,79.1325,69.76,High,32.89
2026-08-23 19:00:00,Erode,11.341,77.7172,45.72,Moderate,42.7
2026-08-23 20:00:00,Chennai,13.0827,80.2707,72.04,High,22.65
2026-08-23 20:00:00,Coimbatore,11.0168,76.9558,52.86,Moderate,42.77
2026-08-23 20:00:00,Madurai,9.9252,78.1198,40.51,Moderate,42.63
2026-08-23 20:00:00,Trichy,10.7905,78.7047,52.81,Moderate,40.53
2026-08-23 20:00:00,Salem,11.6643,78.146,77.09,Severe,24.31
2026-08-23 20:00:00,Tirunelveli,8.7139,77.7567,58.95,High,33.6
2026-08-23 20:00:00,Vellore,12.9165,79.1325,43.98,Moderate,40.62
2026-08-23 20:00:00,Erode,11.341,77.7172,46.09,Moderate,40.15
2026-08-23 21:00:00,Chennai,13.0827,80.2707,70.7,High,33.4
2026-08-23 21:00:00,Coimbatore,11.0168,76.9558,42.76,Moderate,49.94
2026-08-23 21:00:00,Madurai,9.9252,78.1198,36.88,Moderate,44.49
2026-08-23 21:00:00,Trichy,10.7905,78.7047,45.69,Moderate,42.71
2026-08-23 21:00:00,Salem,11.6643,78.146,53.0,Moderate,39.17
2026-08-23 21:00:00,Tirunelveli,8.7139,77.7567,56.27,High,36.08
2026-08-23 21:00:00,Vellore,12.9165,79.1325,54.61,Moderate,34.18
2026-08-23 21:00:00,Erode,11.341,77.7172,53.25,Moderate,34.4
2026-08-23 22:00:00,Chennai,13.0827,80.2707,22.66,Low,48.51
2026-08-23 22:00:00,Coimbatore,11.0168,76.9558,18.53,Low,52.07
2026-08-23 22:00:00,Madurai,9.9252,78.1198,18.35,Low,51.73
2026-08-23 22:00:00,Trichy,10.7905,78.7047,4.86,Low,57.25
2026-08-23 22:00:00,Salem,11.6643,78.146,21.09,Low,55.23
2026-08-23 22:00:00,Tirunelveli,8.7139,77.7567,16.31,Low,48.82
2026-08-23 22:00:00,Vellore,12.9165,79.1325,9.95,Low,60.32
2026-08-23 22:00:00,Erode,11.341,77.7172,2.67,Low,53.84
2026-08-23 23:00:00,Chennai,13.0827,80.2707,25.2,Low,50.04
2026-08-23 23:00:00,Coimbatore,11.0168,76.9558,27.88,Low,51.5
2026-08-23 23:00:00,Madurai,9.9252,78.1198,3.92,Low,61.59
2026-08-23 23:00:00,Trichy,10.7905,78.7047,4.86,Low,56.36
2026-08-23 23:00:00,Salem,11.6643,78.146,0.0,Low,58.75
2026-08-23 23:00:00,Tirunelveli,8.7139,77.7567,12.93,Low,51.41
2026-08-23 23:00:00,Vellore,12.9165,79.1325,18.27,Low,53.25
2026-08-23 23:00:00,Erode,11.341,77.7172,19.13,Low,54.93
2026-08-24 00:00:00,Chennai,13.0827,80.2707,29.85,Low,49.44
2026-08-24 00:00:00,Coimbatore,11.0168,76.9558,49.99,Moderate,39.79
2026-08-24 00:00:00,Madurai,9.9252,78.1198,6.46,Low,56.03
2026-08-24 00:00:00,Trichy,10.7905,78.7047,32.04,Moderate,44.48
2026-08-24 00:00:00,Salem,11.6643,78.146,25.94,Low,44.4
2026-08-24 00:00:00,Tirunelveli,8.7139,77.7567,21.08,Low,46.19
2026-08-24 00:00:00,Vellore,12.9165,79.1325,21.52,Low,51.66
2026-08-24 00:00:00,Erode,11.341,77.7172,37.39,Moderate,45.18
2026-08-24 01:00:00,Chennai,13.0827,80.2707,37.51,Moderate,47.89
2026-08-24 01:00:00,Coimbatore,11.0168,76.9558,13.46,Low,53.64
2026-08-24 01:00:00,Madurai,9.9252,78.1198,18.81,Low,51.4
2026-08-24 01:00:00,Trichy,10.7905,78.7047,22.0,Low,53.41
2026-08-24 01:00:00,Salem,11.6643,78.146,44.05,Moderate,42.83
2026-08-24 01:00:00,Tirunelveli,8.7139,77.7567,20.9,Low,52.83
2026-08-24 01:00:00,Vellore,12.9165,79.1325,44.01,Moderate,39.62
2026-08-24 01:00:00,Erode,11.341,77.7172,24.03,Low,45.28
2026-08-24 02:00:00,Chennai,13.0827,80.2707,40.53,Moderate,40.43
2026-08-24 02:00:00,Coimbatore,11.0168,76.9558,16.14,Low,56.46
2026-08-24 02:00:00,Madurai,9.9252,78.1198,19.72,Low,51.01
2026-08-24 02:00:00,Trichy,10.7905,78.7047,45.78,Moderate,37.0
2026-08-24 02:00:00,Salem,11.6643,78.146,21.35,Low,53.27
2026-08-24 02:00:00,Tirunelveli,8.7139,77.7567,28.84,Low,40.94
2026-08-24 02:00:00,Vellore,12.9165,79.1325,47.81,Moderate,40.82
2026-08-24 02:00:00,Erode,11.341,77.7172,47.03,Moderate,42.35
2026-08-24 03:00:00,Chennai,13.0827,80.2707,37.92,Moderate,42.28
2026-08-24 03:00:00,Coimbatore,11.0168,76.9558,25.74,Low,50.58
2026-08-24 03:00:00,Madurai,9.9252,78.1198,15.6,Low,56.77
2026-08-24 03:00:00,Trichy,10.7905,78.7047,11.83,Low,56.36
2026-08-24 03:00:00,Salem,11.6643,78.146,32.36,Moderate,45.11
2026-08-24 03:00:00,Tirunelveli,8.7139,77.7567,22.24,Low,47.85
2026-08-24 03:00:00,Vellore,12.9165,79.1325,31.18,Moderate,43.62
2026-08-24 03:00:00,Erode,11.341,77.7172,22.73,Low,54.41
2026-08-24 04:00:00,Chennai,13.0827,80.2707,33.48,Moderate,46.65
2026-08-24 04:00:00,Coimbatore,11.0168,76.9558,19.83,Low,54.46
2026-08-24 04:00:00,Madurai,9.9252,78.1198,39.93,Moderate,45.09
2026-08-24 04:00:00,Trichy,10.7905,78.7047,8.0,Low,57.02
2026-08-24 04:00:00,Salem,11.6643,78.146,32.99,Moderate,47.1
2026-08-24 04:00:00,Tirunelveli,8.7139,77.7567,32.33,Moderate,44.31
2026-08-24 04:00:00,Vellore,12.9165,79.1325,22.49,Low,55.18
2026-08-24 04:00:00,Erode,11.341,77.7172,16.98,Low,54.21
2026-08-24 05:00:00,Chennai,13.0827,80.2707,55.73,High,43.52
2026-08-24 05:00:00,Coimbatore,11.0168,76.9558,6.79,Low,59.48
2026-08-24 05:00:00,Madurai,9.9252,78.1198,35.68,Moderate,46.66
2026-08-24 05:00:00,Trichy,10.7905,78.7047,18.98,Low,48.34
2026-08-24 05:00:00,Salem,11.6643,78.146,27.01,Low,47.05
2026-08-24 05:00:00,Tirunelveli,8.7139,77.7567,26.88,Low,50.46
2026-08-24 05:00:00,Vellore,12.9165,79.1325,0.0,Low,56.24
2026-08-24 05:00:00,Erode,11.341,77.7172,12.86,Low,53.46
2026-08-24 06:00:00,Chennai,13.0827,80.2707,37.13,Moderate,43.49
2026-08-24 06:00:00,Coimbatore,11.0168,76.9558,28.86,Low,43.59
2026-08-24 06:00:00,Madurai,9.9252,78.1198,26.03,Low,53.87
2026-08-24 06:00:00,Trichy,10.7905,78.7047,21.76,Low,47.76
2026-08-24 06:00:00,Salem,11.6643,78.146,39.08,Moderate,50.74
2026-08-24 06:00:00,Tirunelveli,8.7139,77.7567,55.59,High,32.68
2026-08-24 06:00:00,Vellore,12.9165,79.1325,19.76,Low,47.99
2026-08-24 06:00:00,Erode,11.341,77.7172,42.32,Moderate,35.55
2026-08-24 07:00:00,Chennai,13.0827,80.2707,70.18,High,30.16
2026-08-24 07:00:00,Coimbatore,11.0168,76.9558,67.75,High,31.35
2026-08-24 07:00:00,Madurai,9.9252,78.1198,60.72,High,33.15
2026-08-24 07:00:00,Trichy,10.7905,78.7047,71.87,High,25.61
2026-08-24 07:00:00,Salem,11.6643,78.146,65.9,High,33.01
2026-08-24 07:00:00,Tirunelveli,8.7139,77.7567,63.41,High,31.76
2026-08-24 07:00:00,Vellore,12.9165,79.1325,61.97,High,31.87
2026-08-24 07:00:00,Erode,11.341,77.7172,68.8,High,30.74
2026-08-24 08:00:00,Chennai,13.0827,80.2707,79.76,Severe,23.36
2026-08-24 08:00:00,Coimbatore,11.0168,76.9558,68.01,High,35.09
2026-08-24 08:00:00,Madurai,9.9252,78.1198,65.07,High,30.64
2026-08-24 08:00:00,Trichy,10.7905,78.7047,66.77,High,31.21
2026-08-24 08:00:00,Salem,11.6643,78.146,73.19,High,31.81
2026-08-24 08:00:00,Tirunelveli,8.7139,77.7567,71.01,High,35.13
2026-08-24 08:00:00,Vellore,12.9165,79.1325,51.34,Moderate,39.18
2026-08-24 08:00:00,Erode,11.341,77.7172,54.15,Moderate,38.83
2026-08-24 09:00:00,Chennai,13.0827,80.2707,70.22,High,29.62
2026-08-24 09:00:00,Coimbatore,11.0168,76.9558,61.04,High,35.12
2026-08-24 09:00:00,Madurai,9.9252,78.1198,62.0,High,32.27
2026-08-24 09:00:00,Trichy,10.7905,78.7047,75.65,Severe,32.6
2026-08-24 09:00:00,Salem,11.6643,78.146,62.17,High,31.88
2026-08-24 09:00:00,Tirunelveli,8.7139,77.7567,54.25,Moderate,39.83
2026-08-24 09:00:00,Vellore,12.9165,79.1325,78.99,Severe,28.67
2026-08-24 09:00:00,Erode,11.341,77.7172,62.15,High,35.72
2026-08-24 10:00:00,Chennai,13.0827,80.2707,73.93,High,27.09
2026-08-24 10:00:00,Coimbatore,11.0168,76.9558,54.25,Moderate,37.16
2026-08-24 10:00:00,Madurai,9.9252,78.1198,61.36,High,34.36
2026-08-24 10:00:00,Trichy,10.7905,78.7047,60.4,High,34.45
2026-08-24 10:00:00,Salem,11.6643,78.146,67.5,High,33.47
2026-08-24 10:00:00,Tirunelveli,8.7139,77.7567,73.26,High,25.39
2026-08-24 10:00:00,Vellore,12.9165,79.1325,61.73,High,32.74
2026-08-24 10:00:00,Erode,11.341,77.7172,58.42,High,38.21
2026-08-24 11:00:00,Chennai,13.0827,80.2707,64.67,High,35.32
2026-08-24 11:00:00,Coimbatore,11.0168,76.9558,43.63,Moderate,41.35
2026-08-24 11:00:00,Madurai,9.9252,78.1198,23.59,Low,52.03
2026-08-24 11:00:00,Trichy,10.7905,78.7047,59.62,High,35.45
2026-08-24 11:00:00,Salem,11.6643,78.146,50.75,Moderate,37.66
2026-08-24 11:00:00,Tirunelveli,8.7139,77.7567,44.65,Moderate,42.94
2026-08-24 11:00:00,Vellore,12.9165,79.1325,58.41,High,36.56
2026-08-24 11:00:00,Erode,11.341,77.7172,41.48,Moderate,41.3
2026-08-24 12:00:00,Chennai,13.0827,80.2707,79.8,Severe,28.79
2026-08-24 12:00:00,Coimbatore,11.0168,76.9558,47.55,Moderate,44.03
2026-08-24 12:00:00,Madurai,9.9252,78.1198,50.98,Moderate,43.42
2026-08-24 12:00:00,Trichy,10.7905,78.7047,49.96,Moderate,32.53
2026-08-24 12:00:00,Salem,11.6643,78.146,50.6,Moderate,40.4
2026-08-24 12:00:00,Tirunelveli,8.7139,77.7567,58.31,High,37.23
2026-08-24 12:00:00,Vellore,12.9165,79.1325,44.7,Moderate,42.55
2026-08-24 12:00:00,Erode,11.341,77.7172,55.98,High,35.25
2026-08-24 13:00:00,Chennai,13.0827,80.2707,53.65,Moderate,37.22
2026-08-24 13:00:00,Coimbatore,11.0168,76.9558,49.97,Moderate,34.98
2026-08-24 13:00:00,Madurai,9.9252,78.1198,36.82,Moderate,45.4
2026-08-24 13:00:00,Trichy,10.7905,78.7047,62.42,High,34.58
2026-08-24 13:00:00,Salem,11.6643,78.146,45.92,Moderate,42.71
2026-08-24 13:00:00,Tirunelveli,8.7139,77.7567,42.08,Moderate,42.74
2026-08-24 13:00:00,Vellore,12.9165,79.1325,23.79,Low,46.39
2026-08-24 13:00:00,Erode,11.341,77.7172,54.3,Moderate,33.63
2026-08-24 14:00:00,Chennai,13.0827,80.2707,70.89,High,33.69
2026-08-24 14:00:00,Coimbatore,11.0168,76.9558,49.96,Moderate,40.16
2026-08-24 14:00:00,Madurai,9.9252,78.1198,46.57,Moderate,37.27
2026-08-24 14:00:00,Trichy,10.7905,78.7047,57.85,High,29.05
2026-08-24 14:00:00,Salem,11.6643,78.146,40.12,Moderate,37.05
2026-08-24 14:00:00,Tirunelveli,8.7139,77.7567,56.39,High,35.32
2026-08-24 14:00:00,Vellore,12.9165,79.1325,37.95,Moderate,46.4
2026-08-24 14:00:00,Erode,11.341,77.7172,45.77,Moderate,33.68
2026-08-24 15:00:00,Chennai,13.0827,80.2707,56.87,High,38.93
2026-08-24 15:00:00,Coimbatore,11.0168,76.9558,33.68,Moderate,42.85
2026-08-24 15:00:00,Madurai,9.9252,78.1198,49.4,Moderate,42.29
2026-08-24 15:00:00,Trichy,10.7905,78.7047,46.44,Moderate,43.77
2026-08-24 15:00:00,Salem,11.6643,78.146,52.49,Moderate,38.17
2026-08-24 15:00:00,Tirunelveli,8.7139,77.7567,49.13,Moderate,39.39
2026-08-24 15:00:00,Vellore,12.9165,79.1325,46.03,Moderate,42.02
2026-08-24 15:00:00,Erode,11.341,77.7172,29.1,Low,51.01
2026-08-24 16:00:00,Chennai,13.0827,80.2707,67.59,High,33.87
2026-08-24 16:00:00,Coimbatore,11.0168,76.9558,49.79,Moderate,41.59
2026-08-24 16:00:00,Madurai,9.9252,78.1198,54.48,Moderate,40.74
2026-08-24 16:00:00,Trichy,10.7905,78.7047,42.68,Moderate,46.67
2026-08-24 16:00:00,Salem,11.6643,78.146,56.83,High,41.13
2026-08-24 16:00:00,Tirunelveli,8.7139,77.7567,39.68,Moderate,45.53
2026-08-24 16:00:00,Vellore,12.9165,79.1325,53.48,Moderate,34.72
2026-08-24 16:00:00,Erode,11.341,77.7172,42.08,Moderate,39.3
2026-08-24 17:00:00,Chennai,13.0827,80.2707,76.72,Severe,26.09
2026-08-24 17:00:00,Coimbatore,11.0168,76.9558,56.11,High,39.54
2026-08-24 17:00:00,Madurai,9.9252,78.1198,46.47,Moderate,45.39
2026-08-24 17:00:00,Trichy,10.7905,78.7047,61.92,High,30.43
2026-08-24 17:00:00,Salem,11.6643,78.146,74.53,High,21.21
2026-08-24 17:00:00,Tirunelveli,8.7139,77.7567,62.42,High,31.84
2026-08-24 17:00:00,Vellore,12.9165,79.1325,79.88,Severe,26.42
2026-08-24 17:00:00,Erode,11.341,77.7172,67.05,High,31.74
2026-08-24 18:00:00,Chennai,13.0827,80.2707,71.32,High,29.62
2026-08-24 18:00:00,Coimbatore,11.0168,76.9558,50.73,Moderate,41.22
2026-08-24 18:00:00,Madurai,9.9252,78.1198,81.66,Severe,27.97
2026-08-24 18:00:00,Trichy,10.7905,78.7047,78.79,Severe,24.82
2026-08-24 18:00:00,Salem,11.6643,78.146,77.31,Severe,30.9
2026-08-24 18:00:00,Tirunelveli,8.7139,77.7567,59.73,High,34.51
2026-08-24 18:00:00,Vellore,12.9165,79.1325,73.35,High,29.64
2026-08-24 18:00:00,Erode,11.341,77.7172,86.51,Severe,21.59
2026-08-24 19:00:00,Chennai,13.0827,80.2707,81.95,Severe,26.84
2026-08-24 19:00:00,Coimbatore,11.0168,76.9558,73.25,High,33.77
2026-08-24 19:00:00,Madurai,9.9252,78.1198,70.21,High,29.46
2026-08-24 19:00:00,Trichy,10.7905,78.7047,80.8,Severe,26.79
2026-08-24 19:00:00,Salem,11.6643,78.146,68.14,High,33.65
2026-08-24 19:00:00,Tirunelveli,8.7139,77.7567,53.25,Moderate,36.74
2026-08-24 19:00:00,Vellore,12.9165,79.1325,78.47,Severe,30.12
2026-08-24 19:00:00,Erode,11.341,77.7172,46.97,Moderate,41.23
2026-08-24 20:00:00,Chennai,13.0827,80.2707,64.59,High,31.95
2026-08-24 20:00:00,Coimbatore,11.0168,76.9558,51.02,Moderate,39.56
2026-08-24 20:00:00,Madurai,9.9252,78.1198,58.86,High,35.33
2026-08-24 20:00:00,Trichy,10.7905,78.7047,71.13,High,30.79
2026-08-24 20:00:00,Salem,11.6643,78.146,74.38,High,35.05
2026-08-24 20:00:00,Tirunelveli,8.7139,77.7567,75.95,Severe,24.63
2026-08-24 20:00:00,Vellore,12.9165,79.1325,73.74,High,29.24
2026-08-24 20:00:00,Erode,11.341,77.7172,61.21,High,34.08
2026-08-24 21:00:00,Chennai,13.0827,80.2707,78.2,Severe,26.2
2026-08-24 21:00:00,Coimbatore,11.0168,76.9558,51.7,Moderate,38.34
2026-08-24 21:00:00,Madurai,9.9252,78.1198,55.17,High,35.68
2026-08-24 21:00:00,Trichy,10.7905,78.7047,79.53,Severe,25.8
2026-08-24 21:00:00,Salem,11.6643,78.146,58.0,High,34.79
2026-08-24 21:00:00,Tirunelveli,8.7139,77.7567,77.33,Severe,24.86
2026-08-24 21:00:00,Vellore,12.9165,79.1325,56.85,High,37.14
2026-08-24 21:00:00,Erode,11.341,77.7172,50.3,Moderate,31.61
2026-08-24 22:00:00,Chennai,13.0827,80.2707,26.13,Low,49.3
2026-08-24 22:00:00,Coimbatore,11.0168,76.9558,39.66,Moderate,39.15
2026-08-24 22:00:00,Madurai,9.9252,78.1198,13.55,Low,48.37
2026-08-24 22:00:00,Trichy,10.7905,78.7047,30.59,Moderate,45.75
2026-08-24 22:00:00,Salem,11.6643,78.146,27.61,Low,53.18
2026-08-24 22:00:00,Tirunelveli,8.7139,77.7567,29.53,Low,48.82
2026-08-24 22:00:00,Vellore,12.9165,79.1325,42.92,Moderate,40.6
2026-08-24 22:00:00,Erode,11.341,77.7172,22.09,Low,53.09
2026-08-24 23:00:00,Chennai,13.0827,80.2707,38.76,Moderate,44.8
2026-08-24 23:00:00,Coimbatore,11.0168,76.9558,43.41,Moderate,44.69
2026-08-24 23:00:00,Madurai,9.9252,78.1198,19.27,Low,52.64
2026-08-24 23:00:00,Trichy,10.7905,78.7047,15.23,Low,55.48
2026-08-24 23:00:00,Salem,11.6643,78.146,6.04,Low,53.19
2026-08-24 23:00:00,Tirunelveli,8.7139,77.7567,28.15,Low,47.52
2026-08-24 23:00:00,Vellore,12.9165,79.1325,13.45,Low,57.58
2026-08-24 23:00:00,Erode,11.341,77.7172,5.98,Low,58.22
2026-08-25 00:00:00,Chennai,13.0827,80.2707,35.46,Moderate,43.0
2026-08-25 00:00:00,Coimbatore,11.0168,76.9558,42.15,Moderate,36.68
2026-08-25 00:00:00,Madurai,9.9252,78.1198,24.97,Low,46.75
2026-08-25 00:00:00,Trichy,10.7905,78.7047,28.02,Low,48.56
2026-08-25 00:00:00,Salem,11.6643,78.146,29.18,Low,47.99
2026-08-25 00:00:00,Tirunelveli,8.7139,77.7567,26.33,Low,50.01
2026-08-25 00:00:00,Vellore,12.9165,79.1325,23.96,Low,47.28
2026-08-25 00:00:00,Erode,11.341,77.7172,28.11,Low,50.29
2026-08-25 01:00:00,Chennai,13.0827,80.2707,29.42,Low,41.32
2026-08-25 01:00:00,Coimbatore,11.0168,76.9558,25.29,Low,51.04
2026-08-25 01:00:00,Madurai,9.9252,78.1198,28.16,Low,48.74
2026-08-25 01:00:00,Trichy,10.7905,78.7047,18.94,Low,48.56
2026-08-25 01:00:00,Salem,11.6643,78.146,29.99,Low,46.64
2026-08-25 01:00:00,Tirunelveli,8.7139,77.7567,17.4,Low,53.64
2026-08-25 01:00:00,Vellore,12.9165,79.1325,29.84,Low,49.31
2026-08-25 01:00:00,Erode,11.341,77.7172,22.0,Low,50.58
2026-08-25 02:00:00,Chennai,13.0827,80.2707,62.68,High,33.02
2026-08-25 02:00:00,Coimbatore,11.0168,76.9558,18.83,Low,48.62
2026-08-25 02:00:00,Madurai,9.9252,78.1198,33.97,Moderate,43.46
2026-08-25 02:00:00,Trichy,10.7905,78.7047,19.17,Low,57.76
2026-08-25 02:00:00,Salem,11.6643,78.146,7.0,Low,57.61
2026-08-25 02:00:00,Tirunelveli,8.7139,77.7567,20.69,Low,52.37
2026-08-25 02:00:00,Vellore,12.9165,79.1325,21.65,Low,52.3
2026-08-25 02:00:00,Erode,11.341,77.7172,18.02,Low,54.28
2026-08-25 03:00:00,Chennai,13.0827,80.2707,50.92,Moderate,40.35
2026-08-25 03:00:00,Coimbatore,11.0168,76.9558,37.31,Moderate,44.78
2026-08-25 03:00:00,Madurai,9.9252,78.1198,13.94,Low,52.27
2026-08-25 03:00:00,Trichy,10.7905,78.7047,21.82,Low,49.02
2026-08-25 03:00:00,Salem,11.6643,78.146,25.66,Low,44.33
2026-08-25 03:00:00,Tirunelveli,8.7139,77.7567,35.21,Moderate,39.83
2026-08-25 03:00:00,Vellore,12.9165,79.1325,14.52,Low,53.74
2026-08-25 03:00:00,Erode,11.341,77.7172,24.54,Low,45.22
2026-08-25 04:00:00,Chennai,13.0827,80.2707,36.87,Moderate,45.06
2026-08-25 04:00:00,Coimbatore,11.0168,76.9558,39.31,Moderate,46.15
2026-08-25 04:00:00,Madurai,9.9252,78.1198,23.23,Low,52.36
2026-08-25 04:00:00,Trichy,10.7905,78.7047,32.39,Moderate,42.54
2026-08-25 04:00:00,Salem,11.6643,78.146,21.68,Low,45.93
2026-08-25 04:00:00,Tirunelveli,8.7139,77.7567,29.5,Low,48.1
2026-08-25 04:00:00,Vellore,12.9165,79.1325,22.32,Low,49.2
2026-08-25 04:00:00,Erode,11.341,77.7172,22.29,Low,53.93
2026-08-25 05:00:00,Chennai,13.0827,80.2707,22.73,Low,49.71
2026-08-25 05:00:00,Coimbatore,11.0168,76.9558,24.48,Low,52.06
2026-08-25 05:00:00,Madurai,9.9252,78.1198,21.11,Low,50.98
2026-08-25 05:00:00,Trichy,10.7905,78.7047,30.39,Moderate,50.24
2026-08-25 05:00:00,Salem,11.6643,78.146,21.11,Low,51.45
2026-08-25 05:00:00,Tirunelveli,8.7139,77.7567,32.52,Moderate,44.15
2026-08-25 05:00:00,Vellore,12.9165,79.1325,21.86,Low,51.19
2026-08-25 05:00:00,Erode,11.341,77.7172,12.1,Low,59.01
2026-08-25 06:00:00,Chennai,13.0827,80.2707,46.37,Moderate,46.53
2026-08-25 06:00:00,Coimbatore,11.0168,76.9558,20.6,Low,44.28
2026-08-25 06:00:00,Madurai,9.9252,78.1198,28.36,Low,44.57
2026-08-25 06:00:00,Trichy,10.7905,78.7047,27.98,Low,50.05
2026-08-25 06:00:00,Salem,11.6643,78.146,17.88,Low,49.11
2026-08-25 06:00:00,Tirunelveli,8.7139,77.7567,24.6,Low,50.39
2026-08-25 06:00:00,Vellore,12.9165,79.1325,22.08,Low,53.09
2026-08-25 06:00:00,Erode,11.341,77.7172,4.81,Low,60.85
2026-08-25 07:00:00,Chennai,13.0827,80.2707,85.13,Severe,26.41
2026-08-25 07:00:00,Coimbatore,11.0168,76.9558,81.04,Severe,24.5
2026-08-25 07:00:00,Madurai,9.9252,78.1198,63.93,High,28.91
2026-08-25 07:00:00,Trichy,10.7905,78.7047,64.78,High,32.62
2026-08-25 07:00:00,Salem,11.6643,78.146,75.38,Severe,29.21
2026-08-25 07:00:00,Tirunelveli,8.7139,77.7567,70.97,High,28.89
2026-08-25 07:00:00,Vellore,12.9165,79.1325,70.41,High,31.58
2026-08-25 07:00:00,Erode,11.341,77.7172,59.35,High,36.64
2026-08-25 08:00:00,Chennai,13.0827,80.2707,83.84,Severe,23.64
2026-08-25 08:00:00,Coimbatore,11.0168,76.9558,74.77,High,26.53
2026-08-25 08:00:00,Madurai,9.9252,78.1198,51.28,Moderate,41.23
2026-08-25 08:00:00,Trichy,10.7905,78.7047,56.98,High,34.43
2026-08-25 08:00:00,Salem,11.6643,78.146,58.51,High,34.81
2026-08-25 08:00:00,Tirunelveli,8.7139,77.7567,47.97,Moderate,44.48
2026-08-25 08:00:00,Vellore,12.9165,79.1325,72.59,High,24.21
2026-08-25 08:00:00,Erode,11.341,77.7172,55.98,High,33.4
2026-08-25 09:00:00,Chennai,13.0827,80.2707,91.16,Severe,25.59
2026-08-25 09:00:00,Coimbatore,11.0168,76.9558,55.91,High,41.69
2026-08-25 09:00:00,Madurai,9.9252,78.1198,69.83,High,32.47
2026-08-25 09:00:00,Trichy,10.7905,78.7047,75.23,Severe,29.4
2026-08-25 09:00:00,Salem,11.6643,78.146,82.25,Severe,28.62
2026-08-25 09:00:00,Tirunelveli,8.7139,77.7567,69.71,High,31.64
2026-08-25 09:00:00,Vellore,12.9165,79.1325,74.27,High,29.67
2026-08-25 09:00:00,Erode,11.341,77.7172,66.73,High,37.74
2026-08-25 10:00:00,Chennai,13.0827,80.2707,68.26,High,33.03
2026-08-25 10:00:00,Coimbatore,11.0168,76.9558,69.04,High,28.63
2026-08-25 10:00:00,Madurai,9.9252,78.1198,57.16,High,37.55
2026-08-25 10:00:00,Trichy,10.7905,78.7047,62.08,High,32.51
2026-08-25 10:00:00,Salem,11.6643,78.146,79.97,Severe,32.33
2026-08-25 10:00:00,Tirunelveli,8.7139,77.7567,72.89,High,35.62
2026-08-25 10:00:00,Vellore,12.9165,79.1325,69.17,High,34.72
2026-08-25 10:00:00,Erode,11.341,77.7172,67.69,High,32.87
2026-08-25 11:00:00,Chennai,13.0827,80.2707,60.97,High,34.39
2026-08-25 11:00:00,Coimbatore,11.0168,76.9558,27.62,Low,46.4
2026-08-25 11:00:00,Madurai,9.9252,78.1198,30.77,Moderate,49.78
2026-08-25 11:00:00,Trichy,10.7905,78.7047,54.91,Moderate,43.17
2026-08-25 11:00:00,Salem,11.6643,78.146,57.19,High,36.48
2026-08-25 11:00:00,Tirunelveli,8.7139,77.7567,57.08,High,40.86
2026-08-25 11:00:00,Vellore,12.9165,79.1325,41.23,Moderate,42.12
2026-08-25 11:00:00,Erode,11.341,77.7172,49.49,Moderate,39.44
2026-08-25 12:00:00,Chennai,13.0827,80.2707,69.13,High,26.56
2026-08-25 12:00:00,Coimbatore,11.0168,76.9558,45.88,Moderate,35.96
2026-08-25 12:00:00,Madurai,9.9252,78.1198,36.37,Moderate,43.44
2026-08-25 12:00:00,Trichy,10.7905,78.7047,51.28,Moderate,38.18
2026-08-25 12:00:00,Salem,11.6643,78.146,47.64,Moderate,41.96
2026-08-25 12:00:00,Tirunelveli,8.7139,77.7567,58.31,High,37.56
2026-08-25 12:00:00,Vellore,12.9165,79.1325,48.15,Moderate,42.35
2026-08-25 12:00:00,Erode,11.341,77.7172,38.2,Moderate,46.86
2026-08-25 13:00:00,Chennai,13.0827,80.2707,72.36,High,30.51
2026-08-25 13:00:00,Coimbatore,11.0168,76.9558,43.55,Moderate,42.73
2026-08-25 13:00:00,Madurai,9.9252,78.1198,48.6,Moderate,40.93
2026-08-25 13:00:00,Trichy,10.7905,78.7047,47.26,Moderate,36.62
2026-08-25 13:00:00,Salem,11.6643,78.146,49.2,Moderate,36.65
2026-08-25 13:00:00,Tirunelveli,8.7139,77.7567,42.41,Moderate,43.18
2026-08-25 13:00:00,Vellore,12.9165,79.1325,57.56,High,29.95
2026-08-25 13:00:00,Erode,11.341,77.7172,53.79,Moderate,32.43
2026-08-25 14:00:00,Chennai,13.0827,80.2707,54.83,Moderate,38.46
2026-08-25 14:00:00,Coimbatore,11.0168,76.9558,46.03,Moderate,39.73
2026-08-25 14:00:00,Madurai,9.9252,78.1198,37.1,Moderate,48.22
2026-08-25 14:00:00,Trichy,10.7905,78.7047,54.09,Moderate,39.33
2026-08-25 14:00:00,Salem,11.6643,78.146,39.12,Moderate,41.76
2026-08-25 14:00:00,Tirunelveli,8.7139,77.7567,50.47,Moderate,35.08
2026-08-25 14:00:00,Vellore,12.9165,79.1325,26.18,Low,45.88
2026-08-25 14:00:00,Erode,11.341,77.7172,40.45,Moderate,42.25
2026-08-25 15:00:00,Chennai,13.0827,80.2707,61.79,High,31.18
2026-08-25 15:00:00,Coimbatore,11.0168,76.9558,37.02,Moderate,43.34
2026-08-25 15:00:00,Madurai,9.9252,78.1198,64.43,High,32.38
2026-08-25 15:00:00,Trichy,10.7905,78.7047,53.0,Moderate,40.25
2026-08-25 15:00:00,Salem,11.6643,78.146,38.79,Moderate,44.47
2026-08-25 15:00:00,Tirunelveli,8.7139,77.7567,32.96,Moderate,45.59
2026-08-25 15:00:00,Vellore,12.9165,79.1325,53.71,Moderate,38.96
2026-08-25 15:00:00,Erode,11.341,77.7172,58.72,High,32.17
2026-08-25 16:00:00,Chennai,13.0827,80.2707,67.39,High,32.78
2026-08-25 16:00:00,Coimbatore,11.0168,76.9558,40.92,Moderate,43.12
2026-08-25 16:00:00,Madurai,9.9252,78.1198,42.28,Moderate,45.69
2026-08-25 16:00:00,Trichy,10.7905,78.7047,64.56,High,33.46
2026-08-25 16:00:00,Salem,11.6643,78.146,37.48,Moderate,44.56
2026-08-25 16:00:00,Tirunelveli,8.7139,77.7567,49.85,Moderate,35.39
2026-08-25 16:00:00,Vellore,12.9165,79.1325,60.73,High,35.04
2026-08-25 16:00:00,Erode,11.341,77.7172,47.08,Moderate,37.2
2026-08-25 17:00:00,Chennai,13.0827,80.2707,76.13,Severe,31.74
2026-08-25 17:00:00,Coimbatore,11.0168,76.9558,79.3,Severe,28.51
2026-08-25 17:00:00,Madurai,9.9252,78.1198,66.47,High,32.06
2026-08-25 17:00:00,Trichy,10.7905,78.7047,60.77,High,37.31
2026-08-25 17:00:00,Salem,11.6643,78.146,57.47,High,36.23
2026-08-25 17:00:00,Tirunelveli,8.7139,77.7567,47.91,Moderate,39.68
2026-08-25 17:00:00,Vellore,12.9165,79.1325,77.51,Severe,27.06
2026-08-25 17:00:00,Erode,11.341,77.7172,73.77,High,23.49
2026-08-25 18:00:00,Chennai,13.0827,80.2707,81.2,Severe,27.24
2026-08-25 18:00:00,Coimbatore,11.0168,76.9558,59.95,High,35.84
2026-08-25 18:00:00,Madurai,9.9252,78.1198,76.68,Severe,31.56
2026-08-25 18:00:00,Trichy,10.7905,78.7047,66.73,High,33.37
2026-08-25 18:00:00,Salem,11.6643,78.146,74.97,High,32.31
2026-08-25 18:00:00,Tirunelveli,8.7139,77.7567,58.91,High,34.87
2026-08-25 18:00:00,Vellore,12.9165,79.1325,65.79,High,35.89
2026-08-25 18:00:00,Erode,11.341,77.7172,60.71,High,35.94
2026-08-25 19:00:00,Chennai,13.0827,80.2707,79.8,Severe,28.61
2026-08-25 19:00:00,Coimbatore,11.0168,76.9558,77.76,Severe,32.23
2026-08-25 19:00:00,Madurai,9.9252,78.1198,65.03,High,28.47
2026-08-25 19:00:00,Trichy,10.7905,78.7047,78.43,Severe,26.91
2026-08-25 19:00:00,Salem,11.6643,78.146,80.21,Severe,30.78
2026-08-25 19:00:00,Tirunelveli,8.7139,77.7567,75.8,Severe,29.1
2026-08-25 19:00:00,Vellore,12.9165,79.1325,61.68,High,34.13
2026-08-25 19:00:00,Erode,11.341,77.7172,59.43,High,36.11
2026-08-25 20:00:00,Chennai,13.0827,80.2707,74.92,High,29.02
2026-08-25 20:00:00,Coimbatore,11.0168,76.9558,56.98,High,34.14
2026-08-25 20:00:00,Madurai,9.9252,78.1198,62.68,High,35.52
2026-08-25 20:00:00,Trichy,10.7905,78.7047,57.06,High,33.28
2026-08-25 20:00:00,Salem,11.6643,78.146,69.82,High,31.45
2026-08-25 20:00:00,Tirunelveli,8.7139,77.7567,60.91,High,28.49
2026-08-25 20:00:00,Vellore,12.9165,79.1325,48.96,Moderate,42.53
2026-08-25 20:00:00,Erode,11.341,77.7172,51.89,Moderate,39.51
2026-08-25 21:00:00,Chennai,13.0827,80.2707,80.77,Severe,24.55
2026-08-25 21:00:00,Coimbatore,11.0168,76.9558,61.44,High,31.17
2026-08-25 21:00:00,Madurai,9.9252,78.1198,68.08,High,34.66
2026-08-25 21:00:00,Trichy,10.7905,78.7047,63.66,High,36.58
2026-08-25 21:00:00,Salem,11.6643,78.146,73.99,High,27.16
2026-08-25 21:00:00,Tirunelveli,8.7139,77.7567,54.4,Moderate,39.4
2026-08-25 21:00:00,Vellore,12.9165,79.1325,62.41,High,36.24
2026-08-25 21:00:00,Erode,11.341,77.7172,62.7,High,31.96
2026-08-25 22:00:00,Chennai,13.0827,80.2707,37.76,Moderate,40.33
2026-08-25 22:00:00,Coimbatore,11.0168,76.9558,21.09,Low,46.27
2026-08-25 22:00:00,Madurai,9.9252,78.1198,25.27,Low,47.61
2026-08-25 22:00:00,Trichy,10.7905,78.7047,21.42,Low,58.64
2026-08-25 22:00:00,Salem,11.6643,78.146,16.2,Low,57.55
2026-08-25 22:00:00,Tirunelveli,8.7139,77.7567,39.44,Moderate,41.79
2026-08-25 22:00:00,Vellore,12.9165,79.1325,23.96,Low,50.66
2026-08-25 22:00:00,Erode,11.341,77.7172,27.21,Low,43.51
2026-08-25 23:00:00,Chennai,13.0827,80.2707,15.2,Low,52.69
2026-08-25 23:00:00,Coimbatore,11.0168,76.9558,29.59,Low,52.6
2026-08-25 23:00:00,Madurai,9.9252,78.1198,17.14,Low,50.25
2026-08-25 23:00:00,Trichy,10.7905,78.7047,3.78,Low,62.92
2026-08-25 23:00:00,Salem,11.6643,78.146,10.15,Low,50.18
2026-08-25 23:00:00,Tirunelveli,8.7139,77.7567,30.61,Moderate,49.39
2026-08-25 23:00:00,Vellore,12.9165,79.1325,27.13,Low,50.59
2026-08-25 23:00:00,Erode,11.341,77.7172,35.76,Moderate,39.81
2026-08-26 00:00:00,Chennai,13.0827,80.2707,45.93,Moderate,42.72
2026-08-26 00:00:00,Coimbatore,11.0168,76.9558,3.99,Low,58.76
2026-08-26 00:00:00,Madurai,9.9252,78.1198,30.3,Moderate,49.77
2026-08-26 00:00:00,Trichy,10.7905,78.7047,36.56,Moderate,41.97
2026-08-26 00:00:00,Salem,11.6643,78.146,8.77,Low,59.98
2026-08-26 00:00:00,Tirunelveli,8.7139,77.7567,24.1,Low,39.77
2026-08-26 00:00:00,Vellore,12.9165,79.1325,28.58,Low,44.35
2026-08-26 00:00:00,Erode,11.341,77.7172,17.13,Low,54.3
2026-08-26 01:00:00,Chennai,13.0827,80.2707,33.96,Moderate,41.92
2026-08-26 01:00:00,Coimbatore,11.0168,76.9558,28.96,Low,49.26
2026-08-26 01:00:00,Madurai,9.9252,78.1198,19.79,Low,50.02
2026-08-26 01:00:00,Trichy,10.7905,78.7047,18.32,Low,51.19
2026-08-26 01:00:00,Salem,11.6643,78.146,0.0,Low,59.77
2026-08-26 01:00:00,Tirunelveli,8.7139,77.7567,40.46,Moderate,44.81
2026-08-26 01:00:00,Vellore,12.9165,79.1325,19.08,Low,53.25
2026-08-26 01:00:00,Erode,11.341,77.7172,29.84,Low,46.37
2026-08-26 02:00:00,Chennai,13.0827,80.2707,57.49,High,36.38
2026-08-26 02:00:00,Coimbatore,11.0168,76.9558,24.15,Low,52.66
2026-08-26 02:00:00,Madurai,9.9252,78.1198,26.37,Low,46.48
2026-08-26 02:00:00,Trichy,10.7905,78.7047,20.33,Low,52.91
2026-08-26 02:00:00,Salem,11.6643,78.146,0.0,Low,59.41
2026-08-26 02:00:00,Tirunelveli,8.7139,77.7567,33.77,Moderate,44.97
2026-08-26 02:00:00,Vellore,12.9165,79.1325,16.49,Low,52.25
2026-08-26 02:00:00,Erode,11.341,77.7172,32.3,Moderate,42.33
2026-08-26 03:00:00,Chennai,13.0827,80.2707,42.19,Moderate,38.17
2026-08-26 03:00:00,Coimbatore,11.0168,76.9558,22.47,Low,50.89
2026-08-26 03:00:00,Madurai,9.9252,78.1198,17.58,Low,52.87
2026-08-26 03:00:00,Trichy,10.7905,78.7047,33.41,Moderate,49.32
2026-08-26 03:00:00,Salem,11.6643,78.146,27.28,Low,48.04
2026-08-26 03:00:00,Tirunelveli,8.7139,77.7567,28.33,Low,44.2
2026-08-26 03:00:00,Vellore,12.9165,79.1325,37.33,Moderate,43.66
2026-08-26 03:00:00,Erode,11.341,77.7172,28.87,Low,44.89
2026-08-26 04:00:00,Chennai,13.0827,80.2707,45.63,Moderate,34.37
2026-08-26 04:00:00,Coimbatore,11.0168,76.9558,29.28,Low,45.8
2026-08-26 04:00:00,Madurai,9.9252,78.1198,9.79,Low,52.31
2026-08-26 04:00:00,Trichy,10.7905,78.7047,37.19,Moderate,47.74
2026-08-26 04:00:00,Salem,11.6643,78.146,48.62,Moderate,41.84
2026-08-26 04:00:00,Tirunelveli,8.7139,77.7567,17.12,Low,49.26
2026-08-26 04:00:00,Vellore,12.9165,79.1325,18.91,Low,54.26
2026-08-26 04:00:00,Erode,11.341,77.7172,7.74,Low,54.48
2026-08-26 05:00:00,Chennai,13.0827,80.2707,34.4,Moderate,47.15
2026-08-26 05:00:00,Coimbatore,11.0168,76.9558,31.75,Moderate,50.36
2026-08-26 05:00:00,Madurai,9.9252,78.1198,0.32,Low,57.57
2026-08-26 05:00:00,Trichy,10.7905,78.7047,28.9,Low,53.37
2026-08-26 05:00:00,Salem,11.6643,78.146,5.58,Low,62.91
2026-08-26 05:00:00,Tirunelveli,8.7139,77.7567,32.05,Moderate,41.44
2026-08-26 05:00:00,Vellore,12.9165,79.1325,18.64,Low,50.17
2026-08-26 05:00:00,Erode,11.341,77.7172,22.42,Low,49.06
2026-08-26 06:00:00,Chennai,13.0827,80.2707,39.43,Moderate,42.42
2026-08-26 06:00:00,Coimbatore,11.0168,76.9558,13.59,Low,55.53
2026-08-26 06:00:00,Madurai,9.9252,78.1198,22.57,Low,54.1
2026-08-26 06:00:00,Trichy,10.7905,78.7047,41.7,Moderate,39.27
2026-08-26 06:00:00,Salem,11.6643,78.146,30.12,Moderate,44.71
2026-08-26 06:00:00,Tirunelveli,8.7139,77.7567,18.35,Low,53.62
2026-08-26 06:00:00,Vellore,12.9165,79.1325,26.63,Low,41.19
2026-08-26 06:00:00,Erode,11.341,77.7172,27.03,Low,49.02
2026-08-26 07:00:00,Chennai,13.0827,80.2707,89.88,Severe,24.73
2026-08-26 07:00:00,Coimbatore,11.0168,76.9558,69.1,High,32.24
2026-08-26 07:00:00,Madurai,9.9252,78.1198,48.07,Moderate,38.09
2026-08-26 07:00:00,Trichy,10.7905,78.7047,68.86,High,29.43
2026-08-26 07:00:00,Salem,11.6643,78.146,56.42,High,32.49
2026-08-26 07:00:00,Tirunelveli,8.7139,77.7567,81.03,Severe,26.93
2026-08-26 07:00:00,Vellore,12.9165,79.1325,52.02,Moderate,34.38
2026-08-26 07:00:00,Erode,11.341,77.7172,59.1,High,37.86
2026-08-26 08:00:00,Chennai,13.0827,80.2707,88.05,Severe,26.67
2026-08-26 08:00:00,Coimbatore,11.0168,76.9558,54.96,Moderate,39.31
2026-08-26 08:00:00,Madurai,9.9252,78.1198,67.82,High,26.29
2026-08-26 08:00:00,Trichy,10.7905,78.7047,61.8,High,36.4
2026-08-26 08:00:00,Salem,11.6643,78.146,69.2,High,32.32
2026-08-26 08:00:00,Tirunelveli,8.7139,77.7567,63.95,High,29.92
2026-08-26 08:00:00,Vellore,12.9165,79.1325,65.01,High,27.05
2026-08-26 08:00:00,Erode,11.341,77.7172,54.95,Moderate,39.63
2026-08-26 09:00:00,Chennai,13.0827,80.2707,98.87,Severe,22.59
2026-08-26 09:00:00,Coimbatore,11.0168,76.9558,66.11,High,28.86
2026-08-26 09:00:00,Madurai,9.9252,78.1198,45.73,Moderate,43.46
2026-08-26 09:00:00,Trichy,10.7905,78.7047,70.8,High,26.41
2026-08-26 09:00:00,Salem,11.6643,78.146,58.65,High,33.57
2026-08-26 09:00:00,Tirunelveli,8.7139,77.7567,59.03,High,33.41
2026-08-26 09:00:00,Vellore,12.9165,79.1325,65.55,High,31.91
2026-08-26 09:00:00,Erode,11.341,77.7172,64.07,High,36.94
2026-08-26 10:00:00,Chennai,13.0827,80.2707,81.36,Severe,22.44
2026-08-26 10:00:00,Coimbatore,11.0168,76.9558,72.44,High,31.75
2026-08-26 10:00:00,Madurai,9.9252,78.1198,61.34,High,34.69
2026-08-26 10:00:00,Trichy,10.7905,78.7047,58.03,High,33.44
2026-08-26 10:00:00,Salem,11.6643,78.146,52.06,Moderate,32.52
2026-08-26 10:00:00,Tirunelveli,8.7139,77.7567,75.8,Severe,27.3
2026-08-26 10:00:00,Vellore,12.9165,79.1325,39.63,Moderate,46.81
2026-08-26 10:00:00,Erode,11.341,77.7172,58.96,High,39.0
2026-08-26 11:00:00,Chennai,13.0827,80.2707,52.86,Moderate,38.61
2026-08-26 11:00:00,Coimbatore,11.0168,76.9558,27.01,Low,49.59
2026-08-26 11:00:00,Madurai,9.9252,78.1198,37.1,Moderate,44.1
2026-08-26 11:00:00,Trichy,10.7905,78.7047,53.38,Moderate,29.32
2026-08-26 11:00:00,Salem,11.6643,78.146,45.1,Moderate,41.89
2026-08-26 11:00:00,Tirunelveli,8.7139,77.7567,57.56,High,32.66
2026-08-26 11:00:00,Vellore,12.9165,79.1325,36.61,Moderate,39.75
2026-08-26 11:00:00,Erode,11.341,77.7172,53.49,Moderate,37.29
2026-08-26 12:00:00,Chennai,13.0827,80.2707,64.71,High,32.74
2026-08-26 12:00:00,Coimbatore,11.0168,76.9558,59.38,High,39.38
2026-08-26 12:00:00,Madurai,9.9252,78.1198,38.78,Moderate,38.58
2026-08-26 12:00:00,Trichy,10.7905,78.7047,49.1,Moderate,37.04
2026-08-26 12:00:00,Salem,11.6643,78.146,30.4,Moderate,49.47
2026-08-26 12:00:00,Tirunelveli,8.7139,77.7567,46.7,Moderate,46.07
2026-08-26 12:00:00,Vellore,12.9165,79.1325,58.54,High,36.54
2026-08-26 12:00:00,Erode,11.341,77.7172,37.14,Moderate,41.46
2026-08-26 13:00:00,Chennai,13.0827,80.2707,60.92,High,34.89
2026-08-26 13:00:00,Coimbatore,11.0168,76.9558,34.57,Moderate,38.9
2026-08-26 13:00:00,Madurai,9.9252,78.1198,41.3,Moderate,42.94
2026-08-26 13:00:00,Trichy,10.7905,78.7047,39.93,Moderate,45.1
2026-08-26 13:00:00,Salem,11.6643,78.146,58.56,High,39.01
2026-08-26 13:00:00,Tirunelveli,8.7139,77.7567,48.75,Moderate,44.25
2026-08-26 13:00:00,Vellore,12.9165,79.1325,56.62,High,39.57
2026-08-26 13:00:00,Erode,11.341,77.7172,52.58,Moderate,41.13
2026-08-26 14:00:00,Chennai,13.0827,80.2707,49.08,Moderate,33.73
2026-08-26 14:00:00,Coimbatore,11.0168,76.9558,52.99,Moderate,41.09
2026-08-26 14:00:00,Madurai,9.9252,78.1198,36.67,Moderate,38.45
2026-08-26 14:00:00,Trichy,10.7905,78.7047,41.75,Moderate,40.56
2026-08-26 14:00:00,Salem,11.6643,78.146,55.79,High,34.64
2026-08-26 14:00:00,Tirunelveli,8.7139,77.7567,61.84,High,31.61
2026-08-26 14:00:00,Vellore,12.9165,79.1325,21.93,Low,49.71
2026-08-26 14:00:00,Erode,11.341,77.7172,49.24,Moderate,41.37
2026-08-26 15:00:00,Chennai,13.0827,80.2707,59.18,High,38.7
2026-08-26 15:00:00,Coimbatore,11.0168,76.9558,39.54,Moderate,41.04
2026-08-26 15:00:00,Madurai,9.9252,78.1198,52.51,Moderate,40.86
2026-08-26 15:00:00,Trichy,10.7905,78.7047,45.99,Moderate,38.64
2026-08-26 15:00:00,Salem,11.6643,78.146,29.76,Low,49.98
2026-08-26 15:00:00,Tirunelveli,8.7139,77.7567,38.77,Moderate,35.6
2026-08-26 15:00:00,Vellore,12.9165,79.1325,36.07,Moderate,47.54
2026-08-26 15:00:00,Erode,11.341,77.7172,59.46,High,38.03
2026-08-26 16:00:00,Chennai,13.0827,80.2707,61.87,High,30.67
2026-08-26 16:00:00,Coimbatore,11.0168,76.9558,47.01,Moderate,41.8
2026-08-26 16:00:00,Madurai,9.9252,78.1198,54.21,Moderate,38.28
2026-08-26 16:00:00,Trichy,10.7905,78.7047,35.5,Moderate,50.95
2026-08-26 16:00:00,Salem,11.6643,78.146,38.67,Moderate,44.39
2026-08-26 16:00:00,Tirunelveli,8.7139,77.7567,39.26,Moderate,43.51
2026-08-26 16:00:00,Vellore,12.9165,79.1325,42.1,Moderate,44.82
2026-08-26 16:00:00,Erode,11.341,77.7172,44.92,Moderate,38.61
2026-08-26 17:00:00,Chennai,13.0827,80.2707,78.45,Severe,27.31
2026-08-26 17:00:00,Coimbatore,11.0168,76.9558,68.73,High,32.89
2026-08-26 17:00:00,Madurai,9.9252,78.1198,51.45,Moderate,36.49
2026-08-26 17:00:00,Trichy,10.7905,78.7047,61.39,High,38.14
2026-08-26 17:00:00,Salem,11.6643,78.146,74.46,High,29.24
2026-08-26 17:00:00,Tirunelveli,8.7139,77.7567,72.55,High,32.13
2026-08-26 17:00:00,Vellore,12.9165,79.1325,80.28,Severe,22.54
2026-08-26 17:00:00,Erode,11.341,77.7172,70.78,High,29.2
2026-08-26 18:00:00,Chennai,13.0827,80.2707,69.98,High,33.03
2026-08-26 18:00:00,Coimbatore,11.0168,76.9558,55.55,High,37.91
2026-08-26 18:00:00,Madurai,9.9252,78.1198,75.26,Severe,29.09
2026-08-26 18:00:00,Trichy,10.7905,78.7047,69.22,High,34.28
2026-08-26 18:00:00,Salem,11.6643,78.146,78.93,Severe,25.79
2026-08-26 18:00:00,Tirunelveli,8.7139,77.7567,59.8,High,36.37
2026-08-26 18:00:00,Vellore,12.9165,79.1325,64.43,High,36.52
2026-08-26 18:00:00,Erode,11.341,77.7172,70.48,High,26.07
2026-08-26 19:00:00,Chennai,13.0827,80.2707,76.43,Severe,28.29
2026-08-26 19:00:00,Coimbatore,11.0168,76.9558,63.19,High,31.44
2026-08-26 19:00:00,Madurai,9.9252,78.1198,55.13,High,28.89
2026-08-26 19:00:00,Trichy,10.7905,78.7047,71.23,High,30.95
2026-08-26 19:00:00,Salem,11.6643,78.146,77.58,Severe,22.89
2026-08-26 19:00:00,Tirunelveli,8.7139,77.7567,61.81,High,29.9
2026-08-26 19:00:00,Vellore,12.9165,79.1325,66.97,High,30.68
2026-08-26 19:00:00,Erode,11.341,77.7172,69.13,High,25.78
2026-08-26 20:00:00,Chennai,13.0827,80.2707,74.05,High,34.7
2026-08-26 20:00:00,Coimbatore,11.0168,76.9558,50.89,Moderate,38.15
2026-08-26 20:00:00,Madurai,9.9252,78.1198,70.62,High,29.59
2026-08-26 20:00:00,Trichy,10.7905,78.7047,71.83,High,27.68
2026-08-26 20:00:00,Salem,11.6643,78.146,63.46,High,32.03
2026-08-26 20:00:00,Tirunelveli,8.7139,77.7567,49.98,Moderate,38.16
2026-08-26 20:00:00,Vellore,12.9165,79.1325,82.2,Severe,25.33
2026-08-26 20:00:00,Erode,11.341,77.7172,60.92,High,31.17
2026-08-26 21:00:00,Chennai,13.0827,80.2707,69.68,High,27.86
2026-08-26 21:00:00,Coimbatore,11.0168,76.9558,56.57,High,33.65
2026-08-26 21:00:00,Madurai,9.9252,78.1198,53.78,Moderate,40.75
2026-08-26 21:00:00,Trichy,10.7905,78.7047,79.44,Severe,31.87
2026-08-26 21:00:00,Salem,11.6643,78.146,38.52,Moderate,43.53
2026-08-26 21:00:00,Tirunelveli,8.7139,77.7567,73.29,High,26.33
2026-08-26 21:00:00,Vellore,12.9165,79.1325,61.48,High,31.37
2026-08-26 21:00:00,Erode,11.341,77.7172,79.94,Severe,32.5
2026-08-26 22:00:00,Chennai,13.0827,80.2707,57.23,High,41.47
2026-08-26 22:00:00,Coimbatore,11.0168,76.9558,6.7,Low,59.68
2026-08-26 22:00:00,Madurai,9.9252,78.1198,37.96,Moderate,39.26
2026-08-26 22:00:00,Trichy,10.7905,78.7047,26.03,Low,47.77
2026-08-26 22:00:00,Salem,11.6643,78.146,4.06,Low,56.99
2026-08-26 22:00:00,Tirunelveli,8.7139,77.7567,45.8,Moderate,44.08
2026-08-26 22:00:00,Vellore,12.9165,79.1325,10.52,Low,56.21
2026-08-26 22:00:00,Erode,11.341,77.7172,6.43,Low,59.8
2026-08-26 23:00:00,Chennai,13.0827,80.2707,41.69,Moderate,37.36
2026-08-26 23:00:00,Coimbatore,11.0168,76.9558,12.07,Low,60.01
2026-08-26 23:00:00,Madurai,9.9252,78.1198,12.29,Low,56.65
2026-08-26 23:00:00,Trichy,10.7905,78.7047,24.79,Low,49.37
2026-08-26 23:00:00,Salem,11.6643,78.146,30.62,Moderate,44.3
2026-08-26 23:00:00,Tirunelveli,8.7139,77.7567,33.37,Moderate,50.98
2026-08-26 23:00:00,Vellore,12.9165,79.1325,8.03,Low,55.21
2026-08-26 23:00:00,Erode,11.341,77.7172,11.4,Low,56.51
2026-08-27 00:00:00,Chennai,13.0827,80.2707,41.15,Moderate,41.59
2026-08-27 00:00:00,Coimbatore,11.0168,76.9558,26.47,Low,46.92
2026-08-27 00:00:00,Madurai,9.9252,78.1198,26.11,Low,47.78
2026-08-27 00:00:00,Trichy,10.7905,78.7047,31.05,Moderate,50.05
2026-08-27 00:00:00,Salem,11.6643,78.146,27.35,Low,48.43
2026-08-27 00:00:00,Tirunelveli,8.7139,77.7567,31.29,Moderate,44.81
2026-08-27 00:00:00,Vellore,12.9165,79.1325,32.18,Moderate,46.55
2026-08-27 00:00:00,Erode,11.341,77.7172,23.4,Low,49.36
2026-08-27 01:00:00,Chennai,13.0827,80.2707,36.18,Moderate,44.01
2026-08-27 01:00:00,Coimbatore,11.0168,76.9558,11.0,Low,55.2
2026-08-27 01:00:00,Madurai,9.9252,78.1198,7.16,Low,55.33
2026-08-27 01:00:00,Trichy,10.7905,78.7047,15.3,Low,45.24
2026-08-27 01:00:00,Salem,11.6643,78.146,26.84,Low,46.55
2026-08-27 01:00:00,Tirunelveli,8.7139,77.7567,32.53,Moderate,46.22
2026-08-27 01:00:00,Vellore,12.9165,79.1325,19.5,Low,49.76
2026-08-27 01:00:00,Erode,11.341,77.7172,31.22,Moderate,45.24
2026-08-27 02:00:00,Chennai,13.0827,80.2707,45.46,Moderate,44.06
2026-08-27 02:00:00,Coimbatore,11.0168,76.9558,53.26,Moderate,37.79
2026-08-27 02:00:00,Madurai,9.9252,78.1198,35.46,Moderate,45.9
2026-08-27 02:00:00,Trichy,10.7905,78.7047,6.95,Low,52.46
2026-08-27 02:00:00,Salem,11.6643,78.146,24.17,Low,52.06
2026-08-27 02:00:00,Tirunelveli,8.7139,77.7567,14.24,Low,51.72
2026-08-27 02:00:00,Vellore,12.9165,79.1325,22.99,Low,44.74
2026-08-27 02:00:00,Erode,11.341,77.7172,7.79,Low,59.38
2026-08-27 03:00:00,Chennai,13.0827,80.2707,27.71,Low,47.8
2026-08-27 03:00:00,Coimbatore,11.0168,76.9558,22.7,Low,51.1
2026-08-27 03:00:00,Madurai,9.9252,78.1198,12.37,Low,53.28
2026-08-27 03:00:00,Trichy,10.7905,78.7047,34.29,Moderate,50.67
2026-08-27 03:00:00,Salem,11.6643,78.146,35.68,Moderate,44.66
2026-08-27 03:00:00,Tirunelveli,8.7139,77.7567,6.54,Low,56.47
2026-08-27 03:00:00,Vellore,12.9165,79.1325,35.95,Moderate,35.69
2026-08-27 03:00:00,Erode,11.341,77.7172,25.72,Low,49.95
2026-08-27 04:00:00,Chennai,13.0827,80.2707,37.22,Moderate,45.44
2026-08-27 04:00:00,Coimbatore,11.0168,76.9558,17.84,Low,54.73
2026-08-27 04:00:00,Madurai,9.9252,78.1198,13.42,Low,50.42
2026-08-27 04:00:00,Trichy,10.7905,78.7047,23.15,Low,49.2
2026-08-27 04:00:00,Salem,11.6643,78.146,12.92,Low,49.51
2026-08-27 04:00:00,Tirunelveli,8.7139,77.7567,36.64,Moderate,42.98
2026-08-27 04:00:00,Vellore,12.9165,79.1325,16.58,Low,55.11
2026-08-27 04:00:00,Erode,11.341,77.7172,37.86,Moderate,44.89
2026-08-27 05:00:00,Chennai,13.0827,80.2707,39.81,Moderate,41.72
2026-08-27 05:00:00,Coimbatore,11.0168,76.9558,15.74,Low,52.76
2026-08-27 05:00:00,Madurai,9.9252,78.1198,19.75,Low,52.56
2026-08-27 05:00:00,Trichy,10.7905,78.7047,57.82,High,39.71
2026-08-27 05:00:00,Salem,11.6643,78.146,33.21,Moderate,42.03
2026-08-27 05:00:00,Tirunelveli,8.7139,77.7567,33.5,Moderate,45.49
2026-08-27 05:00:00,Vellore,12.9165,79.1325,19.77,Low,53.29
2026-08-27 05:00:00,Erode,11.341,77.7172,35.08,Moderate,48.02
2026-08-27 06:00:00,Chennai,13.0827,80.2707,23.12,Low,47.1
2026-08-27 06:00:00,Coimbatore,11.0168,76.9558,34.49,Moderate,47.01
2026-08-27 06:00:00,Madurai,9.9252,78.1198,28.56,Low,46.98
2026-08-27 06:00:00,Trichy,10.7905,78.7047,31.1,Moderate,42.66
2026-08-27 06:00:00,Salem,11.6643,78.146,44.52,Moderate,42.3
2026-08-27 06:00:00,Tirunelveli,8.7139,77.7567,22.44,Low,52.19
2026-08-27 06:00:00,Vellore,12.9165,79.1325,28.47,Low,46.29
2026-08-27 06:00:00,Erode,11.341,77.7172,23.57,Low,52.17
2026-08-27 07:00:00,Chennai,13.0827,80.2707,89.76,Severe,22.3
2026-08-27 07:00:00,Coimbatore,11.0168,76.9558,58.63,High,37.85
2026-08-27 07:00:00,Madurai,9.9252,78.1198,69.48,High,27.64
2026-08-27 07:00:00,Trichy,10.7905,78.7047,86.08,Severe,24.33
2026-08-27 07:00:00,Salem,11.6643,78.146,78.77,Severe,28.38
2026-08-27 07:00:00,Tirunelveli,8.7139,77.7567,82.73,Severe,23.5
2026-08-27 07:00:00,Vellore,12.9165,79.1325,62.88,High,34.72
2026-08-27 07:00:00,Erode,11.341,77.7172,67.13,High,35.9
2026-08-27 08:00:00,Chennai,13.0827,80.2707,93.18,Severe,23.87
2026-08-27 08:00:00,Coimbatore,11.0168,76.9558,61.25,High,28.92
2026-08-27 08:00:00,Madurai,9.9252,78.1198,70.16,High,31.71
2026-08-27 08:00:00,Trichy,10.7905,78.7047,69.33,High,30.81
2026-08-27 08:00:00,Salem,11.6643,78.146,69.94,High,30.41
2026-08-27 08:00:00,Tirunelveli,8.7139,77.7567,62.44,High,39.37
2026-08-27 08:00:00,Vellore,12.9165,79.1325,37.54,Moderate,44.1
2026-08-27 08:00:00,Erode,11.341,77.7172,74.54,High,30.87
2026-08-27 09:00:00,Chennai,13.0827,80.2707,97.36,Severe,18.74
2026-08-27 09:00:00,Coimbatore,11.0168,76.9558,57.32,High,34.96
2026-08-27 09:00:00,Madurai,9.9252,78.1198,63.7,High,37.62
2026-08-27 09:00:00,Trichy,10.7905,78.7047,71.08,High,30.23
2026-08-27 09:00:00,Salem,11.6643,78.146,79.49,Severe,21.62
2026-08-27 09:00:00,Tirunelveli,8.7139,77.7567,74.09,High,24.06
2026-08-27 09:00:00,Vellore,12.9165,79.1325,64.2,High,30.58
2026-08-27 09:00:00,Erode,11.341,77.7172,42.78,Moderate,33.57
2026-08-27 10:00:00,Chennai,13.0827,80.2707,74.83,High,27.22
2026-08-27 10:00:00,Coimbatore,11.0168,76.9558,54.69,Moderate,31.91
2026-08-27 10:00:00,Madurai,9.9252,78.1198,68.1,High,33.54
2026-08-27 10:00:00,Trichy,10.7905,78.7047,53.34,Moderate,40.18
2026-08-27 10:00:00,Salem,11.6643,78.146,65.79,High,36.53
2026-08-27 10:00:00,Tirunelveli,8.7139,77.7567,61.64,High,30.4
2026-08-27 10:00:00,Vellore,12.9165,79.1325,72.58,High,27.72
2026-08-27 10:00:00,Erode,11.341,77.7172,54.69,Moderate,34.29
2026-08-27 11:00:00,Chennai,13.0827,80.2707,49.33,Moderate,38.26
2026-08-27 11:00:00,Coimbatore,11.0168,76.9558,28.47,Low,47.44
2026-08-27 11:00:00,Madurai,9.9252,78.1198,46.13,Moderate,37.17
2026-08-27 11:00:00,Trichy,10.7905,78.7047,36.33,Moderate,43.96
2026-08-27 11:00:00,Salem,11.6643,78.146,26.69,Low,52.04
2026-08-27 11:00:00,Tirunelveli,8.7139,77.7567,49.45,Moderate,38.97
2026-08-27 11:00:00,Vellore,12.9165,79.1325,42.61,Moderate,41.99
2026-08-27 11:00:00,Erode,11.341,77.7172,51.76,Moderate,35.13
2026-08-27 12:00:00,Chennai,13.0827,80.2707,40.23,Moderate,46.37
2026-08-27 12:00:00,Coimbatore,11.0168,76.9558,38.27,Moderate,47.72
2026-08-27 12:00:00,Madurai,9.9252,78.1198,24.53,Low,49.71
2026-08-27 12:00:00,Trichy,10.7905,78.7047,36.19,Moderate,45.08
2026-08-27 12:00:00,Salem,11.6643,78.146,33.47,Moderate,47.97
2026-08-27 12:00:00,Tirunelveli,8.7139,77.7567,56.72,High,34.95
2026-08-27 12:00:00,Vellore,12.9165,79.1325,51.47,Moderate,32.94
2026-08-27 12:00:00,Erode,11.341,77.7172,45.14,Moderate,43.98
2026-08-27 13:00:00,Chennai,13.0827,80.2707,67.74,High,25.14
2026-08-27 13:00:00,Coimbatore,11.0168,76.9558,52.79,Moderate,33.83
2026-08-27 13:00:00,Madurai,9.9252,78.1198,37.88,Moderate,43.61
2026-08-27 13:00:00,Trichy,10.7905,78.7047,45.34,Moderate,38.34
2026-08-27 13:00:00,Salem,11.6643,78.146,32.79,Moderate,43.59
2026-08-27 13:00:00,Tirunelveli,8.7139,77.7567,33.26,Moderate,41.79
2026-08-27 13:00:00,Vellore,12.9165,79.1325,27.06,Low,46.09
2026-08-27 13:00:00,Erode,11.341,77.7172,41.43,Moderate,44.12
2026-08-27 14:00:00,Chennai,13.0827,80.2707,55.33,High,42.81
2026-08-27 14:00:00,Coimbatore,11.0168,76.9558,54.29,Moderate,34.6
2026-08-27 14:00:00,Madurai,9.9252,78.1198,46.34,Moderate,38.35
2026-08-27 14:00:00,Trichy,10.7905,78.7047,44.86,Moderate,42.28
2026-08-27 14:00:00,Salem,11.6643,78.146,40.54,Moderate,43.96
2026-08-27 14:00:00,Tirunelveli,8.7139,77.7567,41.47,Moderate,38.32
2026-08-27 14:00:00,Vellore,12.9165,79.1325,49.24,Moderate,40.2
2026-08-27 14:00:00,Erode,11.341,77.7172,43.77,Moderate,39.71
2026-08-27 15:00:00,Chennai,13.0827,80.2707,64.29,High,34.63
2026-08-27 15:00:00,Coimbatore,11.0168,76.9558,42.64,Moderate,37.5
2026-08-27 15:00:00,Madurai,9.9252,78.1198,44.76,Moderate,38.56
2026-08-27 15:00:00,Trichy,10.7905,78.7047,51.74,Moderate,35.61
2026-08-27 15:00:00,Salem,11.6643,78.146,32.9,Moderate,43.15
2026-08-27 15:00:00,Tirunelveli,8.7139,77.7567,52.46,Moderate,38.38
2026-08-27 15:00:00,Vellore,12.9165,79.1325,51.31,Moderate,35.58
2026-08-27 15:00:00,Erode,11.341,77.7172,54.72,Moderate,33.56
2026-08-27 16:00:00,Chennai,13.0827,80.2707,61.64,High,37.45
2026-08-27 16:00:00,Coimbatore,11.0168,76.9558,37.1,Moderate,45.42
2026-08-27 16:00:00,Madurai,9.9252,78.1198,33.33,Moderate,46.4
2026-08-27 16:00:00,Trichy,10.7905,78.7047,46.32,Moderate,41.52
2026-08-27 16:00:00,Salem,11.6643,78.146,51.46,Moderate,39.3
2026-08-27 16:00:00,Tirunelveli,8.7139,77.7567,50.51,Moderate,32.23
2026-08-27 16:00:00,Vellore,12.9165,79.1325,50.2,Moderate,38.15
2026-08-27 16:00:00,Erode,11.341,77.7172,35.91,Moderate,45.03
2026-08-27 17:00:00,Chennai,13.0827,80.2707,98.57,Severe,17.1
2026-08-27 17:00:00,Coimbatore,11.0168,76.9558,58.11,High,31.38
2026-08-27 17:00:00,Madurai,9.9252,78.1198,72.12,High,31.12
2026-08-27 17:00:00,Trichy,10.7905,78.7047,72.19,High,25.59
2026-08-27 17:00:00,Salem,11.6643,78.146,61.52,High,36.18
2026-08-27 17:00:00,Tirunelveli,8.7139,77.7567,66.21,High,30.18
2026-08-27 17:00:00,Vellore,12.9165,79.1325,70.09,High,31.38
2026-08-27 17:00:00,Erode,11.341,77.7172,72.55,High,32.52
2026-08-27 18:00:00,Chennai,13.0827,80.2707,91.61,Severe,15.21
2026-08-27 18:00:00,Coimbatore,11.0168,76.9558,69.3,High,29.66
2026-08-27 18:00:00,Madurai,9.9252,78.1198,57.12,High,31.7
2026-08-27 18:00:00,Trichy,10.7905,78.7047,77.53,Severe,28.2
2026-08-27 18:00:00,Salem,11.6643,78.146,92.06,Severe,22.99
2026-08-27 18:00:00,Tirunelveli,8.7139,77.7567,71.12,High,24.8
2026-08-27 18:00:00,Vellore,12.9165,79.1325,46.13,Moderate,42.26
2026-08-27 18:00:00,Erode,11.341,77.7172,68.71,High,32.63
2026-08-27 19:00:00,Chennai,13.0827,80.2707,96.75,Severe,21.03
2026-08-27 19:00:00,Coimbatore,11.0168,76.9558,67.03,High,34.23
2026-08-27 19:00:00,Madurai,9.9252,78.1198,77.51,Severe,24.47
2026-08-27 19:00:00,Trichy,10.7905,78.7047,74.02,High,29.89
2026-08-27 19:00:00,Salem,11.6643,78.146,71.38,High,27.79
2026-08-27 19:00:00,Tirunelveli,8.7139,77.7567,75.25,Severe,25.21
2026-08-27 19:00:00,Vellore,12.9165,79.1325,83.76,Severe,25.08
2026-08-27 19:00:00,Erode,11.341,77.7172,74.63,High,33.55
2026-08-27 20:00:00,Chennai,13.0827,80.2707,69.58,High,32.01
2026-08-27 20:00:00,Coimbatore,11.0168,76.9558,71.38,High,35.0
2026-08-27 20:00:00,Madurai,9.9252,78.1198,61.15,High,29.32
2026-08-27 20:00:00,Trichy,10.7905,78.7047,52.78,Moderate,38.35
2026-08-27 20:00:00,Salem,11.6643,78.146,52.17,Moderate,38.83
2026-08-27 20:00:00,Tirunelveli,8.7139,77.7567,57.1,High,39.49
2026-08-27 20:00:00,Vellore,12.9165,79.1325,67.21,High,28.47
2026-08-27 20:00:00,Erode,11.341,77.7172,49.27,Moderate,36.98
2026-08-27 21:00:00,Chennai,13.0827,80.2707,74.43,High,27.92
2026-08-27 21:00:00,Coimbatore,11.0168,76.9558,65.8,High,37.21
2026-08-27 21:00:00,Madurai,9.9252,78.1198,69.32,High,31.26
2026-08-27 21:00:00,Trichy,10.7905,78.7047,57.04,High,40.15
2026-08-27 21:00:00,Salem,11.6643,78.146,48.44,Moderate,37.85
2026-08-27 21:00:00,Tirunelveli,8.7139,77.7567,47.68,Moderate,36.28
2026-08-27 21:00:00,Vellore,12.9165,79.1325,67.0,High,33.3
2026-08-27 21:00:00,Erode,11.341,77.7172,77.49,Severe,29.64
2026-08-27 22:00:00,Chennai,13.0827,80.2707,43.75,Moderate,39.31
2026-08-27 22:00:00,Coimbatore,11.0168,76.9558,34.8,Moderate,48.75
2026-08-27 22:00:00,Madurai,9.9252,78.1198,35.79,Moderate,39.17
2026-08-27 22:00:00,Trichy,10.7905,78.7047,30.3,Moderate,45.7
2026-08-27 22:00:00,Salem,11.6643,78.146,16.73,Low,47.22
2026-08-27 22:00:00,Tirunelveli,8.7139,77.7567,25.4,Low,51.27
2026-08-27 22:00:00,Vellore,12.9165,79.1325,31.41,Moderate,49.47
2026-08-27 22:00:00,Erode,11.341,77.7172,36.66,Moderate,45.15
2026-08-27 23:00:00,Chennai,13.0827,80.2707,40.61,Moderate,40.91
2026-08-27 23:00:00,Coimbatore,11.0168,76.9558,21.79,Low,51.57
2026-08-27 23:00:00,Madurai,9.9252,78.1198,30.1,Moderate,45.33
2026-08-27 23:00:00,Trichy,10.7905,78.7047,22.73,Low,47.36
2026-08-27 23:00:00,Salem,11.6643,78.146,39.18,Moderate,46.1
2026-08-27 23:00:00,Tirunelveli,8.7139,77.7567,31.61,Moderate,46.31
2026-08-27 23:00:00,Vellore,12.9165,79.1325,15.91,Low,49.21
2026-08-27 23:00:00,Erode,11.341,77.7172,21.47,Low,51.34
2026-08-28 00:00:00,Chennai,13.0827,80.2707,38.03,Moderate,45.53
2026-08-28 00:00:00,Coimbatore,11.0168,76.9558,39.6,Moderate,46.12
2026-08-28 00:00:00,Madurai,9.9252,78.1198,28.94,Low,48.66
2026-08-28 00:00:00,Trichy,10.7905,78.7047,20.31,Low,47.8
2026-08-28 00:00:00,Salem,11.6643,78.146,18.29,Low,46.65
2026-08-28 00:00:00,Tirunelveli,8.7139,77.7567,28.01,Low,41.78
2026-08-28 00:00:00,Vellore,12.9165,79.1325,40.08,Moderate,42.05
2026-08-28 00:00:00,Erode,11.341,77.7172,17.63,Low,58.16
2026-08-28 01:00:00,Chennai,13.0827,80.2707,37.97,Moderate,38.87
2026-08-28 01:00:00,Coimbatore,11.0168,76.9558,19.26,Low,54.91
2026-08-28 01:00:00,Madurai,9.9252,78.1198,24.5,Low,52.94
2026-08-28 01:00:00,Trichy,10.7905,78.7047,37.78,Moderate,48.85
2026-08-28 01:00:00,Salem,11.6643,78.146,38.89,Moderate,42.17
2026-08-28 01:00:00,Tirunelveli,8.7139,77.7567,17.6,Low,53.17
2026-08-28 01:00:00,Vellore,12.9165,79.1325,39.48,Moderate,46.08
2026-08-28 01:00:00,Erode,11.341,77.7172,16.88,Low,54.6
2026-08-28 02:00:00,Chennai,13.0827,80.2707,41.23,Moderate,41.73
2026-08-28 02:00:00,Coimbatore,11.0168,76.9558,24.63,Low,46.04
2026-08-28 02:00:00,Madurai,9.9252,78.1198,23.0,Low,46.47
2026-08-28 02:00:00,Trichy,10.7905,78.7047,27.05,Low,51.15
2026-08-28 02:00:00,Salem,11.6643,78.146,24.87,Low,54.21
2026-08-28 02:00:00,Tirunelveli,8.7139,77.7567,12.89,Low,55.77
2026-08-28 02:00:00,Vellore,12.9165,79.1325,21.96,Low,44.03
2026-08-28 02:00:00,Erode,11.341,77.7172,26.97,Low,46.72
2026-08-28 03:00:00,Chennai,13.0827,80.2707,48.15,Moderate,33.71
2026-08-28 03:00:00,Coimbatore,11.0168,76.9558,26.02,Low,50.48
2026-08-28 03:00:00,Madurai,9.9252,78.1198,35.63,Moderate,41.58
2026-08-28 03:00:00,Trichy,10.7905,78.7047,0.01,Low,55.74
2026-08-28 03:00:00,Salem,11.6643,78.146,22.42,Low,53.91
2026-08-28 03:00:00,Tirunelveli,8.7139,77.7567,37.43,Moderate,46.92
2026-08-28 03:00:00,Vellore,12.9165,79.1325,34.7,Moderate,45.74
2026-08-28 03:00:00,Erode,11.341,77.7172,24.74,Low,50.49
2026-08-28 04:00:00,Chennai,13.0827,80.2707,37.03,Moderate,43.03
2026-08-28 04:00:00,Coimbatore,11.0168,76.9558,29.25,Low,50.82
2026-08-28 04:00:00,Madurai,9.9252,78.1198,17.37,Low,50.29
2026-08-28 04:00:00,Trichy,10.7905,78.7047,34.39,Moderate,43.13
2026-08-28 04:00:00,Salem,11.6643,78.146,26.99,Low,45.21
2026-08-28 04:00:00,Tirunelveli,8.7139,77.7567,15.44,Low,50.12
2026-08-28 04:00:00,Vellore,12.9165,79.1325,21.55,Low,48.26
2026-08-28 04:00:00,Erode,11.341,77.7172,25.51,Low,51.24
2026-08-28 05:00:00,Chennai,13.0827,80.2707,44.76,Moderate,47.66
2026-08-28 05:00:00,Coimbatore,11.0168,76.9558,18.03,Low,53.09
2026-08-28 05:00:00,Madurai,9.9252,78.1198,37.39,Moderate,42.76
2026-08-28 05:00:00,Trichy,10.7905,78.7047,4.82,Low,62.52
2026-08-28 05:00:00,Salem,11.6643,78.146,18.23,Low,47.57
2026-08-28 05:00:00,Tirunelveli,8.7139,77.7567,36.93,Moderate,44.1
2026-08-28 05:00:00,Vellore,12.9165,79.1325,41.19,Moderate,45.9
2026-08-28 05:00:00,Erode,11.341,77.7172,29.29,Low,42.05
2026-08-28 06:00:00,Chennai,13.0827,80.2707,68.13,High,33.2
2026-08-28 06:00:00,Coimbatore,11.0168,76.9558,41.71,Moderate,49.81
2026-08-28 06:00:00,Madurai,9.9252,78.1198,24.04,Low,47.34
2026-08-28 06:00:00,Trichy,10.7905,78.7047,12.91,Low,50.43
2026-08-28 06:00:00,Salem,11.6643,78.146,21.75,Low,55.65
2026-08-28 06:00:00,Tirunelveli,8.7139,77.7567,28.6,Low,46.05
2026-08-28 06:00:00,Vellore,12.9165,79.1325,16.14,Low,53.73
2026-08-28 06:00:00,Erode,11.341,77.7172,28.34,Low,53.86
2026-08-28 07:00:00,Chennai,13.0827,80.2707,76.76,Severe,24.92
2026-08-28 07:00:00,Coimbatore,11.0168,76.9558,60.9,High,33.07
2026-08-28 07:00:00,Madurai,9.9252,78.1198,50.38,Moderate,39.63
2026-08-28 07:00:00,Trichy,10.7905,78.7047,57.53,High,34.4
2026-08-28 07:00:00,Salem,11.6643,78.146,72.05,High,22.81
2026-08-28 07:00:00,Tirunelveli,8.7139,77.7567,73.36,High,27.01
2026-08-28 07:00:00,Vellore,12.9165,79.1325,76.43,Severe,28.52
2026-08-28 07:00:00,Erode,11.341,77.7172,73.36,High,27.63
2026-08-28 08:00:00,Chennai,13.0827,80.2707,72.96,High,32.94
2026-08-28 08:00:00,Coimbatore,11.0168,76.9558,58.01,High,35.4
2026-08-28 08:00:00,Madurai,9.9252,78.1198,57.26,High,34.67
2026-08-28 08:00:00,Trichy,10.7905,78.7047,80.24,Severe,27.81
2026-08-28 08:00:00,Salem,11.6643,78.146,68.47,High,35.06
2026-08-28 08:00:00,Tirunelveli,8.7139,77.7567,69.75,High,29.83
2026-08-28 08:00:00,Vellore,12.9165,79.1325,62.16,High,30.02
2026-08-28 08:00:00,Erode,11.341,77.7172,74.94,High,28.57
2026-08-28 09:00:00,Chennai,13.0827,80.2707,83.52,Severe,21.07
2026-08-28 09:00:00,Coimbatore,11.0168,76.9558,66.71,High,32.12
2026-08-28 09:00:00,Madurai,9.9252,78.1198,54.65,Moderate,37.8
2026-08-28 09:00:00,Trichy,10.7905,78.7047,69.45,High,33.11
2026-08-28 09:00:00,Salem,11.6643,78.146,63.17,High,37.87
2026-08-28 09:00:00,Tirunelveli,8.7139,77.7567,53.08,Moderate,36.91
2026-08-28 09:00:00,Vellore,12.9165,79.1325,69.63,High,30.32
2026-08-28 09:00:00,Erode,11.341,77.7172,62.87,High,35.72
2026-08-28 10:00:00,Chennai,13.0827,80.2707,72.81,High,30.31
2026-08-28 10:00:00,Coimbatore,11.0168,76.9558,74.78,High,25.95
2026-08-28 10:00:00,Madurai,9.9252,78.1198,75.72,Severe,27.7
2026-08-28 10:00:00,Trichy,10.7905,78.7047,65.84,High,33.4
2026-08-28 10:00:00,Salem,11.6643,78.146,72.46,High,29.98
2026-08-28 10:00:00,Tirunelveli,8.7139,77.7567,64.5,High,29.28
2026-08-28 10:00:00,Vellore,12.9165,79.1325,59.31,High,32.43
2026-08-28 10:00:00,Erode,11.341,77.7172,75.95,Severe,23.19
2026-08-28 11:00:00,Chennai,13.0827,80.2707,66.84,High,32.67
2026-08-28 11:00:00,Coimbatore,11.0168,76.9558,56.32,High,33.04
2026-08-28 11:00:00,Madurai,9.9252,78.1198,48.72,Moderate,37.97
2026-08-28 11:00:00,Trichy,10.7905,78.7047,50.35,Moderate,36.91
2026-08-28 11:00:00,Salem,11.6643,78.146,12.77,Low,55.18
2026-08-28 11:00:00,Tirunelveli,8.7139,77.7567,54.79,Moderate,38.8
2026-08-28 11:00:00,Vellore,12.9165,79.1325,54.98,Moderate,35.6
2026-08-28 11:00:00,Erode,11.341,77.7172,53.78,Moderate,35.25
2026-08-28 12:00:00,Chennai,13.0827,80.2707,68.41,High,32.76
2026-08-28 12:00:00,Coimbatore,11.0168,76.9558,49.28,Moderate,34.77
2026-08-28 12:00:00,Madurai,9.9252,78.1198,39.32,Moderate,45.35
2026-08-28 12:00:00,Trichy,10.7905,78.7047,57.76,High,37.53
2026-08-28 12:00:00,Salem,11.6643,78.146,32.73,Moderate,40.28
2026-08-28 12:00:00,Tirunelveli,8.7139,77.7567,62.57,High,33.75
2026-08-28 12:00:00,Vellore,12.9165,79.1325,54.27,Moderate,39.28
2026-08-28 12:00:00,Erode,11.341,77.7172,38.63,Moderate,45.63
2026-08-28 13:00:00,Chennai,13.0827,80.2707,59.15,High,36.3
2026-08-28 13:00:00,Coimbatore,11.0168,76.9558,34.02,Moderate,48.47
2026-08-28 13:00:00,Madurai,9.9252,78.1198,33.16,Moderate,41.16
2026-08-28 13:00:00,Trichy,10.7905,78.7047,40.15,Moderate,39.6
2026-08-28 13:00:00,Salem,11.6643,78.146,44.97,Moderate,45.28
2026-08-28 13:00:00,Tirunelveli,8.7139,77.7567,54.34,Moderate,40.61
2026-08-28 13:00:00,Vellore,12.9165,79.1325,32.6,Moderate,52.09
2026-08-28 13:00:00,Erode,11.341,77.7172,41.71,Moderate,44.42
2026-08-28 14:00:00,Chennai,13.0827,80.2707,63.57,High,33.02
2026-08-28 14:00:00,Coimbatore,11.0168,76.9558,50.55,Moderate,42.88
2026-08-28 14:00:00,Madurai,9.9252,78.1198,52.8,Moderate,39.31
2026-08-28 14:00:00,Trichy,10.7905,78.7047,50.41,Moderate,50.31
2026-08-28 14:00:00,Salem,11.6643,78.146,43.19,Moderate,43.75
2026-08-28 14:00:00,Tirunelveli,8.7139,77.7567,40.33,Moderate,44.04
2026-08-28 14:00:00,Vellore,12.9165,79.1325,45.75,Moderate,39.41
2026-08-28 14:00:00,Erode,11.341,77.7172,41.43,Moderate,39.18
2026-08-28 15:00:00,Chennai,13.0827,80.2707,68.72,High,27.88
2026-08-28 15:00:00,Coimbatore,11.0168,76.9558,82.87,Severe,24.81
2026-08-28 15:00:00,Madurai,9.9252,78.1198,43.42,Moderate,44.32
2026-08-28 15:00:00,Trichy,10.7905,78.7047,47.0,Moderate,38.89
2026-08-28 15:00:00,Salem,11.6643,78.146,43.89,Moderate,39.55
2026-08-28 15:00:00,Tirunelveli,8.7139,77.7567,40.91,Moderate,42.52
2026-08-28 15:00:00,Vellore,12.9165,79.1325,57.46,High,34.3
2026-08-28 15:00:00,Erode,11.341,77.7172,50.24,Moderate,43.01
2026-08-28 16:00:00,Chennai,13.0827,80.2707,84.3,Severe,28.47
2026-08-28 16:00:00,Coimbatore,11.0168,76.9558,47.42,Moderate,40.83
2026-08-28 16:00:00,Madurai,9.9252,78.1198,46.04,Moderate,35.4
2026-08-28 16:00:00,Trichy,10.7905,78.7047,45.15,Moderate,44.23
2026-08-28 16:00:00,Salem,11.6643,78.146,49.81,Moderate,34.68
2026-08-28 16:00:00,Tirunelveli,8.7139,77.7567,47.41,Moderate,36.23
2026-08-28 16:00:00,Vellore,12.9165,79.1325,60.45,High,29.25
2026-08-28 16:00:00,Erode,11.341,77.7172,32.66,Moderate,48.31
2026-08-28 17:00:00,Chennai,13.0827,80.2707,73.61,High,28.62
2026-08-28 17:00:00,Coimbatore,11.0168,76.9558,55.51,High,35.45
2026-08-28 17:00:00,Madurai,9.9252,78.1198,69.17,High,27.86
2026-08-28 17:00:00,Trichy,10.7905,78.7047,72.76,High,29.96
2026-08-28 17:00:00,Salem,11.6643,78.146,59.41,High,35.91
2026-08-28 17:00:00,Tirunelveli,8.7139,77.7567,75.06,Severe,26.62
2026-08-28 17:00:00,Vellore,12.9165,79.1325,73.91,High,27.33
2026-08-28 17:00:00,Erode,11.341,77.7172,56.81,High,36.32
2026-08-28 18:00:00,Chennai,13.0827,80.2707,67.52,High,32.78
2026-08-28 18:00:00,Coimbatore,11.0168,76.9558,76.0,Severe,25.35
2026-08-28 18:00:00,Madurai,9.9252,78.1198,57.61,High,34.23
2026-08-28 18:00:00,Trichy,10.7905,78.7047,49.08,Moderate,39.53
2026-08-28 18:00:00,Salem,11.6643,78.146,50.32,Moderate,38.96
2026-08-28 18:00:00,Tirunelveli,8.7139,77.7567,76.14,Severe,32.87
2026-08-28 18:00:00,Vellore,12.9165,79.1325,71.41,High,27.77
2026-08-28 18:00:00,Erode,11.341,77.7172,61.3,High,29.59
2026-08-28 19:00:00,Chennai,13.0827,80.2707,94.14,Severe,20.88
2026-08-28 19:00:00,Coimbatore,11.0168,76.9558,70.1,High,32.2
2026-08-28 19:00:00,Madurai,9.9252,78.1198,61.79,High,38.82
2026-08-28 19:00:00,Trichy,10.7905,78.7047,50.7,Moderate,44.7
2026-08-28 19:00:00,Salem,11.6643,78.146,58.83,High,29.46
2026-08-28 19:00:00,Tirunelveli,8.7139,77.7567,82.02,Severe,23.85
2026-08-28 19:00:00,Vellore,12.9165,79.1325,31.41,Moderate,44.11
2026-08-28 19:00:00,Erode,11.341,77.7172,75.72,Severe,31.01
2026-08-28 20:00:00,Chennai,13.0827,80.2707,92.48,Severe,22.32
2026-08-28 20:00:00,Coimbatore,11.0168,76.9558,63.35,High,37.3
2026-08-28 20:00:00,Madurai,9.9252,78.1198,65.25,High,32.85
2026-08-28 20:00:00,Trichy,10.7905,78.7047,61.94,High,35.33
2026-08-28 20:00:00,Salem,11.6643,78.146,61.52,High,35.85
2026-08-28 20:00:00,Tirunelveli,8.7139,77.7567,79.2,Severe,28.29
2026-08-28 20:00:00,Vellore,12.9165,79.1325,61.09,High,37.87
2026-08-28 20:00:00,Erode,11.341,77.7172,50.94,Moderate,37.45
2026-08-28 21:00:00,Chennai,13.0827,80.2707,72.48,High,24.59
2026-08-28 21:00:00,Coimbatore,11.0168,76.9558,44.25,Moderate,38.78
2026-08-28 21:00:00,Madurai,9.9252,78.1198,70.29,High,33.17
2026-08-28 21:00:00,Trichy,10.7905,78.7047,73.03,High,27.36
2026-08-28 21:00:00,Salem,11.6643,78.146,69.62,High,31.14
2026-08-28 21:00:00,Tirunelveli,8.7139,77.7567,66.87,High,30.46
2026-08-28 21:00:00,Vellore,12.9165,79.1325,85.49,Severe,28.56
2026-08-28 21:00:00,Erode,11.341,77.7172,77.92,Severe,30.42
2026-08-28 22:00:00,Chennai,13.0827,80.2707,35.51,Moderate,44.02
2026-08-28 22:00:00,Coimbatore,11.0168,76.9558,32.8,Moderate,43.94
2026-08-28 22:00:00,Madurai,9.9252,78.1198,16.76,Low,55.28
2026-08-28 22:00:00,Trichy,10.7905,78.7047,32.28,Moderate,38.9
2026-08-28 22:00:00,Salem,11.6643,78.146,22.96,Low,55.27
2026-08-28 22:00:00,Tirunelveli,8.7139,77.7567,14.16,Low,57.45
2026-08-28 22:00:00,Vellore,12.9165,79.1325,21.19,Low,43.37
2026-08-28 22:00:00,Erode,11.341,77.7172,27.2,Low,46.06
2026-08-28 23:00:00,Chennai,13.0827,80.2707,39.53,Moderate,41.56
2026-08-28 23:00:00,Coimbatore,11.0168,76.9558,7.55,Low,61.12
2026-08-28 23:00:00,Madurai,9.9252,78.1198,8.64,Low,54.82
2026-08-28 23:00:00,Trichy,10.7905,78.7047,34.97,Moderate,45.84
2026-08-28 23:00:00,Salem,11.6643,78.146,23.75,Low,52.22
2026-08-28 23:00:00,Tirunelveli,8.7139,77.7567,35.7,Moderate,44.27
2026-08-28 23:00:00,Vellore,12.9165,79.1325,40.88,Moderate,44.96
2026-08-28 23:00:00,Erode,11.341,77.7172,23.39,Low,49.8
2026-08-29 00:00:00,Chennai,13.0827,80.2707,25.12,Low,50.01
2026-08-29 00:00:00,Coimbatore,11.0168,76.9558,0.97,Low,63.17
2026-08-29 00:00:00,Madurai,9.9252,78.1198,30.88,Moderate,46.39
2026-08-29 00:00:00,Trichy,10.7905,78.7047,2.09,Low,60.94
2026-08-29 00:00:00,Salem,11.6643,78.146,16.09,Low,56.22
2026-08-29 00:00:00,Tirunelveli,8.7139,77.7567,13.52,Low,54.57
2026-08-29 00:00:00,Vellore,12.9165,79.1325,23.06,Low,49.72
2026-08-29 00:00:00,Erode,11.341,77.7172,0.0,Low,61.39
2026-08-29 01:00:00,Chennai,13.0827,80.2707,31.73,Moderate,50.58
2026-08-29 01:00:00,Coimbatore,11.0168,76.9558,23.49,Low,50.58
2026-08-29 01:00:00,Madurai,9.9252,78.1198,21.12,Low,48.47
2026-08-29 01:00:00,Trichy,10.7905,78.7047,0.0,Low,59.44
2026-08-29 01:00:00,Salem,11.6643,78.146,21.35,Low,52.34
2026-08-29 01:00:00,Tirunelveli,8.7139,77.7567,12.06,Low,54.48
2026-08-29 01:00:00,Vellore,12.9165,79.1325,14.35,Low,49.22
2026-08-29 01:00:00,Erode,11.341,77.7172,8.72,Low,62.26
2026-08-29 02:00:00,Chennai,13.0827,80.2707,38.52,Moderate,41.08
2026-08-29 02:00:00,Coimbatore,11.0168,76.9558,28.14,Low,43.08
2026-08-29 02:00:00,Madurai,9.9252,78.1198,13.77,Low,50.55
2026-08-29 02:00:00,Trichy,10.7905,78.7047,0.0,Low,62.24
2026-08-29 02:00:00,Salem,11.6643,78.146,22.62,Low,52.93
2026-08-29 02:00:00,Tirunelveli,8.7139,77.7567,6.28,Low,57.92
2026-08-29 02:00:00,Vellore,12.9165,79.1325,7.65,Low,52.63
2026-08-29 02:00:00,Erode,11.341,77.7172,2.68,Low,63.29
2026-08-29 03:00:00,Chennai,13.0827,80.2707,38.06,Moderate,50.6
2026-08-29 03:00:00,Coimbatore,11.0168,76.9558,1.82,Low,59.36
2026-08-29 03:00:00,Madurai,9.9252,78.1198,2.39,Low,54.38
2026-08-29 03:00:00,Trichy,10.7905,78.7047,15.43,Low,58.08
2026-08-29 03:00:00,Salem,11.6643,78.146,13.21,Low,56.33
2026-08-29 03:00:00,Tirunelveli,8.7139,77.7567,8.56,Low,56.54
2026-08-29 03:00:00,Vellore,12.9165,79.1325,22.84,Low,52.42
2026-08-29 03:00:00,Erode,11.341,77.7172,6.34,Low,53.01
2026-08-29 04:00:00,Chennai,13.0827,80.2707,38.62,Moderate,45.83
2026-08-29 04:00:00,Coimbatore,11.0168,76.9558,23.14,Low,54.32
2026-08-29 04:00:00,Madurai,9.9252,78.1198,12.29,Low,58.75
2026-08-29 04:00:00,Trichy,10.7905,78.7047,21.63,Low,52.4
2026-08-29 04:00:00,Salem,11.6643,78.146,26.34,Low,45.18
2026-08-29 04:00:00,Tirunelveli,8.7139,77.7567,35.08,Moderate,49.86
2026-08-29 04:00:00,Vellore,12.9165,79.1325,38.38,Moderate,45.93
2026-08-29 04:00:00,Erode,11.341,77.7172,15.84,Low,54.45
2026-08-29 05:00:00,Chennai,13.0827,80.2707,40.46,Moderate,42.83
2026-08-29 05:00:00,Coimbatore,11.0168,76.9558,22.5,Low,44.56
2026-08-29 05:00:00,Madurai,9.9252,78.1198,31.56,Moderate,50.97
2026-08-29 05:00:00,Trichy,10.7905,78.7047,11.47,Low,51.64
2026-08-29 05:00:00,Salem,11.6643,78.146,8.35,Low,57.76
2026-08-29 05:00:00,Tirunelveli,8.7139,77.7567,8.06,Low,56.28
2026-08-29 05:00:00,Vellore,12.9165,79.1325,12.07,Low,53.75
2026-08-29 05:00:00,Erode,11.341,77.7172,18.48,Low,50.62
2026-08-29 06:00:00,Chennai,13.0827,80.2707,21.89,Low,47.78
2026-08-29 06:00:00,Coimbatore,11.0168,76.9558,5.39,Low,62.58
2026-08-29 06:00:00,Madurai,9.9252,78.1198,19.25,Low,51.71
2026-08-29 06:00:00,Trichy,10.7905,78.7047,31.93,Moderate,46.48
2026-08-29 06:00:00,Salem,11.6643,78.146,1.19,Low,64.76
2026-08-29 06:00:00,Tirunelveli,8.7139,77.7567,6.05,Low,60.66
2026-08-29 06:00:00,Vellore,12.9165,79.1325,9.27,Low,53.41
2026-08-29 06:00:00,Erode,11.341,77.7172,27.85,Low,44.16
2026-08-29 07:00:00,Chennai,13.0827,80.2707,65.74,High,33.91
2026-08-29 07:00:00,Coimbatore,11.0168,76.9558,50.52,Moderate,32.35
2026-08-29 07:00:00,Madurai,9.9252,78.1198,49.04,Moderate,38.86
2026-08-29 07:00:00,Trichy,10.7905,78.7047,53.61,Moderate,36.97
2026-08-29 07:00:00,Salem,11.6643,78.146,46.89,Moderate,39.82
2026-08-29 07:00:00,Tirunelveli,8.7139,77.7567,60.49,High,32.86
2026-08-29 07:00:00,Vellore,12.9165,79.1325,61.22,High,34.25
2026-08-29 07:00:00,Erode,11.341,77.7172,43.87,Moderate,40.83
2026-08-29 08:00:00,Chennai,13.0827,80.2707,76.73,Severe,26.48
2026-08-29 08:00:00,Coimbatore,11.0168,76.9558,48.01,Moderate,41.71
2026-08-29 08:00:00,Madurai,9.9252,78.1198,55.6,High,33.08
2026-08-29 08:00:00,Trichy,10.7905,78.7047,58.73,High,41.37
2026-08-29 08:00:00,Salem,11.6643,78.146,42.43,Moderate,43.98
2026-08-29 08:00:00,Tirunelveli,8.7139,77.7567,66.56,High,30.82
2026-08-29 08:00:00,Vellore,12.9165,79.1325,69.88,High,35.56
2026-08-29 08:00:00,Erode,11.341,77.7172,35.49,Moderate,45.6
2026-08-29 09:00:00,Chennai,13.0827,80.2707,82.41,Severe,30.22
2026-08-29 09:00:00,Coimbatore,11.0168,76.9558,60.97,High,32.97
2026-08-29 09:00:00,Madurai,9.9252,78.1198,65.3,High,31.84
2026-08-29 09:00:00,Trichy,10.7905,78.7047,63.81,High,31.94
2026-08-29 09:00:00,Salem,11.6643,78.146,70.22,High,34.97
2026-08-29 09:00:00,Tirunelveli,8.7139,77.7567,61.72,High,35.31
2026-08-29 09:00:00,Vellore,12.9165,79.1325,53.07,Moderate,34.24
2026-08-29 09:00:00,Erode,11.341,77.7172,63.33,High,31.6
2026-08-29 10:00:00,Chennai,13.0827,80.2707,53.86,Moderate,37.5
2026-08-29 10:00:00,Coimbatore,11.0168,76.9558,64.67,High,35.19
2026-08-29 10:00:00,Madurai,9.9252,78.1198,43.51,Moderate,41.2
2026-08-29 10:00:00,Trichy,10.7905,78.7047,58.11,High,31.92
2026-08-29 10:00:00,Salem,11.6643,78.146,68.26,High,27.24
2026-08-29 10:00:00,Tirunelveli,8.7139,77.7567,72.54,High,32.49
2026-08-29 10:00:00,Vellore,12.9165,79.1325,49.85,Moderate,39.97
2026-08-29 10:00:00,Erode,11.341,77.7172,74.71,High,28.6
2026-08-29 11:00:00,Chennai,13.0827,80.2707,45.81,Moderate,41.48
2026-08-29 11:00:00,Coimbatore,11.0168,76.9558,23.76,Low,52.77
2026-08-29 11:00:00,Madurai,9.9252,78.1198,43.57,Moderate,43.85
2026-08-29 11:00:00,Trichy,10.7905,78.7047,27.86,Low,44.33
2026-08-29 11:00:00,Salem,11.6643,78.146,47.39,Moderate,39.82
2026-08-29 11:00:00,Tirunelveli,8.7139,77.7567,26.53,Low,52.85
2026-08-29 11:00:00,Vellore,12.9165,79.1325,37.73,Moderate,47.23
2026-08-29 11:00:00,Erode,11.341,77.7172,41.08,Moderate,38.56
2026-08-29 12:00:00,Chennai,13.0827,80.2707,81.33,Severe,27.38
2026-08-29 12:00:00,Coimbatore,11.0168,76.9558,37.61,Moderate,44.9
2026-08-29 12:00:00,Madurai,9.9252,78.1198,29.0,Low,52.69
2026-08-29 12:00:00,Trichy,10.7905,78.7047,28.77,Low,48.16
2026-08-29 12:00:00,Salem,11.6643,78.146,41.25,Moderate,46.13
2026-08-29 12:00:00,Tirunelveli,8.7139,77.7567,43.44,Moderate,38.9
2026-08-29 12:00:00,Vellore,12.9165,79.1325,23.17,Low,45.39
2026-08-29 12:00:00,Erode,11.341,77.7172,28.47,Low,50.02
2026-08-29 13:00:00,Chennai,13.0827,80.2707,51.82,Moderate,43.06
2026-08-29 13:00:00,Coimbatore,11.0168,76.9558,20.67,Low,54.85
2026-08-29 13:00:00,Madurai,9.9252,78.1198,36.79,Moderate,38.49
2026-08-29 13:00:00,Trichy,10.7905,78.7047,30.44,Moderate,46.45
2026-08-29 13:00:00,Salem,11.6643,78.146,44.64,Moderate,43.38
2026-08-29 13:00:00,Tirunelveli,8.7139,77.7567,28.29,Low,45.77
2026-08-29 13:00:00,Vellore,12.9165,79.1325,42.83,Moderate,40.0
2026-08-29 13:00:00,Erode,11.341,77.7172,19.87,Low,52.08
2026-08-29 14:00:00,Chennai,13.0827,80.2707,63.2,High,34.14
2026-08-29 14:00:00,Coimbatore,11.0168,76.9558,44.11,Moderate,41.09
2026-08-29 14:00:00,Madurai,9.9252,78.1198,34.03,Moderate,42.83
2026-08-29 14:00:00,Trichy,10.7905,78.7047,39.3,Moderate,41.29
2026-08-29 14:00:00,Salem,11.6643,78.146,37.09,Moderate,43.04
2026-08-29 14:00:00,Tirunelveli,8.7139,77.7567,34.93,Moderate,44.1
2026-08-29 14:00:00,Vellore,12.9165,79.1325,27.64,Low,46.2
2026-08-29 14:00:00,Erode,11.341,77.7172,15.42,Low,55.74
2026-08-29 15:00:00,Chennai,13.0827,80.2707,53.89,Moderate,39.89
2026-08-29 15:00:00,Coimbatore,11.0168,76.9558,31.8,Moderate,42.46
2026-08-29 15:00:00,Madurai,9.9252,78.1198,48.53,Moderate,34.91
2026-08-29 15:00:00,Trichy,10.7905,78.7047,33.0,Moderate,42.97
2026-08-29 15:00:00,Salem,11.6643,78.146,45.32,Moderate,45.82
2026-08-29 15:00:00,Tirunelveli,8.7139,77.7567,28.48,Low,46.96
2026-08-29 15:00:00,Vellore,12.9165,79.1325,34.58,Moderate,45.82
2026-08-29 15:00:00,Erode,11.341,77.7172,34.37,Moderate,44.18
2026-08-29 16:00:00,Chennai,13.0827,80.2707,63.2,High,38.72
2026-08-29 16:00:00,Coimbatore,11.0168,76.9558,35.53,Moderate,45.93
2026-08-29 16:00:00,Madurai,9.9252,78.1198,30.59,Moderate,50.55
2026-08-29 16:00:00,Trichy,10.7905,78.7047,36.17,Moderate,41.74
2026-08-29 16:00:00,Salem,11.6643,78.146,45.66,Moderate,42.77
2026-08-29 16:00:00,Tirunelveli,8.7139,77.7567,44.21,Moderate,43.21
2026-08-29 16:00:00,Vellore,12.9165,79.1325,29.14,Low,51.59
2026-08-29 16:00:00,Erode,11.341,77.7172,45.33,Moderate,42.01
2026-08-29 17:00:00,Chennai,13.0827,80.2707,68.82,High,32.67
2026-08-29 17:00:00,Coimbatore,11.0168,76.9558,47.02,Moderate,41.82
2026-08-29 17:00:00,Madurai,9.9252,78.1198,69.58,High,32.68
2026-08-29 17:00:00,Trichy,10.7905,78.7047,53.97,Moderate,32.07
2026-08-29 17:00:00,Salem,11.6643,78.146,57.99,High,32.8
2026-08-29 17:00:00,Tirunelveli,8.7139,77.7567,74.36,High,30.42
2026-08-29 17:00:00,Vellore,12.9165,79.1325,41.53,Moderate,43.06
2026-08-29 17:00:00,Erode,11.341,77.7172,47.34,Moderate,37.0
2026-08-29 18:00:00,Chennai,13.0827,80.2707,61.38,High,32.3
2026-08-29 18:00:00,Coimbatore,11.0168,76.9558,61.86,High,30.09
2026-08-29 18:00:00,Madurai,9.9252,78.1198,44.53,Moderate,40.91
2026-08-29 18:00:00,Trichy,10.7905,78.7047,60.54,High,40.41
2026-08-29 18:00:00,Salem,11.6643,78.146,47.84,Moderate,39.75
2026-08-29 18:00:00,Tirunelveli,8.7139,77.7567,62.11,High,34.82
2026-08-29 18:00:00,Vellore,12.9165,79.1325,46.18,Moderate,40.42
2026-08-29 18:00:00,Erode,11.341,77.7172,76.51,Severe,27.83
2026-08-29 19:00:00,Chennai,13.0827,80.2707,62.55,High,35.54
2026-08-29 19:00:00,Coimbatore,11.0168,76.9558,57.28,High,38.26
2026-08-29 19:00:00,Madurai,9.9252,78.1198,63.97,High,41.78
2026-08-29 19:00:00,Trichy,10.7905,78.7047,36.35,Moderate,43.86
2026-08-29 19:00:00,Salem,11.6643,78.146,59.3,High,30.82
2026-08-29 19:00:00,Tirunelveli,8.7139,77.7567,57.99,High,38.3
2026-08-29 19:00:00,Vellore,12.9165,79.1325,57.54,High,34.18
2026-08-29 19:00:00,Erode,11.341,77.7172,54.73,Moderate,40.02
2026-08-29 20:00:00,Chennai,13.0827,80.2707,60.56,High,37.49
2026-08-29 20:00:00,Coimbatore,11.0168,76.9558,55.85,High,37.82
2026-08-29 20:00:00,Madurai,9.9252,78.1198,57.34,High,38.59
2026-08-29 20:00:00,Trichy,10.7905,78.7047,60.14,High,33.87
2026-08-29 20:00:00,Salem,11.6643,78.146,54.57,Moderate,39.08
2026-08-29 20:00:00,Tirunelveli,8.7139,77.7567,60.26,High,33.56
2026-08-29 20:00:00,Vellore,12.9165,79.1325,59.63,High,39.21
2026-08-29 20:00:00,Erode,11.341,77.7172,51.41,Moderate,42.69
2026-08-29 21:00:00,Chennai,13.0827,80.2707,78.67,Severe,26.68
2026-08-29 21:00:00,Coimbatore,11.0168,76.9558,34.7,Moderate,44.43
2026-08-29 21:00:00,Madurai,9.9252,78.1198,45.91,Moderate,41.94
2026-08-29 21:00:00,Trichy,10.7905,78.7047,46.52,Moderate,44.16
2026-08-29 21:00:00,Salem,11.6643,78.146,54.82,Moderate,34.78
2026-08-29 21:00:00,Tirunelveli,8.7139,77.7567,54.35,Moderate,34.21
2026-08-29 21:00:00,Vellore,12.9165,79.1325,44.51,Moderate,35.68
2026-08-29 21:00:00,Erode,11.341,77.7172,49.91,Moderate,36.23
2026-08-29 22:00:00,Chennai,13.0827,80.2707,22.58,Low,52.43
2026-08-29 22:00:00,Coimbatore,11.0168,76.9558,3.33,Low,54.56
2026-08-29 22:00:00,Madurai,9.9252,78.1198,9.52,Low,54.98
2026-08-29 22:00:00,Trichy,10.7905,78.7047,0.0,Low,57.55
2026-08-29 22:00:00,Salem,11.6643,78.146,11.56,Low,55.53
2026-08-29 22:00:00,Tirunelveli,8.7139,77.7567,0.0,Low,56.26
2026-08-29 22:00:00,Vellore,12.9165,79.1325,34.12,Moderate,44.87
2026-08-29 22:00:00,Erode,11.341,77.7172,31.92,Moderate,54.27
2026-08-29 23:00:00,Chennai,13.0827,80.2707,26.01,Low,46.44
2026-08-29 23:00:00,Coimbatore,11.0168,76.9558,19.59,Low,52.46
2026-08-29 23:00:00,Madurai,9.9252,78.1198,0.0,Low,59.21
2026-08-29 23:00:00,Trichy,10.7905,78.7047,10.63,Low,57.84
2026-08-29 23:00:00,Salem,11.6643,78.146,5.09,Low,54.19
2026-08-29 23:00:00,Tirunelveli,8.7139,77.7567,25.22,Low,51.79
2026-08-29 23:00:00,Vellore,12.9165,79.1325,30.46,Moderate,49.95
2026-08-29 23:00:00,Erode,11.341,77.7172,2.25,Low,62.97
2026-08-30 00:00:00,Chennai,13.0827,80.2707,27.38,Low,49.6
2026-08-30 00:00:00,Coimbatore,11.0168,76.9558,1.96,Low,57.66
2026-08-30 00:00:00,Madurai,9.9252,78.1198,17.96,Low,52.88
2026-08-30 00:00:00,Trichy,10.7905,78.7047,16.05,Low,51.48
2026-08-30 00:00:00,Salem,11.6643,78.146,17.04,Low,54.06
2026-08-30 00:00:00,Tirunelveli,8.7139,77.7567,10.38,Low,58.73
2026-08-30 00:00:00,Vellore,12.9165,79.1325,20.49,Low,51.57
2026-08-30 00:00:00,Erode,11.341,77.7172,19.56,Low,52.78
2026-08-30 01:00:00,Chennai,13.0827,80.2707,35.15,Moderate,44.64
2026-08-30 01:00:00,Coimbatore,11.0168,76.9558,25.44,Low,44.03
2026-08-30 01:00:00,Madurai,9.9252,78.1198,8.2,Low,53.92
2026-08-30 01:00:00,Trichy,10.7905,78.7047,9.18,Low,56.35
2026-08-30 01:00:00,Salem,11.6643,78.146,19.14,Low,52.49
2026-08-30 01:00:00,Tirunelveli,8.7139,77.7567,23.15,Low,47.82
2026-08-30 01:00:00,Vellore,12.9165,79.1325,15.04,Low,57.6
2026-08-30 01:00:00,Erode,11.341,77.7172,3.35,Low,64.4
2026-08-30 02:00:00,Chennai,13.0827,80.2707,28.78,Low,53.3
2026-08-30 02:00:00,Coimbatore,11.0168,76.9558,13.92,Low,47.29
2026-08-30 02:00:00,Madurai,9.9252,78.1198,4.07,Low,61.06
2026-08-30 02:00:00,Trichy,10.7905,78.7047,7.68,Low,58.26
2026-08-30 02:00:00,Salem,11.6643,78.146,12.73,Low,50.9
2026-08-30 02:00:00,Tirunelveli,8.7139,77.7567,12.68,Low,59.08
2026-08-30 02:00:00,Vellore,12.9165,79.1325,20.0,Low,48.65
2026-08-30 02:00:00,Erode,11.341,77.7172,16.93,Low,53.07
2026-08-30 03:00:00,Chennai,13.0827,80.2707,19.78,Low,55.5
2026-08-30 03:00:00,Coimbatore,11.0168,76.9558,2.63,Low,58.41
2026-08-30 03:00:00,Madurai,9.9252,78.1198,21.66,Low,51.37
2026-08-30 03:00:00,Trichy,10.7905,78.7047,12.95,Low,55.8
2026-08-30 03:00:00,Salem,11.6643,78.146,17.53,Low,58.96
2026-08-30 03:00:00,Tirunelveli,8.7139,77.7567,11.12,Low,57.16
2026-08-30 03:00:00,Vellore,12.9165,79.1325,36.81,Moderate,41.86
2026-08-30 03:00:00,Erode,11.341,77.7172,19.27,Low,57.71
2026-08-30 04:00:00,Chennai,13.0827,80.2707,42.61,Moderate,39.59
2026-08-30 04:00:00,Coimbatore,11.0168,76.9558,17.05,Low,51.89
2026-08-30 04:00:00,Madurai,9.9252,78.1198,0.0,Low,57.83
2026-08-30 04:00:00,Trichy,10.7905,78.7047,14.84,Low,47.03
2026-08-30 04:00:00,Salem,11.6643,78.146,13.98,Low,54.95
2026-08-30 04:00:00,Tirunelveli,8.7139,77.7567,5.08,Low,54.72
2026-08-30 04:00:00,Vellore,12.9165,79.1325,21.09,Low,48.24
2026-08-30 04:00:00,Erode,11.341,77.7172,8.08,Low,55.14
2026-08-30 05:00:00,Chennai,13.0827,80.2707,29.17,Low,50.52
2026-08-30 05:00:00,Coimbatore,11.0168,76.9558,16.37,Low,50.42
2026-08-30 05:00:00,Madurai,9.9252,78.1198,12.91,Low,54.83
2026-08-30 05:00:00,Trichy,10.7905,78.7047,35.48,Moderate,40.21
2026-08-30 05:00:00,Salem,11.6643,78.146,2.58,Low,56.89
2026-08-30 05:00:00,Tirunelveli,8.7139,77.7567,19.7,Low,54.32
2026-08-30 05:00:00,Vellore,12.9165,79.1325,31.2,Moderate,45.67
2026-08-30 05:00:00,Erode,11.341,77.7172,7.55,Low,58.48
2026-08-30 06:00:00,Chennai,13.0827,80.2707,26.6,Low,53.83
2026-08-30 06:00:00,Coimbatore,11.0168,76.9558,17.3,Low,48.78
2026-08-30 06:00:00,Madurai,9.9252,78.1198,19.77,Low,50.63
2026-08-30 06:00:00,Trichy,10.7905,78.7047,16.77,Low,54.46
2026-08-30 06:00:00,Salem,11.6643,78.146,27.58,Low,49.35
2026-08-30 06:00:00,Tirunelveli,8.7139,77.7567,23.73,Low,51.16
2026-08-30 06:00:00,Vellore,12.9165,79.1325,0.0,Low,59.54
2026-08-30 06:00:00,Erode,11.341,77.7172,19.51,Low,50.3
2026-08-30 07:00:00,Chennai,13.0827,80.2707,57.4,High,33.29
2026-08-30 07:00:00,Coimbatore,11.0168,76.9558,50.81,Moderate,40.86
2026-08-30 07:00:00,Madurai,9.9252,78.1198,54.89,Moderate,37.73
2026-08-30 07:00:00,Trichy,10.7905,78.7047,49.99,Moderate,39.52
2026-08-30 07:00:00,Salem,11.6643,78.146,43.74,Moderate,40.95
2026-08-30 07:00:00,Tirunelveli,8.7139,77.7567,56.24,High,33.29
2026-08-30 07:00:00,Vellore,12.9165,79.1325,64.35,High,31.17
2026-08-30 07:00:00,Erode,11.341,77.7172,59.87,High,38.07
2026-08-30 08:00:00,Chennai,13.0827,80.2707,79.77,Severe,18.68
2026-08-30 08:00:00,Coimbatore,11.0168,76.9558,65.47,High,33.3
2026-08-30 08:00:00,Madurai,9.9252,78.1198,53.15,Moderate,42.42
2026-08-30 08:00:00,Trichy,10.7905,78.7047,47.22,Moderate,41.63
2026-08-30 08:00:00,Salem,11.6643,78.146,56.14,High,37.41
2026-08-30 08:00:00,Tirunelveli,8.7139,77.7567,46.98,Moderate,40.22
2026-08-30 08:00:00,Vellore,12.9165,79.1325,48.24,Moderate,38.09
2026-08-30 08:00:00,Erode,11.341,77.7172,51.63,Moderate,39.35
2026-08-30 09:00:00,Chennai,13.0827,80.2707,65.7,High,31.81
2026-08-30 09:00:00,Coimbatore,11.0168,76.9558,43.52,Moderate,37.86
2026-08-30 09:00:00,Madurai,9.9252,78.1198,51.77,Moderate,39.43
2026-08-30 09:00:00,Trichy,10.7905,78.7047,50.34,Moderate,35.18
2026-08-30 09:00:00,Salem,11.6643,78.146,40.67,Moderate,39.78
2026-08-30 09:00:00,Tirunelveli,8.7139,77.7567,52.97,Moderate,37.18
2026-08-30 09:00:00,Vellore,12.9165,79.1325,49.39,Moderate,39.05
2026-08-30 09:00:00,Erode,11.341,77.7172,58.65,High,37.78
2026-08-30 10:00:00,Chennai,13.0827,80.2707,74.96,High,28.11
2026-08-30 10:00:00,Coimbatore,11.0168,76.9558,60.78,High,32.13
2026-08-30 10:00:00,Madurai,9.9252,78.1198,58.77,High,37.29
2026-08-30 10:00:00,Trichy,10.7905,78.7047,64.26,High,33.72
2026-08-30 10:00:00,Salem,11.6643,78.146,52.72,Moderate,38.84
2026-08-30 10:00:00,Tirunelveli,8.7139,77.7567,58.95,High,32.05
2026-08-30 10:00:00,Vellore,12.9165,79.1325,47.58,Moderate,39.83
2026-08-30 10:00:00,Erode,11.341,77.7172,58.94,High,32.05
2026-08-30 11:00:00,Chennai,13.0827,80.2707,55.08,High,34.16
2026-08-30 11:00:00,Coimbatore,11.0168,76.9558,49.21,Moderate,40.24
2026-08-30 11:00:00,Madurai,9.9252,78.1198,34.75,Moderate,45.41
2026-08-30 11:00:00,Trichy,10.7905,78.7047,32.36,Moderate,43.6
2026-08-30 11:00:00,Salem,11.6643,78.146,20.49,Low,53.4
2026-08-30 11:00:00,Tirunelveli,8.7139,77.7567,40.77,Moderate,52.27
2026-08-30 11:00:00,Vellore,12.9165,79.1325,41.52,Moderate,39.82
2026-08-30 11:00:00,Erode,11.341,77.7172,48.72,Moderate,37.29
2026-08-30 12:00:00,Chennai,13.0827,80.2707,54.47,Moderate,35.47
2026-08-30 12:00:00,Coimbatore,11.0168,76.9558,20.88,Low,49.1
2026-08-30 12:00:00,Madurai,9.9252,78.1198,39.07,Moderate,43.7
2026-08-30 12:00:00,Trichy,10.7905,78.7047,34.7,Moderate,43.97
2026-08-30 12:00:00,Salem,11.6643,78.146,19.76,Low,52.37
2026-08-30 12:00:00,Tirunelveli,8.7139,77.7567,21.93,Low,53.66
2026-08-30 12:00:00,Vellore,12.9165,79.1325,11.77,Low,57.03
2026-08-30 12:00:00,Erode,11.341,77.7172,28.85,Low,39.49
2026-08-30 13:00:00,Chennai,13.0827,80.2707,53.9,Moderate,40.41
2026-08-30 13:00:00,Coimbatore,11.0168,76.9558,29.6,Low,46.57
2026-08-30 13:00:00,Madurai,9.9252,78.1198,43.52,Moderate,41.19
2026-08-30 13:00:00,Trichy,10.7905,78.7047,33.02,Moderate,41.96
2026-08-30 13:00:00,Salem,11.6643,78.146,40.61,Moderate,41.4
2026-08-30 13:00:00,Tirunelveli,8.7139,77.7567,21.79,Low,49.8
2026-08-30 13:00:00,Vellore,12.9165,79.1325,35.44,Moderate,44.75
2026-08-30 13:00:00,Erode,11.341,77.7172,27.61,Low,48.99
2026-08-30 14:00:00,Chennai,13.0827,80.2707,43.05,Moderate,45.73
2026-08-30 14:00:00,Coimbatore,11.0168,76.9558,26.99,Low,54.76
2026-08-30 14:00:00,Madurai,9.9252,78.1198,10.89,Low,54.91
2026-08-30 14:00:00,Trichy,10.7905,78.7047,30.73,Moderate,42.21
2026-08-30 14:00:00,Salem,11.6643,78.146,27.41,Low,45.31
2026-08-30 14:00:00,Tirunelveli,8.7139,77.7567,30.41,Moderate,45.32
2026-08-30 14:00:00,Vellore,12.9165,79.1325,39.99,Moderate,45.19
2026-08-30 14:00:00,Erode,11.341,77.7172,51.4,Moderate,34.49
2026-08-30 15:00:00,Chennai,13.0827,80.2707,58.63,High,39.44
2026-08-30 15:00:00,Coimbatore,11.0168,76.9558,28.99,Low,51.58
2026-08-30 15:00:00,Madurai,9.9252,78.1198,19.22,Low,48.26
2026-08-30 15:00:00,Trichy,10.7905,78.7047,52.44,Moderate,43.22
2026-08-30 15:00:00,Salem,11.6643,78.146,33.43,Moderate,43.91
2026-08-30 15:00:00,Tirunelveli,8.7139,77.7567,54.41,Moderate,41.06
2026-08-30 15:00:00,Vellore,12.9165,79.1325,39.71,Moderate,39.62
2026-08-30 15:00:00,Erode,11.341,77.7172,38.51,Moderate,43.79
2026-08-30 16:00:00,Chennai,13.0827,80.2707,50.98,Moderate,36.04
2026-08-30 16:00:00,Coimbatore,11.0168,76.9558,29.96,Low,50.1
2026-08-30 16:00:00,Madurai,9.9252,78.1198,46.36,Moderate,45.45
2026-08-30 16:00:00,Trichy,10.7905,78.7047,22.43,Low,49.54
2026-08-30 16:00:00,Salem,11.6643,78.146,43.24,Moderate,43.34
2026-08-30 16:00:00,Tirunelveli,8.7139,77.7567,36.05,Moderate,46.46
2026-08-30 16:00:00,Vellore,12.9165,79.1325,30.53,Moderate,50.25
2026-08-30 16:00:00,Erode,11.341,77.7172,43.41,Moderate,43.77
2026-08-30 17:00:00,Chennai,13.0827,80.2707,66.04,High,27.52
2026-08-30 17:00:00,Coimbatore,11.0168,76.9558,65.36,High,31.85
2026-08-30 17:00:00,Madurai,9.9252,78.1198,61.32,High,35.35
2026-08-30 17:00:00,Trichy,10.7905,78.7047,73.49,High,32.41
2026-08-30 17:00:00,Salem,11.6643,78.146,55.95,High,32.21
2026-08-30 17:00:00,Tirunelveli,8.7139,77.7567,69.59,High,31.11
2026-08-30 17:00:00,Vellore,12.9165,79.1325,44.7,Moderate,38.47
2026-08-30 17:00:00,Erode,11.341,77.7172,63.34,High,32.92
2026-08-30 18:00:00,Chennai,13.0827,80.2707,66.14,High,37.48
2026-08-30 18:00:00,Coimbatore,11.0168,76.9558,40.97,Moderate,44.99
2026-08-30 18:00:00,Madurai,9.9252,78.1198,41.85,Moderate,42.1
2026-08-30 18:00:00,Trichy,10.7905,78.7047,51.17,Moderate,38.16
2026-08-30 18:00:00,Salem,11.6643,78.146,48.12,Moderate,41.55
2026-08-30 18:00:00,Tirunelveli,8.7139,77.7567,78.22,Severe,25.43
2026-08-30 18:00:00,Vellore,12.9165,79.1325,58.39,High,34.77
2026-08-30 18:00:00,Erode,11.341,77.7172,62.62,High,30.4
2026-08-30 19:00:00,Chennai,13.0827,80.2707,62.84,High,33.71
2026-08-30 19:00:00,Coimbatore,11.0168,76.9558,72.19,High,29.03
2026-08-30 19:00:00,Madurai,9.9252,78.1198,56.53,High,33.75
2026-08-30 19:00:00,Trichy,10.7905,78.7047,61.0,High,29.85
2026-08-30 19:00:00,Salem,11.6643,78.146,49.68,Moderate,37.45
2026-08-30 19:00:00,Tirunelveli,8.7139,77.7567,40.76,Moderate,42.27
2026-08-30 19:00:00,Vellore,12.9165,79.1325,67.16,High,31.5
2026-08-30 19:00:00,Erode,11.341,77.7172,60.1,High,36.83
2026-08-30 20:00:00,Chennai,13.0827,80.2707,92.29,Severe,25.7
2026-08-30 20:00:00,Coimbatore,11.0168,76.9558,40.63,Moderate,41.7
2026-08-30 20:00:00,Madurai,9.9252,78.1198,60.34,High,35.12
2026-08-30 20:00:00,Trichy,10.7905,78.7047,65.35,High,31.8
2026-08-30 20:00:00,Salem,11.6643,78.146,60.32,High,32.4
2026-08-30 20:00:00,Tirunelveli,8.7139,77.7567,45.63,Moderate,34.39
2026-08-30 20:00:00,Vellore,12.9165,79.1325,55.24,High,36.83
2026-08-30 20:00:00,Erode,11.341,77.7172,55.14,High,34.6
2026-08-30 21:00:00,Chennai,13.0827,80.2707,80.5,Severe,29.9
2026-08-30 21:00:00,Coimbatore,11.0168,76.9558,36.87,Moderate,47.13
2026-08-30 21:00:00,Madurai,9.9252,78.1198,48.4,Moderate,35.26
2026-08-30 21:00:00,Trichy,10.7905,78.7047,66.12,High,28.83
2026-08-30 21:00:00,Salem,11.6643,78.146,50.38,Moderate,38.48
2026-08-30 21:00:00,Tirunelveli,8.7139,77.7567,52.2,Moderate,40.25
2026-08-30 21:00:00,Vellore,12.9165,79.1325,41.91,Moderate,41.48
2026-08-30 21:00:00,Erode,11.341,77.7172,42.9,Moderate,43.3
2026-08-30 22:00:00,Chennai,13.0827,80.2707,8.76,Low,57.33
2026-08-30 22:00:00,Coimbatore,11.0168,76.9558,5.76,Low,55.48
2026-08-30 22:00:00,Madurai,9.9252,78.1198,15.87,Low,52.59
2026-08-30 22:00:00,Trichy,10.7905,78.7047,0.0,Low,55.29
2026-08-30 22:00:00,Salem,11.6643,78.146,0.0,Low,59.77
2026-08-30 22:00:00,Tirunelveli,8.7139,77.7567,36.8,Moderate,47.25
2026-08-30 22:00:00,Vellore,12.9165,79.1325,4.47,Low,53.82
2026-08-30 22:00:00,Erode,11.341,77.7172,13.39,Low,54.2
2026-08-30 23:00:00,Chennai,13.0827,80.2707,12.61,Low,51.37
2026-08-30 23:00:00,Coimbatore,11.0168,76.9558,19.5,Low,53.94
2026-08-30 23:00:00,Madurai,9.9252,78.1198,11.12,Low,58.17
2026-08-30 23:00:00,Trichy,10.7905,78.7047,16.54,Low,53.82
2026-08-30 23:00:00,Salem,11.6643,78.146,15.36,Low,52.7
2026-08-30 23:00:00,Tirunelveli,8.7139,77.7567,5.18,Low,59.87
2026-08-30 23:00:00,Vellore,12.9165,79.1325,24.22,Low,46.15
2026-08-30 23:00:00,Erode,11.341,77.7172,20.86,Low,57.4
2026-08-31 00:00:00,Chennai,13.0827,80.2707,48.83,Moderate,45.85
2026-08-31 00:00:00,Coimbatore,11.0168,76.9558,28.51,Low,50.04
2026-08-31 00:00:00,Madurai,9.9252,78.1198,23.62,Low,48.42
2026-08-31 00:00:00,Trichy,10.7905,78.7047,24.25,Low,47.98
2026-08-31 00:00:00,Salem,11.6643,78.146,16.51,Low,50.31
2026-08-31 00:00:00,Tirunelveli,8.7139,77.7567,31.75,Moderate,47.22
2026-08-31 00:00:00,Vellore,12.9165,79.1325,8.5,Low,53.54
2026-08-31 00:00:00,Erode,11.341,77.7172,21.8,Low,49.65
2026-08-31 01:00:00,Chennai,13.0827,80.2707,24.23,Low,48.71
2026-08-31 01:00:00,Coimbatore,11.0168,76.9558,27.84,Low,49.42
2026-08-31 01:00:00,Madurai,9.9252,78.1198,38.99,Moderate,42.18
2026-08-31 01:00:00,Trichy,10.7905,78.7047,27.35,Low,49.32
2026-08-31 01:00:00,Salem,11.6643,78.146,31.15,Moderate,49.52
2026-08-31 01:00:00,Tirunelveli,8.7139,77.7567,12.32,Low,48.47
2026-08-31 01:00:00,Vellore,12.9165,79.1325,3.1,Low,55.35
2026-08-31 01:00:00,Erode,11.341,77.7172,29.34,Low,49.85
2026-08-31 02:00:00,Chennai,13.0827,80.2707,34.68,Moderate,47.22
2026-08-31 02:00:00,Coimbatore,11.0168,76.9558,28.4,Low,46.13
2026-08-31 02:00:00,Madurai,9.9252,78.1198,19.29,Low,51.88
2026-08-31 02:00:00,Trichy,10.7905,78.7047,27.78,Low,49.17
2026-08-31 02:00:00,Salem,11.6643,78.146,24.3,Low,52.75
2026-08-31 02:00:00,Tirunelveli,8.7139,77.7567,32.1,Moderate,44.26
2026-08-31 02:00:00,Vellore,12.9165,79.1325,13.01,Low,49.21
2026-08-31 02:00:00,Erode,11.341,77.7172,42.99,Moderate,44.06
2026-08-31 03:00:00,Chennai,13.0827,80.2707,34.68,Moderate,45.6
2026-08-31 03:00:00,Coimbatore,11.0168,76.9558,28.87,Low,47.39
2026-08-31 03:00:00,Madurai,9.9252,78.1198,0.0,Low,60.57
2026-08-31 03:00:00,Trichy,10.7905,78.7047,16.51,Low,52.8
2026-08-31 03:00:00,Salem,11.6643,78.146,26.05,Low,44.94
2026-08-31 03:00:00,Tirunelveli,8.7139,77.7567,24.1,Low,49.7
2026-08-31 03:00:00,Vellore,12.9165,79.1325,37.36,Moderate,45.08
2026-08-31 03:00:00,Erode,11.341,77.7172,18.46,Low,53.93
2026-08-31 04:00:00,Chennai,13.0827,80.2707,45.75,Moderate,38.47
2026-08-31 04:00:00,Coimbatore,11.0168,76.9558,36.15,Moderate,50.77
2026-08-31 04:00:00,Madurai,9.9252,78.1198,40.31,Moderate,41.44
2026-08-31 04:00:00,Trichy,10.7905,78.7047,31.01,Moderate,46.18
2026-08-31 04:00:00,Salem,11.6643,78.146,37.99,Moderate,45.44
2026-08-31 04:00:00,Tirunelveli,8.7139,77.7567,18.76,Low,53.53
2026-08-31 04:00:00,Vellore,12.9165,79.1325,21.64,Low,52.04
2026-08-31 04:00:00,Erode,11.341,77.7172,34.6,Moderate,45.77
2026-08-31 05:00:00,Chennai,13.0827,80.2707,46.37,Moderate,37.96
2026-08-31 05:00:00,Coimbatore,11.0168,76.9558,10.13,Low,54.44
2026-08-31 05:00:00,Madurai,9.9252,78.1198,9.65,Low,52.52
2026-08-31 05:00:00,Trichy,10.7905,78.7047,15.65,Low,55.75
2026-08-31 05:00:00,Salem,11.6643,78.146,31.25,Moderate,44.2
2026-08-31 05:00:00,Tirunelveli,8.7139,77.7567,20.33,Low,51.22
2026-08-31 05:00:00,Vellore,12.9165,79.1325,30.67,Moderate,42.92
2026-08-31 05:00:00,Erode,11.341,77.7172,32.98,Moderate,43.58
2026-08-31 06:00:00,Chennai,13.0827,80.2707,43.3,Moderate,42.19
2026-08-31 06:00:00,Coimbatore,11.0168,76.9558,11.01,Low,53.78
2026-08-31 06:00:00,Madurai,9.9252,78.1198,56.83,High,37.39
2026-08-31 06:00:00,Trichy,10.7905,78.7047,50.03,Moderate,38.8
2026-08-31 06:00:00,Salem,11.6643,78.146,16.55,Low,53.69
2026-08-31 06:00:00,Tirunelveli,8.7139,77.7567,33.79,Moderate,44.44
2026-08-31 06:00:00,Vellore,12.9165,79.1325,41.95,Moderate,40.72
2026-08-31 06:00:00,Erode,11.341,77.7172,26.06,Low,50.34
2026-08-31 07:00:00,Chennai,13.0827,80.2707,76.46,Severe,31.85
2026-08-31 07:00:00,Coimbatore,11.0168,76.9558,48.84,Moderate,40.7
2026-08-31 07:00:00,Madurai,9.9252,78.1198,67.4,High,30.06
2026-08-31 07:00:00,Trichy,10.7905,78.7047,53.52,Moderate,36.63
2026-08-31 07:00:00,Salem,11.6643,78.146,72.98,High,29.1
2026-08-31 07:00:00,Tirunelveli,8.7139,77.7567,78.58,Severe,24.71
2026-08-31 07:00:00,Vellore,12.9165,79.1325,68.92,High,26.48
2026-08-31 07:00:00,Erode,11.341,77.7172,69.5,High,33.0
2026-08-31 08:00:00,Chennai,13.0827,80.2707,77.61,Severe,27.11
2026-08-31 08:00:00,Coimbatore,11.0168,76.9558,54.94,Moderate,40.24
2026-08-31 08:00:00,Madurai,9.9252,78.1198,55.85,High,38.7
2026-08-31 08:00:00,Trichy,10.7905,78.7047,66.88,High,31.18
2026-08-31 08:00:00,Salem,11.6643,78.146,56.42,High,32.65
2026-08-31 08:00:00,Tirunelveli,8.7139,77.7567,60.51,High,30.23
2026-08-31 08:00:00,Vellore,12.9165,79.1325,59.25,High,32.21
2026-08-31 08:00:00,Erode,11.341,77.7172,66.25,High,31.76
2026-08-31 09:00:00,Chennai,13.0827,80.2707,82.89,Severe,25.6
2026-08-31 09:00:00,Coimbatore,11.0168,76.9558,59.78,High,29.96
2026-08-31 09:00:00,Madurai,9.9252,78.1198,89.43,Severe,23.38
2026-08-31 09:00:00,Trichy,10.7905,78.7047,58.26,High,34.7
2026-08-31 09:00:00,Salem,11.6643,78.146,69.12,High,26.7
2026-08-31 09:00:00,Tirunelveli,8.7139,77.7567,43.31,Moderate,41.69
2026-08-31 09:00:00,Vellore,12.9165,79.1325,46.35,Moderate,40.06
2026-08-31 09:00:00,Erode,11.341,77.7172,66.26,High,34.08
2026-08-31 10:00:00,Chennai,13.0827,80.2707,97.14,Severe,19.2
2026-08-31 10:00:00,Coimbatore,11.0168,76.9558,60.27,High,33.96
2026-08-31 10:00:00,Madurai,9.9252,78.1198,65.79,High,32.86
2026-08-31 10:00:00,Trichy,10.7905,78.7047,59.39,High,29.49
2026-08-31 10:00:00,Salem,11.6643,78.146,79.95,Severe,28.71
2026-08-31 10:00:00,Tirunelveli,8.7139,77.7567,65.92,High,39.11
2026-08-31 10:00:00,Vellore,12.9165,79.1325,80.46,Severe,31.47
2026-08-31 10:00:00,Erode,11.341,77.7172,69.93,High,26.62
2026-08-31 11:00:00,Chennai,13.0827,80.2707,62.76,High,35.06
2026-08-31 11:00:00,Coimbatore,11.0168,76.9558,47.86,Moderate,38.92
2026-08-31 11:00:00,Madurai,9.9252,78.1198,40.73,Moderate,44.88
2026-08-31 11:00:00,Trichy,10.7905,78.7047,49.28,Moderate,36.89
2026-08-31 11:00:00,Salem,11.6643,78.146,45.08,Moderate,41.77
2026-08-31 11:00:00,Tirunelveli,8.7139,77.7567,49.11,Moderate,37.58
2026-08-31 11:00:00,Vellore,12.9165,79.1325,45.45,Moderate,42.66
2026-08-31 11:00:00,Erode,11.341,77.7172,43.98,Moderate,48.13
2026-08-31 12:00:00,Chennai,13.0827,80.2707,74.17,High,28.63
2026-08-31 12:00:00,Coimbatore,11.0168,76.9558,41.23,Moderate,38.75
2026-08-31 12:00:00,Madurai,9.9252,78.1198,49.86,Moderate,38.05
2026-08-31 12:00:00,Trichy,10.7905,78.7047,49.58,Moderate,41.1
2026-08-31 12:00:00,Salem,11.6643,78.146,42.97,Moderate,39.7
2026-08-31 12:00:00,Tirunelveli,8.7139,77.7567,52.12,Moderate,45.36
2026-08-31 12:00:00,Vellore,12.9165,79.1325,53.12,Moderate,40.74
2026-08-31 12:00:00,Erode,11.341,77.7172,47.51,Moderate,41.31
2026-08-31 13:00:00,Chennai,13.0827,80.2707,56.48,High,39.05
2026-08-31 13:00:00,Coimbatore,11.0168,76.9558,44.51,Moderate,39.72
2026-08-31 13:00:00,Madurai,9.9252,78.1198,53.54,Moderate,38.27
2026-08-31 13:00:00,Trichy,10.7905,78.7047,37.84,Moderate,47.17
2026-08-31 13:00:00,Salem,11.6643,78.146,56.07,High,40.77
2026-08-31 13:00:00,Tirunelveli,8.7139,77.7567,70.44,High,33.35
2026-08-31 13:00:00,Vellore,12.9165,79.1325,37.86,Moderate,44.81
2026-08-31 13:00:00,Erode,11.341,77.7172,74.57,High,24.15
2026-08-31 14:00:00,Chennai,13.0827,80.2707,50.38,Moderate,39.96
2026-08-31 14:00:00,Coimbatore,11.0168,76.9558,38.75,Moderate,43.66
2026-08-31 14:00:00,Madurai,9.9252,78.1198,39.94,Moderate,41.96
2026-08-31 14:00:00,Trichy,10.7905,78.7047,64.38,High,36.95
2026-08-31 14:00:00,Salem,11.6643,78.146,38.94,Moderate,45.98
2026-08-31 14:00:00,Tirunelveli,8.7139,77.7567,34.59,Moderate,46.66
2026-08-31 14:00:00,Vellore,12.9165,79.1325,46.48,Moderate,36.49
2026-08-31 14:00:00,Erode,11.341,77.7172,31.71,Moderate,40.67
2026-08-31 15:00:00,Chennai,13.0827,80.2707,64.76,High,42.44
2026-08-31 15:00:00,Coimbatore,11.0168,76.9558,48.08,Moderate,38.6
2026-08-31 15:00:00,Madurai,9.9252,78.1198,25.04,Low,52.64
2026-08-31 15:00:00,Trichy,10.7905,78.7047,55.98,High,36.23
2026-08-31 15:00:00,Salem,11.6643,78.146,45.22,Moderate,42.18
2026-08-31 15:00:00,Tirunelveli,8.7139,77.7567,42.79,Moderate,41.12
2026-08-31 15:00:00,Vellore,12.9165,79.1325,62.39,High,33.69
2026-08-31 15:00:00,Erode,11.341,77.7172,40.05,Moderate,43.55
2026-08-31 16:00:00,Chennai,13.0827,80.2707,58.2,High,32.31
2026-08-31 16:00:00,Coimbatore,11.0168,76.9558,42.73,Moderate,41.2
2026-08-31 16:00:00,Madurai,9.9252,78.1198,42.24,Moderate,44.55
2026-08-31 16:00:00,Trichy,10.7905,78.7047,48.75,Moderate,40.66
2026-08-31 16:00:00,Salem,11.6643,78.146,40.13,Moderate,45.85
2026-08-31 16:00:00,Tirunelveli,8.7139,77.7567,29.53,Low,47.36
2026-08-31 16:00:00,Vellore,12.9165,79.1325,51.65,Moderate,36.51
2026-08-31 16:00:00,Erode,11.341,77.7172,39.68,Moderate,42.57
2026-08-31 17:00:00,Chennai,13.0827,80.2707,89.42,Severe,14.58
2026-08-31 17:00:00,Coimbatore,11.0168,76.9558,64.46,High,36.95
2026-08-31 17:00:00,Madurai,9.9252,78.1198,55.2,High,34.78
2026-08-31 17:00:00,Trichy,10.7905,78.7047,58.08,High,37.24
2026-08-31 17:00:00,Salem,11.6643,78.146,67.38,High,33.06
2026-08-31 17:00:00,Tirunelveli,8.7139,77.7567,69.44,High,29.65
2026-08-31 17:00:00,Vellore,12.9165,79.1325,59.31,High,35.12
2026-08-31 17:00:00,Erode,11.341,77.7172,50.17,Moderate,45.64
2026-08-31 18:00:00,Chennai,13.0827,80.2707,85.93,Severe,21.92
2026-08-31 18:00:00,Coimbatore,11.0168,76.9558,79.24,Severe,30.45
2026-08-31 18:00:00,Madurai,9.9252,78.1198,65.28,High,29.14
2026-08-31 18:00:00,Trichy,10.7905,78.7047,70.71,High,31.76
2026-08-31 18:00:00,Salem,11.6643,78.146,72.23,High,27.82
2026-08-31 18:00:00,Tirunelveli,8.7139,77.7567,59.07,High,31.74
2026-08-31 18:00:00,Vellore,12.9165,79.1325,53.74,Moderate,40.53
2026-08-31 18:00:00,Erode,11.341,77.7172,58.49,High,33.3
2026-08-31 19:00:00,Chennai,13.0827,80.2707,83.42,Severe,24.09
2026-08-31 19:00:00,Coimbatore,11.0168,76.9558,70.79,High,32.39
2026-08-31 19:00:00,Madurai,9.9252,78.1198,74.34,High,28.72
2026-08-31 19:00:00,Trichy,10.7905,78.7047,87.54,Severe,18.48
2026-08-31 19:00:00,Salem,11.6643,78.146,63.67,High,29.95
2026-08-31 19:00:00,Tirunelveli,8.7139,77.7567,69.26,High,33.52
2026-08-31 19:00:00,Vellore,12.9165,79.1325,43.31,Moderate,40.86
2026-08-31 19:00:00,Erode,11.341,77.7172,50.19,Moderate,42.2
2026-08-31 20:00:00,Chennai,13.0827,80.2707,74.15,High,27.78
2026-08-31 20:00:00,Coimbatore,11.0168,76.9558,66.62,High,27.46
2026-08-31 20:00:00,Madurai,9.9252,78.1198,66.58,High,33.55
2026-08-31 20:00:00,Trichy,10.7905,78.7047,40.75,Moderate,41.84
2026-08-31 20:00:00,Salem,11.6643,78.146,77.95,Severe,33.97
2026-08-31 20:00:00,Tirunelveli,8.7139,77.7567,62.18,High,32.02
2026-08-31 20:00:00,Vellore,12.9165,79.1325,66.7,High,29.45
2026-08-31 20:00:00,Erode,11.341,77.7172,71.86,High,26.52
2026-08-31 21:00:00,Chennai,13.0827,80.2707,75.32,Severe,31.4
2026-08-31 21:00:00,Coimbatore,11.0168,76.9558,67.89,High,37.82
2026-08-31 21:00:00,Madurai,9.9252,78.1198,60.08,High,32.27
2026-08-31 21:00:00,Trichy,10.7905,78.7047,71.9,High,31.58
2026-08-31 21:00:00,Salem,11.6643,78.146,58.73,High,31.4
2026-08-31 21:00:00,Tirunelveli,8.7139,77.7567,84.45,Severe,26.29
2026-08-31 21:00:00,Vellore,12.9165,79.1325,56.75,High,36.05
2026-08-31 21:00:00,Erode,11.341,77.7172,58.83,High,32.9
2026-08-31 22:00:00,Chennai,13.0827,80.2707,37.66,Moderate,45.74
2026-08-31 22:00:00,Coimbatore,11.0168,76.9558,22.73,Low,53.01
2026-08-31 22:00:00,Madurai,9.9252,78.1198,22.37,Low,48.71
2026-08-31 22:00:00,Trichy,10.7905,78.7047,25.3,Low,52.43
2026-08-31 22:00:00,Salem,11.6643,78.146,21.92,Low,54.58
2026-08-31 22:00:00,Tirunelveli,8.7139,77.7567,38.29,Moderate,38.49
2026-08-31 22:00:00,Vellore,12.9165,79.1325,15.5,Low,54.44
2026-08-31 22:00:00,Erode,11.341,77.7172,19.57,Low,47.4
2026-08-31 23:00:00,Chennai,13.0827,80.2707,36.16,Moderate,44.11
2026-08-31 23:00:00,Coimbatore,11.0168,76.9558,31.74,Moderate,46.54
2026-08-31 23:00:00,Madurai,9.9252,78.1198,17.95,Low,54.54
2026-08-31 23:00:00,Trichy,10.7905,78.7047,18.06,Low,52.56
2026-08-31 23:00:00,Salem,11.6643,78.146,35.77,Moderate,44.1
2026-08-31 23:00:00,Tirunelveli,8.7139,77.7567,21.45,Low,51.93
2026-08-31 23:00:00,Vellore,12.9165,79.1325,32.51,Moderate,45.88
2026-08-31 23:00:00,Erode,11.341,77.7172,31.02,Moderate,48.06
